time_utc,open,high,low,close,volume
2020-08-28T12:00:00.000Z,1945.95,2049.69,1945.95,1980,80.381393
2020-08-28T16:00:00.000Z,1980,1990,1970,1978.8,15.873531
2020-08-28T20:00:00.000Z,1975.24,1981.98,1958,1977.99,9.153347
2020-08-29T00:00:00.000Z,1966.91,1989.91,1966.9,1971,26.481835
2020-08-29T04:00:00.000Z,1971,1975.15,1940.01,1973.59,48.682059
2020-08-29T08:00:00.000Z,1968.2,1977.6,1964,1970,12.559412
2020-08-29T12:00:00.000Z,1975.65,1976.02,1962.02,1973.75,22.133528
2020-08-29T16:00:00.000Z,1967.17,1979.89,1967.16,1969.16,13.506147
2020-08-29T20:00:00.000Z,1976,1979,1962.53,1964.34,68.472888
2020-08-30T00:00:00.000Z,1972.16,1980.3,1972.16,1979.99,26.260829
2020-08-30T04:00:00.000Z,1975,1980.3,1964.82,1968.82,23.13555
2020-08-30T08:00:00.000Z,1968.82,1968.83,1962.59,1968,25.044381
2020-08-30T12:00:00.000Z,1968.78,1968.83,1946.75,1968.56,109.22876
2020-08-30T16:00:00.000Z,1968.56,1985,1961.49,1977.92,52.888852
2020-08-30T20:00:00.000Z,1977.01,1985,1972.72,1982.1,24.333658
2020-08-31T00:00:00.000Z,1982.1,1982.11,1973.88,1982.11,8.159102
2020-08-31T04:00:00.000Z,1982.11,1983.65,1968.32,1973.88,25.619298
2020-08-31T08:00:00.000Z,1968.32,1977.01,1964.39,1975.99,23.29264
2020-08-31T12:00:00.000Z,1975.68,1976.08,1964.39,1974.86,22.040207
2020-08-31T16:00:00.000Z,1974.98,1981,1966,1973.8,27.231294
2020-08-31T20:00:00.000Z,1973.8,1982,1968,1971.48,25.308996
2020-09-01T00:00:00.000Z,1971.48,2001.59,1967.31,1995.04,20.938234
2020-09-01T04:00:00.000Z,1995.05,2004.45,1977.92,1997.07,50.378319
2020-09-01T08:00:00.000Z,1997.07,2007.5,1980,1992.61,58.333486
2020-09-01T12:00:00.000Z,1990.34,1997.07,1979.95,1985.99,31.443063
2020-09-01T16:00:00.000Z,1984.45,1984.45,1975.73,1975.74,18.151558
2020-09-01T20:00:00.000Z,1975.73,1986,1971.51,1981.25,21.439438
2020-09-02T00:00:00.000Z,1982.84,1988.75,1971.51,1979.12,11.440985
2020-09-02T04:00:00.000Z,1973.81,1983.8,1968.32,1968.32,21.4234
2020-09-02T08:00:00.000Z,1968.32,1986.78,1967.3,1973.34,23.60089
2020-09-02T12:00:00.000Z,1967.32,1982.96,1945.81,1951,118.815899
2020-09-02T16:00:00.000Z,1951,1957.69,1932.71,1943.75,30.621999
2020-09-02T20:00:00.000Z,1937.5,1957.64,1929.06,1957.64,9.316638
2020-09-03T00:00:00.000Z,1952,1964.87,1947,1947.16,20.812114
2020-09-03T04:00:00.000Z,1951,1954.34,1935.55,1945.61,11.443032
2020-09-03T08:00:00.000Z,1950.49,1953.72,1929,1944.3,19.762362
2020-09-03T12:00:00.000Z,1942,1962,1925,1925,75.552229
2020-09-03T16:00:00.000Z,1934.98,1949,1915.5,1938,23.971065
2020-09-03T20:00:00.000Z,1940.33,1950,1920,1925,53.120466
2020-09-04T00:00:00.000Z,1931.25,1971.32,1920.01,1943.84,88.426483
2020-09-04T04:00:00.000Z,1943.75,1970.27,1925.25,1955.51,76.374971
2020-09-04T08:00:00.000Z,1956.25,1971.32,1932.21,1949.39,52.239947
2020-09-04T12:00:00.000Z,1949.38,1968,1900.91,1944.92,62.424445
2020-09-04T16:00:00.000Z,1944.53,1971.32,1916.71,1971.32,55.530086
2020-09-04T20:00:00.000Z,1962.51,1965,1928.01,1930.13,25.985554
2020-09-05T00:00:00.000Z,1937.5,1944.42,1910,1939.45,19.49633
2020-09-05T04:00:00.000Z,1931.74,1944.43,1929.01,1933.3,5.949746
2020-09-05T08:00:00.000Z,1933.3,1943.72,1924.66,1941.37,11.49808
2020-09-05T12:00:00.000Z,1941.36,1954.44,1926.67,1942.66,49.789588
2020-09-05T16:00:00.000Z,1938.75,1957,1930.37,1953.91,47.896811
2020-09-05T20:00:00.000Z,1953,1965,1931,1938,53.532767
2020-09-06T00:00:00.000Z,1938,1955,1923,1944.5,32.444355
2020-09-06T04:00:00.000Z,1944.51,1954,1931.8,1949.99,30.943833
2020-09-06T08:00:00.000Z,1949.99,1962,1937.66,1940.7,28.338306
2020-09-06T12:00:00.000Z,1940.73,1948.43,1930,1935.99,33.600777
2020-09-06T16:00:00.000Z,1931.18,1949,1929.68,1931.6,25.500222
2020-09-06T20:00:00.000Z,1936,1937,1922.19,1933,16.768722
2020-09-07T00:00:00.000Z,1935.97,1942.21,1926.6,1932.87,40.458041
2020-09-07T04:00:00.000Z,1932.87,1941.37,1919.57,1936.45,7.338122
2020-09-07T08:00:00.000Z,1936.45,1936.53,1917.52,1922.2,17.022053
2020-09-07T12:00:00.000Z,1929.98,1940.56,1916.11,1936.3,52.448249
2020-09-07T16:00:00.000Z,1936.3,1942.2,1926.67,1930,20.173806
2020-09-07T20:00:00.000Z,1930.13,1940.74,1929.02,1939.45,12.26396
2020-09-08T00:00:00.000Z,1936.98,1939.44,1929.07,1930,5.673673
2020-09-08T04:00:00.000Z,1930,1937.98,1927,1937.98,4.040899
2020-09-08T08:00:00.000Z,1937.98,1939.4,1915.76,1923.42,28.992931
2020-09-08T12:00:00.000Z,1923.42,1934,1902.96,1933,17.744755
2020-09-08T16:00:00.000Z,1925.35,1948,1923.33,1932.01,10.621444
2020-09-08T20:00:00.000Z,1940,1948.35,1932.03,1934.92,19.645397
2020-09-09T00:00:00.000Z,1941.4,1941.53,1929.68,1937.5,4.145057
2020-09-09T04:00:00.000Z,1929.19,1942.66,1929.18,1939.8,7.918916
2020-09-09T08:00:00.000Z,1939.97,1940.57,1930.13,1930.13,11.839811
2020-09-09T12:00:00.000Z,1930.13,1951.08,1928.53,1949,12.847725
2020-09-09T16:00:00.000Z,1949,1958.59,1938.55,1957,12.883077
2020-09-09T20:00:00.000Z,1950,1958.23,1946.66,1954.08,10.407004
2020-09-10T00:00:00.000Z,1954.08,1958.23,1944.44,1948,9.441285
2020-09-10T04:00:00.000Z,1948.06,1958.43,1943.15,1943.15,6.076838
2020-09-10T08:00:00.000Z,1949.95,1953.78,1939.01,1948,22.425538
2020-09-10T12:00:00.000Z,1948,1967.99,1941.32,1953.36,24.517149
2020-09-10T16:00:00.000Z,1953.42,1963.07,1950.58,1955,8.480258
2020-09-10T20:00:00.000Z,1960.21,1960.61,1946.17,1955.49,5.454267
2020-09-11T00:00:00.000Z,1953.53,1956.1,1942.4,1944.51,4.139182
2020-09-11T04:00:00.000Z,1944.51,1950.99,1942,1949.77,4.548423
2020-09-11T08:00:00.000Z,1949.77,1952.3,1943,1952.3,6.798656
2020-09-11T12:00:00.000Z,1953.27,1958,1946.8,1957.99,7.874093
2020-09-11T16:00:00.000Z,1950,1958,1946.66,1948,5.524751
2020-09-11T20:00:00.000Z,1955.13,1955.75,1936.72,1947.69,18.590509
2020-09-12T00:00:00.000Z,1945.87,1958,1943.15,1947.57,11.06224
2020-09-12T04:00:00.000Z,1947.58,1955.45,1945,1945.01,8.044214
2020-09-12T08:00:00.000Z,1948.44,1954.79,1945.01,1948,4.892962
2020-09-12T12:00:00.000Z,1948.02,1954.78,1948,1948,18.415344
2020-09-12T16:00:00.000Z,1948,1956.01,1944.01,1946.47,42.592877
2020-09-12T20:00:00.000Z,1946.47,1954.89,1943.75,1950,14.832812
2020-09-13T00:00:00.000Z,1949.99,1969,1949.29,1957.53,50.898222
2020-09-13T04:00:00.000Z,1957.54,1957.54,1951,1951.01,1.558044
2020-09-13T08:00:00.000Z,1951.05,1956.15,1948,1956.07,6.699535
2020-09-13T12:00:00.000Z,1955.92,1969,1948.01,1955.4,22.234486
2020-09-13T16:00:00.000Z,1950.02,1950.02,1944.8,1948.19,17.283392
2020-09-13T20:00:00.000Z,1945.01,1948.2,1945,1948.2,5.723754
2020-09-14T00:00:00.000Z,1945,1955.5,1945,1955.5,7.407944
2020-09-14T04:00:00.000Z,1952.5,1955,1945.81,1954,1.491946
2020-09-14T08:00:00.000Z,1954,1958.69,1945.65,1950.01,11.522114
2020-09-14T12:00:00.000Z,1952.01,1968,1948,1966.99,12.062956
2020-09-14T16:00:00.000Z,1967.99,1969,1956,1962.49,5.921713
2020-09-14T20:00:00.000Z,1956.25,1968.21,1956.25,1964.21,2.350352
2020-09-15T00:00:00.000Z,1964.21,1969,1945.65,1966.79,39.659632
2020-09-15T04:00:00.000Z,1960.22,1969,1960.21,1963,18.372641
2020-09-15T08:00:00.000Z,1963,1969,1960.22,1969,46.062841
2020-09-15T12:00:00.000Z,1969,1978.09,1955,1955,17.25469
2020-09-15T16:00:00.000Z,1956,1964.05,1955,1957.15,8.403253
2020-09-15T20:00:00.000Z,1964.03,1977.8,1957.14,1960.23,16.172165
2020-09-16T00:00:00.000Z,1960.25,1971.92,1950,1966.21,5.811562
2020-09-16T04:00:00.000Z,1966.21,1980.49,1957.01,1980.49,22.604637
2020-09-16T08:00:00.000Z,1980.71,1983.87,1970,1982.81,10.233251
2020-09-16T12:00:00.000Z,1983.33,1989.6,1966.41,1978.08,17.637448
2020-09-16T16:00:00.000Z,1977.21,1982.59,1965,1965,9.894985
2020-09-16T20:00:00.000Z,1965,1984.28,1963.21,1968.97,8.536279
2020-09-17T00:00:00.000Z,1968.98,1990.48,1952.3,1952.3,31.734281
2020-09-17T04:00:00.000Z,1952.3,1962.68,1949,1957.14,4.72624
2020-09-17T08:00:00.000Z,1961.71,1965,1953,1961.85,9.881349
2020-09-17T12:00:00.000Z,1960.87,1962.85,1951.24,1962.57,26.966656
2020-09-17T16:00:00.000Z,1962.57,1963.43,1951.24,1962.97,4.56117
2020-09-17T20:00:00.000Z,1962.97,1974.55,1956,1963.33,7.220851
2020-09-18T00:00:00.000Z,1964.03,1967.85,1954.21,1963.15,18.899646
2020-09-18T04:00:00.000Z,1963.15,1966.21,1941,1960.6,21.146925
2020-09-18T08:00:00.000Z,1960.6,1965.99,1957.28,1957.28,11.636693
2020-09-18T12:00:00.000Z,1958,1964.02,1949,1955,23.23526
2020-09-18T16:00:00.000Z,1955,1963.14,1942.15,1963.14,31.346221
2020-09-18T20:00:00.000Z,1962.93,1963.14,1948.45,1959.12,11.782193
2020-09-19T00:00:00.000Z,1959.12,1963.14,1954.74,1955.01,0.72414
2020-09-19T04:00:00.000Z,1963.13,1963.13,1955,1960,4.640056
2020-09-19T08:00:00.000Z,1959.98,1992.72,1953.33,1961.89,36.559285
2020-09-19T12:00:00.000Z,1959.11,1966.74,1949.99,1954.24,22.974116
2020-09-19T16:00:00.000Z,1960.2,1960.98,1952.63,1952.63,3.18958
2020-09-19T20:00:00.000Z,1952.74,1965.8,1951.12,1965.48,5.486295
2020-09-20T00:00:00.000Z,1959.13,1965.45,1952.3,1957.88,1.085435
2020-09-20T04:00:00.000Z,1957.88,1965.45,1951.09,1959.12,7.926669
2020-09-20T08:00:00.000Z,1959.12,1965.43,1954.08,1959.31,3.479614
2020-09-20T12:00:00.000Z,1963.76,1963.76,1951,1955,9.462846
2020-09-20T16:00:00.000Z,1955,1974.44,1955,1968.28,20.200951
2020-09-20T20:00:00.000Z,1968.24,1969.6,1957.55,1962,5.706834
2020-09-21T00:00:00.000Z,1962,1971.32,1957.77,1970.74,4.100533
2020-09-21T04:00:00.000Z,1970.74,1971.46,1957.89,1958.88,4.664204
2020-09-21T08:00:00.000Z,1960.84,1969,1933.63,1935.01,37.964255
2020-09-21T12:00:00.000Z,1933.63,1953.62,1891.98,1914.99,59.756886
2020-09-21T16:00:00.000Z,1914.99,1926.63,1905.92,1911.25,17.478345
2020-09-21T20:00:00.000Z,1920.17,1930.76,1910.75,1920.28,8.054036
2020-09-22T00:00:00.000Z,1920.28,1930.92,1914.99,1919.5,7.19592
2020-09-22T04:00:00.000Z,1919.48,1919.49,1901.56,1901.56,19.238408
2020-09-22T08:00:00.000Z,1900.91,1919,1900.9,1915.47,11.260758
2020-09-22T12:00:00.000Z,1915.47,1927.2,1906.6,1909.16,11.0974
2020-09-22T16:00:00.000Z,1911.68,1921.05,1905.11,1906.63,2.990509
2020-09-22T20:00:00.000Z,1907.85,1914.12,1901.92,1905.91,14.058173
2020-09-23T00:00:00.000Z,1910,1917.24,1901.92,1901.92,5.752237
2020-09-23T04:00:00.000Z,1901.92,1902.78,1882.09,1888.22,50.025517
2020-09-23T08:00:00.000Z,1888.22,1904.28,1881.1,1889.92,11.429299
2020-09-23T12:00:00.000Z,1891.25,1898.9,1865.01,1874.92,32.880173
2020-09-23T16:00:00.000Z,1876.3,1881.09,1863,1863.19,18.505229
2020-09-23T20:00:00.000Z,1870.72,1873.88,1859.64,1870.71,7.006693
2020-09-24T00:00:00.000Z,1862.78,1881.09,1859.2,1873.86,4.724253
2020-09-24T04:00:00.000Z,1866.43,1877.14,1858.03,1867.69,5.10091
2020-09-24T08:00:00.000Z,1867.36,1878.83,1858.09,1862.78,14.632086
2020-09-24T12:00:00.000Z,1862.78,1880,1861,1880,6.428614
2020-09-24T16:00:00.000Z,1880,1890.81,1875,1886.58,15.270084
2020-09-24T20:00:00.000Z,1880.06,1889.62,1875,1888.2,8.555898
2020-09-25T00:00:00.000Z,1888.32,1888.32,1875,1875.01,2.060396
2020-09-25T04:00:00.000Z,1877,1889.82,1875,1883.79,5.662004
2020-09-25T08:00:00.000Z,1876.37,1889.93,1870.38,1877.58,13.068235
2020-09-25T12:00:00.000Z,1877.58,1877.77,1860,1871.42,18.584175
2020-09-25T16:00:00.000Z,1871.42,1880,1862.49,1873.89,7.083015
2020-09-25T20:00:00.000Z,1873.88,1874,1866.4,1874,0.329268
2020-09-26T00:00:00.000Z,1873.26,1881.05,1867.71,1870.92,2.688329
2020-09-26T04:00:00.000Z,1872.71,1878.61,1870.33,1870.36,4.030087
2020-09-26T08:00:00.000Z,1876.56,1881.34,1868.81,1870.16,4.973787
2020-09-26T12:00:00.000Z,1870.16,1880.18,1868,1869,13.044696
2020-09-26T16:00:00.000Z,1869,1873.87,1866.79,1873.87,4.939124
2020-09-26T20:00:00.000Z,1872,1875,1866.79,1870.98,1.67499
2020-09-27T00:00:00.000Z,1873.88,1875,1866.17,1866.17,3.161268
2020-09-27T04:00:00.000Z,1873.75,1873.75,1863.34,1871.41,1.124221
2020-09-27T08:00:00.000Z,1863.6,1873.75,1863.6,1865.28,2.386916
2020-09-27T12:00:00.000Z,1873.74,1876,1870,1870,6.048025
2020-09-27T16:00:00.000Z,1876.18,1879,1870,1878.19,1.875505
2020-09-27T20:00:00.000Z,1872.64,1879.76,1870.1,1870.11,0.988514
2020-09-28T00:00:00.000Z,1870.11,1879.53,1870.01,1870.01,12.315031
2020-09-28T04:00:00.000Z,1870.01,1878.36,1866.53,1866.53,40.001993
2020-09-28T08:00:00.000Z,1866.53,1876.59,1860,1868.92,15.708746
2020-09-28T12:00:00.000Z,1870.75,1891.11,1870.75,1888.1,14.601024
2020-09-28T16:00:00.000Z,1888.1,1901.43,1879.4,1889.73,7.581557
2020-09-28T20:00:00.000Z,1898.99,1904.55,1881.7,1895.54,9.461281
2020-09-29T00:00:00.000Z,1898.43,1906.06,1893,1901.36,7.014024
2020-09-29T04:00:00.000Z,1901.36,1903.05,1891.02,1891.02,5.556854
2020-09-29T08:00:00.000Z,1899,1909.74,1891.53,1902.78,4.853815
2020-09-29T12:00:00.000Z,1895.55,1912.36,1890.86,1895.2,11.824793
2020-09-29T16:00:00.000Z,1895.2,1909.27,1894.66,1907,5.576502
2020-09-29T20:00:00.000Z,1906.97,1918.31,1900.71,1913.12,8.600954
2020-09-30T00:00:00.000Z,1907.18,1913,1900,1900,3.605178
2020-09-30T04:00:00.000Z,1899,1909.12,1892.09,1901.36,6.601487
2020-09-30T08:00:00.000Z,1901.36,1904.26,1893.58,1895.2,12.527668
2020-09-30T12:00:00.000Z,1895.2,1910.01,1892.7,1910.01,5.788717
2020-09-30T16:00:00.000Z,1902.62,1909.98,1892.31,1900.49,4.166703
2020-09-30T20:00:00.000Z,1900.49,1902.78,1890.97,1901.34,3.400724
2020-10-01T00:00:00.000Z,1901.32,1908.18,1891.78,1904.27,8.609188
2020-10-01T04:00:00.000Z,1896.17,1909.27,1890,1907.17,9.255784
2020-10-01T08:00:00.000Z,1907.17,1913.33,1902.81,1913.33,21.160339
2020-10-01T12:00:00.000Z,1907.19,1917.76,1902.83,1917.76,9.475738
2020-10-01T16:00:00.000Z,1916.25,1927.54,1910.51,1916.42,20.726312
2020-10-01T20:00:00.000Z,1924.35,1926.88,1912.99,1912.99,3.481617
2020-10-02T00:00:00.000Z,1912.99,1920.14,1907,1908.99,7.530502
2020-10-02T04:00:00.000Z,1907.01,1940,1902.89,1924.78,58.92113
2020-10-02T08:00:00.000Z,1924.78,1934.79,1916.37,1918.66,46.199231
2020-10-02T12:00:00.000Z,1918.68,1928.93,1906.64,1916.37,33.809178
2020-10-02T16:00:00.000Z,1916,1920.72,1911.64,1916.59,9.249081
2020-10-02T20:00:00.000Z,1916.59,1918.95,1910,1914.92,13.763393
2020-10-03T00:00:00.000Z,1915.43,1917.23,1900,1914.95,10.298326
2020-10-03T04:00:00.000Z,1914.82,1914.83,1906.9,1913.01,2.640955
2020-10-03T08:00:00.000Z,1910.26,1918.5,1910,1910.01,17.509445
2020-10-03T12:00:00.000Z,1910.01,1918.77,1908.74,1908.74,9.081476
2020-10-03T16:00:00.000Z,1913.59,1915.35,1906.94,1914.33,7.740167
2020-10-03T20:00:00.000Z,1915.23,1916.34,1906.32,1907.59,5.255022
2020-10-04T00:00:00.000Z,1907.59,1916.35,1907.53,1916.35,6.393802
2020-10-04T04:00:00.000Z,1916.35,1916.35,1911.26,1916.35,0.829395
2020-10-04T08:00:00.000Z,1912.02,1918.12,1908.21,1918.06,5.461056
2020-10-04T12:00:00.000Z,1917.91,1918.13,1909.6,1912.87,4.421146
2020-10-04T16:00:00.000Z,1911.11,1918.21,1908.65,1918.2,7.585639
2020-10-04T20:00:00.000Z,1912.07,1918.21,1908.28,1917.54,7.749507
2020-10-05T00:00:00.000Z,1912.7,1919.77,1903.39,1903.39,15.063031
2020-10-05T04:00:00.000Z,1903.39,1911.24,1896.54,1903.31,11.02249
2020-10-05T08:00:00.000Z,1903.32,1913.01,1880.11,1909.93,16.455302
2020-10-05T12:00:00.000Z,1909.2,1931.35,1909.17,1920.76,23.17015
2020-10-05T16:00:00.000Z,1928.55,1932.43,1918.35,1921.31,9.969348
2020-10-05T20:00:00.000Z,1921.31,1927.59,1920.12,1921.03,4.213189
2020-10-06T00:00:00.000Z,1925.09,1927.52,1921.03,1926.12,3.490122
2020-10-06T04:00:00.000Z,1920.22,1925.93,1912.14,1916.01,3.547229
2020-10-06T08:00:00.000Z,1917.73,1928.91,1915.4,1928.91,7.062532
2020-10-06T12:00:00.000Z,1928.91,1930.82,1913.33,1913.33,12.206442
2020-10-06T16:00:00.000Z,1919.93,1925.07,1900.27,1900.27,20.217723
2020-10-06T20:00:00.000Z,1900.06,1907.52,1887.01,1887.01,20.018835
2020-10-07T00:00:00.000Z,1889.33,1899.88,1883.11,1890.86,13.646992
2020-10-07T04:00:00.000Z,1893.89,1905.61,1887.9,1900.3,15.757964
2020-10-07T08:00:00.000Z,1900.04,1907.2,1889.82,1895.15,7.677695
2020-10-07T12:00:00.000Z,1897.05,1907.85,1888.47,1898,12.529962
2020-10-07T16:00:00.000Z,1893.31,1902.78,1890,1895.2,5.567064
2020-10-07T20:00:00.000Z,1897.63,1906.18,1885.02,1895.46,19.789822
2020-10-08T00:00:00.000Z,1899.68,1902.01,1888,1899,8.074278
2020-10-08T04:00:00.000Z,1899,1911.61,1887.4,1896.16,11.944569
2020-10-08T08:00:00.000Z,1897.01,1904.28,1893.2,1902.45,7.532683
2020-10-08T12:00:00.000Z,1902.34,1909.27,1893.43,1899.92,9.394591
2020-10-08T16:00:00.000Z,1894.14,1908,1884.31,1900.31,20.3794
2020-10-08T20:00:00.000Z,1907.89,1907.9,1899.97,1905.42,5.820615
2020-10-09T00:00:00.000Z,1905.41,1919,1904.49,1913.23,7.53045
2020-10-09T04:00:00.000Z,1918.98,1918.99,1906.63,1917.24,10.057216
2020-10-09T08:00:00.000Z,1918.84,1927.91,1910.66,1921.32,8.195999
2020-10-09T12:00:00.000Z,1921.32,1936.28,1920.2,1934.21,11.532127
2020-10-09T16:00:00.000Z,1933.82,1937,1924,1929.01,4.344864
2020-10-09T20:00:00.000Z,1933.06,1944.61,1926.33,1939.01,21.459444
2020-10-10T00:00:00.000Z,1939,1948.21,1932.21,1939.99,26.046556
2020-10-10T04:00:00.000Z,1939.47,1941,1932.21,1940.86,1.429379
2020-10-10T08:00:00.000Z,1940.76,1941,1933.53,1940.51,8.23026
2020-10-10T12:00:00.000Z,1940.4,1946.5,1934,1938.41,4.182658
2020-10-10T16:00:00.000Z,1938.42,1948.42,1938.4,1945.6,8.246853
2020-10-10T20:00:00.000Z,1945.17,1949.3,1935.55,1935.55,4.390262
2020-10-11T00:00:00.000Z,1935.55,1949.12,1935.55,1941.57,1.138003
2020-10-11T04:00:00.000Z,1941.57,1949.72,1939.41,1940.81,4.192595
2020-10-11T08:00:00.000Z,1940.81,1949.84,1939.41,1939.41,3.047023
2020-10-11T12:00:00.000Z,1944.41,1947.75,1939.41,1944,3.372906
2020-10-11T16:00:00.000Z,1944,1950.07,1939.41,1943.03,21.315576
2020-10-11T20:00:00.000Z,1942.57,1951.2,1935,1940.64,20.795585
2020-10-12T00:00:00.000Z,1942.56,1947.28,1935.5,1938.8,6.939778
2020-10-12T04:00:00.000Z,1940.69,1944.75,1935.04,1940,4.526815
2020-10-12T08:00:00.000Z,1939.99,1943.66,1925,1931.24,10.769503
2020-10-12T12:00:00.000Z,1931.24,1941,1928.86,1930,9.6486
2020-10-12T16:00:00.000Z,1930.5,1938.59,1928.41,1929.47,7.650912
2020-10-12T20:00:00.000Z,1929.35,1939.4,1921.55,1931.16,19.372737
2020-10-13T00:00:00.000Z,1931.16,1933.01,1915.12,1925.34,7.75224
2020-10-13T04:00:00.000Z,1923.01,1929.86,1920.55,1920.61,11.10942
2020-10-13T08:00:00.000Z,1925.57,1935.68,1923.9,1929.41,10.515799
2020-10-13T12:00:00.000Z,1929.72,1933.61,1901.63,1910,58.16738
2020-10-13T16:00:00.000Z,1905.01,1911.31,1902.28,1908.5,10.834755
2020-10-13T20:00:00.000Z,1908.5,1912.64,1905,1910.48,4.506909
2020-10-14T00:00:00.000Z,1905.11,1910.47,1898.23,1901.51,11.003032
2020-10-14T04:00:00.000Z,1901.52,1911,1899.33,1908,12.954759
2020-10-14T08:00:00.000Z,1908,1914.28,1900.81,1911.89,20.71106
2020-10-14T12:00:00.000Z,1911.88,1924.04,1906.82,1912.38,56.909708
2020-10-14T16:00:00.000Z,1912.38,1918,1909.76,1910.48,0.631465
2020-10-14T20:00:00.000Z,1910.49,1916,1904.5,1911.98,3.497469
2020-10-15T00:00:00.000Z,1911.99,1914.3,1906.16,1912.45,7.648543
2020-10-15T04:00:00.000Z,1912.77,1914.72,1912.77,1914.72,4.304389
2020-10-15T08:00:00.000Z,1906.17,1916.64,1904.5,1904.52,5.268978
2020-10-15T12:00:00.000Z,1905.58,1916.64,1903.36,1916.64,6.032704
2020-10-15T16:00:00.000Z,1916.64,1920,1906.63,1920,3.156438
2020-10-15T20:00:00.000Z,1920,1923.94,1911.88,1922.88,5.251148
2020-10-16T00:00:00.000Z,1916.01,1924.66,1916,1916,2.912704
2020-10-16T04:00:00.000Z,1916,1922.7,1908,1915.26,14.139199
2020-10-16T08:00:00.000Z,1920.99,1923,1912.57,1923,6.776112
2020-10-16T12:00:00.000Z,1923,1923,1909,1909,9.648109
2020-10-16T16:00:00.000Z,1909,1916.89,1905.81,1905.81,6.830078
2020-10-16T20:00:00.000Z,1912,1916.87,1905.81,1915.45,12.644315
2020-10-17T00:00:00.000Z,1915.46,1916.36,1910,1916.35,1.397485
2020-10-17T04:00:00.000Z,1916.36,1916.99,1906,1910.5,8.235921
2020-10-17T08:00:00.000Z,1910.5,1915.99,1908.1,1915.25,4.554871
2020-10-17T12:00:00.000Z,1908.13,1917.43,1908.1,1915.26,12.107886
2020-10-17T16:00:00.000Z,1916.59,1916.86,1909.02,1915.99,7.891517
2020-10-17T20:00:00.000Z,1913,1915.98,1910,1915.95,4.005747
2020-10-18T00:00:00.000Z,1910.48,1915.96,1910.01,1915.93,1.055967
2020-10-18T04:00:00.000Z,1910.61,1915.94,1910,1915.89,6.074241
2020-10-18T08:00:00.000Z,1910.48,1917.27,1910,1913.04,9.14261
2020-10-18T12:00:00.000Z,1911.01,1917,1910.03,1911.03,3.088504
2020-10-18T16:00:00.000Z,1916.29,1917,1911.04,1916.7,15.09674
2020-10-18T20:00:00.000Z,1916.35,1918.53,1910,1910,7.532017
2020-10-19T00:00:00.000Z,1915.22,1918.53,1906.85,1906.85,11.338122
2020-10-19T04:00:00.000Z,1906.85,1924.59,1906.85,1918,8.675195
2020-10-19T08:00:00.000Z,1916.03,1921,1916,1920.99,5.918971
2020-10-19T12:00:00.000Z,1920.99,1925.54,1907,1918,32.262461
2020-10-19T16:00:00.000Z,1915,1921.05,1910.01,1910.01,11.417257
2020-10-19T20:00:00.000Z,1910,1913.54,1904.56,1906.01,12.806467
2020-10-20T00:00:00.000Z,1912.07,1912.08,1902.89,1910,4.47788
2020-10-20T04:00:00.000Z,1907.03,1911.55,1902,1909.14,7.229564
2020-10-20T08:00:00.000Z,1909.14,1922.45,1904.05,1912.56,26.763586
2020-10-20T12:00:00.000Z,1911.56,1918.99,1906.85,1914.07,14.709141
2020-10-20T16:00:00.000Z,1918.77,1921.87,1914.03,1914.52,6.305656
2020-10-20T20:00:00.000Z,1914.52,1921.87,1912.53,1919.83,3.767503
2020-10-21T00:00:00.000Z,1917.38,1927.49,1917.38,1927.49,15.37511
2020-10-21T04:00:00.000Z,1927.49,1928.06,1903.35,1924.83,26.124524
2020-10-21T08:00:00.000Z,1926.44,1928.28,1913,1920.03,9.773691
2020-10-21T12:00:00.000Z,1922.7,1936.19,1915.1,1934.99,49.302132
2020-10-21T16:00:00.000Z,1934.34,1939.99,1927.35,1928.04,28.311446
2020-10-21T20:00:00.000Z,1929.98,1934.71,1925.13,1930.99,39.665867
2020-10-22T00:00:00.000Z,1926.02,1931.13,1918.5,1918.5,21.73224
2020-10-22T04:00:00.000Z,1923.56,1928,1916.13,1928,2.638435
2020-10-22T08:00:00.000Z,1928,1930.69,1919.57,1919.57,30.241744
2020-10-22T12:00:00.000Z,1924.57,1925.39,1904.88,1909.78,35.573361
2020-10-22T16:00:00.000Z,1906.14,1914.81,1903.48,1908.39,24.097964
2020-10-22T20:00:00.000Z,1908.39,1917.43,1908.39,1909,32.524952
2020-10-23T00:00:00.000Z,1909,1913.65,1905.36,1913.65,8.363898
2020-10-23T04:00:00.000Z,1912.02,1915.73,1909.57,1910.97,2.850358
2020-10-23T08:00:00.000Z,1910.96,1926.66,1909.57,1923.61,16.035131
2020-10-23T12:00:00.000Z,1922.99,1922.99,1905.58,1912.02,31.977708
2020-10-23T16:00:00.000Z,1911.55,1916,1905.5,1914.27,18.415695
2020-10-23T20:00:00.000Z,1914.27,1914.27,1904.46,1904.46,13.646148
2020-10-24T00:00:00.000Z,1909.69,1916,1904.57,1916,26.358126
2020-10-24T04:00:00.000Z,1916,1916,1904.5,1914.78,6.84322
2020-10-24T08:00:00.000Z,1914.78,1914.79,1905,1910.12,9.325969
2020-10-24T12:00:00.000Z,1910.12,1914.49,1905.7,1914,2.577465
2020-10-24T16:00:00.000Z,1908.68,1915.8,1905.1,1915.8,6.963189
2020-10-24T20:00:00.000Z,1914,1917.4,1910.49,1916,11.627144
2020-10-25T00:00:00.000Z,1916,1918.44,1910,1915.24,12.429802
2020-10-25T04:00:00.000Z,1915.23,1918.37,1910.01,1917.88,4.931906
2020-10-25T08:00:00.000Z,1910.52,1919.42,1910,1910,7.774896
2020-10-25T12:00:00.000Z,1910.5,1915.7,1908,1910.17,9.016353
2020-10-25T16:00:00.000Z,1915.22,1916.64,1910.21,1910.53,3.730338
2020-10-25T20:00:00.000Z,1910.53,1916,1906.63,1909.39,3.319778
2020-10-26T00:00:00.000Z,1909.39,1916.36,1907,1910,3.315646
2020-10-26T04:00:00.000Z,1915.23,1915.23,1904.1,1907.03,26.304442
2020-10-26T08:00:00.000Z,1910.46,1918,1904.1,1918,12.839757
2020-10-26T12:00:00.000Z,1917,1918,1906,1911.97,11.029059
2020-10-26T16:00:00.000Z,1911.12,1921.55,1907.47,1911,28.34153
2020-10-26T20:00:00.000Z,1911,1916.63,1905.75,1907.45,10.595459
2020-10-27T00:00:00.000Z,1910,1918.53,1910,1918.45,5.485259
2020-10-27T04:00:00.000Z,1918.51,1918.75,1912,1912.44,11.983505
2020-10-27T08:00:00.000Z,1916.99,1916.99,1906,1915.95,20.970099
2020-10-27T12:00:00.000Z,1911.01,1918.53,1906.1,1916.66,25.595355
2020-10-27T16:00:00.000Z,1916.66,1926.68,1906.74,1922.2,30.450047
2020-10-27T20:00:00.000Z,1922.21,1925.14,1909,1915.83,13.932308
2020-10-28T00:00:00.000Z,1917.01,1925.14,1911.12,1916.01,10.072184
2020-10-28T04:00:00.000Z,1917,1922.22,1913,1913,10.972246
2020-10-28T08:00:00.000Z,1913,1920.2,1907,1908.29,26.979451
2020-10-28T12:00:00.000Z,1907,1907.47,1881,1894.39,97.710683
2020-10-28T16:00:00.000Z,1894.72,1900.29,1885.57,1895.65,11.06639
2020-10-28T20:00:00.000Z,1895.06,1896.66,1888.46,1896.66,11.929665
2020-10-29T00:00:00.000Z,1896.66,1899.15,1888.01,1888.5,32.999825
2020-10-29T04:00:00.000Z,1895.33,1898,1888.5,1890.01,7.524398
2020-10-29T08:00:00.000Z,1895.06,1899.96,1889,1889,12.894907
2020-10-29T12:00:00.000Z,1889,1893.31,1876.01,1887.77,30.855825
2020-10-29T16:00:00.000Z,1884.81,1889.18,1875,1876.53,30.482632
2020-10-29T20:00:00.000Z,1876.01,1884.39,1874.28,1874.51,3.594829
2020-10-30T00:00:00.000Z,1874.51,1888,1874.51,1880.97,13.417093
2020-10-30T04:00:00.000Z,1882.02,1891.1,1874.5,1886.28,19.371666
2020-10-30T08:00:00.000Z,1886.27,1888.73,1875.73,1883.46,8.439007
2020-10-30T12:00:00.000Z,1883.75,1900.67,1883.5,1889,22.191785
2020-10-30T16:00:00.000Z,1888.99,1899.73,1886.01,1888.01,9.755041
2020-10-30T20:00:00.000Z,1888.01,1897.43,1888.01,1894.91,13.198188
2020-10-31T00:00:00.000Z,1889.14,1896.92,1888.15,1895.29,10.32312
2020-10-31T04:00:00.000Z,1889.58,1895.28,1888.15,1893.05,2.999417
2020-10-31T08:00:00.000Z,1893.05,1898.33,1884,1884.44,21.735744
2020-10-31T12:00:00.000Z,1890.98,1894.93,1883.7,1888.62,7.587929
2020-10-31T16:00:00.000Z,1887.8,1894,1882.67,1891.94,11.165408
2020-10-31T20:00:00.000Z,1891.94,1895.55,1884.17,1895.55,3.532176
2020-11-01T00:00:00.000Z,1895.55,1895.95,1888.01,1888.01,1.871049
2020-11-01T04:00:00.000Z,1888.01,1896.65,1882.83,1891.42,8.24245
2020-11-01T08:00:00.000Z,1891.19,1896,1891.19,1894,6.124118
2020-11-01T12:00:00.000Z,1891.42,1901.78,1888.31,1899.78,34.940272
2020-11-01T16:00:00.000Z,1893.59,1901.78,1891.89,1892.11,27.614767
2020-11-01T20:00:00.000Z,1892.11,1901.78,1889.01,1889.01,28.842426
2020-11-02T00:00:00.000Z,1895.78,1896.99,1883.91,1888.46,6.277609
2020-11-02T04:00:00.000Z,1895.46,1903.55,1888,1889.68,51.990577
2020-11-02T08:00:00.000Z,1894.39,1904.8,1887,1897.78,18.698018
2020-11-02T12:00:00.000Z,1893.82,1905.15,1891.08,1897.25,28.036801
2020-11-02T16:00:00.000Z,1896.16,1910.86,1896.16,1905.01,21.390208
2020-11-02T20:00:00.000Z,1905.84,1911.61,1902.61,1911.59,11.182852
2020-11-03T00:00:00.000Z,1907.01,1912,1897,1897.02,13.116165
2020-11-03T04:00:00.000Z,1897.57,1912.5,1896.87,1902.59,23.472388
2020-11-03T08:00:00.000Z,1902.59,1915.33,1896.88,1907.78,19.980699
2020-11-03T12:00:00.000Z,1907.78,1919,1907.03,1914,20.226492
2020-11-03T16:00:00.000Z,1914,1919,1911.33,1912.22,15.476671
2020-11-03T20:00:00.000Z,1912.51,1932.32,1912.22,1925.77,29.414184
2020-11-04T00:00:00.000Z,1925.77,1929.99,1893.47,1904.6,42.51092
2020-11-04T04:00:00.000Z,1904.61,1912.28,1899.28,1900,20.793155
2020-11-04T08:00:00.000Z,1900,1907.6,1894.66,1907.6,22.979806
2020-11-04T12:00:00.000Z,1907.6,1917.3,1907.6,1909.04,18.839045
2020-11-04T16:00:00.000Z,1913.98,1914.37,1895,1909,45.551354
2020-11-04T20:00:00.000Z,1909.66,1919.96,1903.01,1917.26,31.549711
2020-11-05T00:00:00.000Z,1917.26,1919.09,1905,1910.44,14.253823
2020-11-05T04:00:00.000Z,1910.45,1920.99,1910.44,1916.36,8.374991
2020-11-05T08:00:00.000Z,1920.61,1930.01,1916.73,1930.01,28.997535
2020-11-05T12:00:00.000Z,1930.01,1953.33,1923.62,1951,46.904216
2020-11-05T16:00:00.000Z,1945.27,1960.1,1944.13,1949.37,54.180854
2020-11-05T20:00:00.000Z,1951.06,1965.86,1947.78,1958.72,69.748892
2020-11-06T00:00:00.000Z,1953.84,1966.18,1944.7,1944.7,41.629689
2020-11-06T04:00:00.000Z,1944.7,1957.2,1940.72,1957.2,22.644114
2020-11-06T08:00:00.000Z,1957.2,1968.21,1951.01,1963.5,36.791406
2020-11-06T12:00:00.000Z,1963.5,1971.32,1949.53,1950.51,41.487242
2020-11-06T16:00:00.000Z,1957.25,1963.81,1952.11,1954.79,18.528355
2020-11-06T20:00:00.000Z,1960.23,1966.66,1952.76,1954.28,49.607368
2020-11-07T00:00:00.000Z,1956.39,1963.61,1951.55,1952.22,49.176945
2020-11-07T04:00:00.000Z,1952.22,1962.75,1952,1953.01,8.999024
2020-11-07T08:00:00.000Z,1953.01,1961.5,1951.02,1961.5,10.067114
2020-11-07T12:00:00.000Z,1961.5,1963.33,1952.22,1962.69,27.331705
2020-11-07T16:00:00.000Z,1961.87,1967.78,1951.01,1959.88,61.225397
2020-11-07T20:00:00.000Z,1959.18,1965.68,1945.95,1961.21,51.777858
2020-11-08T00:00:00.000Z,1957.67,1962.83,1953.74,1959.26,15.022211
2020-11-08T04:00:00.000Z,1961.49,1961.49,1950.56,1957.61,5.855754
2020-11-08T08:00:00.000Z,1958.28,1963.54,1950.54,1963.4,16.103865
2020-11-08T12:00:00.000Z,1963.61,1963.92,1953.09,1958.74,11.648589
2020-11-08T16:00:00.000Z,1959.04,1966.82,1951.98,1958,46.491966
2020-11-08T20:00:00.000Z,1962.82,1968.13,1952,1968.13,41.580312
2020-11-09T00:00:00.000Z,1968.13,1968.14,1960.86,1963.89,2.870364
2020-11-09T04:00:00.000Z,1964.48,1978.06,1962.51,1962.51,27.986513
2020-11-09T08:00:00.000Z,1965.1,1972.85,1944.61,1944.61,35.52269
2020-11-09T12:00:00.000Z,1944.61,1947.89,1870,1871,331.886373
2020-11-09T16:00:00.000Z,1877.03,1892.25,1865.51,1882.47,140.794549
2020-11-09T20:00:00.000Z,1882.33,1887.66,1872.13,1879.47,116.223781
2020-11-10T00:00:00.000Z,1887.51,1897.37,1877.85,1897.37,27.376993
2020-11-10T04:00:00.000Z,1897.37,1904.26,1890.01,1895.34,44.255612
2020-11-10T08:00:00.000Z,1899.82,1906.63,1887.42,1895.55,47.266695
2020-11-10T12:00:00.000Z,1895.54,1922.81,1890.01,1899.52,103.654638
2020-11-10T16:00:00.000Z,1898.49,1902.57,1891.02,1894.34,29.825382
2020-11-10T20:00:00.000Z,1894.35,1900.68,1891.51,1894,19.097439
2020-11-11T00:00:00.000Z,1894,1903.85,1892,1903.85,10.004132
2020-11-11T04:00:00.000Z,1896.72,1900.97,1890,1890,30.152091
2020-11-11T08:00:00.000Z,1890,1899.26,1889,1890.35,29.615438
2020-11-11T12:00:00.000Z,1893.27,1894.94,1878.11,1884.16,43.654085
2020-11-11T16:00:00.000Z,1883.98,1885.49,1850.09,1876.67,171.603045
2020-11-11T20:00:00.000Z,1880.86,1884.04,1876.25,1879.3,13.143537
2020-11-12T00:00:00.000Z,1879.3,1885.12,1873.22,1880.1,18.610643
2020-11-12T04:00:00.000Z,1882.55,1886.87,1878.24,1885.57,16.03912
2020-11-12T08:00:00.000Z,1883.67,1887.52,1875.49,1885.48,36.606319
2020-11-12T12:00:00.000Z,1885.3,1894.82,1884.72,1890.88,18.097052
2020-11-12T16:00:00.000Z,1892.54,1894.81,1885.12,1888.73,30.835713
2020-11-12T20:00:00.000Z,1889.03,1900,1887.91,1893.91,54.767042
2020-11-13T00:00:00.000Z,1894.15,1898,1889.4,1893.14,22.126916
2020-11-13T04:00:00.000Z,1891.6,1897,1890,1896.32,11.036589
2020-11-13T08:00:00.000Z,1895.49,1897,1890,1893.59,32.559568
2020-11-13T12:00:00.000Z,1892.71,1907.53,1891.32,1901.54,39.559896
2020-11-13T16:00:00.000Z,1903.94,1907.08,1897.54,1900.09,26.105297
2020-11-13T20:00:00.000Z,1900.09,1904,1900.09,1903,42.860895
2020-11-14T00:00:00.000Z,1901.71,1906.5,1900.09,1906.49,12.721629
2020-11-14T04:00:00.000Z,1905.4,1908.2,1902.12,1907.36,32.146183
2020-11-14T08:00:00.000Z,1905.92,1910.23,1902.22,1905.13,51.512969
2020-11-14T12:00:00.000Z,1905.82,1907.88,1902.24,1905.45,10.960995
2020-11-14T16:00:00.000Z,1905.08,1910.25,1901.11,1902.09,46.324554
2020-11-14T20:00:00.000Z,1903.67,1908.62,1899.96,1900.38,21.094409
2020-11-15T00:00:00.000Z,1899.72,1902.37,1899.2,1902.09,8.324473
2020-11-15T04:00:00.000Z,1901.09,1902.37,1900.85,1901.12,2.048675
2020-11-15T08:00:00.000Z,1902.1,1906.53,1900.01,1901.02,11.218736
2020-11-15T12:00:00.000Z,1901.51,1906.25,1899.29,1905.25,7.435193
2020-11-15T16:00:00.000Z,1905.32,1907.49,1900.58,1900.64,16.284693
2020-11-15T20:00:00.000Z,1903.16,1906.35,1897.46,1900.07,26.37613
2020-11-16T00:00:00.000Z,1900.97,1906,1894.55,1906,38.312955
2020-11-16T04:00:00.000Z,1904.61,1906,1894.55,1897.67,17.24797
2020-11-16T08:00:00.000Z,1899.19,1902.57,1887.18,1887.18,45.32374
2020-11-16T12:00:00.000Z,1887.19,1900,1884.03,1898.82,35.029299
2020-11-16T16:00:00.000Z,1898.69,1908.4,1895.15,1902.45,88.800416
2020-11-16T20:00:00.000Z,1898.17,1908.78,1896.01,1905.35,68.617228
2020-11-17T00:00:00.000Z,1905.35,1908.79,1901.6,1903.5,14.961321
2020-11-17T04:00:00.000Z,1903.54,1909.27,1895.63,1906.63,25.366816
2020-11-17T08:00:00.000Z,1906.63,1910.74,1897.34,1903.6,39.303782
2020-11-17T12:00:00.000Z,1904.89,1910.92,1897.08,1900.01,59.205476
2020-11-17T16:00:00.000Z,1902.95,1906.84,1890,1900.63,82.792923
2020-11-17T20:00:00.000Z,1900.51,1907.11,1893.33,1901.04,39.51429
2020-11-18T00:00:00.000Z,1901.12,1907.6,1896,1899.16,16.268071
2020-11-18T04:00:00.000Z,1900.19,1907.75,1884.34,1892.66,78.939471
2020-11-18T08:00:00.000Z,1892.96,1902.58,1880.48,1884.82,79.359063
2020-11-18T12:00:00.000Z,1882.32,1898.3,1880,1883.69,69.804992
2020-11-18T16:00:00.000Z,1883.69,1892.22,1876.56,1880.25,82.735887
2020-11-18T20:00:00.000Z,1880.31,1883.24,1871.99,1881.73,71.866563
2020-11-19T00:00:00.000Z,1881.72,1883.5,1875.19,1876.77,19.549005
2020-11-19T04:00:00.000Z,1878.32,1878.48,1872.78,1873.25,27.701567
2020-11-19T08:00:00.000Z,1873.26,1881.5,1869.64,1876.68,50.691806
2020-11-19T12:00:00.000Z,1876.68,1883.86,1869,1872.37,69.751779
2020-11-19T16:00:00.000Z,1872.32,1879.41,1866.47,1872.24,72.000364
2020-11-19T20:00:00.000Z,1870.7,1878.42,1866.28,1870.28,20.932177
2020-11-20T00:00:00.000Z,1870.19,1879.48,1868.01,1873.33,42.531091
2020-11-20T04:00:00.000Z,1877.35,1881.5,1870.52,1873.06,31.655658
2020-11-20T08:00:00.000Z,1874.95,1882,1873.11,1879.42,46.764019
2020-11-20T12:00:00.000Z,1880.92,1897.83,1876.71,1892,85.750867
2020-11-20T16:00:00.000Z,1891.99,1891.99,1875.35,1879.94,97.770354
2020-11-20T20:00:00.000Z,1879.93,1885.63,1875.35,1883.34,30.440382
2020-11-21T00:00:00.000Z,1885.43,1887,1879.87,1880.54,40.782797
2020-11-21T04:00:00.000Z,1880.47,1885.56,1879.87,1884.3,15.892242
2020-11-21T08:00:00.000Z,1884.63,1886.66,1879.87,1884,36.667827
2020-11-21T12:00:00.000Z,1881.76,1891.59,1877.96,1882.01,56.532475
2020-11-21T16:00:00.000Z,1881.72,1888.52,1876.72,1882.36,25.166426
2020-11-21T20:00:00.000Z,1882.36,1887,1875.7,1883.86,38.852376
2020-11-22T00:00:00.000Z,1884.14,1887.31,1878.34,1881.33,38.05896
2020-11-22T04:00:00.000Z,1883.6,1887.29,1878.5,1880.21,31.21329
2020-11-22T08:00:00.000Z,1880.01,1886.99,1878.56,1884.23,44.843803
2020-11-22T12:00:00.000Z,1883.22,1887.86,1878.56,1883.34,48.898662
2020-11-22T16:00:00.000Z,1883.35,1884.81,1878.03,1883.56,21.566625
2020-11-22T20:00:00.000Z,1883.79,1884,1878,1880.14,23.258456
2020-11-23T00:00:00.000Z,1879.63,1887.52,1878.42,1883.61,25.046684
2020-11-23T04:00:00.000Z,1885.7,1888.01,1882,1886.04,11.069771
2020-11-23T08:00:00.000Z,1887.73,1887.9,1876.22,1879.63,62.707602
2020-11-23T12:00:00.000Z,1881.06,1883.33,1850,1850,133.83271
2020-11-23T16:00:00.000Z,1850.5,1861.99,1845,1855.03,51.683917
2020-11-23T20:00:00.000Z,1859.61,1862,1846,1854.55,49.627638
2020-11-24T00:00:00.000Z,1853.98,1855.21,1834.83,1838.63,69.453168
2020-11-24T04:00:00.000Z,1838.1,1848.98,1835.01,1835.01,72.501627
2020-11-24T08:00:00.000Z,1839.56,1845,1822,1828,111.510739
2020-11-24T12:00:00.000Z,1827.86,1832.3,1821,1823,103.785262
2020-11-24T16:00:00.000Z,1823,1832.26,1822.4,1825.5,130.950514
2020-11-24T20:00:00.000Z,1825.5,1831.99,1822.3,1825.06,72.478371
2020-11-25T00:00:00.000Z,1830.77,1832,1812.12,1817.3,89.79688
2020-11-25T04:00:00.000Z,1817.3,1832.14,1814.77,1829.5,58.029938
2020-11-25T08:00:00.000Z,1829.5,1832.99,1821.61,1825.3,32.651183
2020-11-25T12:00:00.000Z,1824.84,1845.89,1823.09,1831.94,89.857847
2020-11-25T16:00:00.000Z,1837.98,1838,1820.35,1824.37,60.365251
2020-11-25T20:00:00.000Z,1824.77,1830,1819.48,1823,65.305494
2020-11-26T00:00:00.000Z,1824.07,1832.13,1822.39,1824.25,77.424764
2020-11-26T04:00:00.000Z,1822.83,1840.58,1810,1840.57,154.130245
2020-11-26T08:00:00.000Z,1837.85,1870,1822.39,1839.01,398.692003
2020-11-26T12:00:00.000Z,1839.01,1849.09,1812.35,1828.06,249.465706
2020-11-26T16:00:00.000Z,1826.83,1832,1812.3,1822.16,181.444551
2020-11-26T20:00:00.000Z,1822.16,1832.14,1815.28,1825.87,98.712301
2020-11-27T00:00:00.000Z,1826.68,1830.63,1812.91,1828.24,75.233059
2020-11-27T04:00:00.000Z,1829.03,1831.22,1818.16,1818.71,45.61396
2020-11-27T08:00:00.000Z,1819.17,1830.58,1810.37,1817.61,55.639312
2020-11-27T12:00:00.000Z,1817.23,1824.61,1783,1795.8,104.639586
2020-11-27T16:00:00.000Z,1794.3,1804.4,1792.17,1799.93,54.323263
2020-11-27T20:00:00.000Z,1800.31,1807.34,1793.42,1800.15,58.283731
2020-11-28T00:00:00.000Z,1800.2,1800.98,1793,1799.42,22.310694
2020-11-28T04:00:00.000Z,1799.74,1801.48,1799.29,1800.38,24.836146
2020-11-28T08:00:00.000Z,1800.39,1802.86,1800.33,1801.65,15.798729
2020-11-28T12:00:00.000Z,1800.72,1806.78,1797.02,1798.57,45.367162
2020-11-28T16:00:00.000Z,1805.72,1806,1792.03,1792.03,54.554677
2020-11-28T20:00:00.000Z,1792.04,1804.6,1792.03,1797.1,70.525359
2020-11-29T00:00:00.000Z,1798.91,1803.59,1793.26,1799.75,58.44086
2020-11-29T04:00:00.000Z,1799.75,1801.53,1793.03,1798.49,12.328296
2020-11-29T08:00:00.000Z,1797.91,1802,1794.34,1802,39.55621
2020-11-29T12:00:00.000Z,1801.98,1803.33,1794,1802.56,39.358909
2020-11-29T16:00:00.000Z,1802.59,1803.6,1790,1794.38,47.569957
2020-11-29T20:00:00.000Z,1794.38,1805.7,1794.38,1799.72,48.616472
2020-11-30T00:00:00.000Z,1799.72,1822.89,1788.88,1793.97,92.955138
2020-11-30T04:00:00.000Z,1795.19,1802.61,1781.91,1795.38,49.695314
2020-11-30T08:00:00.000Z,1795.38,1798.18,1778,1788.65,104.515948
2020-11-30T12:00:00.000Z,1788.65,1797,1777.56,1790.12,99.789111
2020-11-30T16:00:00.000Z,1789.41,1798.2,1782.78,1791.81,64.569442
2020-11-30T20:00:00.000Z,1790.75,1797.92,1786,1797.62,47.808974
2020-12-01T00:00:00.000Z,1796.33,1803.6,1794.96,1798.03,27.401846
2020-12-01T04:00:00.000Z,1798.03,1803,1798,1800,19.318714
2020-12-01T08:00:00.000Z,1800,1835,1800,1826.01,173.135611
2020-12-01T12:00:00.000Z,1826.01,1840.57,1812.34,1838.54,147.977144
2020-12-01T16:00:00.000Z,1838.86,1850.79,1828,1845.88,80.840502
2020-12-01T20:00:00.000Z,1847.73,1859.52,1830.01,1839.32,71.445518
2020-12-02T00:00:00.000Z,1834.95,1851.11,1822.03,1851.1,62.14023
2020-12-02T04:00:00.000Z,1848,1859.78,1825,1825.4,90.331988
2020-12-02T08:00:00.000Z,1830.86,1859.99,1828.45,1857.39,79.259877
2020-12-02T12:00:00.000Z,1857.55,1857.55,1830.39,1838.43,121.812583
2020-12-02T16:00:00.000Z,1838.32,1844.18,1834,1838.52,26.023479
2020-12-02T20:00:00.000Z,1839.97,1846.54,1838.15,1843.7,31.303948
2020-12-03T00:00:00.000Z,1842.7,1849.45,1836.04,1846.49,18.497316
2020-12-03T04:00:00.000Z,1845.62,1851.77,1844.68,1851.77,22.174597
2020-12-03T08:00:00.000Z,1851.55,1858,1845.95,1856.38,74.917002
2020-12-03T12:00:00.000Z,1855.2,1857.23,1842.3,1845.19,44.064011
2020-12-03T16:00:00.000Z,1845.16,1853.17,1836.49,1850.92,72.057387
2020-12-03T20:00:00.000Z,1851.35,1858,1847.17,1857,67.26395
2020-12-04T00:00:00.000Z,1856.19,1857.08,1847.34,1852.29,45.943498
2020-12-04T04:00:00.000Z,1855.85,1858,1846.2,1852.08,45.650808
2020-12-04T08:00:00.000Z,1852.08,1857.66,1845.64,1846.01,73.48708
2020-12-04T12:00:00.000Z,1846.57,1856,1842.61,1844.05,53.816081
2020-12-04T16:00:00.000Z,1844.92,1848.78,1840,1840,44.703486
2020-12-04T20:00:00.000Z,1844.66,1850.35,1841.13,1843.03,81.388913
2020-12-05T00:00:00.000Z,1844.68,1850.8,1843.61,1846.66,32.443088
2020-12-05T04:00:00.000Z,1849.63,1859,1843.66,1855.64,41.932766
2020-12-05T08:00:00.000Z,1855.55,1863,1852.45,1855.01,30.790939
2020-12-05T12:00:00.000Z,1855.01,1860.89,1839.87,1841.76,94.897111
2020-12-05T16:00:00.000Z,1845.85,1850.21,1842.46,1846.37,14.387853
2020-12-05T20:00:00.000Z,1846.98,1850.93,1845,1850.38,17.512693
2020-12-06T00:00:00.000Z,1850.39,1852.98,1846.01,1848,7.892186
2020-12-06T04:00:00.000Z,1849.55,1851.11,1845.11,1847.9,12.385551
2020-12-06T08:00:00.000Z,1848.5,1851.1,1840.51,1843.15,84.1765
2020-12-06T12:00:00.000Z,1845.84,1850.45,1843.06,1850.45,19.932433
2020-12-06T16:00:00.000Z,1850.45,1851.1,1842.6,1847.48,40.602577
2020-12-06T20:00:00.000Z,1847.91,1850.3,1840.51,1840.79,44.23472
2020-12-07T00:00:00.000Z,1840.86,1848.96,1840.86,1848.12,8.278597
2020-12-07T04:00:00.000Z,1846.67,1849.99,1844.26,1849.99,12.262642
2020-12-07T08:00:00.000Z,1847.35,1847.61,1835,1839.26,45.652299
2020-12-07T12:00:00.000Z,1839.52,1873.36,1837.41,1873.36,69.998736
2020-12-07T16:00:00.000Z,1871.37,1893.24,1867.01,1873.4,162.51146
2020-12-07T20:00:00.000Z,1873.34,1886.2,1871.5,1879.19,77.572577
2020-12-08T00:00:00.000Z,1877.68,1883.88,1875.77,1882.69,32.615247
2020-12-08T04:00:00.000Z,1883.46,1888.24,1877.87,1879.69,69.901726
2020-12-08T08:00:00.000Z,1879.68,1885.27,1868.78,1870.5,76.050678
2020-12-08T12:00:00.000Z,1868.78,1884.29,1864.28,1879.31,87.399992
2020-12-08T16:00:00.000Z,1878.28,1888.28,1874,1884.28,57.729799
2020-12-08T20:00:00.000Z,1883.06,1888.52,1873.09,1876.48,125.738923
2020-12-09T00:00:00.000Z,1877.13,1885.11,1870,1874.03,49.56872
2020-12-09T04:00:00.000Z,1873.52,1874.08,1866.93,1867,41.185659
2020-12-09T08:00:00.000Z,1868.74,1877,1865.1,1869.3,100.385313
2020-12-09T12:00:00.000Z,1868.31,1870.57,1850.22,1857.23,91.643283
2020-12-09T16:00:00.000Z,1857.23,1863.78,1845,1850,83.385361
2020-12-09T20:00:00.000Z,1851.16,1858.97,1846.01,1847.82,27.706821
2020-12-10T00:00:00.000Z,1848.14,1854.66,1845.07,1848.04,30.844209
2020-12-10T04:00:00.000Z,1848.36,1861.84,1846.51,1850.13,51.07184
2020-12-10T08:00:00.000Z,1851.07,1859.99,1848.15,1851.38,25.819196
2020-12-10T12:00:00.000Z,1854.98,1869.13,1851.86,1855.82,65.255993
2020-12-10T16:00:00.000Z,1855.74,1858.44,1846,1849.89,31.395553
2020-12-10T20:00:00.000Z,1850.03,1859.43,1845.01,1847.1,27.794938
2020-12-11T00:00:00.000Z,1849.44,1853.82,1843.16,1843.16,38.936309
2020-12-11T04:00:00.000Z,1843.16,1851.51,1841.83,1846.55,47.270322
2020-12-11T08:00:00.000Z,1846.47,1850.07,1840,1842.79,39.019441
2020-12-11T12:00:00.000Z,1843.65,1857.99,1842.83,1855.63,51.745403
2020-12-11T16:00:00.000Z,1854.72,1856.84,1848.19,1851.39,45.205468
2020-12-11T20:00:00.000Z,1851.28,1855.8,1844.55,1846.19,38.991766
2020-12-12T00:00:00.000Z,1846.53,1852.4,1844.54,1849.06,20.268681
2020-12-12T04:00:00.000Z,1849.03,1851.92,1847.92,1851.86,4.951514
2020-12-12T08:00:00.000Z,1850.17,1853.02,1845.1,1853.01,24.693981
2020-12-12T12:00:00.000Z,1847.93,1852.79,1845.23,1847.63,22.689029
2020-12-12T16:00:00.000Z,1847.65,1852.33,1842.85,1849.56,27.86571
2020-12-12T20:00:00.000Z,1849.7,1852.8,1845.61,1850.58,15.450478
2020-12-13T00:00:00.000Z,1850.63,1852.42,1848.88,1850,6.764408
2020-12-13T04:00:00.000Z,1850.55,1852.79,1845.98,1852.78,20.814822
2020-12-13T08:00:00.000Z,1851.45,1852.8,1845.58,1850.81,21.748839
2020-12-13T12:00:00.000Z,1850.7,1853.38,1845,1853.37,48.12408
2020-12-13T16:00:00.000Z,1852.64,1853.91,1850.75,1851.89,12.16554
2020-12-13T20:00:00.000Z,1850.96,1854.13,1850.17,1850.63,16.225577
2020-12-14T00:00:00.000Z,1850.64,1851.4,1849,1849.5,14.285111
2020-12-14T04:00:00.000Z,1849.5,1849.66,1843.37,1845.53,25.107197
2020-12-14T08:00:00.000Z,1845.74,1845.74,1834.93,1840.3,33.36019
2020-12-14T12:00:00.000Z,1840.3,1846.36,1836.36,1840.38,22.277678
2020-12-14T16:00:00.000Z,1840.13,1843.85,1835.73,1840.1,24.941699
2020-12-14T20:00:00.000Z,1839.4,1845.4,1836.02,1841.5,21.058699
2020-12-15T00:00:00.000Z,1841.97,1847.36,1837.55,1847.36,21.85
2020-12-15T04:00:00.000Z,1845.61,1853.21,1844.14,1851.97,17.543084
2020-12-15T08:00:00.000Z,1852.49,1859.49,1848.24,1857,22.437693
2020-12-15T12:00:00.000Z,1857.21,1865.29,1854.42,1859.51,29.539414
2020-12-15T16:00:00.000Z,1858.15,1866.76,1856.33,1866.76,22.808545
2020-12-15T20:00:00.000Z,1866.76,1868.7,1861,1861.99,21.501251
2020-12-16T00:00:00.000Z,1863.34,1864,1855.28,1863.81,35.442804
2020-12-16T04:00:00.000Z,1863.35,1865.88,1859.68,1865.53,19.005998
2020-12-16T08:00:00.000Z,1862.8,1874.47,1862,1871.98,32.475442
2020-12-16T12:00:00.000Z,1870.87,1875.03,1855.27,1867.37,128.184253
2020-12-16T16:00:00.000Z,1870.6,1871.71,1859.01,1867.44,62.304285
2020-12-16T20:00:00.000Z,1867.44,1878.59,1860.95,1869.4,72.201008
2020-12-17T00:00:00.000Z,1869.78,1880.18,1865.33,1874.46,55.914465
2020-12-17T04:00:00.000Z,1873.31,1880,1872,1879.86,29.274656
2020-12-17T08:00:00.000Z,1879.97,1890.56,1874.04,1888.77,144.581936
2020-12-17T12:00:00.000Z,1888.77,1905,1887.75,1905,82.108197
2020-12-17T16:00:00.000Z,1904.93,1905,1894.38,1896.85,113.985168
2020-12-17T20:00:00.000Z,1899.4,1915,1896,1902.02,88.483708
2020-12-18T00:00:00.000Z,1904.2,1908.65,1902,1908,22.279748
2020-12-18T04:00:00.000Z,1907.94,1912.74,1895.01,1895.01,41.376215
2020-12-18T08:00:00.000Z,1895.79,1905.48,1890,1898.01,88.765655
2020-12-18T12:00:00.000Z,1899.68,1905.85,1890.01,1899.63,103.317352
2020-12-18T16:00:00.000Z,1899.63,1905.37,1890,1892.98,87.676457
2020-12-18T20:00:00.000Z,1892.99,1901,1885.5,1896.39,34.110805
2020-12-19T00:00:00.000Z,1896.56,1899.81,1891.02,1896.79,22.286319
2020-12-19T04:00:00.000Z,1897.1,1900,1891.05,1893.16,26.235319
2020-12-19T08:00:00.000Z,1892.2,1899.89,1891.03,1894.35,26.240887
2020-12-19T12:00:00.000Z,1894.3,1900,1888,1894.04,90.900792
2020-12-19T16:00:00.000Z,1895.39,1897.7,1885.29,1894.88,70.1741
2020-12-19T20:00:00.000Z,1893.65,1895.47,1883.39,1892,38.26347
2020-12-20T00:00:00.000Z,1890.55,1895.47,1887,1895.47,25.15155
2020-12-20T04:00:00.000Z,1892.49,1897,1888,1894.91,18.20303
2020-12-20T08:00:00.000Z,1893.8,1897.46,1890.39,1890.67,29.398921
2020-12-20T12:00:00.000Z,1892.94,1901,1889,1896.39,63.651893
2020-12-20T16:00:00.000Z,1896.33,1904.1,1890,1900,96.526978
2020-12-20T20:00:00.000Z,1900.39,1902.96,1894.01,1900.37,73.190366
2020-12-21T00:00:00.000Z,1901.23,1920.22,1895.67,1918.03,55.670758
2020-12-21T04:00:00.000Z,1916.96,1926,1916,1919,63.745593
2020-12-21T08:00:00.000Z,1918.66,1925.99,1880,1895.83,233.200809
2020-12-21T12:00:00.000Z,1897.62,1903,1895,1899,62.034405
2020-12-21T16:00:00.000Z,1896.81,1901.05,1892.5,1895,40.967911
2020-12-21T20:00:00.000Z,1895.06,1903,1889.24,1898.61,56.405288
2020-12-22T00:00:00.000Z,1895.04,1915,1890.11,1893.23,76.842716
2020-12-22T04:00:00.000Z,1894.36,1896.79,1874.73,1879.77,67.74174
2020-12-22T08:00:00.000Z,1879.9,1888.6,1878.19,1885.36,73.182936
2020-12-22T12:00:00.000Z,1885.45,1894.72,1875,1875,64.141718
2020-12-22T16:00:00.000Z,1875,1881.99,1874,1877.95,55.862702
2020-12-22T20:00:00.000Z,1876.76,1885.13,1867,1882.65,68.378492
2020-12-23T00:00:00.000Z,1882.62,1885.12,1875,1877.18,35.508398
2020-12-23T04:00:00.000Z,1881.34,1882.09,1875.73,1878.75,37.288563
2020-12-23T08:00:00.000Z,1878.75,1888.52,1873.01,1880,69.801667
2020-12-23T12:00:00.000Z,1880,1890.96,1871.22,1881,83.737603
2020-12-23T16:00:00.000Z,1881.01,1887,1877.6,1887,36.973321
2020-12-23T20:00:00.000Z,1886.98,1896.58,1882.18,1884.43,95.213762
2020-12-24T00:00:00.000Z,1885.75,1908,1884.12,1901.44,88.179276
2020-12-24T04:00:00.000Z,1902.64,1908,1894.39,1898.06,37.166683
2020-12-24T08:00:00.000Z,1897.13,1909.61,1890.47,1898.22,84.14754
2020-12-24T12:00:00.000Z,1897.55,1901.51,1883.9,1895.76,58.328031
2020-12-24T16:00:00.000Z,1895.76,1904.02,1893.23,1900.02,33.980914
2020-12-24T20:00:00.000Z,1901.38,1905,1890.01,1891.87,51.30123
2020-12-25T00:00:00.000Z,1894.18,1902,1891.84,1896.07,21.548689
2020-12-25T04:00:00.000Z,1897.84,1901.77,1895,1895.66,8.374202
2020-12-25T08:00:00.000Z,1898.2,1909,1895,1901.49,52.742192
2020-12-25T12:00:00.000Z,1902.69,1907.91,1894.29,1894.29,52.179786
2020-12-25T16:00:00.000Z,1895.87,1903.92,1894.29,1901.41,32.927682
2020-12-25T20:00:00.000Z,1901.48,1916.64,1895.1,1904.88,84.635739
2020-12-26T00:00:00.000Z,1905.24,1908.58,1897.92,1901.56,21.798737
2020-12-26T04:00:00.000Z,1899.88,1903.26,1897.14,1900.3,10.028681
2020-12-26T08:00:00.000Z,1900.3,1909.16,1895.5,1904.02,68.325165
2020-12-26T12:00:00.000Z,1905.24,1911,1900.26,1907.88,85.440803
2020-12-26T16:00:00.000Z,1909,1913.33,1898.04,1904.84,73.068257
2020-12-26T20:00:00.000Z,1908.64,1923.66,1904.84,1915.05,119.414165
2020-12-27T00:00:00.000Z,1913.74,1922.48,1912,1915.57,106.224039
2020-12-27T04:00:00.000Z,1915.57,1923.89,1912.6,1921.44,167.511603
2020-12-27T08:00:00.000Z,1920.1,1950,1912.6,1925.71,214.507262
2020-12-27T12:00:00.000Z,1925.53,1940.3,1918,1937.74,82.48794
2020-12-27T16:00:00.000Z,1938.84,1943.73,1926,1940.99,163.732774
2020-12-27T20:00:00.000Z,1940.21,1940.21,1924,1932.68,73.572123
2020-12-28T00:00:00.000Z,1932.67,1945,1915.02,1925.42,176.203392
2020-12-28T04:00:00.000Z,1923.72,1925.44,1902.2,1910.99,227.309107
2020-12-28T08:00:00.000Z,1910.99,1932.85,1910,1911.84,97.802368
2020-12-28T12:00:00.000Z,1910.03,1935,1900,1925.46,147.507331
2020-12-28T16:00:00.000Z,1927.48,1936,1914.28,1917.22,73.436959
2020-12-28T20:00:00.000Z,1916.25,1934.69,1901.81,1918.14,154.746149
2020-12-29T00:00:00.000Z,1917.48,1922.13,1903,1909.34,46.172626
2020-12-29T04:00:00.000Z,1909.28,1912.79,1901,1906.47,47.469483
2020-12-29T08:00:00.000Z,1906.43,1917.04,1901,1914.02,38.041213
2020-12-29T12:00:00.000Z,1914.04,1921.99,1903.03,1914.01,55.678859
2020-12-29T16:00:00.000Z,1914.19,1923.66,1906.33,1916.64,99.262649
2020-12-29T20:00:00.000Z,1916.48,1929,1900,1917.33,173.469589
2020-12-30T00:00:00.000Z,1917.33,1934.69,1904.14,1922.38,107.119181
2020-12-30T04:00:00.000Z,1922.36,1935,1907.72,1914.28,98.638538
2020-12-30T08:00:00.000Z,1910.57,1918.5,1900.21,1907.72,86.919729
2020-12-30T12:00:00.000Z,1910.54,1918.03,1907.24,1916.51,53.95858
2020-12-30T16:00:00.000Z,1916.63,1935,1911.11,1920.3,95.287248
2020-12-30T20:00:00.000Z,1921.61,1929,1915,1921.3,71.471069
2020-12-31T00:00:00.000Z,1921.32,1928,1913.63,1920.56,49.590526
2020-12-31T04:00:00.000Z,1921.62,1921.89,1910.5,1921.26,36.81247
2020-12-31T08:00:00.000Z,1921.24,1929.63,1915,1918.16,51.092347
2020-12-31T12:00:00.000Z,1919.71,1937.59,1910,1924.06,112.966801
2020-12-31T16:00:00.000Z,1924.03,1942.87,1918.51,1936.7,56.811442
2020-12-31T20:00:00.000Z,1936.82,1944.75,1929.89,1932.98,62.932177
2021-01-01T00:00:00.000Z,1935.82,1941.66,1928.61,1934.11,53.506347
2021-01-01T04:00:00.000Z,1934.11,1937.72,1920.79,1920.79,20.102869
2021-01-01T08:00:00.000Z,1921.12,1936.07,1920.1,1934.12,26.113556
2021-01-01T12:00:00.000Z,1933.19,1941.7,1930.27,1941.65,31.549733
2021-01-01T16:00:00.000Z,1941.65,1942.92,1932.93,1937.83,33.625037
2021-01-01T20:00:00.000Z,1938.07,1943.11,1931.42,1942.13,39.244445
2021-01-02T00:00:00.000Z,1940.54,1945,1922.56,1934,48.667603
2021-01-02T04:00:00.000Z,1934,1946.41,1932.65,1942.17,42.416382
2021-01-02T08:00:00.000Z,1942.96,1956.67,1937,1942.11,81.350143
2021-01-02T12:00:00.000Z,1941.56,1967.56,1940,1958,196.356947
2021-01-02T16:00:00.000Z,1955.22,1994.01,1952,1973.3,230.914747
2021-01-02T20:00:00.000Z,1973.14,1994.01,1961,1967.39,210.063978
2021-01-03T00:00:00.000Z,1967.39,1976.2,1952,1964.63,38.45693
2021-01-03T04:00:00.000Z,1964.6,1994.31,1958.75,1967.75,158.476998
2021-01-03T08:00:00.000Z,1970.77,1989,1956,1961.68,112.468574
2021-01-03T12:00:00.000Z,1960.37,1974.27,1946.03,1969.14,96.181497
2021-01-03T16:00:00.000Z,1969.13,1978,1953.71,1966.73,121.049877
2021-01-03T20:00:00.000Z,1964.93,1970,1945.95,1963.5,90.839482
2021-01-04T00:00:00.000Z,1967.85,1987,1958.26,1983.44,82.125595
2021-01-04T04:00:00.000Z,1983.66,1994,1970,1986.5,102.302366
2021-01-04T08:00:00.000Z,1986.51,2068,1958.26,1999.94,572.197242
2021-01-04T12:00:00.000Z,1999.94,2020,1989.28,1995.1,193.948947
2021-01-04T16:00:00.000Z,1999.99,2045.84,1981.14,2023.84,286.145955
2021-01-04T20:00:00.000Z,2024,2031.65,1981.14,2009.22,168.483264
2021-01-05T00:00:00.000Z,2009.45,2100.85,1995.45,2056.53,224.523004
2021-01-05T04:00:00.000Z,2058.18,2079.27,2013.58,2065.53,210.686053
2021-01-05T08:00:00.000Z,2068.45,2099,1991.56,2055.06,182.988682
2021-01-05T12:00:00.000Z,2055.06,2060.7,2028.57,2050.65,108.518885
2021-01-05T16:00:00.000Z,2050.8,2052.36,1986.95,1999.78,741.152841
2021-01-05T20:00:00.000Z,1999.74,2038.82,1996.5,2027.63,120.759266
2021-01-06T00:00:00.000Z,2027.68,2048.08,1993.1,2007.08,116.976261
2021-01-06T04:00:00.000Z,2007.08,2020,1999.04,2006.75,144.884466
2021-01-06T08:00:00.000Z,2007.98,2031.58,2000.05,2010.71,150.447065
2021-01-06T12:00:00.000Z,2007.14,2011.98,1935.58,1943,504.009663
2021-01-06T16:00:00.000Z,1945.77,1950,1928.66,1947.1,292.353588
2021-01-06T20:00:00.000Z,1943.34,1966.9,1935,1960.73,484.910529
2021-01-07T00:00:00.000Z,1960.73,1972.93,1944.45,1961.44,362.861243
2021-01-07T04:00:00.000Z,1961.41,1974.85,1960,1960,388.87793
2021-01-07T08:00:00.000Z,1960,1972.86,1939.32,1964.72,263.321431
2021-01-07T12:00:00.000Z,1965.65,1987.57,1935,1935,377.060706
2021-01-07T16:00:00.000Z,1937.02,1954.42,1931.79,1950.71,439.388213
2021-01-07T20:00:00.000Z,1950.51,1977.93,1931.49,1955.4,427.25918
2021-01-08T00:00:00.000Z,1956.94,1959.42,1935,1944,350.261518
2021-01-08T04:00:00.000Z,1942,1946.51,1928,1928.58,204.330506
2021-01-08T08:00:00.000Z,1928.58,1930.38,1905.79,1926.81,606.319572
2021-01-08T12:00:00.000Z,1926.56,1930.75,1871.42,1890.26,765.093866
2021-01-08T16:00:00.000Z,1892.61,1895.61,1854.15,1867.03,463.21411
2021-01-08T20:00:00.000Z,1868.18,1876.45,1843.5,1871.6,512.445463
2021-01-09T00:00:00.000Z,1871.34,1894.91,1867.5,1892.1,133.386631
2021-01-09T04:00:00.000Z,1892.35,1893,1880,1884.48,74.671373
2021-01-09T08:00:00.000Z,1884.01,1892.85,1881.15,1884.42,155.210957
2021-01-09T12:00:00.000Z,1886.01,1894.02,1855,1867.81,324.369292
2021-01-09T16:00:00.000Z,1869.63,1872.72,1855,1870.68,200.587997
2021-01-09T20:00:00.000Z,1870.06,1881.05,1870.05,1870.05,183.907823
2021-01-10T00:00:00.000Z,1872.9,1888.84,1870.05,1875.05,313.230702
2021-01-10T04:00:00.000Z,1875.81,1882.5,1872.02,1875.94,193.794198
2021-01-10T08:00:00.000Z,1878.83,1888,1870,1883.28,136.181073
2021-01-10T12:00:00.000Z,1883.26,1920,1877.31,1920,565.98694
2021-01-10T16:00:00.000Z,1916.89,1920,1888.84,1897.65,297.472672
2021-01-10T20:00:00.000Z,1898.71,1917.35,1876.31,1879.53,393.285215
2021-01-11T00:00:00.000Z,1877.68,1889.14,1843.93,1846.33,355.933824
2021-01-11T04:00:00.000Z,1845.35,1894.02,1840.5,1854.95,633.675472
2021-01-11T08:00:00.000Z,1857.01,1888,1851.71,1874.21,459.109182
2021-01-11T12:00:00.000Z,1873.2,1880,1823.99,1853.57,885.854541
2021-01-11T16:00:00.000Z,1853.53,1864.41,1831.93,1854.43,594.98027
2021-01-11T20:00:00.000Z,1856,1866,1850,1861.19,409.771915
2021-01-12T00:00:00.000Z,1860.62,1869.79,1845,1867.88,249.687042
2021-01-12T04:00:00.000Z,1867.88,1876.45,1851.71,1863.74,184.997465
2021-01-12T08:00:00.000Z,1863.7,1884.29,1851.71,1872.24,253.050688
2021-01-12T12:00:00.000Z,1872.12,1885,1850.25,1857.1,377.700111
2021-01-12T16:00:00.000Z,1858.87,1869.79,1855.06,1868.88,198.990365
2021-01-12T20:00:00.000Z,1866.57,1879,1858.2,1866,133.700815
2021-01-13T00:00:00.000Z,1866.35,1879,1862.67,1873.35,122.071324
2021-01-13T04:00:00.000Z,1874.14,1879,1861.27,1876.26,95.78218
2021-01-13T08:00:00.000Z,1877.36,1879,1866.2,1875.23,114.539435
2021-01-13T12:00:00.000Z,1875.23,1879,1870.98,1874.79,131.516328
2021-01-13T16:00:00.000Z,1874.82,1885,1870.1,1879,374.354008
2021-01-13T20:00:00.000Z,1879.46,1887,1856,1857.24,314.459891
2021-01-14T00:00:00.000Z,1857.27,1874.61,1849.08,1853.07,187.637515
2021-01-14T04:00:00.000Z,1854.42,1867,1851.71,1864.77,115.285348
2021-01-14T08:00:00.000Z,1866.08,1870.64,1856.49,1856.51,122.080765
2021-01-14T12:00:00.000Z,1858.6,1874.59,1857.55,1868.79,378.745002
2021-01-14T16:00:00.000Z,1869.37,1871.34,1858.88,1865.51,195.216698
2021-01-14T20:00:00.000Z,1866.45,1883.4,1859.99,1869.06,240.607168
2021-01-15T00:00:00.000Z,1867.6,1879.43,1866.71,1873.93,75.625563
2021-01-15T04:00:00.000Z,1873.5,1879.49,1865.01,1868.3,128.351346
2021-01-15T08:00:00.000Z,1869.23,1881.14,1865.01,1873.21,219.621325
2021-01-15T12:00:00.000Z,1873.24,1874.59,1850.42,1853.71,322.06672
2021-01-15T16:00:00.000Z,1853.71,1860.32,1845,1855.19,200.875076
2021-01-15T20:00:00.000Z,1855.79,1864,1835.78,1839.37,241.334973
2021-01-16T00:00:00.000Z,1839.53,1856.81,1839.21,1853.42,150.930866
2021-01-16T04:00:00.000Z,1853.58,1856.72,1843.65,1850.9,115.067054
2021-01-16T08:00:00.000Z,1850.35,1865,1842,1860.14,159.029914
2021-01-16T12:00:00.000Z,1860.4,1869,1853.86,1860.12,174.828475
2021-01-16T16:00:00.000Z,1862.62,1865.52,1838.02,1838.43,192.979975
2021-01-16T20:00:00.000Z,1838.44,1850,1837.78,1850,113.882894
2021-01-17T00:00:00.000Z,1850,1854.96,1842,1848.57,124.414185
2021-01-17T04:00:00.000Z,1847.56,1851.35,1837.78,1840.61,94.942982
2021-01-17T08:00:00.000Z,1841.05,1849.99,1837.3,1846.83,116.877434
2021-01-17T12:00:00.000Z,1846.76,1848.97,1839,1842.2,96.087147
2021-01-17T16:00:00.000Z,1842.2,1858,1836.44,1846.77,217.17157
2021-01-17T20:00:00.000Z,1847,1851.76,1837.39,1837.39,163.899722
2021-01-18T00:00:00.000Z,1838.09,1849.52,1835,1847.18,89.340648
2021-01-18T04:00:00.000Z,1847.11,1850.63,1841.68,1846.78,100.809117
2021-01-18T08:00:00.000Z,1846.81,1850,1841.66,1846.12,97.46463
2021-01-18T12:00:00.000Z,1845.72,1856.12,1839,1850.05,262.861725
2021-01-18T16:00:00.000Z,1849.3,1857.07,1846.01,1855.68,165.217984
2021-01-18T20:00:00.000Z,1855.68,1859,1841.8,1852.79,133.770946
2021-01-19T00:00:00.000Z,1854.46,1865.8,1851.71,1859.87,195.925792
2021-01-19T04:00:00.000Z,1858.82,1865.41,1850.83,1862,147.833727
2021-01-19T08:00:00.000Z,1861.45,1872,1852.13,1870.39,215.954649
2021-01-19T12:00:00.000Z,1870.69,1884.5,1851,1855.71,295.51184
2021-01-19T16:00:00.000Z,1855.31,1867,1842.04,1845,307.368137
2021-01-19T20:00:00.000Z,1846.16,1859.72,1845,1852,107.360963
2021-01-20T00:00:00.000Z,1852.38,1864.98,1848.36,1857.21,99.90637
2021-01-20T04:00:00.000Z,1856.23,1874.59,1855.2,1871,191.110662
2021-01-20T08:00:00.000Z,1871,1874,1861.42,1870.49,363.308772
2021-01-20T12:00:00.000Z,1870.01,1884.31,1855,1884.14,698.42279
2021-01-20T16:00:00.000Z,1880.52,1890,1865,1877.39,428.970196
2021-01-20T20:00:00.000Z,1878.35,1887,1874,1883.97,137.541978
2021-01-21T00:00:00.000Z,1885.21,1887,1874.98,1886.16,161.261956
2021-01-21T04:00:00.000Z,1886.26,1887,1875,1877.71,166.015261
2021-01-21T08:00:00.000Z,1877.56,1888.99,1874.22,1880.67,456.924547
2021-01-21T12:00:00.000Z,1879.63,1892.31,1875.11,1887.27,878.3081
2021-01-21T16:00:00.000Z,1887.26,1898.78,1879.01,1882.81,541.044065
2021-01-21T20:00:00.000Z,1884.22,1889,1879.01,1882.13,311.840644
2021-01-22T00:00:00.000Z,1882.14,1888.56,1867.31,1870.36,809.931815
2021-01-22T04:00:00.000Z,1871.73,1882.5,1867.51,1873.04,186.644313
2021-01-22T08:00:00.000Z,1871.92,1883.15,1863.78,1865.83,264.265381
2021-01-22T12:00:00.000Z,1866.05,1869.54,1850,1860.89,309.380876
2021-01-22T16:00:00.000Z,1860.89,1866.98,1859.71,1866.31,138.564902
2021-01-22T20:00:00.000Z,1865.86,1867.22,1859.71,1863.75,106.152403
2021-01-23T00:00:00.000Z,1863.61,1864.26,1857.43,1862.27,50.679689
2021-01-23T04:00:00.000Z,1862.27,1870,1857.12,1862.16,130.5597
2021-01-23T08:00:00.000Z,1862.18,1866.8,1861.64,1866.15,107.502853
2021-01-23T12:00:00.000Z,1864.34,1872.72,1861.64,1861.75,177.245197
2021-01-23T16:00:00.000Z,1861.76,1871,1861.64,1865.93,110.846941
2021-01-23T20:00:00.000Z,1865.94,1868.94,1862.41,1867.61,69.472446
2021-01-24T00:00:00.000Z,1867.15,1875.23,1862.28,1864.73,96.245677
2021-01-24T04:00:00.000Z,1864.73,1867.23,1860,1865.13,97.949018
2021-01-24T08:00:00.000Z,1865.15,1867.43,1860.83,1865.67,60.094883
2021-01-24T12:00:00.000Z,1865.67,1866,1855.97,1858.2,93.329608
2021-01-24T16:00:00.000Z,1857.06,1862.36,1855.58,1859.38,81.227958
2021-01-24T20:00:00.000Z,1859.2,1863.76,1856.02,1858.99,206.633466
2021-01-25T00:00:00.000Z,1858.51,1864.45,1858,1860.34,159.773934
2021-01-25T04:00:00.000Z,1861.76,1863.89,1856,1860.26,77.631212
2021-01-25T08:00:00.000Z,1859.58,1867.99,1854.49,1866.46,117.053628
2021-01-25T12:00:00.000Z,1867.56,1871.99,1855.86,1857.75,292.562223
2021-01-25T16:00:00.000Z,1858.42,1865.18,1852.83,1859.3,204.190745
2021-01-25T20:00:00.000Z,1859.87,1865,1856,1859.85,200.401143
2021-01-26T00:00:00.000Z,1861.05,1863.99,1858.18,1861.56,39.269324
2021-01-26T04:00:00.000Z,1859.62,1865.48,1855.77,1859.12,146.237687
2021-01-26T08:00:00.000Z,1860.56,1865,1856,1856,75.237535
2021-01-26T12:00:00.000Z,1856,1865.29,1849.81,1861.61,197.062547
2021-01-26T16:00:00.000Z,1861.61,1869.44,1857.7,1863.89,160.654856
2021-01-26T20:00:00.000Z,1863.94,1872,1857.25,1864.98,136.346563
2021-01-27T00:00:00.000Z,1865.05,1865.88,1859,1859.31,91.737358
2021-01-27T04:00:00.000Z,1859.28,1862.79,1853.06,1854.13,75.404936
2021-01-27T08:00:00.000Z,1854.13,1858,1847.67,1855.84,150.62095
2021-01-27T12:00:00.000Z,1855.84,1857.5,1841.92,1855.25,328.432349
2021-01-27T16:00:00.000Z,1854.65,1856.7,1842.28,1848.36,221.638676
2021-01-27T20:00:00.000Z,1847.39,1855.26,1844.71,1847.66,169.392616
2021-01-28T00:00:00.000Z,1846.28,1850,1844.71,1848.55,65.121156
2021-01-28T04:00:00.000Z,1849.02,1852.56,1844.57,1848.12,129.704839
2021-01-28T08:00:00.000Z,1849.13,1855.25,1844.6,1849.41,98.706488
2021-01-28T12:00:00.000Z,1848.29,1868.57,1847.14,1865.64,101.600651
2021-01-28T16:00:00.000Z,1866.41,1867.78,1848.88,1857.19,132.94162
2021-01-28T20:00:00.000Z,1857.19,1859.56,1848.94,1853.83,131.916808
2021-01-29T00:00:00.000Z,1855.28,1859.82,1847.48,1851,102.349624
2021-01-29T04:00:00.000Z,1850.83,1860.97,1848.52,1856.77,121.081267
2021-01-29T08:00:00.000Z,1855.72,1866.44,1847.42,1863.85,595.181629
2021-01-29T12:00:00.000Z,1865.26,1878.57,1858.65,1863.7,303.089456
2021-01-29T16:00:00.000Z,1863.79,1871.58,1862.87,1867.11,257.310957
2021-01-29T20:00:00.000Z,1865.88,1880,1860,1868.2,218.605059
2021-01-30T00:00:00.000Z,1869.37,1873.33,1867.5,1873.03,77.950078
2021-01-30T04:00:00.000Z,1873.07,1876,1869.61,1871.85,62.142185
2021-01-30T08:00:00.000Z,1872.81,1876,1864.86,1868.22,109.710063
2021-01-30T12:00:00.000Z,1869.66,1872.22,1864.86,1867.8,66.437182
2021-01-30T16:00:00.000Z,1866.88,1876,1864.27,1875.99,151.446174
2021-01-30T20:00:00.000Z,1873.43,1876,1863.41,1865.71,229.066804
2021-01-31T00:00:00.000Z,1866.3,1874.21,1865.71,1871.94,51.754747
2021-01-31T04:00:00.000Z,1871.94,1874.19,1864.66,1868.49,87.495344
2021-01-31T08:00:00.000Z,1868.41,1875,1859.99,1870.24,181.39749
2021-01-31T12:00:00.000Z,1868.84,1873.5,1862,1864.81,140.241787
2021-01-31T16:00:00.000Z,1864.82,1873.1,1863.22,1871.04,113.837343
2021-01-31T20:00:00.000Z,1868.33,1883.13,1863.53,1878.12,217.120437
2021-02-01T00:00:00.000Z,1878.11,1886.36,1873.48,1875.89,175.321865
2021-02-01T04:00:00.000Z,1875.75,1879.99,1870.83,1872.87,185.39428
2021-02-01T08:00:00.000Z,1874.07,1882.5,1865,1869.09,280.203949
2021-02-01T12:00:00.000Z,1870.37,1878.64,1865,1865,453.165563
2021-02-01T16:00:00.000Z,1866.43,1872.98,1860.04,1871.22,147.199476
2021-02-01T20:00:00.000Z,1871.22,1874.21,1862.78,1868.04,217.43368
2021-02-02T00:00:00.000Z,1866.5,1869.76,1863.8,1865.62,82.574963
2021-02-02T04:00:00.000Z,1865.62,1867.2,1858.33,1859.18,121.163335
2021-02-02T08:00:00.000Z,1860.01,1867,1845.56,1853.16,426.234062
2021-02-02T12:00:00.000Z,1853.17,1856.1,1842,1846.67,183.305014
2021-02-02T16:00:00.000Z,1846.67,1853.32,1844,1850.12,192.988644
2021-02-02T20:00:00.000Z,1850.1,1853.32,1841,1850.42,149.992106
2021-02-03T00:00:00.000Z,1850.84,1855.5,1847,1855.11,127.242728
2021-02-03T04:00:00.000Z,1855.13,1855.82,1847.95,1849.05,119.762318
2021-02-03T08:00:00.000Z,1849.24,1851.53,1843.57,1844.21,137.502173
2021-02-03T12:00:00.000Z,1844.21,1850.98,1843.94,1845,211.99304
2021-02-03T16:00:00.000Z,1845.04,1852.88,1844.5,1846.65,236.836707
2021-02-03T20:00:00.000Z,1846.65,1849.99,1845.78,1847.95,147.272885
2021-02-04T00:00:00.000Z,1847.96,1849.99,1832.5,1835.32,338.86257
2021-02-04T04:00:00.000Z,1835.29,1838,1828.76,1833.1,245.460368
2021-02-04T08:00:00.000Z,1833.09,1838.04,1820.49,1823.79,750.760467
2021-02-04T12:00:00.000Z,1823.82,1831.32,1802,1802,474.149559
2021-02-04T16:00:00.000Z,1804.26,1818.18,1801,1814.79,341.17324
2021-02-04T20:00:00.000Z,1814.61,1816.96,1806.47,1809.6,655.368231
2021-02-05T00:00:00.000Z,1809.58,1812.6,1805.12,1808.7,250.973347
2021-02-05T04:00:00.000Z,1808.8,1812.84,1806.44,1812.32,264.2422
2021-02-05T08:00:00.000Z,1812.14,1822.92,1807.14,1817.32,455.60533
2021-02-05T12:00:00.000Z,1817.25,1822,1810,1816.2,402.338496
2021-02-05T16:00:00.000Z,1816.28,1835,1810.82,1827.96,515.020795
2021-02-05T20:00:00.000Z,1827.88,1832.85,1825,1832.17,222.16021
2021-02-06T00:00:00.000Z,1831.94,1835.86,1824.28,1832.62,278.013065
2021-02-06T04:00:00.000Z,1832.49,1835.45,1827.26,1835.35,189.993623
2021-02-06T08:00:00.000Z,1835.32,1836.7,1825,1829.15,382.722969
2021-02-06T12:00:00.000Z,1828.98,1835,1827.85,1833.04,245.161967
2021-02-06T16:00:00.000Z,1833.14,1833.69,1830,1831.47,223.125691
2021-02-06T20:00:00.000Z,1831.38,1837,1830,1834.62,342.763643
2021-02-07T00:00:00.000Z,1834.86,1835,1825.8,1830.96,226.554345
2021-02-07T04:00:00.000Z,1830.88,1834.47,1828.8,1834.23,182.794885
2021-02-07T08:00:00.000Z,1834.25,1834.77,1831.6,1833.42,162.595557
2021-02-07T12:00:00.000Z,1833.42,1837.14,1825.42,1829.1,360.42005
2021-02-07T16:00:00.000Z,1829.11,1834,1819.63,1821.35,311.794948
2021-02-07T20:00:00.000Z,1821.33,1851.07,1821.16,1836.06,288.522919
2021-02-08T00:00:00.000Z,1836.04,1836.37,1822.28,1823.5,249.451658
2021-02-08T04:00:00.000Z,1823.4,1832.85,1822,1829.16,261.282415
2021-02-08T08:00:00.000Z,1829.15,1830.17,1822.33,1829.62,243.402512
2021-02-08T12:00:00.000Z,1829.62,1873.3,1824.28,1849.41,1276.487178
2021-02-08T16:00:00.000Z,1849.71,1853.33,1843.33,1851.97,418.062904
2021-02-08T20:00:00.000Z,1851.76,1875,1841.02,1846.12,816.256668
2021-02-09T00:00:00.000Z,1846.02,1858,1841.67,1854.22,465.046984
2021-02-09T04:00:00.000Z,1854.22,1858,1847.91,1855.64,456.442125
2021-02-09T08:00:00.000Z,1856.56,1865,1850,1855.88,600.571999
2021-02-09T12:00:00.000Z,1855.82,1861.76,1850.61,1853.62,701.044888
2021-02-09T16:00:00.000Z,1853.62,1856.62,1847.04,1856.22,945.021841
2021-02-09T20:00:00.000Z,1856.14,1867,1846.17,1852.18,526.176689
2021-02-10T00:00:00.000Z,1852.18,1867,1851.6,1861.49,363.451313
2021-02-10T04:00:00.000Z,1861.92,1875,1859.33,1863.19,503.653654
2021-02-10T08:00:00.000Z,1863.05,1863.41,1854.73,1860.93,463.763292
2021-02-10T12:00:00.000Z,1860.73,1863,1844.71,1849.98,775.816955
2021-02-10T16:00:00.000Z,1850.18,1857.45,1846.42,1854.93,344.712181
2021-02-10T20:00:00.000Z,1854.48,1860,1847.05,1855.13,182.186352
2021-02-11T00:00:00.000Z,1855.2,1859.23,1850.58,1851.6,129.953105
2021-02-11T04:00:00.000Z,1851.54,1856,1845.2,1855.15,171.37773
2021-02-11T08:00:00.000Z,1855.17,1860,1852.66,1855.83,278.082467
2021-02-11T12:00:00.000Z,1854.89,1863,1851,1856.37,315.735049
2021-02-11T16:00:00.000Z,1856.48,1857.63,1834,1841.98,306.851934
2021-02-11T20:00:00.000Z,1841.98,1849.71,1832.8,1835.16,267.347808
2021-02-12T00:00:00.000Z,1836.64,1838.82,1818,1834.22,521.212524
2021-02-12T04:00:00.000Z,1834.3,1837.79,1830.5,1831.77,147.760668
2021-02-12T08:00:00.000Z,1831.36,1834,1826.31,1831.89,185.585931
2021-02-12T12:00:00.000Z,1831.91,1834,1820.11,1833.14,367.014282
2021-02-12T16:00:00.000Z,1833.87,1842.32,1829.7,1839.3,414.493748
2021-02-12T20:00:00.000Z,1839.85,1841.32,1828.57,1840.64,233.248892
2021-02-13T00:00:00.000Z,1839.98,1850,1839.31,1845.23,148.274491
2021-02-13T04:00:00.000Z,1845.28,1850,1840,1846.73,236.782775
2021-02-13T08:00:00.000Z,1846.73,1850,1841.05,1844.57,232.147181
2021-02-13T12:00:00.000Z,1843.31,1850,1840,1847,166.558144
2021-02-13T16:00:00.000Z,1847.01,1850,1838.01,1850,158.659021
2021-02-13T20:00:00.000Z,1848.08,1852,1845.45,1845.45,168.314874
2021-02-14T00:00:00.000Z,1847.37,1855,1841.21,1853.39,211.752539
2021-02-14T04:00:00.000Z,1854.09,1860,1851,1858.38,179.364257
2021-02-14T08:00:00.000Z,1859.42,1860,1850.01,1853.93,154.421979
2021-02-14T12:00:00.000Z,1853.46,1860,1850.85,1858.81,223.636063
2021-02-14T16:00:00.000Z,1858.7,1861.43,1854,1859.38,149.276952
2021-02-14T20:00:00.000Z,1857.71,1860,1838.01,1839.29,274.477282
2021-02-15T00:00:00.000Z,1839.3,1854.54,1827.7,1833.97,500.364394
2021-02-15T04:00:00.000Z,1833.94,1839.46,1829.9,1831.38,261.161376
2021-02-15T08:00:00.000Z,1831.07,1836.36,1827.27,1833.43,228.590645
2021-02-15T12:00:00.000Z,1833.8,1839,1830.15,1835.92,234.356048
2021-02-15T16:00:00.000Z,1835.92,1840.9,1830.02,1833.8,243.806601
2021-02-15T20:00:00.000Z,1834.14,1846.93,1832.22,1833.22,273.022974
2021-02-16T00:00:00.000Z,1833.22,1845.19,1831.82,1836.21,311.805033
2021-02-16T04:00:00.000Z,1836.21,1839.6,1832,1834.27,138.910893
2021-02-16T08:00:00.000Z,1834.59,1840.9,1833,1834.18,127.143679
2021-02-16T12:00:00.000Z,1834.18,1840.9,1815,1825.43,494.355628
2021-02-16T16:00:00.000Z,1825.43,1827.27,1815.01,1818.27,183.944261
2021-02-16T20:00:00.000Z,1818.9,1821.01,1810.51,1814.6,189.833714
2021-02-17T00:00:00.000Z,1815.74,1819.45,1807.55,1816.06,120.809622
2021-02-17T04:00:00.000Z,1816.05,1824.33,1808.17,1821.96,263.004504
2021-02-17T08:00:00.000Z,1821.81,1840,1805.01,1825.97,381.406288
2021-02-17T12:00:00.000Z,1825.6,1830,1797.17,1802.16,674.735981
2021-02-17T16:00:00.000Z,1803.05,1813.63,1792,1797.94,484.978622
2021-02-17T20:00:00.000Z,1797.94,1806.2,1792.18,1796.08,382.64336
2021-02-18T00:00:00.000Z,1796.08,1806,1793.87,1801.05,232.167171
2021-02-18T04:00:00.000Z,1801.05,1810.69,1800,1802.54,211.942712
2021-02-18T08:00:00.000Z,1802.08,1813.62,1800,1808.11,368.576823
2021-02-18T12:00:00.000Z,1808.08,1812.08,1794,1797.91,364.976723
2021-02-18T16:00:00.000Z,1799.15,1803,1791.93,1797.68,341.108351
2021-02-18T20:00:00.000Z,1796.4,1802,1783.58,1783.58,356.430667
2021-02-19T00:00:00.000Z,1784.78,1788.17,1771.11,1779.12,503.623732
2021-02-19T04:00:00.000Z,1781.56,1790.81,1776.4,1786.54,586.318684
2021-02-19T08:00:00.000Z,1787.55,1791.81,1781.3,1782,434.89682
2021-02-19T12:00:00.000Z,1782.57,1797.76,1781.03,1795.4,522.996205
2021-02-19T16:00:00.000Z,1797.64,1810.05,1790.88,1802,627.656421
2021-02-19T20:00:00.000Z,1800.01,1812,1792.72,1807.07,366.337529
2021-02-20T00:00:00.000Z,1807.05,1851.81,1801.24,1806.77,689.822907
2021-02-20T04:00:00.000Z,1806.77,1818,1803.01,1805.26,457.494328
2021-02-20T08:00:00.000Z,1806.73,1829.99,1805,1819.98,409.455699
2021-02-20T12:00:00.000Z,1817.66,1840,1816.67,1826.15,613.984573
2021-02-20T16:00:00.000Z,1826.43,1837.49,1815.45,1823.47,288.456989
2021-02-20T20:00:00.000Z,1823.3,1831.11,1801.72,1813.81,333.194162
2021-02-21T00:00:00.000Z,1815.16,1834.99,1802,1815.72,279.197144
2021-02-21T04:00:00.000Z,1817.18,1824.52,1805,1819.97,172.275875
2021-02-21T08:00:00.000Z,1819.99,1835,1816.26,1824.4,399.579805
2021-02-21T12:00:00.000Z,1825.65,1839.92,1820.85,1824.84,259.932836
2021-02-21T16:00:00.000Z,1825.84,1835,1821,1831.79,185.92038
2021-02-21T20:00:00.000Z,1831.79,1835,1810,1823.04,303.848754
2021-02-22T00:00:00.000Z,1823.05,1832.75,1804.65,1806.97,319.034752
2021-02-22T04:00:00.000Z,1806.97,1827.88,1801.87,1810.99,274.283594
2021-02-22T08:00:00.000Z,1810.99,1828,1806.37,1813.7,780.570143
2021-02-22T12:00:00.000Z,1814.83,1828.72,1804.86,1822.3,1171.907525
2021-02-22T16:00:00.000Z,1822.3,1833.45,1815.85,1828.94,1147.91701
2021-02-22T20:00:00.000Z,1828.4,1832.27,1816.05,1823.8,454.525562
2021-02-23T00:00:00.000Z,1824.62,1832.88,1816.95,1822.3,738.437196
2021-02-23T04:00:00.000Z,1822.26,1850,1817,1826.79,1686.62751
2021-02-23T08:00:00.000Z,1826.05,1832.56,1804.14,1819.34,3272.459488
2021-02-23T12:00:00.000Z,1819.07,1831.52,1796.87,1815.03,2093.446942
2021-02-23T16:00:00.000Z,1815.07,1821,1807.01,1812.66,1351.851264
2021-02-23T20:00:00.000Z,1812.66,1826.17,1810,1820.38,875.480755
2021-02-24T00:00:00.000Z,1821.41,1835,1812.5,1832.76,763.037938
2021-02-24T04:00:00.000Z,1832.14,1841,1812,1818.52,632.606694
2021-02-24T08:00:00.000Z,1818.55,1827.33,1810,1823.56,611.628822
2021-02-24T12:00:00.000Z,1823.53,1825.1,1790,1804.46,1008.89453
2021-02-24T16:00:00.000Z,1804.47,1816,1800.14,1803.86,313.577277
2021-02-24T20:00:00.000Z,1803.86,1816,1801.02,1811.71,540.38405
2021-02-25T00:00:00.000Z,1812.38,1819.21,1801.81,1807.94,268.264854
2021-02-25T04:00:00.000Z,1807.96,1812.23,1793.88,1802.39,384.283127
2021-02-25T08:00:00.000Z,1802.56,1808,1792.29,1798.58,395.0027
2021-02-25T12:00:00.000Z,1798.28,1805,1780.93,1786.82,680.745266
2021-02-25T16:00:00.000Z,1787.49,1793.75,1773.48,1784.86,650.207497
2021-02-25T20:00:00.000Z,1784.81,1786.66,1767.8,1775.14,822.197819
2021-02-26T00:00:00.000Z,1778.56,1790.68,1765.77,1782.91,920.175144
2021-02-26T04:00:00.000Z,1784.15,1790.67,1750,1765.98,856.759092
2021-02-26T08:00:00.000Z,1766.05,1787.1,1763.05,1774.58,827.38524
2021-02-26T12:00:00.000Z,1774.63,1779.42,1740.76,1752.02,799.088864
2021-02-26T16:00:00.000Z,1749.38,1754.61,1735.68,1743.17,656.100756
2021-02-26T20:00:00.000Z,1742.67,1750.93,1730,1748.67,744.528589
2021-02-27T00:00:00.000Z,1749.68,1757.71,1741.69,1745.76,419.174531
2021-02-27T04:00:00.000Z,1746.77,1759.72,1740,1744.5,302.212755
2021-02-27T08:00:00.000Z,1744,1753.4,1736.21,1745.46,346.922433
2021-02-27T12:00:00.000Z,1745.46,1754.19,1738,1738.37,377.446775
2021-02-27T16:00:00.000Z,1738.35,1750.93,1736.52,1750.05,195.419625
2021-02-27T20:00:00.000Z,1750.67,1758.54,1739.96,1750.24,505.84601
2021-02-28T00:00:00.000Z,1749.26,1754.69,1735.68,1741.75,454.089988
2021-02-28T04:00:00.000Z,1741.96,1754,1734.86,1748.04,797.082059
2021-02-28T08:00:00.000Z,1748.02,1755,1732.27,1740.84,416.827609
2021-02-28T12:00:00.000Z,1741.59,1755,1735.68,1740.75,732.429819
2021-02-28T16:00:00.000Z,1740.75,1757.33,1736.01,1748,562.369862
2021-02-28T20:00:00.000Z,1749.12,1754.19,1736,1744.61,497.924954
2021-03-01T00:00:00.000Z,1744.61,1767.25,1741.51,1762.2,379.120872
2021-03-01T04:00:00.000Z,1762.13,1768.63,1754.74,1763.04,281.805541
2021-03-01T08:00:00.000Z,1762.46,1767.71,1748.09,1753.85,513.038696
2021-03-01T12:00:00.000Z,1754.91,1755.28,1740,1752.64,497.169134
2021-03-01T16:00:00.000Z,1752.13,1753,1720.19,1729.14,709.375822
2021-03-01T20:00:00.000Z,1728.94,1736.85,1718.8,1727.23,610.037598
2021-03-02T00:00:00.000Z,1727.23,1732.86,1712.55,1717.88,498.312957
2021-03-02T04:00:00.000Z,1717.99,1729.99,1715.11,1723.67,265.958867
2021-03-02T08:00:00.000Z,1723.63,1738,1719.29,1735.34,228.079069
2021-03-02T12:00:00.000Z,1734.05,1738,1721.83,1728.82,330.99121
2021-03-02T16:00:00.000Z,1727.34,1750,1725.01,1743.29,677.085855
2021-03-02T20:00:00.000Z,1741.9,1753.26,1739.64,1750.02,287.955865
2021-03-03T00:00:00.000Z,1748.97,1752.01,1738.83,1743.13,117.288787
2021-03-03T04:00:00.000Z,1744.25,1750,1741.5,1745.16,141.602284
2021-03-03T08:00:00.000Z,1745.93,1746.92,1732.29,1738.98,310.747875
2021-03-03T12:00:00.000Z,1738.96,1743.43,1715.17,1724.01,543.29278
2021-03-03T16:00:00.000Z,1724.01,1732.63,1722.65,1728.69,342.711709
2021-03-03T20:00:00.000Z,1728.77,1731.21,1716.78,1717.35,418.624135
2021-03-04T00:00:00.000Z,1717.34,1730,1710.96,1712.77,339.083486
2021-03-04T04:00:00.000Z,1711.46,1728.17,1708.99,1725.94,251.690997
2021-03-04T08:00:00.000Z,1725.94,1729,1707.42,1721.99,466.381471
2021-03-04T12:00:00.000Z,1722,1735,1716.12,1727.18,530.343163
2021-03-04T16:00:00.000Z,1726.65,1732.3,1705,1707.57,633.465057
2021-03-04T20:00:00.000Z,1708.17,1713.67,1700.02,1705.88,287.915402
2021-03-05T00:00:00.000Z,1705.69,1707.61,1692,1706.61,481.551077
2021-03-05T04:00:00.000Z,1705.76,1710.34,1687.57,1703.21,305.111932
2021-03-05T08:00:00.000Z,1702.54,1710,1692.53,1707.79,344.864632
2021-03-05T12:00:00.000Z,1707.79,1716.98,1695,1704.75,438.861685
2021-03-05T16:00:00.000Z,1704.74,1718.42,1701.89,1713.06,321.704232
2021-03-05T20:00:00.000Z,1713.54,1713.54,1700,1708.49,264.825187
2021-03-06T00:00:00.000Z,1709.23,1711.69,1702.14,1706.69,62.912491
2021-03-06T04:00:00.000Z,1707.03,1713.58,1704.4,1713.56,112.998321
2021-03-06T08:00:00.000Z,1713.58,1714.98,1705,1712.08,179.827787
2021-03-06T12:00:00.000Z,1711.64,1713.43,1706.47,1706.51,190.516517
2021-03-06T16:00:00.000Z,1706.51,1717.41,1706.51,1714.47,240.008857
2021-03-06T20:00:00.000Z,1715.35,1718,1707.3,1713.98,151.004385
2021-03-07T00:00:00.000Z,1715.17,1717.19,1708.52,1710.01,117.536161
2021-03-07T04:00:00.000Z,1710.9,1719.98,1708.51,1715.98,70.92699
2021-03-07T08:00:00.000Z,1717.31,1724,1712.63,1717.48,268.339833
2021-03-07T12:00:00.000Z,1718.01,1719.96,1710.24,1717.07,171.491536
2021-03-07T16:00:00.000Z,1717.08,1721.41,1712,1716.06,173.248256
2021-03-07T20:00:00.000Z,1716.54,1727.25,1710,1717.2,302.149586
2021-03-08T00:00:00.000Z,1718.72,1723.77,1711.71,1716.63,211.848939
2021-03-08T04:00:00.000Z,1716.63,1750.93,1711.35,1719.55,727.470972
2021-03-08T08:00:00.000Z,1718.61,1718.76,1702.1,1705.31,258.151566
2021-03-08T12:00:00.000Z,1705.73,1716.56,1696.35,1701.89,243.293512
2021-03-08T16:00:00.000Z,1701.9,1708.8,1699.03,1706.78,165.513351
2021-03-08T20:00:00.000Z,1706.85,1719.48,1693.84,1705.97,481.281843
2021-03-09T00:00:00.000Z,1705.97,1716.63,1696.01,1710.5,466.033131
2021-03-09T04:00:00.000Z,1710.5,1716.99,1706.74,1707.82,179.193532
2021-03-09T08:00:00.000Z,1707.83,1729.69,1707.55,1721.18,338.640093
2021-03-09T12:00:00.000Z,1721.18,1747.45,1706.58,1735.5,588.961747
2021-03-09T16:00:00.000Z,1734.54,1750.62,1723,1727.79,573.294161
2021-03-09T20:00:00.000Z,1727.79,1742,1721,1729.2,443.98676
2021-03-10T00:00:00.000Z,1729.2,1734.04,1715.3,1722.77,541.358657
2021-03-10T04:00:00.000Z,1722.77,1729.76,1717.88,1728.93,159.867255
2021-03-10T08:00:00.000Z,1728.81,1730.54,1721.42,1724.64,268.988276
2021-03-10T12:00:00.000Z,1724.48,1732.41,1722.6,1727.53,263.865019
2021-03-10T16:00:00.000Z,1727.1,1738,1726.19,1733.69,320.623127
2021-03-10T20:00:00.000Z,1733.82,1744.29,1730,1739.56,388.038175
2021-03-11T00:00:00.000Z,1739.7,1744.52,1729.79,1741.81,228.367269
2021-03-11T04:00:00.000Z,1740.66,1750.74,1739.14,1747.15,234.361244
2021-03-11T08:00:00.000Z,1747.15,1753.26,1741.14,1746.72,292.572525
2021-03-11T12:00:00.000Z,1747.04,1749.57,1731,1736.38,508.485559
2021-03-11T16:00:00.000Z,1737.33,1743,1731,1733.87,367.603472
2021-03-11T20:00:00.000Z,1734.65,1747.92,1734.1,1743,365.604186
2021-03-12T00:00:00.000Z,1743.9,1744.17,1731,1731.96,188.114337
2021-03-12T04:00:00.000Z,1731.48,1740.26,1720.07,1721,233.427142
2021-03-12T08:00:00.000Z,1720.13,1722.69,1712,1714.88,238.150494
2021-03-12T12:00:00.000Z,1714.87,1723,1711,1720.38,491.776193
2021-03-12T16:00:00.000Z,1721.64,1740.69,1720.76,1733.67,272.064175
2021-03-12T20:00:00.000Z,1734.95,1741.66,1730.34,1739.16,119.031198
2021-03-13T00:00:00.000Z,1738.57,1738.57,1731.12,1733.43,79.917351
2021-03-13T04:00:00.000Z,1734.38,1739.35,1732.16,1738.75,59.081602
2021-03-13T08:00:00.000Z,1738.75,1748.56,1735.33,1747.61,275.432121
2021-03-13T12:00:00.000Z,1747.61,1750,1740.46,1746.9,347.984943
2021-03-13T16:00:00.000Z,1746.91,1750,1744.43,1746.25,161.229281
2021-03-13T20:00:00.000Z,1746.25,1750,1742.27,1745.03,247.927655
2021-03-14T00:00:00.000Z,1744.82,1749.58,1742.94,1747.37,97.543308
2021-03-14T04:00:00.000Z,1747.44,1750,1744.48,1746.23,86.167507
2021-03-14T08:00:00.000Z,1746,1749,1740,1746.74,250.069062
2021-03-14T12:00:00.000Z,1745.18,1749,1738.68,1741.74,144.473283
2021-03-14T16:00:00.000Z,1742.9,1745.41,1733,1734.86,111.811625
2021-03-14T20:00:00.000Z,1734.52,1746.99,1733.67,1734.93,208.405038
2021-03-15T00:00:00.000Z,1735.9,1747.49,1732.79,1739.23,186.793983
2021-03-15T04:00:00.000Z,1739.17,1739.3,1726.33,1734.71,245.217886
2021-03-15T08:00:00.000Z,1735.75,1747.14,1730.01,1735.37,586.091479
2021-03-15T12:00:00.000Z,1735.51,1750.36,1730,1735.59,706.807684
2021-03-15T16:00:00.000Z,1735.85,1743.99,1731.88,1739.63,200.22354
2021-03-15T20:00:00.000Z,1738.28,1749,1731.18,1734.72,300.294442
2021-03-16T00:00:00.000Z,1734.78,1754,1731.67,1742.24,1050.360388
2021-03-16T04:00:00.000Z,1743.19,1756.09,1743.19,1747.12,438.771261
2021-03-16T08:00:00.000Z,1745.97,1750.61,1740.75,1744.24,177.567876
2021-03-16T12:00:00.000Z,1744.3,1754.04,1738.83,1741.57,196.682528
2021-03-16T16:00:00.000Z,1741.87,1747.13,1733.72,1743.27,263.211131
2021-03-16T20:00:00.000Z,1743.27,1748.79,1741.93,1745.52,231.011702
2021-03-17T00:00:00.000Z,1744.32,1746.86,1736.07,1742.87,106.804419
2021-03-17T04:00:00.000Z,1741.93,1754,1741.87,1748.02,128.331512
2021-03-17T08:00:00.000Z,1748.02,1750.8,1735,1742.22,504.503634
2021-03-17T12:00:00.000Z,1741.45,1748.71,1735,1740.99,403.543906
2021-03-17T16:00:00.000Z,1740.9,1760.34,1736,1757.36,550.763883
2021-03-17T20:00:00.000Z,1756.2,1762.38,1749.75,1758.63,165.72518
2021-03-18T00:00:00.000Z,1758.46,1767.92,1754.92,1760.46,143.908996
2021-03-18T04:00:00.000Z,1760.49,1766.06,1750,1753,206.103124
2021-03-18T08:00:00.000Z,1752.99,1756.67,1745.65,1746.23,170.923575
2021-03-18T12:00:00.000Z,1747.19,1748.96,1732.41,1746.91,440.484199
2021-03-18T16:00:00.000Z,1747.91,1754,1741.44,1745.16,258.813592
2021-03-18T20:00:00.000Z,1746.27,1757,1740.5,1741.57,291.010095
2021-03-19T00:00:00.000Z,1742.98,1746.13,1738.83,1745.75,77.517667
2021-03-19T04:00:00.000Z,1745.76,1752.85,1743.47,1749.15,104.818896
2021-03-19T08:00:00.000Z,1749.84,1754.47,1743.13,1750.81,177.309678
2021-03-19T12:00:00.000Z,1751.4,1754.12,1744.04,1749.61,134.333854
2021-03-19T16:00:00.000Z,1748.75,1757.99,1747.65,1755.71,137.918562
2021-03-19T20:00:00.000Z,1755.64,1760.13,1749.4,1757.82,181.523111
2021-03-20T00:00:00.000Z,1757.82,1758.93,1753.54,1758.62,57.140502
2021-03-20T04:00:00.000Z,1758.62,1759.67,1752.6,1756.98,57.849453
2021-03-20T08:00:00.000Z,1756.98,1758.37,1745,1751.81,194.926662
2021-03-20T12:00:00.000Z,1751.8,1759.09,1748.7,1759.08,146.73848
2021-03-20T16:00:00.000Z,1758.67,1760,1749.31,1759.48,496.313747
2021-03-20T20:00:00.000Z,1759.96,1760.1,1751.56,1754.66,397.584236
2021-03-21T00:00:00.000Z,1753.48,1757.98,1751.22,1752.15,73.696138
2021-03-21T04:00:00.000Z,1751.74,1758.48,1747.35,1757.94,147.8343
2021-03-21T08:00:00.000Z,1756.1,1760,1751.65,1758.45,219.197771
2021-03-21T12:00:00.000Z,1759.48,1760,1740,1748.44,640.83175
2021-03-21T16:00:00.000Z,1747.46,1752.78,1744.32,1746.93,148.996091
2021-03-21T20:00:00.000Z,1748.12,1754,1738.73,1746.58,414.609793
2021-03-22T00:00:00.000Z,1748.25,1752.77,1739.37,1752.72,145.263908
2021-03-22T04:00:00.000Z,1752.72,1752.73,1739.12,1740.31,113.918311
2021-03-22T08:00:00.000Z,1740.31,1752.29,1737.7,1746.98,309.936506
2021-03-22T12:00:00.000Z,1747.62,1754,1737.12,1746.58,249.766058
2021-03-22T16:00:00.000Z,1746.65,1750.57,1740.95,1743.68,257.380389
2021-03-22T20:00:00.000Z,1743.68,1752.61,1737.67,1740.72,425.186491
2021-03-23T00:00:00.000Z,1740.79,1748.63,1739.5,1742.61,186.656693
2021-03-23T04:00:00.000Z,1742.34,1750.93,1736.13,1745.02,381.52189
2021-03-23T08:00:00.000Z,1745.51,1747.13,1741.39,1746.63,118.279336
2021-03-23T12:00:00.000Z,1746.58,1749.42,1734.37,1744.11,386.658011
2021-03-23T16:00:00.000Z,1745.51,1747.93,1733.81,1734.9,196.755744
2021-03-23T20:00:00.000Z,1736.89,1747.09,1734.16,1740,291.034881
2021-03-24T00:00:00.000Z,1740,1745.95,1733.82,1735.36,325.071152
2021-03-24T04:00:00.000Z,1733.83,1745.95,1730.13,1741.41,274.739386
2021-03-24T08:00:00.000Z,1742.55,1745.22,1733.38,1738.24,214.583017
2021-03-24T12:00:00.000Z,1738.3,1746.91,1735,1743.95,153.610231
2021-03-24T16:00:00.000Z,1743.92,1745.95,1736.27,1737.85,232.521931
2021-03-24T20:00:00.000Z,1737.81,1742.24,1734.25,1737.78,400.018928
2021-03-25T00:00:00.000Z,1737.8,1748.53,1731.4,1743.38,255.740037
2021-03-25T04:00:00.000Z,1743.39,1745,1735.71,1741.48,118.941706
2021-03-25T08:00:00.000Z,1741.2,1744.99,1735.71,1737.05,167.78687
2021-03-25T12:00:00.000Z,1737.04,1745.38,1729.96,1736.33,1377.096018
2021-03-25T16:00:00.000Z,1736.39,1739.78,1721.81,1727.19,482.13261
2021-03-25T20:00:00.000Z,1727.53,1733.99,1723.84,1727.59,237.569859
2021-03-26T00:00:00.000Z,1728.15,1735,1722,1727.57,144.731438
2021-03-26T04:00:00.000Z,1727.57,1732.29,1723.5,1732.28,114.793935
2021-03-26T08:00:00.000Z,1731.93,1734.19,1720.21,1722.26,302.755604
2021-03-26T12:00:00.000Z,1723.26,1736.63,1719.35,1732.18,320.973109
2021-03-26T16:00:00.000Z,1732.18,1745,1728.16,1734.96,382.014208
2021-03-26T20:00:00.000Z,1735.45,1742.4,1732.57,1740.57,167.945615
2021-03-27T00:00:00.000Z,1740.65,1742,1732.61,1735.88,133.322409
2021-03-27T04:00:00.000Z,1735.8,1741.23,1733.07,1735.96,120.066353
2021-03-27T08:00:00.000Z,1737.06,1742.33,1733.32,1740.89,137.202502
2021-03-27T12:00:00.000Z,1740.16,1741.98,1729.66,1735.34,242.760393
2021-03-27T16:00:00.000Z,1735.37,1741,1713.54,1730.19,389.782041
2021-03-27T20:00:00.000Z,1731.57,1739.12,1725.71,1732.78,144.919292
2021-03-28T00:00:00.000Z,1733.89,1737.01,1731.42,1734.6,63.332138
2021-03-28T04:00:00.000Z,1735.25,1739.48,1734.7,1739.47,79.897197
2021-03-28T08:00:00.000Z,1738.33,1739.47,1732.01,1734.99,98.35578
2021-03-28T12:00:00.000Z,1734.08,1745.46,1732.3,1744.11,182.537901
2021-03-28T16:00:00.000Z,1744.28,1770.28,1734.78,1750.24,1611.607521
2021-03-28T20:00:00.000Z,1749.63,1771.83,1739.72,1746.57,931.76187
2021-03-29T00:00:00.000Z,1747.57,1757.18,1738.83,1753.97,166.099237
2021-03-29T04:00:00.000Z,1753.97,1757.18,1735,1739.91,172.703122
2021-03-29T08:00:00.000Z,1739.96,1740.53,1732.49,1735.5,377.840632
2021-03-29T12:00:00.000Z,1736.05,1740.95,1720,1725.35,693.596469
2021-03-29T16:00:00.000Z,1725.08,1729.32,1720.49,1724.13,400.226744
2021-03-29T20:00:00.000Z,1724.1,1730.65,1721.51,1724.69,329.863016
2021-03-30T00:00:00.000Z,1725.07,1727.95,1722.01,1723.02,124.14435
2021-03-30T04:00:00.000Z,1722.58,1728.55,1717.91,1719,193.774094
2021-03-30T08:00:00.000Z,1719,1734,1701.88,1707.77,690.803673
2021-03-30T12:00:00.000Z,1707.88,1713.49,1697.97,1700.84,614.263604
2021-03-30T16:00:00.000Z,1701.76,1706,1698,1699.09,349.376338
2021-03-30T20:00:00.000Z,1699.42,1705.39,1696.13,1701.14,262.531616
2021-03-31T00:00:00.000Z,1700.12,1706,1692,1695.26,191.708877
2021-03-31T04:00:00.000Z,1695.26,1703.83,1690.55,1694.11,302.862859
2021-03-31T08:00:00.000Z,1694.12,1702.8,1689,1699.07,309.653141
2021-03-31T12:00:00.000Z,1699.02,1716.32,1693,1716.02,366.345053
2021-03-31T16:00:00.000Z,1716.06,1725,1712.44,1713.63,274.535037
2021-03-31T20:00:00.000Z,1713.64,1722.64,1712.07,1713.55,217.045872
2021-04-01T00:00:00.000Z,1714.53,1722.27,1713,1720.29,165.09734
2021-04-01T04:00:00.000Z,1720.32,1725.15,1717.12,1723.98,150.07078
2021-04-01T08:00:00.000Z,1724.89,1728.8,1715.4,1723.46,249.072664
2021-04-01T12:00:00.000Z,1723.36,1735,1723.13,1732.92,365.208757
2021-04-01T16:00:00.000Z,1733.75,1739.12,1730,1738.53,233.316084
2021-04-01T20:00:00.000Z,1738.7,1741.78,1732.72,1741.6,213.520221
2021-04-02T00:00:00.000Z,1741.6,1745,1737.7,1743.26,177.027795
2021-04-02T04:00:00.000Z,1743.26,1745,1735.47,1738.16,153.353546
2021-04-02T08:00:00.000Z,1738.17,1741.21,1737.02,1739.99,171.916319
2021-04-02T12:00:00.000Z,1739.99,1744.08,1727.27,1731.54,486.282505
2021-04-02T16:00:00.000Z,1731.95,1739.64,1731.57,1739.07,208.107462
2021-04-02T20:00:00.000Z,1739.27,1742.99,1732.54,1738.86,247.831885
2021-04-03T00:00:00.000Z,1738.86,1749.63,1736.52,1746.19,248.572447
2021-04-03T04:00:00.000Z,1746.08,1749,1740.45,1746.94,129.679485
2021-04-03T08:00:00.000Z,1748.25,1748.92,1739.12,1746.6,156.509647
2021-04-03T12:00:00.000Z,1746.6,1750.74,1740,1742.13,245.670588
2021-04-03T16:00:00.000Z,1742.32,1744.34,1732.33,1740.26,322.880739
2021-04-03T20:00:00.000Z,1740.27,1743.8,1733,1734.27,227.824907
2021-04-04T00:00:00.000Z,1734.26,1739.61,1731,1739.32,129.16022
2021-04-04T04:00:00.000Z,1739.31,1742.7,1738.14,1740.37,109.802674
2021-04-04T08:00:00.000Z,1740.62,1749.87,1738.64,1741.59,158.823098
2021-04-04T12:00:00.000Z,1742.15,1750.93,1739.98,1741.22,221.676285
2021-04-04T16:00:00.000Z,1740.6,1806.76,1740.03,1753.46,1191.47753
2021-04-04T20:00:00.000Z,1755.36,1759.61,1745.95,1747.87,120.869343
2021-04-05T00:00:00.000Z,1747.64,1754.26,1742.95,1743.49,103.219883
2021-04-05T04:00:00.000Z,1742.96,1747.04,1740.44,1745.67,113.268293
2021-04-05T08:00:00.000Z,1745.67,1759.98,1743,1743.57,409.260301
2021-04-05T12:00:00.000Z,1743.58,1750.87,1735.28,1740.71,760.280517
2021-04-05T16:00:00.000Z,1741.96,1750.53,1739.65,1743.77,209.008151
2021-04-05T20:00:00.000Z,1743.93,1750.45,1740,1743.7,281.776437
2021-04-06T00:00:00.000Z,1743.67,1746.72,1740.22,1742.25,107.040201
2021-04-06T04:00:00.000Z,1742.88,1750.7,1741.91,1742.12,182.616328
2021-04-06T08:00:00.000Z,1742.58,1750.93,1742.03,1743.95,370.6894
2021-04-06T12:00:00.000Z,1744.14,1758,1742.04,1756.47,456.70796
2021-04-06T16:00:00.000Z,1755.27,1759.45,1750.02,1755.97,274.854398
2021-04-06T20:00:00.000Z,1755.98,1762.5,1742.88,1756.41,687.369627
2021-04-07T00:00:00.000Z,1755.74,1756.97,1745.57,1749.28,96.333729
2021-04-07T04:00:00.000Z,1749.28,1756.86,1746.7,1753.62,322.882352
2021-04-07T08:00:00.000Z,1753.62,1757.25,1739.65,1739.65,603.686992
2021-04-07T12:00:00.000Z,1739.65,1754.3,1733.93,1749.96,503.568803
2021-04-07T16:00:00.000Z,1749.6,1755,1741,1746.73,353.610674
2021-04-07T20:00:00.000Z,1746.73,1775.14,1740.13,1754.97,631.275969
2021-04-08T00:00:00.000Z,1755.85,1769.85,1753,1758.52,223.333062
2021-04-08T04:00:00.000Z,1759.24,1772.21,1751.74,1764.35,285.697335
2021-04-08T08:00:00.000Z,1764.12,1771.03,1754.8,1769.24,371.697156
2021-04-08T12:00:00.000Z,1768.59,1783.05,1765.73,1775.07,443.951201
2021-04-08T16:00:00.000Z,1775.07,1785,1758.4,1768.59,1040.514863
2021-04-08T20:00:00.000Z,1768.8,1778.68,1766.73,1769.62,410.543937
2021-04-09T00:00:00.000Z,1768.39,1772.08,1765,1766.07,76.487846
2021-04-09T04:00:00.000Z,1766.24,1768.17,1759,1762.14,228.906669
2021-04-09T08:00:00.000Z,1762.55,1765.32,1749,1752.44,466.776259
2021-04-09T12:00:00.000Z,1751.99,1760.32,1741.65,1748,911.154619
2021-04-09T16:00:00.000Z,1748.88,1761.06,1748.85,1755.32,321.588768
2021-04-09T20:00:00.000Z,1755.26,1758.57,1740.84,1752.9,332.100171
2021-04-10T00:00:00.000Z,1752.9,1757.55,1747.38,1757.39,236.86206
2021-04-10T04:00:00.000Z,1757.48,1769.13,1753.87,1764.28,398.910229
2021-04-10T08:00:00.000Z,1764.29,1768.1,1762.14,1764.28,181.218972
2021-04-10T12:00:00.000Z,1764.62,1765,1755.53,1759.36,181.569943
2021-04-10T16:00:00.000Z,1759.53,1763.04,1748.69,1760.2,334.431175
2021-04-10T20:00:00.000Z,1760.22,1760.22,1748.12,1756.28,290.856102
2021-04-11T00:00:00.000Z,1756.29,1761.86,1748.19,1759.03,167.058283
2021-04-11T04:00:00.000Z,1759.03,1765.78,1755.26,1761.65,187.901646
2021-04-11T08:00:00.000Z,1762.07,1764.99,1756.03,1757.82,107.364147
2021-04-11T12:00:00.000Z,1757.82,1766.73,1753.72,1764.22,260.308619
2021-04-11T16:00:00.000Z,1764.22,1765.22,1755.53,1762.75,150.285144
2021-04-11T20:00:00.000Z,1762.75,1772.91,1754.48,1755.46,251.446289
2021-04-12T00:00:00.000Z,1755.53,1758.56,1752.08,1757.38,158.195041
2021-04-12T04:00:00.000Z,1756.41,1761,1749,1757.13,446.540122
2021-04-12T08:00:00.000Z,1757.42,1763.04,1750.16,1753.88,691.629799
2021-04-12T12:00:00.000Z,1753.87,1755.54,1740,1740,457.166003
2021-04-12T16:00:00.000Z,1740,1748.35,1738.83,1741.78,241.874854
2021-04-12T20:00:00.000Z,1742.07,1748,1741.23,1746.8,182.712054
2021-04-13T00:00:00.000Z,1747.02,1750.74,1739.49,1746.01,264.229198
2021-04-13T04:00:00.000Z,1746.68,1755,1738.83,1750.25,598.245863
2021-04-13T08:00:00.000Z,1750.95,1762.55,1747.33,1760.76,515.151795
2021-04-13T12:00:00.000Z,1760.78,1765,1749.06,1755.02,1106.445257
2021-04-13T16:00:00.000Z,1755.02,1759.58,1747.03,1748.21,469.922543
2021-04-13T20:00:00.000Z,1748.21,1752,1747.35,1751.03,483.343326
2021-04-14T00:00:00.000Z,1751.84,1756.66,1747.76,1755.5,245.135493
2021-04-14T04:00:00.000Z,1755.5,1760.82,1750.52,1758.14,583.742777
2021-04-14T08:00:00.000Z,1758.59,1759.61,1747.33,1758.35,376.691457
2021-04-14T12:00:00.000Z,1758.75,1759.09,1747.03,1749.87,652.08243
2021-04-14T16:00:00.000Z,1749.86,1752.16,1740.48,1746.7,401.457435
2021-04-14T20:00:00.000Z,1746.7,1752.41,1745.66,1751.14,309.257329
2021-04-15T00:00:00.000Z,1751.69,1752.41,1745.7,1752.41,233.109067
2021-04-15T04:00:00.000Z,1752.41,1752.41,1746.57,1751.21,366.730868
2021-04-15T08:00:00.000Z,1751.53,1752.41,1747.34,1752.41,300.804608
2021-04-15T12:00:00.000Z,1751.56,1775.82,1750.96,1770,1444.786463
2021-04-15T16:00:00.000Z,1769.49,1784.7,1768.7,1775.09,620.93671
2021-04-15T20:00:00.000Z,1774.8,1777.74,1769.01,1770,311.617137
2021-04-16T00:00:00.000Z,1770.55,1773.22,1760,1766.15,282.618742
2021-04-16T04:00:00.000Z,1765.94,1779,1762.53,1770.35,530.770438
2021-04-16T08:00:00.000Z,1770.73,1791.01,1767,1790.42,855.819533
2021-04-16T12:00:00.000Z,1790.34,1799.44,1780,1790.01,859.683117
2021-04-16T16:00:00.000Z,1789.95,1792.04,1783.12,1783.12,413.371689
2021-04-16T20:00:00.000Z,1783.2,1797,1779.1,1787.61,443.193451
2021-04-17T00:00:00.000Z,1788.64,1802.98,1784.99,1800.68,302.943402
2021-04-17T04:00:00.000Z,1800.47,1804.99,1792.23,1800.63,253.316987
2021-04-17T08:00:00.000Z,1801.65,1804.47,1789,1791.56,292.044526
2021-04-17T12:00:00.000Z,1791.57,1800,1784.77,1791.23,482.07221
2021-04-17T16:00:00.000Z,1790.81,1800,1782.78,1798.08,462.870533
2021-04-17T20:00:00.000Z,1798.09,1800.92,1789.61,1789.61,309.410368
2021-04-18T00:00:00.000Z,1789.84,1804.88,1768.18,1782.93,1149.144166
2021-04-18T04:00:00.000Z,1782.92,1804,1765,1792.79,1016.125315
2021-04-18T08:00:00.000Z,1792.86,1799.14,1776.12,1789.2,1146.370745
2021-04-18T12:00:00.000Z,1788.39,1805.4,1769.39,1781.45,1592.590351
2021-04-18T16:00:00.000Z,1780.6,1790.45,1766.53,1787.19,958.206658
2021-04-18T20:00:00.000Z,1787.33,1805.99,1776.68,1799.95,841.805054
2021-04-19T00:00:00.000Z,1800.4,1815,1785.1,1787.15,616.885764
2021-04-19T04:00:00.000Z,1787.2,1806.32,1781.4,1801.74,545.420646
2021-04-19T08:00:00.000Z,1801.74,1824.24,1794.16,1819.18,674.200873
2021-04-19T12:00:00.000Z,1819.18,1824.24,1790.08,1802.64,1329.219435
2021-04-19T16:00:00.000Z,1802.85,1805.38,1776.65,1780.99,855.209832
2021-04-19T20:00:00.000Z,1780.97,1795.81,1770.55,1783.44,813.133456
2021-04-20T00:00:00.000Z,1783.5,1790.6,1778.15,1785.24,415.764075
2021-04-20T04:00:00.000Z,1783.55,1790.46,1775.15,1788.78,819.947708
2021-04-20T08:00:00.000Z,1788.84,1802.63,1776,1790.8,1260.210156
2021-04-20T12:00:00.000Z,1790.73,1802.15,1778.23,1795.88,1423.048323
2021-04-20T16:00:00.000Z,1796.23,1799.44,1788.26,1791.56,824.872071
2021-04-20T20:00:00.000Z,1791.19,1798.97,1787.26,1789.39,632.269262
2021-04-21T00:00:00.000Z,1790.23,1799.99,1788.27,1793.23,519.561159
2021-04-21T04:00:00.000Z,1793.92,1804.13,1784.61,1790.14,880.734277
2021-04-21T08:00:00.000Z,1790.06,1799.01,1786.03,1797.88,775.780159
2021-04-21T12:00:00.000Z,1797.84,1812,1791.71,1805.52,1177.192823
2021-04-21T16:00:00.000Z,1805.52,1813.88,1799.18,1809.69,738.030721
2021-04-21T20:00:00.000Z,1809.26,1817,1798.12,1816.33,1369.356939
2021-04-22T00:00:00.000Z,1815.96,1828.52,1801,1813.6,2003.715635
2021-04-22T04:00:00.000Z,1814.07,1816.96,1802.63,1808.41,901.116596
2021-04-22T08:00:00.000Z,1808.8,1811.71,1796.33,1803.39,1175.321637
2021-04-22T12:00:00.000Z,1803.16,1803.68,1790.1,1792.38,1121.005283
2021-04-22T16:00:00.000Z,1793.15,1799.01,1786,1794.19,1373.254422
2021-04-22T20:00:00.000Z,1793.93,1811.46,1788.97,1796.12,2352.904888
2021-04-23T00:00:00.000Z,1796.12,1833,1793,1811.66,2247.988034
2021-04-23T04:00:00.000Z,1810.01,1824,1789,1808.65,2540.1778
2021-04-23T08:00:00.000Z,1805.09,1811.21,1786.81,1798,2083.605601
2021-04-23T12:00:00.000Z,1797.72,1812,1785.39,1794.5,1913.519909
2021-04-23T16:00:00.000Z,1795.97,1810,1781.02,1787.13,1112.406066
2021-04-23T20:00:00.000Z,1787.14,1809,1781,1806.54,920.499912
2021-04-24T00:00:00.000Z,1806.54,1807.14,1783.73,1790.01,510.022251
2021-04-24T04:00:00.000Z,1790.01,1802.99,1785.93,1791.45,561.083558
2021-04-24T08:00:00.000Z,1791.25,1801.86,1788.52,1792.06,812.926087
2021-04-24T12:00:00.000Z,1792.06,1800.32,1788,1789.29,553.005074
2021-04-24T16:00:00.000Z,1791.51,1797.27,1786.5,1788.12,382.39134
2021-04-24T20:00:00.000Z,1789.27,1796.48,1787,1788.65,377.256343
2021-04-25T00:00:00.000Z,1788.65,1793.91,1783.46,1787.86,299.048574
2021-04-25T04:00:00.000Z,1787.86,1787.86,1787.43,1787.43,1.833368
2021-04-25T08:00:00.000Z,1790.61,1795.88,1784,1791.4,565.439521
2021-04-25T12:00:00.000Z,1791.23,1799.7,1787.58,1794.11,550.235543
2021-04-25T16:00:00.000Z,1794.11,1796.74,1786.18,1794.42,373.717351
2021-04-25T20:00:00.000Z,1794.42,1797.9,1776,1781.65,1770.833746
2021-04-26T00:00:00.000Z,1781.65,1796.39,1778.59,1791.05,1390.114005
2021-04-26T04:00:00.000Z,1791.05,1794.63,1779,1784.47,1089.306259
2021-04-26T08:00:00.000Z,1784.47,1792.22,1780,1783.41,972.109986
2021-04-26T12:00:00.000Z,1783.41,1794.48,1780.01,1787.38,1211.60981
2021-04-26T16:00:00.000Z,1787.32,1792.48,1781,1785.84,675.29162
2021-04-26T20:00:00.000Z,1784.9,1801,1784.85,1794.34,1218.012343
2021-04-27T00:00:00.000Z,1793.03,1797.16,1785,1787.6,427.740456
2021-04-27T04:00:00.000Z,1788.58,1796.72,1787.03,1792.88,577.52193
2021-04-27T08:00:00.000Z,1791.65,1798,1787.64,1797.99,441.136187
2021-04-27T12:00:00.000Z,1797.99,1799.64,1792.22,1796.41,606.766985
2021-04-27T16:00:00.000Z,1795.64,1797.32,1788.21,1791.93,394.84999
2021-04-27T20:00:00.000Z,1791.93,1800,1784.85,1791.17,752.56672
2021-04-28T00:00:00.000Z,1790.6,1790.6,1780,1782.17,566.731797
2021-04-28T04:00:00.000Z,1782.17,1786.08,1777.57,1783.96,361.039626
2021-04-28T08:00:00.000Z,1782.23,1784.99,1779,1782.23,388.440593
2021-04-28T12:00:00.000Z,1782.23,1786.81,1779,1782.04,519.317715
2021-04-28T16:00:00.000Z,1783.55,1793.78,1774.49,1791.26,821.468308
2021-04-28T20:00:00.000Z,1791.26,1799,1785,1797.19,584.715836
2021-04-29T00:00:00.000Z,1797.18,1804.68,1791.89,1794.54,312.594838
2021-04-29T04:00:00.000Z,1794.55,1801.69,1789,1800.01,480.24257
2021-04-29T08:00:00.000Z,1800.01,1800.19,1788.35,1792.97,547.459851
2021-04-29T12:00:00.000Z,1792.97,1796,1780.65,1782.03,451.150948
2021-04-29T16:00:00.000Z,1781.85,1793.13,1777.77,1790.83,937.145677
2021-04-29T20:00:00.000Z,1790.83,1794.73,1784,1786.93,448.020808
2021-04-30T00:00:00.000Z,1785.4,1789.14,1778.89,1780.79,413.96051
2021-04-30T04:00:00.000Z,1781.41,1788.78,1780,1783.96,436.723072
2021-04-30T08:00:00.000Z,1784.46,1790,1778.55,1785.99,574.986728
2021-04-30T12:00:00.000Z,1785.86,1786.97,1777.38,1782.75,1210.662808
2021-04-30T16:00:00.000Z,1780.51,1785,1777.06,1782.33,611.462461
2021-04-30T20:00:00.000Z,1783.03,1791,1780.51,1784.38,351.896878
2021-05-01T00:00:00.000Z,1785.19,1791.44,1780.54,1790.29,234.681501
2021-05-01T04:00:00.000Z,1789.29,1791.47,1784.63,1789.62,80.392586
2021-05-01T08:00:00.000Z,1789.61,1793.32,1782.34,1790.07,260.20236
2021-05-01T12:00:00.000Z,1790.08,1799,1785,1790.08,405.104373
2021-05-01T16:00:00.000Z,1790.09,1791.21,1785.65,1786.93,139.168232
2021-05-01T20:00:00.000Z,1789.59,1791.55,1785,1790,151.298079
2021-05-02T00:00:00.000Z,1790,1791,1782.24,1785.05,231.045494
2021-05-02T04:00:00.000Z,1785.05,1791,1782.24,1786.71,150.000367
2021-05-02T08:00:00.000Z,1786.71,1790.09,1780.34,1789.08,258.501208
2021-05-02T12:00:00.000Z,1789.08,1790.2,1785.56,1789,113.122657
2021-05-02T16:00:00.000Z,1786.24,1789.83,1783,1785.06,137.291141
2021-05-02T20:00:00.000Z,1785.82,1789.99,1781.22,1785.98,208.547111
2021-05-03T00:00:00.000Z,1784.51,1791.21,1781.8,1785.96,262.185623
2021-05-03T04:00:00.000Z,1785.96,1796.45,1781.24,1791.98,453.35024
2021-05-03T08:00:00.000Z,1791.51,1795,1782,1788.97,653.39201
2021-05-03T12:00:00.000Z,1789.43,1810,1787.6,1803.74,779.201
2021-05-03T16:00:00.000Z,1804.54,1807.35,1794.1,1800.85,740.843308
2021-05-03T20:00:00.000Z,1802.18,1805.43,1795.94,1801.42,397.111643
2021-05-04T00:00:00.000Z,1801.42,1804.05,1793,1796.16,619.762414
2021-05-04T04:00:00.000Z,1795.01,1802.13,1788.24,1793.49,548.677872
2021-05-04T08:00:00.000Z,1795.23,1798.99,1789.15,1792.3,614.714466
2021-05-04T12:00:00.000Z,1793.69,1805.98,1784.32,1786.4,1449.996926
2021-05-04T16:00:00.000Z,1785.64,1805.98,1778.68,1788.26,1883.653285
2021-05-04T20:00:00.000Z,1788.26,1795.68,1780.71,1786.03,875.100812
2021-05-05T00:00:00.000Z,1785.5,1793.33,1782.68,1786.93,513.96262
2021-05-05T04:00:00.000Z,1788.38,1792.5,1781.28,1787.6,358.495827
2021-05-05T08:00:00.000Z,1788.62,1794,1783.45,1786,282.676552
2021-05-05T12:00:00.000Z,1786.3,1802.99,1783,1798.97,596.013655
2021-05-05T16:00:00.000Z,1798.97,1802,1789.49,1792.54,627.73033
2021-05-05T20:00:00.000Z,1792.55,1800,1790.69,1798.94,217.239147
2021-05-06T00:00:00.000Z,1798.94,1805.95,1794.01,1797.57,403.337402
2021-05-06T04:00:00.000Z,1798.71,1804.41,1794.45,1800.05,360.19501
2021-05-06T08:00:00.000Z,1800.05,1809.71,1800.03,1804.64,686.663933
2021-05-06T12:00:00.000Z,1805.26,1828.96,1800.1,1826.75,1059.648948
2021-05-06T16:00:00.000Z,1826.75,1830.66,1817.05,1827.38,876.418493
2021-05-06T20:00:00.000Z,1826.22,1839.16,1825.98,1835.79,497.429197
2021-05-07T00:00:00.000Z,1836.09,1848.45,1827.13,1841.2,734.813121
2021-05-07T04:00:00.000Z,1841.2,1850.92,1834.65,1847.11,417.495304
2021-05-07T08:00:00.000Z,1846.9,1847.73,1838,1842.86,290.886548
2021-05-07T12:00:00.000Z,1842.86,1868.14,1835.28,1860,1155.321446
2021-05-07T16:00:00.000Z,1860,1860,1847.82,1855,450.239426
2021-05-07T20:00:00.000Z,1855,1860,1851.49,1860,474.475152
2021-05-08T00:00:00.000Z,1858.48,1866.27,1851.2,1851.26,336.512256
2021-05-08T04:00:00.000Z,1851.26,1865.81,1850.57,1858.62,265.52983
2021-05-08T08:00:00.000Z,1859.1,1860,1839.29,1846.52,502.131685
2021-05-08T12:00:00.000Z,1845.83,1859.36,1844.36,1851.35,318.076137
2021-05-08T16:00:00.000Z,1846.7,1869.99,1845.9,1864.56,563.44263
2021-05-08T20:00:00.000Z,1866.34,1874,1855.89,1865.68,360.165584
2021-05-09T00:00:00.000Z,1862.79,1873,1854.95,1856.73,231.454189
2021-05-09T04:00:00.000Z,1856.73,1861.61,1848.24,1852.13,175.396477
2021-05-09T08:00:00.000Z,1854.8,1898.3,1852.05,1881.47,655.483074
2021-05-09T12:00:00.000Z,1884.42,1899,1869.09,1881.5,659.974648
2021-05-09T16:00:00.000Z,1881.5,1888.87,1872,1872.68,231.609113
2021-05-09T20:00:00.000Z,1872.71,1896,1870.99,1891.67,237.98143
2021-05-10T00:00:00.000Z,1892.14,1899,1848.56,1856.31,938.917074
2021-05-10T04:00:00.000Z,1856.31,1877.88,1848.56,1865.48,479.774141
2021-05-10T08:00:00.000Z,1864.05,1875.4,1851.2,1873.56,641.435445
2021-05-10T12:00:00.000Z,1873.57,1902.48,1864.14,1888.95,983.577963
2021-05-10T16:00:00.000Z,1888.95,1899.96,1876,1883.8,447.944637
2021-05-10T20:00:00.000Z,1882.61,1900,1868.71,1878.77,1082.004264
2021-05-11T00:00:00.000Z,1878.52,1894.45,1866.83,1877.77,449.958447
2021-05-11T04:00:00.000Z,1877.77,1900,1868.24,1873.17,837.666348
2021-05-11T08:00:00.000Z,1873.08,1884.35,1863.62,1875.62,726.009948
2021-05-11T12:00:00.000Z,1876.41,1883.39,1859.88,1865.44,736.613337
2021-05-11T16:00:00.000Z,1865.27,1874,1854,1862.43,437.034093
2021-05-11T20:00:00.000Z,1862.43,1868.07,1852.82,1861.46,488.513111
2021-05-12T00:00:00.000Z,1861.47,1867.05,1848.85,1855.03,642.802666
2021-05-12T04:00:00.000Z,1857.73,1861.23,1848.7,1856.35,339.802225
2021-05-12T08:00:00.000Z,1856.34,1858.99,1843.02,1856.78,571.44353
2021-05-12T12:00:00.000Z,1855.35,1862.7,1836,1840.2,1126.14085
2021-05-12T16:00:00.000Z,1841.79,1844.44,1827.65,1833,1605.359323
2021-05-12T20:00:00.000Z,1833,1839,1816.02,1826.58,1557.613828
2021-05-13T00:00:00.000Z,1826.58,1841,1804.73,1831.09,2153.596701
2021-05-13T04:00:00.000Z,1831.09,1853,1821.62,1827.82,786.023939
2021-05-13T08:00:00.000Z,1828.58,1846.94,1818.33,1842.37,1647.317428
2021-05-13T12:00:00.000Z,1845.57,1857,1823.16,1829.72,1557.966815
2021-05-13T16:00:00.000Z,1831.21,1866.25,1825,1850.13,2842.404317
2021-05-13T20:00:00.000Z,1850.12,1871.98,1850,1858.93,1344.507455
2021-05-14T00:00:00.000Z,1860,1866.9,1850,1852.56,802.563144
2021-05-14T04:00:00.000Z,1850.03,1877.09,1850,1861.11,813.433411
2021-05-14T08:00:00.000Z,1862.4,1870.49,1854.63,1863.58,579.751251
2021-05-14T12:00:00.000Z,1866.25,1873.27,1859.2,1864.67,1731.64148
2021-05-14T16:00:00.000Z,1867.14,1870.34,1853,1863.04,788.283997
2021-05-14T20:00:00.000Z,1862,1878.15,1860,1870.08,621.403311
2021-05-15T00:00:00.000Z,1870.12,1878.15,1861.34,1868.77,557.629052
2021-05-15T04:00:00.000Z,1871.66,1878.15,1864.24,1872.44,860.815442
2021-05-15T08:00:00.000Z,1872.7,1879.18,1863.62,1878.55,1139.987638
2021-05-15T12:00:00.000Z,1878.32,1887.5,1872.46,1878.81,722.118668
2021-05-15T16:00:00.000Z,1878.79,1925.03,1867,1906.79,1445.096818
2021-05-15T20:00:00.000Z,1909.37,1909.93,1877,1882.3,1204.452111
2021-05-16T00:00:00.000Z,1882.3,1925,1878.91,1913.93,629.990423
2021-05-16T04:00:00.000Z,1913.92,1939,1894.29,1900.97,527.556308
2021-05-16T08:00:00.000Z,1902.9,1933.88,1898.07,1902.73,1026.667029
2021-05-16T12:00:00.000Z,1903.69,1925.39,1899.25,1910.94,716.322865
2021-05-16T16:00:00.000Z,1910.98,1940,1901.49,1935.51,1616.706476
2021-05-16T20:00:00.000Z,1931.93,2039.52,1920,1944.81,4828.185208
2021-05-17T00:00:00.000Z,1942.08,1966.1,1912.77,1950.97,1549.017267
2021-05-17T04:00:00.000Z,1950.94,2018.86,1925.1,1947.16,2490.112141
2021-05-17T08:00:00.000Z,1946.17,1989.16,1941.11,1982.44,1019.16602
2021-05-17T12:00:00.000Z,1983.62,2016.26,1952.52,2015.47,2163.990007
2021-05-17T16:00:00.000Z,2015.47,2035,1899.73,1944.7,5126.360548
2021-05-17T20:00:00.000Z,1944.09,1950,1879.55,1899.22,3198.98197
2021-05-18T00:00:00.000Z,1899.21,1912,1876.51,1881.56,1643.825994
2021-05-18T04:00:00.000Z,1883.72,1896.37,1870.6,1872.34,1780.225081
2021-05-18T08:00:00.000Z,1872.33,1889.34,1870.5,1882.13,1205.677775
2021-05-18T12:00:00.000Z,1881.65,1890.2,1866,1871.23,2790.201816
2021-05-18T16:00:00.000Z,1871.22,1883.4,1866.16,1879.2,2310.967002
2021-05-18T20:00:00.000Z,1879.08,1885.96,1865,1879.42,1288.562916
2021-05-19T00:00:00.000Z,1879.43,1881.84,1864.57,1871,1820.124544
2021-05-19T04:00:00.000Z,1871,1883,1862.46,1868.59,3790.555452
2021-05-19T08:00:00.000Z,1868.59,1878,1845,1861.37,4605.704538
2021-05-19T12:00:00.000Z,1861.37,1962.8,1855.92,1889.65,8074.891504
2021-05-19T16:00:00.000Z,1889.61,1901.46,1862,1873.1,5876.106974
2021-05-19T20:00:00.000Z,1870.5,1883.66,1856.2,1867.63,2961.582903
2021-05-20T00:00:00.000Z,1866.69,1886.43,1864.56,1881.15,3912.736181
2021-05-20T04:00:00.000Z,1883.29,1894,1870,1875.68,2186.736426
2021-05-20T08:00:00.000Z,1875.69,1886.61,1869,1879.4,1692.746097
2021-05-20T12:00:00.000Z,1877.72,1894.32,1869,1883.61,4339.563472
2021-05-20T16:00:00.000Z,1883.61,1890.8,1870.7,1880.23,2662.221369
2021-05-20T20:00:00.000Z,1881.23,1900,1873.71,1879.67,1745.303262
2021-05-21T00:00:00.000Z,1879.71,1888.3,1860.81,1875.37,1562.40669
2021-05-21T04:00:00.000Z,1875.37,1886.13,1870.6,1883.02,1072.335504
2021-05-21T08:00:00.000Z,1882.9,1893.5,1880.46,1889.11,1178.399291
2021-05-21T12:00:00.000Z,1890.89,1920,1872,1883.08,4937.012347
2021-05-21T16:00:00.000Z,1885.4,1895.96,1874,1889.52,3326.227194
2021-05-21T20:00:00.000Z,1888.87,1901,1870,1899.87,3388.378712
2021-05-22T00:00:00.000Z,1900.65,1904.89,1886.6,1890.96,806.962478
2021-05-22T04:00:00.000Z,1892.99,1916.66,1887.98,1910.13,2260.391476
2021-05-22T08:00:00.000Z,1910.11,1916.66,1895.57,1903.68,1585.056967
2021-05-22T12:00:00.000Z,1903.99,1907,1895,1901.47,1253.089616
2021-05-22T16:00:00.000Z,1901.48,1906.9,1895.72,1899.89,996.212855
2021-05-22T20:00:00.000Z,1900.5,1907.46,1897.04,1900.8,1092.267795
2021-05-23T00:00:00.000Z,1900.8,1907.5,1898.1,1898.45,374.991285
2021-05-23T04:00:00.000Z,1899.87,1906,1895.27,1901.43,615.951384
2021-05-23T08:00:00.000Z,1899.31,1908.8,1892.12,1898.83,2756.097137
2021-05-23T12:00:00.000Z,1898.87,1906.65,1887.01,1900.05,2783.396553
2021-05-23T16:00:00.000Z,1900.05,1907,1890.1,1895.3,4370.43693
2021-05-23T20:00:00.000Z,1895.3,1903,1874.02,1894.6,2583.237544
2021-05-24T00:00:00.000Z,1894.48,1898.41,1883,1886.61,1597.40048
2021-05-24T04:00:00.000Z,1885.2,1893.98,1875.09,1881.99,1510.780105
2021-05-24T08:00:00.000Z,1883.64,1890.73,1878.05,1883,1649.327943
2021-05-24T12:00:00.000Z,1883,1894.24,1879.83,1886.07,2740.027526
2021-05-24T16:00:00.000Z,1886.93,1898.29,1880.01,1889.22,2460.751055
2021-05-24T20:00:00.000Z,1889.22,1891.99,1873.64,1881.36,1848.635928
2021-05-25T00:00:00.000Z,1881.36,1890.41,1872.77,1882.16,1574.938972
2021-05-25T04:00:00.000Z,1884.44,1896,1877.75,1890,1157.982286
2021-05-25T08:00:00.000Z,1890,1897.79,1881.1,1892.75,1746.665252
2021-05-25T12:00:00.000Z,1892.76,1905,1878.08,1901,4527.449183
2021-05-25T16:00:00.000Z,1899.91,1908.06,1892.71,1906.44,1064.948631
2021-05-25T20:00:00.000Z,1906,1907.9,1895,1898.24,1102.95608
2021-05-26T00:00:00.000Z,1898.95,1910,1896.41,1906.2,638.050236
2021-05-26T04:00:00.000Z,1908.23,1910.7,1894,1909.51,1274.672436
2021-05-26T08:00:00.000Z,1909.51,1917.57,1907.5,1914.66,871.503741
2021-05-26T12:00:00.000Z,1914.68,1920,1903.37,1912.25,1368.335314
2021-05-26T16:00:00.000Z,1912.47,1917.06,1898,1906.55,1037.400672
2021-05-26T20:00:00.000Z,1906.55,1907.45,1896.11,1904.08,616.801819
2021-05-27T00:00:00.000Z,1902.7,1904.33,1896.11,1903.11,424.505764
2021-05-27T04:00:00.000Z,1903.24,1919,1902.31,1909.5,1306.286234
2021-05-27T08:00:00.000Z,1909.5,1913,1901,1904,635.018093
2021-05-27T12:00:00.000Z,1902.57,1907.03,1897,1900.16,722.797436
2021-05-27T16:00:00.000Z,1902.28,1911.69,1893.11,1901.4,1499.376784
2021-05-27T20:00:00.000Z,1901.12,1906.9,1897.12,1904.37,660.409104
2021-05-28T00:00:00.000Z,1904.37,1906.95,1899.53,1899.83,327.074359
2021-05-28T04:00:00.000Z,1900.26,1911.2,1894.51,1900.84,1878.600358
2021-05-28T08:00:00.000Z,1898.66,1906.99,1896.81,1900.52,1492.093936
2021-05-28T12:00:00.000Z,1900.36,1911.39,1889.01,1904.26,2096.292111
2021-05-28T16:00:00.000Z,1903.82,1910.24,1901.1,1909.07,905.142986
2021-05-28T20:00:00.000Z,1909.07,1925.01,1904.41,1922.41,1477.328117
2021-05-29T00:00:00.000Z,1922.41,1922.41,1907.15,1914.49,563.980555
2021-05-29T04:00:00.000Z,1914.49,1924,1911.72,1918,736.73699
2021-05-29T08:00:00.000Z,1919.21,1930,1915.6,1923.2,1259.412386
2021-05-29T12:00:00.000Z,1924.99,1939,1919.87,1932,1903.631424
2021-05-29T16:00:00.000Z,1931.03,1937,1923,1930.05,927.826478
2021-05-29T20:00:00.000Z,1931.94,1939.5,1922.98,1932.83,653.684985
2021-05-30T00:00:00.000Z,1932.83,1937.88,1926.59,1932.82,600.440483
2021-05-30T04:00:00.000Z,1933.5,1938,1921.28,1925.31,1238.542877
2021-05-30T08:00:00.000Z,1925.32,1931.99,1920,1925.54,369.469756
2021-05-30T12:00:00.000Z,1925.54,1932,1920,1924.64,783.635372
2021-05-30T16:00:00.000Z,1927.1,1930,1918.85,1921.03,503.437554
2021-05-30T20:00:00.000Z,1922.89,1926.97,1914.14,1914.16,816.915459
2021-05-31T00:00:00.000Z,1914.49,1919.04,1908.39,1918,578.933103
2021-05-31T04:00:00.000Z,1918,1921,1911,1911.99,1383.826815
2021-05-31T08:00:00.000Z,1913.09,1930,1911,1915.66,1331.78908
2021-05-31T12:00:00.000Z,1915.66,1925.69,1911.79,1917.97,1063.48116
2021-05-31T16:00:00.000Z,1917.97,1923.98,1911.89,1913.61,911.006606
2021-05-31T20:00:00.000Z,1914.6,1921.08,1912.43,1916.9,586.541576
2021-06-01T00:00:00.000Z,1916.9,1921.96,1915,1917.75,711.23131
2021-06-01T04:00:00.000Z,1916.58,1921.35,1912,1917.77,726.643499
2021-06-01T08:00:00.000Z,1919.75,1919.76,1901.55,1913.38,960.813106
2021-06-01T12:00:00.000Z,1913.92,1915.91,1898,1902.65,1334.150457
2021-06-01T16:00:00.000Z,1904.61,1909.5,1901.53,1904,594.047141
2021-06-01T20:00:00.000Z,1904,1912.57,1901,1912.49,998.456621
2021-06-02T00:00:00.000Z,1910.6,1912.5,1902.3,1905.58,312.660503
2021-06-02T04:00:00.000Z,1905.58,1911.87,1901,1905.56,355.5293
2021-06-02T08:00:00.000Z,1905.99,1910.42,1901,1907.73,574.311372
2021-06-02T12:00:00.000Z,1907.81,1914,1905.03,1908.88,1033.241946
2021-06-02T16:00:00.000Z,1909.12,1913.97,1906.61,1911.99,483.850101
2021-06-02T20:00:00.000Z,1911.99,1914,1906.83,1911.92,490.223766
2021-06-03T00:00:00.000Z,1911.92,1914.34,1906.83,1911.8,495.290793
2021-06-03T04:00:00.000Z,1911.8,1912.99,1898.58,1899.74,593.506407
2021-06-03T08:00:00.000Z,1899.74,1907,1897.21,1897.34,737.466809
2021-06-03T12:00:00.000Z,1897.36,1900.21,1875.45,1883.53,1545.792015
2021-06-03T16:00:00.000Z,1883.52,1889.69,1881.3,1883.3,629.789218
2021-06-03T20:00:00.000Z,1884.7,1888.56,1877.4,1878.92,886.722733
2021-06-04T00:00:00.000Z,1878.81,1886.82,1867.26,1875.37,601.006418
2021-06-04T04:00:00.000Z,1876.69,1886.72,1872.8,1884.46,741.967722
2021-06-04T08:00:00.000Z,1883.85,1886.73,1873,1880.78,582.649785
2021-06-04T12:00:00.000Z,1879.39,1901.93,1871.79,1899.03,1287.861103
2021-06-04T16:00:00.000Z,1897.89,1904.99,1894.07,1901,728.377655
2021-06-04T20:00:00.000Z,1901,1905.48,1899.56,1902.04,208.994009
2021-06-05T00:00:00.000Z,1902.06,1904.77,1899.01,1899.16,317.480791
2021-06-05T04:00:00.000Z,1900.36,1903.56,1896.66,1899.08,177.549844
2021-06-05T08:00:00.000Z,1899.08,1901.3,1885.46,1891.77,809.751977
2021-06-05T12:00:00.000Z,1890.59,1905,1882,1901.91,1393.943525
2021-06-05T16:00:00.000Z,1903.55,1908.6,1895.44,1895.83,528.144064
2021-06-05T20:00:00.000Z,1895.83,1906.43,1890.4,1903.63,721.55022
2021-06-06T00:00:00.000Z,1903.68,1904.5,1895,1899.65,397.677189
2021-06-06T04:00:00.000Z,1900,1906.43,1898.76,1900.59,523.239525
2021-06-06T08:00:00.000Z,1900.6,1907.99,1900.17,1904.03,289.782011
2021-06-06T12:00:00.000Z,1905.02,1905.02,1899.9,1903.6,363.843987
2021-06-06T16:00:00.000Z,1903.6,1904.9,1899.19,1900.98,368.131366
2021-06-06T20:00:00.000Z,1900.98,1904.77,1896,1898.54,472.46121
2021-06-07T00:00:00.000Z,1898.71,1905.23,1895.6,1896.56,465.488556
2021-06-07T04:00:00.000Z,1897.94,1898,1891.29,1893.74,301.103177
2021-06-07T08:00:00.000Z,1893.27,1896.6,1885,1889.86,1179.491932
2021-06-07T12:00:00.000Z,1891.01,1898,1886.09,1896.77,437.431712
2021-06-07T16:00:00.000Z,1898,1905.49,1891.74,1901.48,958.110061
2021-06-07T20:00:00.000Z,1901.53,1905.35,1889.55,1897.14,1311.312412
2021-06-08T00:00:00.000Z,1899.51,1907.36,1891.88,1899.4,930.461221
2021-06-08T04:00:00.000Z,1899.39,1905.16,1894.36,1900.15,918.865365
2021-06-08T08:00:00.000Z,1901.85,1905.26,1896,1902.9,442.29937
2021-06-08T12:00:00.000Z,1903.94,1906,1883.36,1899.73,1664.20555
2021-06-08T16:00:00.000Z,1897.99,1903.61,1893.5,1895.85,1027.448528
2021-06-08T20:00:00.000Z,1895.25,1900.82,1888.54,1894.2,686.20526
2021-06-09T00:00:00.000Z,1894.96,1901.61,1891.49,1896.45,709.658134
2021-06-09T04:00:00.000Z,1896.45,1903,1891.1,1893.55,801.602227
2021-06-09T08:00:00.000Z,1894.42,1901.3,1891.99,1896,472.136828
2021-06-09T12:00:00.000Z,1896.95,1907,1890.94,1900,1656.195924
2021-06-09T16:00:00.000Z,1901.43,1901.97,1892,1894.14,445.079313
2021-06-09T20:00:00.000Z,1895.63,1900.13,1892,1893.01,341.679683
2021-06-10T00:00:00.000Z,1893.01,1899.35,1891.4,1893.52,342.74483
2021-06-10T04:00:00.000Z,1892.08,1894.6,1885.22,1885.89,433.786684
2021-06-10T08:00:00.000Z,1886.73,1891.83,1879.01,1880.56,699.915289
2021-06-10T12:00:00.000Z,1880.55,1895.87,1879,1895.26,1475.607715
2021-06-10T16:00:00.000Z,1895.85,1900,1890.25,1897.24,521.974191
2021-06-10T20:00:00.000Z,1897.8,1925,1896.99,1899,2478.622208
2021-06-11T00:00:00.000Z,1900.01,1909.99,1898.02,1905.71,686.190442
2021-06-11T04:00:00.000Z,1907.1,1911.99,1904.26,1910.33,731.145792
2021-06-11T08:00:00.000Z,1910.34,1910.96,1895,1899.88,685.713711
2021-06-11T12:00:00.000Z,1899.87,1899.88,1885,1888.7,980.05084
2021-06-11T16:00:00.000Z,1888.7,1891.98,1882.8,1885.43,604.913144
2021-06-11T20:00:00.000Z,1885.01,1891.65,1879.99,1887.64,459.717801
2021-06-12T00:00:00.000Z,1887.59,1887.8,1879,1881.63,476.635212
2021-06-12T04:00:00.000Z,1882.5,1897.13,1879.95,1886.65,666.858964
2021-06-12T08:00:00.000Z,1887.4,1898.2,1885.02,1890.84,960.570659
2021-06-12T12:00:00.000Z,1891.93,1893,1886.29,1889.64,360.928639
2021-06-12T16:00:00.000Z,1889.97,1891.76,1885.32,1887,250.269082
2021-06-12T20:00:00.000Z,1886.99,1891.97,1885.39,1889.8,247.313564
2021-06-13T00:00:00.000Z,1889.79,1892.68,1883.07,1884.17,214.620287
2021-06-13T04:00:00.000Z,1883.51,1886.26,1881.39,1883.48,196.490776
2021-06-13T08:00:00.000Z,1884.25,1890.23,1883.12,1889.45,288.681245
2021-06-13T12:00:00.000Z,1889.45,1890.35,1885.59,1889.36,146.000684
2021-06-13T16:00:00.000Z,1889.73,1895.33,1880,1884.55,1062.587346
2021-06-13T20:00:00.000Z,1884.55,1892.31,1876.5,1881.06,1140.49299
2021-06-14T00:00:00.000Z,1881.99,1883.07,1867.24,1870,508.562384
2021-06-14T04:00:00.000Z,1870.08,1874.4,1861.5,1864.58,711.026551
2021-06-14T08:00:00.000Z,1864.6,1867.66,1860,1864.3,573.661383
2021-06-14T12:00:00.000Z,1865,1870.17,1853.39,1866.81,1754.094454
2021-06-14T16:00:00.000Z,1867.05,1870.19,1862,1869.38,473.768826
2021-06-14T20:00:00.000Z,1869.65,1873.08,1865.19,1872.69,214.984114
2021-06-15T00:00:00.000Z,1872.69,1874,1864.12,1870.8,275.144429
2021-06-15T04:00:00.000Z,1869,1872.97,1866.01,1870.13,287.822241
2021-06-15T08:00:00.000Z,1870.81,1870.81,1862,1864.84,444.909125
2021-06-15T12:00:00.000Z,1864.84,1869.86,1860.52,1862.32,427.395547
2021-06-15T16:00:00.000Z,1862.1,1865.06,1856,1861.18,570.10885
2021-06-15T20:00:00.000Z,1861.55,1862.95,1856.01,1859.23,251.168004
2021-06-16T00:00:00.000Z,1859.97,1860.6,1850,1859.49,471.073868
2021-06-16T04:00:00.000Z,1859.49,1866,1850.58,1861.31,336.923804
2021-06-16T08:00:00.000Z,1862.85,1867.92,1855.08,1858.06,421.903763
2021-06-16T12:00:00.000Z,1858.06,1865.16,1849.53,1863.84,599.26692
2021-06-16T16:00:00.000Z,1864.42,1869,1837,1837,1546.35853
2021-06-16T20:00:00.000Z,1837.53,1840.43,1815,1825,933.771924
2021-06-17T00:00:00.000Z,1824.54,1829.99,1815,1827.95,462.326086
2021-06-17T04:00:00.000Z,1829.18,1829.18,1812.9,1815.81,552.436635
2021-06-17T08:00:00.000Z,1815.81,1820.94,1800,1800.5,1071.4329
2021-06-17T12:00:00.000Z,1801.35,1803.08,1771,1787.18,2114.656619
2021-06-17T16:00:00.000Z,1785.79,1793.06,1779,1783.67,823.043587
2021-06-17T20:00:00.000Z,1783.48,1804.99,1778.31,1790.86,1251.73283
2021-06-18T00:00:00.000Z,1790.86,1799,1786.36,1794.39,734.861285
2021-06-18T04:00:00.000Z,1794.38,1808.67,1793.47,1806.6,549.15388
2021-06-18T08:00:00.000Z,1806.45,1809.08,1799.87,1806.76,653.483632
2021-06-18T12:00:00.000Z,1807.03,1807.53,1781.54,1785.45,2011.666653
2021-06-18T16:00:00.000Z,1786.37,1795.5,1760,1774.43,2090.336945
2021-06-18T20:00:00.000Z,1774.43,1778.2,1765,1774.28,573.688648
2021-06-19T00:00:00.000Z,1773.61,1774.09,1767,1770.66,371.67941
2021-06-19T04:00:00.000Z,1771.91,1779.25,1768.19,1776.15,374.370845
2021-06-19T08:00:00.000Z,1776.14,1779.35,1768.53,1770.83,357.683911
2021-06-19T12:00:00.000Z,1771.72,1778.49,1770.06,1778.33,455.799118
2021-06-19T16:00:00.000Z,1777.33,1778.3,1768.53,1770.5,441.441358
2021-06-19T20:00:00.000Z,1771.1,1773.99,1768.88,1771.44,201.08402
2021-06-20T00:00:00.000Z,1771.28,1773.7,1770.04,1773.44,149.396706
2021-06-20T04:00:00.000Z,1773.13,1778,1771.78,1777.89,168.280515
2021-06-20T08:00:00.000Z,1777.16,1777.99,1767.63,1769.81,841.778546
2021-06-20T12:00:00.000Z,1769.99,1775.93,1766.03,1772.47,437.15446
2021-06-20T16:00:00.000Z,1772.58,1775.34,1766.04,1774.52,657.666593
2021-06-20T20:00:00.000Z,1772.86,1778.97,1769.93,1778,540.006671
2021-06-21T00:00:00.000Z,1778,1785.89,1775.47,1783,441.106574
2021-06-21T04:00:00.000Z,1782.97,1786.64,1766.8,1783.26,1796.401658
2021-06-21T08:00:00.000Z,1783.26,1795.82,1779.67,1791,1904.210336
2021-06-21T12:00:00.000Z,1791,1797,1775,1789.47,1368.560481
2021-06-21T16:00:00.000Z,1789.47,1798.75,1786.85,1792.65,2446.98922
2021-06-21T20:00:00.000Z,1792.24,1799,1783,1787.52,1510.105919
2021-06-22T00:00:00.000Z,1785.86,1802.71,1783,1792.71,1211.823739
2021-06-22T04:00:00.000Z,1792.66,1792.77,1781,1782.82,584.207354
2021-06-22T08:00:00.000Z,1782.86,1795,1772.56,1780.95,1581.921646
2021-06-22T12:00:00.000Z,1780.95,1787.23,1767.75,1777,3537.749381
2021-06-22T16:00:00.000Z,1777,1790.31,1776.23,1787.49,1149.255162
2021-06-22T20:00:00.000Z,1787.49,1789.46,1775.39,1780.41,781.074253
2021-06-23T00:00:00.000Z,1780.37,1790.23,1779.85,1786.43,743.142827
2021-06-23T04:00:00.000Z,1786.93,1793,1781.2,1786.01,636.71721
2021-06-23T08:00:00.000Z,1785.33,1791.79,1783.51,1789.46,384.041685
2021-06-23T12:00:00.000Z,1790.03,1797.99,1781.5,1790.27,1084.21245
2021-06-23T16:00:00.000Z,1790.28,1792.95,1778.73,1778.74,499.610405
2021-06-23T20:00:00.000Z,1778.74,1784.59,1777.4,1781.69,342.660768
2021-06-24T00:00:00.000Z,1781.95,1784.66,1777.4,1783.89,473.777274
2021-06-24T04:00:00.000Z,1783.41,1787.35,1770,1777.21,903.658295
2021-06-24T08:00:00.000Z,1778.42,1788.84,1777,1788.83,386.916263
2021-06-24T12:00:00.000Z,1788.83,1792.2,1780.98,1782.71,349.837486
2021-06-24T16:00:00.000Z,1782.71,1784.22,1772.35,1774.41,767.759096
2021-06-24T20:00:00.000Z,1774.41,1781.43,1773.4,1777.46,259.404328
2021-06-25T00:00:00.000Z,1777.07,1782,1775,1780.1,387.753674
2021-06-25T04:00:00.000Z,1780.49,1783.52,1775,1781.74,408.212365
2021-06-25T08:00:00.000Z,1781.74,1788.99,1778.2,1781.73,1249.34747
2021-06-25T12:00:00.000Z,1783.45,1792,1781.74,1783.56,773.649002
2021-06-25T16:00:00.000Z,1783.58,1787,1775.41,1779.16,1114.23562
2021-06-25T20:00:00.000Z,1779.15,1785.29,1775.76,1778.36,598.130688
2021-06-26T00:00:00.000Z,1779.09,1783.67,1775.69,1778.78,262.386164
2021-06-26T04:00:00.000Z,1778.67,1782.3,1772.06,1774.43,353.24954
2021-06-26T08:00:00.000Z,1774.44,1781.94,1772,1780.12,550.110831
2021-06-26T12:00:00.000Z,1780.12,1781.99,1771.74,1778.66,508.321987
2021-06-26T16:00:00.000Z,1778.13,1781.27,1770,1775.35,354.601742
2021-06-26T20:00:00.000Z,1774.56,1782.89,1771.1,1780.85,344.933778
2021-06-27T00:00:00.000Z,1782.36,1785,1780,1782.53,332.010197
2021-06-27T04:00:00.000Z,1782.53,1785,1780,1782.6,214.509664
2021-06-27T08:00:00.000Z,1782.6,1783.64,1773.6,1780.47,438.352704
2021-06-27T12:00:00.000Z,1780.62,1783.55,1772.6,1779.81,412.93062
2021-06-27T16:00:00.000Z,1779.21,1781.22,1775,1777.56,151.34279
2021-06-27T20:00:00.000Z,1778.23,1799,1776.26,1790.49,1047.912232
2021-06-28T00:00:00.000Z,1791.74,1792.26,1778.39,1783.11,475.269698
2021-06-28T04:00:00.000Z,1783.11,1795.68,1783.11,1789.22,716.489813
2021-06-28T08:00:00.000Z,1788.68,1788.88,1773.75,1777.09,677.900535
2021-06-28T12:00:00.000Z,1776.43,1788.17,1774.22,1784.45,754.581208
2021-06-28T16:00:00.000Z,1784.45,1785.43,1775.88,1782.57,594.415374
2021-06-28T20:00:00.000Z,1782.01,1789,1780.72,1785.61,299.739453
2021-06-29T00:00:00.000Z,1785.61,1790.9,1780,1780.38,395.606915
2021-06-29T04:00:00.000Z,1780.04,1790.54,1779.35,1779.64,520.346779
2021-06-29T08:00:00.000Z,1780.92,1785.96,1772,1774.74,737.053328
2021-06-29T12:00:00.000Z,1774.74,1784.99,1760.51,1772.06,1380.985286
2021-06-29T16:00:00.000Z,1771.1,1773.55,1760.02,1766.43,766.287703
2021-06-29T20:00:00.000Z,1766.07,1770.7,1762.66,1767.58,405.049584
2021-06-30T00:00:00.000Z,1767.58,1772.84,1763.15,1764.39,326.50663
2021-06-30T04:00:00.000Z,1763.68,1772.86,1760,1762.45,461.867111
2021-06-30T08:00:00.000Z,1762.25,1766.67,1757.58,1765.01,459.297721
2021-06-30T12:00:00.000Z,1763.99,1815,1759,1772.75,3039.268129
2021-06-30T16:00:00.000Z,1773.58,1780.79,1771.66,1779.64,627.967224
2021-06-30T20:00:00.000Z,1779.64,1784.85,1773.72,1777.22,878.239669
2021-07-01T00:00:00.000Z,1777.88,1779,1773.25,1777.04,489.925634
2021-07-01T04:00:00.000Z,1777.03,1786.38,1774.92,1779.79,662.696106
2021-07-01T08:00:00.000Z,1778.67,1782.88,1771.61,1780.42,607.806664
2021-07-01T12:00:00.000Z,1779.99,1784.16,1772,1774.87,374.649488
2021-07-01T16:00:00.000Z,1774.83,1782,1771.01,1776.37,411.043034
2021-07-01T20:00:00.000Z,1776.36,1779.01,1775.13,1776.9,190.581852
2021-07-02T00:00:00.000Z,1776.88,1784.98,1776.08,1778.37,635.101509
2021-07-02T04:00:00.000Z,1778.82,1785,1777,1781.59,353.275709
2021-07-02T08:00:00.000Z,1782.66,1790,1780.33,1788.63,422.140639
2021-07-02T12:00:00.000Z,1788.6,1796.66,1783,1792.1,762.766745
2021-07-02T16:00:00.000Z,1792.1,1794.25,1788.58,1791.24,236.001152
2021-07-02T20:00:00.000Z,1790.55,1795,1787.17,1792.59,290.271802
2021-07-03T00:00:00.000Z,1792.98,1795,1787.52,1787.53,98.9441
2021-07-03T04:00:00.000Z,1787.53,1799,1787.22,1798.06,285.094909
2021-07-03T08:00:00.000Z,1798.04,1808.63,1795,1795,569.344201
2021-07-03T12:00:00.000Z,1794.95,1795.23,1791.03,1791.03,124.663763
2021-07-03T16:00:00.000Z,1791.83,1795.23,1790.5,1791,185.460097
2021-07-03T20:00:00.000Z,1791.35,1797.54,1788.78,1792.79,151.71702
2021-07-04T00:00:00.000Z,1792.79,1794.88,1789.05,1790.38,105.414907
2021-07-04T04:00:00.000Z,1791.27,1801.49,1789.02,1795.74,666.358784
2021-07-04T08:00:00.000Z,1795.74,1798.93,1790,1793.74,249.199954
2021-07-04T12:00:00.000Z,1793.74,1795.45,1790.24,1793.45,189.022014
2021-07-04T16:00:00.000Z,1793.51,1797,1792.4,1795.28,168.369016
2021-07-04T20:00:00.000Z,1793.8,1797.42,1789.18,1795.44,212.126754
2021-07-05T00:00:00.000Z,1795.13,1796.38,1788,1790.89,601.969916
2021-07-05T04:00:00.000Z,1790.89,1800.66,1788.67,1800.63,365.529587
2021-07-05T08:00:00.000Z,1800.62,1803.44,1789.2,1794.22,699.273053
2021-07-05T12:00:00.000Z,1792.63,1797.57,1789,1790.96,568.734218
2021-07-05T16:00:00.000Z,1790.96,1803.47,1790.96,1793.24,824.637209
2021-07-05T20:00:00.000Z,1794.66,1800.83,1792.02,1792.02,277.185114
2021-07-06T00:00:00.000Z,1792.02,1801.99,1792.02,1799.11,408.151326
2021-07-06T04:00:00.000Z,1800.19,1810.66,1799.29,1810,507.066541
2021-07-06T08:00:00.000Z,1809.05,1810,1804,1807.89,651.09003
2021-07-06T12:00:00.000Z,1807.92,1815,1803.05,1803.06,464.415439
2021-07-06T16:00:00.000Z,1803.05,1803.05,1790.9,1799.11,462.612638
2021-07-06T20:00:00.000Z,1799.1,1804.07,1795.11,1800.25,312.593182
2021-07-07T00:00:00.000Z,1801.5,1805.29,1796.96,1803.62,144.225577
2021-07-07T04:00:00.000Z,1803.48,1812,1801,1809.69,540.127285
2021-07-07T08:00:00.000Z,1809.59,1813.33,1807.75,1808.01,250.053678
2021-07-07T12:00:00.000Z,1808.69,1812.15,1803.57,1807.95,436.960249
2021-07-07T16:00:00.000Z,1807.77,1812.96,1804.66,1808.03,193.587223
2021-07-07T20:00:00.000Z,1809.06,1812.66,1803.22,1806.19,540.788947
2021-07-08T00:00:00.000Z,1806.35,1812.55,1801.22,1804.91,575.541635
2021-07-08T04:00:00.000Z,1804.2,1819.37,1802.02,1816.29,1032.744498
2021-07-08T08:00:00.000Z,1815.44,1828.1,1812.33,1824.73,972.068552
2021-07-08T12:00:00.000Z,1825.99,1831.36,1801.86,1807.75,1063.212197
2021-07-08T16:00:00.000Z,1806.32,1816,1805.49,1812.41,460.805151
2021-07-08T20:00:00.000Z,1812.41,1816.54,1799.65,1812.63,726.306266
2021-07-09T00:00:00.000Z,1812.8,1817.79,1805.25,1814.39,261.122427
2021-07-09T04:00:00.000Z,1814.67,1817.36,1807.06,1812.66,512.644174
2021-07-09T08:00:00.000Z,1812.53,1813.39,1805.84,1806.93,287.349605
2021-07-09T12:00:00.000Z,1806.93,1816.54,1803.33,1813.39,539.887786
2021-07-09T16:00:00.000Z,1814.81,1816.99,1812.61,1815.42,174.031376
2021-07-09T20:00:00.000Z,1815.68,1817.91,1814.01,1815.8,143.901187
2021-07-10T00:00:00.000Z,1817.15,1821.33,1814.53,1817.55,259.99618
2021-07-10T04:00:00.000Z,1817.55,1818.09,1811.67,1815.41,135.397572
2021-07-10T08:00:00.000Z,1814.71,1816,1808.49,1809.46,470.175707
2021-07-10T12:00:00.000Z,1810.84,1812.16,1804.69,1809.58,369.013742
2021-07-10T16:00:00.000Z,1809.16,1813.09,1804.49,1808.44,338.55328
2021-07-10T20:00:00.000Z,1808.41,1812.7,1805.79,1810.18,143.380215
2021-07-11T00:00:00.000Z,1810.56,1814,1809.01,1812.24,111.904314
2021-07-11T04:00:00.000Z,1812.29,1816.18,1811.9,1816.06,90.846758
2021-07-11T08:00:00.000Z,1815.69,1817,1808.2,1811.81,177.140512
2021-07-11T12:00:00.000Z,1811.81,1813.93,1808.2,1810.72,150.362038
2021-07-11T16:00:00.000Z,1811.64,1815.52,1810.08,1811.12,240.439147
2021-07-11T20:00:00.000Z,1811.12,1819.01,1808,1811.69,405.94353
2021-07-12T00:00:00.000Z,1811.69,1814.49,1806.66,1811.09,270.587063
2021-07-12T04:00:00.000Z,1812.08,1813,1807.7,1810.17,327.070123
2021-07-12T08:00:00.000Z,1809.9,1812.26,1800.02,1801.41,498.837604
2021-07-12T12:00:00.000Z,1801.41,1808.31,1797.33,1805.41,470.218278
2021-07-12T16:00:00.000Z,1805.41,1809.89,1800,1807.25,496.88006
2021-07-12T20:00:00.000Z,1807.54,1810.5,1804.85,1808.72,87.178859
2021-07-13T00:00:00.000Z,1808.72,1812,1804.84,1810.42,63.999047
2021-07-13T04:00:00.000Z,1810.34,1815,1803.33,1812.18,262.698176
2021-07-13T08:00:00.000Z,1812.18,1815,1808.87,1810.27,196.077195
2021-07-13T12:00:00.000Z,1808.99,1818.99,1805.55,1816.93,1005.140004
2021-07-13T16:00:00.000Z,1815.54,1818.72,1807.47,1809.58,311.621193
2021-07-13T20:00:00.000Z,1809.86,1814.66,1807.95,1810.37,176.08335
2021-07-14T00:00:00.000Z,1810.37,1819,1804.04,1816.17,630.934402
2021-07-14T04:00:00.000Z,1815.87,1821.54,1809.93,1815.76,353.528566
2021-07-14T08:00:00.000Z,1816.06,1826,1816.01,1823.78,576.43213
2021-07-14T12:00:00.000Z,1823.8,1837,1823.6,1830.43,2997.903897
2021-07-14T16:00:00.000Z,1830.43,1837.1,1828.57,1833.68,1635.916482
2021-07-14T20:00:00.000Z,1833.66,1837.4,1832.01,1832.06,88.209134
2021-07-15T00:00:00.000Z,1832.48,1838.41,1825.26,1829.79,471.868259
2021-07-15T04:00:00.000Z,1829.79,1836.63,1825.91,1836.63,349.460358
2021-07-15T08:00:00.000Z,1836.44,1841,1825.01,1832.06,801.088724
2021-07-15T12:00:00.000Z,1832.06,1835.27,1827.81,1831.01,1941.964191
2021-07-15T16:00:00.000Z,1832.57,1834.31,1825.31,1833.64,635.117564
2021-07-15T20:00:00.000Z,1832.38,1837.66,1828.41,1837.52,283.749444
2021-07-16T00:00:00.000Z,1837.65,1839.1,1831.99,1835.75,476.371342
2021-07-16T04:00:00.000Z,1835.75,1837.32,1826.7,1828.42,251.315956
2021-07-16T08:00:00.000Z,1828.7,1835.26,1825.06,1826.05,624.919771
2021-07-16T12:00:00.000Z,1825.85,1836.33,1814,1820.11,1252.585055
2021-07-16T16:00:00.000Z,1820.48,1827.94,1815,1816.98,367.835592
2021-07-16T20:00:00.000Z,1817,1819.35,1812,1812.23,356.946862
2021-07-17T00:00:00.000Z,1812.1,1820.12,1811,1813.18,446.024084
2021-07-17T04:00:00.000Z,1812.72,1815.98,1811,1813.89,133.496097
2021-07-17T08:00:00.000Z,1813.39,1819.98,1811.19,1812.72,227.131222
2021-07-17T12:00:00.000Z,1812.72,1817.99,1811.3,1816,166.174631
2021-07-17T16:00:00.000Z,1816,1817.76,1811.55,1817.76,152.821178
2021-07-17T20:00:00.000Z,1817.76,1817.76,1813.15,1813.74,91.116795
2021-07-18T00:00:00.000Z,1813.74,1820.5,1813.74,1816.99,519.225139
2021-07-18T04:00:00.000Z,1816.99,1816.99,1811.5,1811.73,165.084994
2021-07-18T08:00:00.000Z,1811.73,1816.12,1811.62,1814.49,86.948598
2021-07-18T12:00:00.000Z,1813.58,1814.5,1811.61,1812.63,294.037499
2021-07-18T16:00:00.000Z,1812.19,1818.11,1811.48,1817.34,119.251152
2021-07-18T20:00:00.000Z,1817.34,1820.5,1815,1817.43,206.034663
2021-07-19T00:00:00.000Z,1818.56,1820,1815,1819.55,134.298959
2021-07-19T04:00:00.000Z,1819.3,1821,1812.01,1813.11,280.814149
2021-07-19T08:00:00.000Z,1813.12,1813.42,1804,1804.74,437.544538
2021-07-19T12:00:00.000Z,1804.72,1819.98,1797,1812.32,1857.502627
2021-07-19T16:00:00.000Z,1811.85,1814.96,1806.92,1814.61,417.548114
2021-07-19T20:00:00.000Z,1814.64,1820.15,1814.64,1818.52,280.573842
2021-07-20T00:00:00.000Z,1818.56,1831.99,1812.2,1823.58,1498.866752
2021-07-20T04:00:00.000Z,1824.13,1828,1819.42,1823.98,876.929622
2021-07-20T08:00:00.000Z,1823.78,1829.1,1812.89,1825.3,1074.372422
2021-07-20T12:00:00.000Z,1824.81,1834.74,1810.55,1813.86,1699.647701
2021-07-20T16:00:00.000Z,1813.88,1821.35,1799,1810.29,2435.429914
2021-07-20T20:00:00.000Z,1810.31,1811.69,1806.28,1809.83,377.43973
2021-07-21T00:00:00.000Z,1809.83,1811.88,1803.87,1811.52,454.29704
2021-07-21T04:00:00.000Z,1811.52,1819,1808.37,1811.31,668.200156
2021-07-21T08:00:00.000Z,1811.34,1819.49,1805.92,1809.15,642.004733
2021-07-21T12:00:00.000Z,1809.76,1813.51,1803.91,1809.87,477.314154
2021-07-21T16:00:00.000Z,1810.31,1820.15,1802,1806.67,1154.135214
2021-07-21T20:00:00.000Z,1807.92,1814.1,1804.38,1807.12,305.656145
2021-07-22T00:00:00.000Z,1807.15,1813.61,1804.38,1807.12,277.333069
2021-07-22T04:00:00.000Z,1808.46,1811.49,1806,1809.2,125.541572
2021-07-22T08:00:00.000Z,1808.77,1810.31,1797.33,1803.2,469.172086
2021-07-22T12:00:00.000Z,1803.22,1816.56,1800,1814.43,414.969295
2021-07-22T16:00:00.000Z,1814.87,1815.66,1805.01,1808.78,218.277005
2021-07-22T20:00:00.000Z,1809.79,1811,1804.89,1807.32,151.841999
2021-07-23T00:00:00.000Z,1808.53,1815.67,1803.15,1804.92,284.146327
2021-07-23T04:00:00.000Z,1804.92,1810.44,1803.14,1810.44,323.036922
2021-07-23T08:00:00.000Z,1809.59,1810.44,1799.33,1799.43,341.85052
2021-07-23T12:00:00.000Z,1799.41,1814.92,1798,1802.39,231.917187
2021-07-23T16:00:00.000Z,1804.15,1809.65,1801.68,1805.38,359.237535
2021-07-23T20:00:00.000Z,1805.38,1814.8,1785.46,1812.38,1214.239559
2021-07-24T00:00:00.000Z,1812.98,1813,1809.12,1811.35,134.202767
2021-07-24T04:00:00.000Z,1811.35,1814.66,1805.99,1806.04,145.594751
2021-07-24T08:00:00.000Z,1806.04,1813.99,1805,1807.82,218.651544
2021-07-24T12:00:00.000Z,1807.82,1813.99,1803.31,1808.59,358.654249
2021-07-24T16:00:00.000Z,1808.42,1813.57,1806.59,1811.28,267.944054
2021-07-24T20:00:00.000Z,1810.18,1813.99,1809.41,1812.53,98.761114
2021-07-25T00:00:00.000Z,1812.5,1813.99,1804.38,1808.55,110.897422
2021-07-25T04:00:00.000Z,1808.55,1810.81,1804.02,1808.6,143.458576
2021-07-25T08:00:00.000Z,1807.85,1811.03,1804.96,1811.03,144.840809
2021-07-25T12:00:00.000Z,1811,1813.02,1807.93,1813.02,174.204222
2021-07-25T16:00:00.000Z,1812.99,1813.99,1809.76,1812.59,171.984061
2021-07-25T20:00:00.000Z,1812.65,1814.41,1808.62,1810.17,243.066502
2021-07-26T00:00:00.000Z,1810.44,1818.51,1805.22,1813.99,1041.323671
2021-07-26T04:00:00.000Z,1812.6,1818.88,1809.58,1813.8,694.32249
2021-07-26T08:00:00.000Z,1813.8,1821.92,1809.37,1818.4,590.906912
2021-07-26T12:00:00.000Z,1818.4,1820.25,1806.66,1809.04,728.425997
2021-07-26T16:00:00.000Z,1809.04,1812,1803.15,1805.04,892.233791
2021-07-26T20:00:00.000Z,1805.04,1810,1796.88,1802.98,751.523683
2021-07-27T00:00:00.000Z,1801.93,1808.39,1799.51,1806.51,358.775879
2021-07-27T04:00:00.000Z,1806.51,1808.99,1801.06,1804.3,277.595979
2021-07-27T08:00:00.000Z,1803.5,1809.99,1800,1808.02,479.04662
2021-07-27T12:00:00.000Z,1808.02,1810.33,1801,1805.91,630.10549
2021-07-27T16:00:00.000Z,1806.26,1810,1804,1807.99,275.649533
2021-07-27T20:00:00.000Z,1807.99,1810.33,1804.52,1808.99,513.469529
2021-07-28T00:00:00.000Z,1808.98,1812.9,1802.1,1807.85,409.104972
2021-07-28T04:00:00.000Z,1807.28,1816.98,1806,1808.38,299.007691
2021-07-28T08:00:00.000Z,1806.44,1810,1802.04,1803.99,421.732271
2021-07-28T12:00:00.000Z,1804.31,1808.27,1802.04,1808.15,259.058017
2021-07-28T16:00:00.000Z,1806.87,1810.33,1800,1810.33,619.490192
2021-07-28T20:00:00.000Z,1810,1817.96,1808.2,1812.51,360.250624
2021-07-29T00:00:00.000Z,1813.04,1820,1812.65,1818.43,223.889696
2021-07-29T04:00:00.000Z,1818.43,1820,1801,1818.29,606.821079
2021-07-29T08:00:00.000Z,1818.29,1831.86,1816.6,1829.33,530.426858
2021-07-29T12:00:00.000Z,1829.6,1834,1822.94,1832.04,364.156187
2021-07-29T16:00:00.000Z,1833.48,1840,1829.89,1832.08,351.916333
2021-07-29T20:00:00.000Z,1832.08,1837.62,1828.06,1834.36,300.993093
2021-07-30T00:00:00.000Z,1833.53,1838.58,1829.45,1834.46,159.19876
2021-07-30T04:00:00.000Z,1834.46,1837.31,1834.4,1835.92,174.990855
2021-07-30T08:00:00.000Z,1835.92,1838.58,1800,1831.75,822.82633
2021-07-30T12:00:00.000Z,1831.7,1835,1821.59,1825.39,336.458349
2021-07-30T16:00:00.000Z,1826.07,1826.12,1816.78,1822.13,272.576255
2021-07-30T20:00:00.000Z,1822.13,1829,1820.66,1822.85,802.697102
2021-07-31T00:00:00.000Z,1823.96,1826.18,1821,1821.16,118.979398
2021-07-31T04:00:00.000Z,1821.15,1822.88,1815.13,1819.15,226.732188
2021-07-31T08:00:00.000Z,1818.81,1825.38,1818.28,1821.86,127.48803
2021-07-31T12:00:00.000Z,1821.01,1825.57,1817.53,1820.84,251.208361
2021-07-31T16:00:00.000Z,1820.49,1821.01,1814,1816.61,331.260864
2021-07-31T20:00:00.000Z,1816.61,1823.78,1815,1818.55,314.492534
2021-08-01T00:00:00.000Z,1819.28,1823.94,1815.21,1821.54,207.154226
2021-08-01T04:00:00.000Z,1822.78,1824.1,1815.45,1819.02,145.364367
2021-08-01T08:00:00.000Z,1819.9,1823.92,1816.58,1819.86,113.752134
2021-08-01T12:00:00.000Z,1819,1822.05,1816.71,1817.99,105.817171
2021-08-01T16:00:00.000Z,1817.61,1820,1815,1818.63,418.695171
2021-08-01T20:00:00.000Z,1817.72,1822,1809,1814.13,536.132334
2021-08-02T00:00:00.000Z,1814.71,1817.69,1804.03,1813.84,346.551421
2021-08-02T04:00:00.000Z,1813.85,1816.96,1806,1811.2,379.100349
2021-08-02T08:00:00.000Z,1811.2,1814,1807.47,1812.17,306.61149
2021-08-02T12:00:00.000Z,1812.17,1817.62,1808.7,1814.45,276.308356
2021-08-02T16:00:00.000Z,1815.63,1824,1812.11,1813.61,283.156662
2021-08-02T20:00:00.000Z,1813.39,1819.99,1812,1818.44,231.225743
2021-08-03T00:00:00.000Z,1817.94,1818.94,1810,1811.99,216.886339
2021-08-03T04:00:00.000Z,1811.99,1815.49,1810.07,1811.95,240.966473
2021-08-03T08:00:00.000Z,1811.95,1816.5,1809.99,1812.22,164.663726
2021-08-03T12:00:00.000Z,1812.22,1815.77,1807,1809.73,389.920567
2021-08-03T16:00:00.000Z,1810.3,1815.27,1805.99,1813.61,190.93461
2021-08-03T20:00:00.000Z,1813.6,1818.8,1811.06,1812.7,129.09427
2021-08-04T00:00:00.000Z,1812.7,1817.53,1810.75,1817,175.118563
2021-08-04T04:00:00.000Z,1816.56,1819.06,1814.46,1817.86,135.04451
2021-08-04T08:00:00.000Z,1818.82,1820.93,1810.76,1820.71,237.178839
2021-08-04T12:00:00.000Z,1820.71,1835.93,1813.79,1816.9,805.632952
2021-08-04T16:00:00.000Z,1817.11,1826.04,1812,1816.6,684.670206
2021-08-04T20:00:00.000Z,1817.8,1824.42,1815,1818.34,181.432056
2021-08-05T00:00:00.000Z,1818.35,1818.45,1811.3,1812.97,110.559666
2021-08-05T04:00:00.000Z,1812.99,1817.79,1811.08,1815.94,163.697937
2021-08-05T08:00:00.000Z,1815.73,1818.45,1810.4,1815.93,205.176218
2021-08-05T12:00:00.000Z,1815.46,1815.87,1805.01,1805.02,630.255748
2021-08-05T16:00:00.000Z,1805.8,1818.45,1805.02,1810.69,674.164647
2021-08-05T20:00:00.000Z,1810.34,1814.71,1806.83,1808.43,206.018742
2021-08-06T00:00:00.000Z,1809.42,1822.12,1805.71,1807.07,342.395163
2021-08-06T04:00:00.000Z,1807.07,1814.48,1805,1805.77,280.052911
2021-08-06T08:00:00.000Z,1805.76,1809.84,1802.03,1804.75,402.147752
2021-08-06T12:00:00.000Z,1804.44,1808.34,1769,1773.57,2092.492642
2021-08-06T16:00:00.000Z,1773.49,1785.15,1765.53,1767.24,1541.593439
2021-08-06T20:00:00.000Z,1767.95,1774.3,1767.02,1770.01,324.040683
2021-08-07T00:00:00.000Z,1771.56,1775.68,1767.59,1771.01,246.489268
2021-08-07T04:00:00.000Z,1771.75,1775.32,1766.23,1772.84,417.2175
2021-08-07T08:00:00.000Z,1774,1777.08,1766.1,1775,591.92182
2021-08-07T12:00:00.000Z,1775.49,1778.18,1769,1772.96,565.503701
2021-08-07T16:00:00.000Z,1772.96,1775.52,1769,1775,299.114621
2021-08-07T20:00:00.000Z,1775,1778.81,1770.35,1774.09,274.686008
2021-08-08T00:00:00.000Z,1775.47,1782.5,1770.35,1772,289.847969
2021-08-08T04:00:00.000Z,1772.01,1778.3,1764.79,1771.84,411.918988
2021-08-08T08:00:00.000Z,1773.58,1776.56,1770.02,1774.45,259.791169
2021-08-08T12:00:00.000Z,1774.45,1777.34,1770.11,1771.14,256.779042
2021-08-08T16:00:00.000Z,1772.6,1775.52,1770.01,1775.52,308.599633
2021-08-08T20:00:00.000Z,1774.58,1778.1,1700.36,1731.66,3793.734171
2021-08-09T00:00:00.000Z,1731.66,1750.74,1718.11,1745.16,1009.827651
2021-08-09T04:00:00.000Z,1746.31,1760,1740,1756.13,672.450315
2021-08-09T08:00:00.000Z,1757.3,1760,1726.35,1752.04,1048.628767
2021-08-09T12:00:00.000Z,1752.04,1755.3,1731.37,1738.82,661.258586
2021-08-09T16:00:00.000Z,1739.82,1741.18,1731.03,1738.77,563.497071
2021-08-09T20:00:00.000Z,1738.78,1745,1730.98,1743.25,641.645198
2021-08-10T00:00:00.000Z,1742.73,1747.66,1738.38,1745,157.237402
2021-08-10T04:00:00.000Z,1745,1748.28,1740,1745.73,171.380978
2021-08-10T08:00:00.000Z,1745.73,1749.9,1734.88,1739.25,425.438633
2021-08-10T12:00:00.000Z,1740.16,1742.7,1727.97,1738.99,667.171768
2021-08-10T16:00:00.000Z,1738.99,1743.36,1732.78,1737.44,494.582836
2021-08-10T20:00:00.000Z,1736.79,1745,1735.68,1738.02,185.357437
2021-08-11T00:00:00.000Z,1738.02,1741.17,1729.78,1740.01,362.951724
2021-08-11T04:00:00.000Z,1740.01,1744.38,1736.99,1740.99,320.090645
2021-08-11T08:00:00.000Z,1741.26,1744.99,1737.03,1743.79,295.422786
2021-08-11T12:00:00.000Z,1743.81,1755.27,1741.43,1754.6,436.161171
2021-08-11T16:00:00.000Z,1755.21,1762.88,1751,1761.49,538.121385
2021-08-11T20:00:00.000Z,1761.49,1764.69,1753.26,1756.72,418.815737
2021-08-12T00:00:00.000Z,1756.72,1757.78,1751.22,1755.31,219.75127
2021-08-12T04:00:00.000Z,1755.49,1762.35,1753,1762.35,376.935322
2021-08-12T08:00:00.000Z,1760.93,1763.47,1756,1756.11,314.599906
2021-08-12T12:00:00.000Z,1756.13,1758.81,1746,1756.22,725.513331
2021-08-12T16:00:00.000Z,1756.22,1761.87,1750.31,1761.3,849.633967
2021-08-12T20:00:00.000Z,1761.3,1761.37,1752.79,1759.81,300.698894
2021-08-13T00:00:00.000Z,1759.6,1761.11,1755.1,1760.44,80.101708
2021-08-13T04:00:00.000Z,1760.99,1768.73,1760.46,1765.76,230.782406
2021-08-13T08:00:00.000Z,1765.76,1770,1759.06,1764.49,434.841727
2021-08-13T12:00:00.000Z,1763.43,1779.15,1762.29,1776.92,564.078298
2021-08-13T16:00:00.000Z,1776.58,1785.86,1775.56,1780.99,292.163859
2021-08-13T20:00:00.000Z,1780.98,1790,1778.82,1782.99,554.995443
2021-08-14T00:00:00.000Z,1782.99,1785.06,1781.16,1781.17,76.24123
2021-08-14T04:00:00.000Z,1781.18,1783.96,1775.52,1777.91,270.630508
2021-08-14T08:00:00.000Z,1777.91,1780.02,1769,1778.38,531.376824
2021-08-14T12:00:00.000Z,1778.38,1781.67,1767.07,1780,341.247106
2021-08-14T16:00:00.000Z,1780,1782.39,1774.29,1778.5,130.310782
2021-08-14T20:00:00.000Z,1778.68,1779.5,1767.82,1774.94,167.743014
2021-08-15T00:00:00.000Z,1775.94,1779.45,1774.79,1777.17,66.863158
2021-08-15T04:00:00.000Z,1778.31,1780,1768.5,1777.72,231.802111
2021-08-15T08:00:00.000Z,1775.92,1778.99,1768.23,1776.18,239.721601
2021-08-15T12:00:00.000Z,1776.13,1781.49,1767.76,1775.48,372.813169
2021-08-15T16:00:00.000Z,1774.53,1780.31,1771.92,1778.43,143.241901
2021-08-15T20:00:00.000Z,1778.43,1782,1776,1779.79,400.610823
2021-08-16T00:00:00.000Z,1779.79,1785,1776,1779.58,312.40504
2021-08-16T04:00:00.000Z,1779.75,1779.94,1772.62,1777.65,180.710832
2021-08-16T08:00:00.000Z,1777.65,1782.92,1767,1778.36,430.285192
2021-08-16T12:00:00.000Z,1779,1790,1777.29,1785.74,488.672047
2021-08-16T16:00:00.000Z,1786.93,1792.75,1784,1788.94,422.99686
2021-08-16T20:00:00.000Z,1789,1791.99,1783.91,1791.48,221.045628
2021-08-17T00:00:00.000Z,1791.47,1795.43,1783.88,1789.96,334.721133
2021-08-17T04:00:00.000Z,1791.35,1797.82,1787,1795.87,309.863115
2021-08-17T08:00:00.000Z,1795.87,1800,1788.39,1797.51,338.406756
2021-08-17T12:00:00.000Z,1797.51,1800.46,1782.85,1785.3,440.026738
2021-08-17T16:00:00.000Z,1784.93,1790.28,1780.09,1786.44,303.106476
2021-08-17T20:00:00.000Z,1785.01,1790.89,1781.01,1785.57,763.67542
2021-08-18T00:00:00.000Z,1785.57,1793,1782,1791.62,291.336789
2021-08-18T04:00:00.000Z,1791.62,1802,1787,1798,368.221627
2021-08-18T08:00:00.000Z,1798,1800,1791.02,1792.87,410.277978
2021-08-18T12:00:00.000Z,1793.12,1799,1786.52,1792.74,486.488528
2021-08-18T16:00:00.000Z,1793.01,1794.99,1753.47,1788.37,1420.43639
2021-08-18T20:00:00.000Z,1788.37,1792,1781.93,1789.72,220.234104
2021-08-19T00:00:00.000Z,1791.21,1791.21,1779,1780,82.360287
2021-08-19T04:00:00.000Z,1780.84,1787.78,1778.13,1783,283.615861
2021-08-19T08:00:00.000Z,1783,1791.32,1779.89,1788.41,208.186435
2021-08-19T12:00:00.000Z,1787.44,1793,1774,1786.86,497.149
2021-08-19T16:00:00.000Z,1785.49,1788,1763.3,1782.36,428.147868
2021-08-19T20:00:00.000Z,1782.32,1786.02,1777.05,1783.47,360.644596
2021-08-20T00:00:00.000Z,1783.4,1790.09,1781.91,1785.76,199.69707
2021-08-20T04:00:00.000Z,1785.76,1792,1784.14,1787.08,180.284534
2021-08-20T08:00:00.000Z,1787.81,1793,1780.01,1784.68,231.766003
2021-08-20T12:00:00.000Z,1784.68,1788.69,1780.01,1786.84,537.182158
2021-08-20T16:00:00.000Z,1786.49,1790.9,1778,1783.17,326.791032
2021-08-20T20:00:00.000Z,1783.23,1787.94,1781.69,1785.39,178.515134
2021-08-21T00:00:00.000Z,1785.39,1785.39,1780.86,1783.96,52.419322
2021-08-21T04:00:00.000Z,1783.96,1785.44,1780.86,1782.2,113.041178
2021-08-21T08:00:00.000Z,1782.51,1792.5,1782.04,1783.17,325.835763
2021-08-21T12:00:00.000Z,1783.23,1790,1783,1789.24,138.185759
2021-08-21T16:00:00.000Z,1788.67,1792.5,1784.15,1786.86,281.432327
2021-08-21T20:00:00.000Z,1786.24,1789.32,1782.2,1787.57,87.017796
2021-08-22T00:00:00.000Z,1786.64,1788.63,1783.1,1784.52,36.093435
2021-08-22T04:00:00.000Z,1784.64,1784.99,1782.2,1783.73,96.567527
2021-08-22T08:00:00.000Z,1784.53,1784.58,1780,1780.59,97.89337
2021-08-22T12:00:00.000Z,1781.65,1783.5,1777.3,1779.79,180.916654
2021-08-22T16:00:00.000Z,1779.79,1783.74,1772.65,1783.74,173.840118
2021-08-22T20:00:00.000Z,1783.62,1785.99,1778.78,1781.7,195.023552
2021-08-23T00:00:00.000Z,1781.59,1795.32,1780.85,1793.41,172.040257
2021-08-23T04:00:00.000Z,1793.52,1794.3,1784.37,1788.17,347.955676
2021-08-23T08:00:00.000Z,1788.19,1794.91,1784,1794.56,381.800726
2021-08-23T12:00:00.000Z,1794.53,1809.5,1793.64,1806.25,580.538694
2021-08-23T16:00:00.000Z,1806.25,1808.11,1801.3,1802.96,190.048512
2021-08-23T20:00:00.000Z,1802.96,1806.71,1798.3,1806.06,182.413963
2021-08-24T00:00:00.000Z,1805.16,1807.45,1802.33,1804.62,77.521623
2021-08-24T04:00:00.000Z,1804.72,1807.05,1800.14,1804.06,94.707502
2021-08-24T08:00:00.000Z,1804.62,1810,1803.1,1808.81,126.828326
2021-08-24T12:00:00.000Z,1808.18,1810,1801.12,1806.53,348.467106
2021-08-24T16:00:00.000Z,1806.88,1811.19,1800,1804.2,261.191735
2021-08-24T20:00:00.000Z,1804.93,1808,1800.33,1802.71,154.274789
2021-08-25T00:00:00.000Z,1801.4,1803.95,1797.76,1800.09,124.706343
2021-08-25T04:00:00.000Z,1799.58,1805,1796.58,1799.16,186.003365
2021-08-25T08:00:00.000Z,1799.4,1801.21,1794.19,1798.91,295.790048
2021-08-25T12:00:00.000Z,1798.86,1804,1788.27,1793.2,290.346579
2021-08-25T16:00:00.000Z,1793.25,1804.15,1792.6,1797.51,181.295555
2021-08-25T20:00:00.000Z,1797.68,1805,1795.67,1797.46,97.671431
2021-08-26T00:00:00.000Z,1797.34,1799.94,1790,1791.87,132.505773
2021-08-26T04:00:00.000Z,1791.87,1797,1785,1789,216.634853
2021-08-26T08:00:00.000Z,1789,1795,1784,1792,317.987
2021-08-26T12:00:00.000Z,1790,1806,1785,1798,1044.358172
2021-08-26T16:00:00.000Z,1797,1804,1794,1800,184.7649
2021-08-26T20:00:00.000Z,1800,1806,1796,1798,310.6748
2021-08-27T00:00:00.000Z,1799,1803,1795,1801,180.287
2021-08-27T04:00:00.000Z,1801,1813,1800,1807,404.6289
2021-08-27T08:00:00.000Z,1807,1809,1792,1798,1028.2017
2021-08-27T12:00:00.000Z,1797,1813.15,1791,1813.15,668.9486
2021-08-27T16:00:00.000Z,1813.15,1820,1813,1819,445.673806
2021-08-27T20:00:00.000Z,1819,1823,1816,1822,165.704847
2021-08-28T00:00:00.000Z,1822,1823,1817,1819,79.6103
2021-08-28T04:00:00.000Z,1820,1823,1816,1819,69.6074
2021-08-28T08:00:00.000Z,1819,1824,1816,1819,154.6065
2021-08-28T12:00:00.000Z,1819,1824,1817,1823,133.6389
2021-08-28T16:00:00.000Z,1823,1823,1817,1819,80.1632
2021-08-28T20:00:00.000Z,1819,1823,1817,1820,69.0744
2021-08-29T00:00:00.000Z,1820,1825,1814,1819,274.2908
2021-08-29T04:00:00.000Z,1818,1821,1814,1819,83.553
2021-08-29T08:00:00.000Z,1819,1823,1816,1818,104.0071
2021-08-29T12:00:00.000Z,1818,1823,1818,1822,48.2744
2021-08-29T16:00:00.000Z,1822,1824,1815,1818,160.5075
2021-08-29T20:00:00.000Z,1817,1824,1816,1819,157.1204
2021-08-30T00:00:00.000Z,1819,1824,1815,1817,154.1601
2021-08-30T04:00:00.000Z,1816,1822,1813,1820,125.8751
2021-08-30T08:00:00.000Z,1819,1824,1816,1819,123.7039
2021-08-30T12:00:00.000Z,1818,1823,1813,1815,328.8734
2021-08-30T16:00:00.000Z,1815,1820,1810,1817,349.1636
2021-08-30T20:00:00.000Z,1817,1819,1813,1814,220.1372
2021-08-31T00:00:00.000Z,1815,1825,1813,1819,154.1692
2021-08-31T04:00:00.000Z,1820,1825,1815,1822,523.9647
2021-08-31T08:00:00.000Z,1822,1825,1816,1820,250.2193
2021-08-31T12:00:00.000Z,1820,1823,1803,1814,605.6718
2021-08-31T16:00:00.000Z,1814,1822,1812,1816,255.2598
2021-08-31T20:00:00.000Z,1817,1822,1811,1816,205.4198
2021-09-01T00:00:00.000Z,1817,1822,1813,1821,261.3294
2021-09-01T04:00:00.000Z,1821,1825,1816,1817,316.1175
2021-09-01T08:00:00.000Z,1817,1823,1814,1818,588.5965
2021-09-01T12:00:00.000Z,1819,1824,1812,1821,235.8352
2021-09-01T16:00:00.000Z,1822,1823,1816,1820,443.7247
2021-09-01T20:00:00.000Z,1820,1822,1815,1820,250.6364
2021-09-02T00:00:00.000Z,1820,1823,1815,1817,125.2435
2021-09-02T04:00:00.000Z,1818,1822,1813,1819,212.0767
2021-09-02T08:00:00.000Z,1818,1822,1814,1821,321.5235
2021-09-02T12:00:00.000Z,1820,1822,1811,1814,567.9701
2021-09-02T16:00:00.000Z,1816,1818,1812,1815,120.9997
2021-09-02T20:00:00.000Z,1814,1816,1808,1816,107.8406
2021-09-03T00:00:00.000Z,1815,1818,1807,1810,386.9118
2021-09-03T04:00:00.000Z,1809,1814,1805,1810,216.8727
2021-09-03T08:00:00.000Z,1812,1818,1808,1818,486.0675
2021-09-03T12:00:00.000Z,1818,1830,1816,1827,720.9674
2021-09-03T16:00:00.000Z,1827,1836,1825,1827,245.0691
2021-09-03T20:00:00.000Z,1828,1831,1826,1830,252.2432
2021-09-04T00:00:00.000Z,1830,1835,1826,1828,93.3668
2021-09-04T04:00:00.000Z,1828,1830,1827,1829,65.0016
2021-09-04T08:00:00.000Z,1830,1833,1827,1829,175.7303
2021-09-04T12:00:00.000Z,1830,1834,1827,1828,262.8081
2021-09-04T16:00:00.000Z,1829,1833,1827,1831,239.1958
2021-09-04T20:00:00.000Z,1831,1831,1823,1824,178.2977
2021-09-05T00:00:00.000Z,1825,1827,1822,1823,73.7146
2021-09-05T04:00:00.000Z,1824,1827,1822,1825,59.2569
2021-09-05T08:00:00.000Z,1825,1837.96,1822,1827,737.2766
2021-09-05T12:00:00.000Z,1828,1830,1825,1826,86.3501
2021-09-05T16:00:00.000Z,1826,1834,1826,1828,245.8545
2021-09-05T20:00:00.000Z,1829,1834,1825,1828,246.1207
2021-09-06T00:00:00.000Z,1829,1833,1825,1825,145.8851
2021-09-06T04:00:00.000Z,1826,1831,1822,1828,175.2723
2021-09-06T08:00:00.000Z,1828,1832,1821,1821,335.1625
2021-09-06T12:00:00.000Z,1824,1831,1820,1824,494.6654
2021-09-06T16:00:00.000Z,1824,1847.31,1822,1826,2312.346133
2021-09-06T20:00:00.000Z,1824,1831,1824,1826,395.9081
2021-09-07T00:00:00.000Z,1827,1832,1825,1826,290.1399
2021-09-07T04:00:00.000Z,1826,1829,1817,1820,303.7829
2021-09-07T08:00:00.000Z,1820,1821,1810,1813,532.2522
2021-09-07T12:00:00.000Z,1813,1817,1781,1793,1667.5343
2021-09-07T16:00:00.000Z,1791,1800,1785,1791,1184.8029
2021-09-07T20:00:00.000Z,1791,1797,1782,1791,443.3471
2021-09-08T00:00:00.000Z,1793,1802,1778,1795,402.0322
2021-09-08T04:00:00.000Z,1795,1799,1790,1794,473.6188
2021-09-08T08:00:00.000Z,1795,1801,1790,1798,568.2176
2021-09-08T12:00:00.000Z,1798,1802,1783,1793,567.328
2021-09-08T16:00:00.000Z,1793,1795,1786,1789,378.1329
2021-09-08T20:00:00.000Z,1789,1800,1786,1789,299.9296
2021-09-09T00:00:00.000Z,1789,1799,1787,1789,255.4853
2021-09-09T04:00:00.000Z,1789,1796,1787,1796,204.5397
2021-09-09T08:00:00.000Z,1796,1803,1793,1800,723.8591
2021-09-09T12:00:00.000Z,1801,1802,1787,1795,553.4552
2021-09-09T16:00:00.000Z,1796,1800,1790,1796,340.1912
2021-09-09T20:00:00.000Z,1796,1798,1791,1796,152.1387
2021-09-10T00:00:00.000Z,1796,1801,1795,1798,204.2622
2021-09-10T04:00:00.000Z,1798,1805,1793,1804,191.2667
2021-09-10T08:00:00.000Z,1805,1806,1796,1800,233.1628
2021-09-10T12:00:00.000Z,1800,1806,1793,1795,1466.3008
2021-09-10T16:00:00.000Z,1796,1800,1790,1793,241.9722
2021-09-10T20:00:00.000Z,1794,1797,1788,1794,422.1243
2021-09-11T00:00:00.000Z,1793,1797,1788,1793,230.264
2021-09-11T04:00:00.000Z,1792,1797,1789,1793,120.7679
2021-09-11T08:00:00.000Z,1793,1797,1790,1796,281.9958
2021-09-11T12:00:00.000Z,1796,1799,1795,1797,273.4076
2021-09-11T16:00:00.000Z,1797,1799,1795,1797,206.3319
2021-09-11T20:00:00.000Z,1798,1805,1795,1798,257.4703
2021-09-12T00:00:00.000Z,1799,1801,1793,1799,166.9397
2021-09-12T04:00:00.000Z,1799,1802,1796,1801,194.4798
2021-09-12T08:00:00.000Z,1801,1810,1800,1802,525.2488
2021-09-12T12:00:00.000Z,1803,1812,1793,1799,574.5949
2021-09-12T16:00:00.000Z,1799,1803,1778,1796,960.2477
2021-09-12T20:00:00.000Z,1796,1799,1787,1793,565.4149
2021-09-13T00:00:00.000Z,1794,1799,1786,1798,497.6522
2021-09-13T04:00:00.000Z,1797,1807,1788,1795,477.8179
2021-09-13T08:00:00.000Z,1794,1801,1792,1798,427.5817
2021-09-13T12:00:00.000Z,1798,1806,1793,1804,1082.5618
2021-09-13T16:00:00.000Z,1803,1806,1796,1799,336.9151
2021-09-13T20:00:00.000Z,1800,1805,1797,1799,324.8169
2021-09-14T00:00:00.000Z,1800,1802,1795,1797,227.0259
2021-09-14T04:00:00.000Z,1797,1803,1796,1800,247.9666
2021-09-14T08:00:00.000Z,1800,1802,1785,1790,581.7813
2021-09-14T12:00:00.000Z,1791,1813,1788,1807,735.4647
2021-09-14T16:00:00.000Z,1807,1810,1802,1805,211.8163
2021-09-14T20:00:00.000Z,1805,1811,1799,1805,531.0138
2021-09-15T00:00:00.000Z,1805,1809,1800,1808,123.1852
2021-09-15T04:00:00.000Z,1808,1810,1803,1805,232.8539
2021-09-15T08:00:00.000Z,1805,1808,1798,1806,241.0026
2021-09-15T12:00:00.000Z,1806,1808,1796,1797,362.4595
2021-09-15T16:00:00.000Z,1797,1802,1797,1800,282.506
2021-09-15T20:00:00.000Z,1801,1803,1794,1798,574.4707
2021-09-16T00:00:00.000Z,1798,1802,1793,1795,180.7357
2021-09-16T04:00:00.000Z,1795,1800,1790,1793,325.6732
2021-09-16T08:00:00.000Z,1793,1795,1779,1779,528.684
2021-09-16T12:00:00.000Z,1779,1782,1755,1762,1291.9351
2021-09-16T16:00:00.000Z,1762,1770,1759,1764,578.4464
2021-09-16T20:00:00.000Z,1764,1766,1756,1764,325.6467
2021-09-17T00:00:00.000Z,1764,1768,1761,1766,241.5245
2021-09-17T04:00:00.000Z,1767,1777,1764,1769,214.3954
2021-09-17T08:00:00.000Z,1770,1775,1758,1766,455.6312
2021-09-17T12:00:00.000Z,1766,1769,1755,1761,503.0904
2021-09-17T16:00:00.000Z,1762,1765,1757,1763,347.705
2021-09-17T20:00:00.000Z,1763,1768,1761,1765,303.377
2021-09-18T00:00:00.000Z,1765,1767,1758,1765,206.782
2021-09-18T04:00:00.000Z,1765,1769,1760,1763,331.0705
2021-09-18T08:00:00.000Z,1763,1769,1757,1758,317.3256
2021-09-18T12:00:00.000Z,1760,1769,1758,1763,150.3537
2021-09-18T16:00:00.000Z,1763,1769,1760,1767,395.5434
2021-09-18T20:00:00.000Z,1766,1773,1764,1768,100.4221
2021-09-19T00:00:00.000Z,1768,1773,1767,1769,86.3551
2021-09-19T04:00:00.000Z,1769,1772,1766,1771,40.0714
2021-09-19T08:00:00.000Z,1771,1773,1764,1769,164.8901
2021-09-19T12:00:00.000Z,1768,1773,1766,1766,130.078
2021-09-19T16:00:00.000Z,1766,1773,1765,1768,137.0858
2021-09-19T20:00:00.000Z,1767,1775,1759,1764,547.6744
2021-09-20T00:00:00.000Z,1764,1768,1747,1754,613.225237
2021-09-20T04:00:00.000Z,1755,1771,1748,1760,624.6631
2021-09-20T08:00:00.000Z,1760,1771,1753,1764,1045.8836
2021-09-20T12:00:00.000Z,1764,1790,1751,1772,2479.8646
2021-09-20T16:00:00.000Z,1772,1776,1766,1775,1141.6753
2021-09-20T20:00:00.000Z,1776,1790,1770,1776,688.0634
2021-09-21T00:00:00.000Z,1777,1785,1767,1775,952.2333
2021-09-21T04:00:00.000Z,1776,1776,1761,1769,1316.4067
2021-09-21T08:00:00.000Z,1767,1775,1760,1769,475.644
2021-09-21T12:00:00.000Z,1769,1790,1767,1784,724.7537
2021-09-21T16:00:00.000Z,1784,1788,1776,1778,711.1704
2021-09-21T20:00:00.000Z,1778,1786,1772,1783,1360.408
2021-09-22T00:00:00.000Z,1783,1786,1775,1782,434.1294
2021-09-22T04:00:00.000Z,1782,1788,1778,1784,373.2062
2021-09-22T08:00:00.000Z,1785,1788,1778,1782,272.5232
2021-09-22T12:00:00.000Z,1781,1790,1778,1780,635.7932
2021-09-22T16:00:00.000Z,1780,1792,1770,1773,1537.2462
2021-09-22T20:00:00.000Z,1774,1778,1770,1770,509.625
2021-09-23T00:00:00.000Z,1771,1780,1765,1767,417.5478
2021-09-23T04:00:00.000Z,1767,1773,1763,1770,338.0812
2021-09-23T08:00:00.000Z,1769,1780,1769,1777,443.9242
2021-09-23T12:00:00.000Z,1778,1782,1753,1756,578.336
2021-09-23T16:00:00.000Z,1757,1761,1751,1754,542.6589
2021-09-23T20:00:00.000Z,1755,1760,1744,1756,804.32723
2021-09-24T00:00:00.000Z,1756,1761,1753,1761,175.6459
2021-09-24T04:00:00.000Z,1761,1765,1755,1763,308.0808
2021-09-24T08:00:00.000Z,1763,1766,1756,1758,1062.0947
2021-09-24T12:00:00.000Z,1758,1761,1747,1758,772.1626
2021-09-24T16:00:00.000Z,1757,1764,1753,1757,252.7526
2021-09-24T20:00:00.000Z,1757,1761,1752,1759,325.1285
2021-09-25T00:00:00.000Z,1759,1764,1752,1759,469.9098
2021-09-25T04:00:00.000Z,1759,1762,1755,1759,110.4891
2021-09-25T08:00:00.000Z,1758,1761,1753,1757,376.1378
2021-09-25T12:00:00.000Z,1756,1759,1751,1754,193.5935
2021-09-25T16:00:00.000Z,1754,1760,1752,1755,137.2847
2021-09-25T20:00:00.000Z,1756,1760,1755,1756,52.0795
2021-09-26T00:00:00.000Z,1757,1761,1753,1755,148.2081
2021-09-26T04:00:00.000Z,1756,1758,1750,1754,340.4613
2021-09-26T08:00:00.000Z,1753,1759,1750,1755,603.1385
2021-09-26T12:00:00.000Z,1755,1760,1752,1757,338.7217
2021-09-26T16:00:00.000Z,1757,1762,1755,1759,147.5308
2021-09-26T20:00:00.000Z,1760,1761,1752,1757,333.2289
2021-09-27T00:00:00.000Z,1757,1770,1756,1765,369.0429
2021-09-27T04:00:00.000Z,1765,1768,1760,1764,174.3304
2021-09-27T08:00:00.000Z,1764,1764,1753,1757,250.5511
2021-09-27T12:00:00.000Z,1758,1763,1754,1760,529.6048
2021-09-27T16:00:00.000Z,1761,1763,1757,1759,199.4225
2021-09-27T20:00:00.000Z,1759,1763,1756,1758,245.5859
2021-09-28T00:00:00.000Z,1759,1762,1752,1760,134.4823
2021-09-28T04:00:00.000Z,1760,1760,1745,1753,256.1
2021-09-28T08:00:00.000Z,1753,1754,1740,1743,377.910626
2021-09-28T12:00:00.000Z,1744,1751,1738,1746,525.008326
2021-09-28T16:00:00.000Z,1746,1750,1741,1744,242.651
2021-09-28T20:00:00.000Z,1744,1747,1741,1745,175.4945
2021-09-29T00:00:00.000Z,1745,1752,1742,1751,300.035
2021-09-29T04:00:00.000Z,1751,1752,1745,1748,255.4018
2021-09-29T08:00:00.000Z,1747,1755,1746,1753,303.3424
2021-09-29T12:00:00.000Z,1753,1753,1735.04,1738,395.4093
2021-09-29T16:00:00.000Z,1737,1738,1731,1734,567.729618
2021-09-29T20:00:00.000Z,1734,1739,1731,1739,170.1394
2021-09-30T00:00:00.000Z,1739,1745,1736,1743,482.2266
2021-09-30T04:00:00.000Z,1743,1745,1734,1739,360.0217
2021-09-30T08:00:00.000Z,1739,1742,1730,1735,896.514295
2021-09-30T12:00:00.000Z,1735,1770,1735,1767,663.0892
2021-09-30T16:00:00.000Z,1768,1770,1763,1764,332.7161
2021-09-30T20:00:00.000Z,1765,1768,1761,1763,167.4426
2021-10-01T00:00:00.000Z,1762,1768,1756,1760,182.4509
2021-10-01T04:00:00.000Z,1760,1769,1759,1762,249.6688
2021-10-01T08:00:00.000Z,1762,1767,1758,1761,781.5722
2021-10-01T12:00:00.000Z,1761,1768,1750,1767,640.1763
2021-10-01T16:00:00.000Z,1767,1770,1760,1763,288.3782
2021-10-01T20:00:00.000Z,1764,1770,1760,1765,297.9517
2021-10-02T00:00:00.000Z,1765,1770,1762,1763,149.9687
2021-10-02T04:00:00.000Z,1764,1767,1761,1765,102.7711
2021-10-02T08:00:00.000Z,1765,1767,1762,1765,120.1862
2021-10-02T12:00:00.000Z,1764,1769,1762,1767,180.6825
2021-10-02T16:00:00.000Z,1767,1770,1762,1767,227.8017
2021-10-02T20:00:00.000Z,1767,1768,1762,1764,184.6964
2021-10-03T00:00:00.000Z,1764,1770,1762,1768,167.8173
2021-10-03T04:00:00.000Z,1769,1770,1762,1767,232.0651
2021-10-03T08:00:00.000Z,1767,1768,1762,1767,104.8803
2021-10-03T12:00:00.000Z,1767,1769,1764,1767,149.6506
2021-10-03T16:00:00.000Z,1767,1771,1766,1769,176.9751
2021-10-03T20:00:00.000Z,1770,1774,1763,1771,190.0523
2021-10-04T00:00:00.000Z,1772,1773,1761,1767,176.8015
2021-10-04T04:00:00.000Z,1768,1772,1762,1763,253.9596
2021-10-04T08:00:00.000Z,1763,1764,1755,1760,275.9416
2021-10-04T12:00:00.000Z,1760,1776,1757,1772,634.2597
2021-10-04T16:00:00.000Z,1772,1779,1730,1771,1141.9979
2021-10-04T20:00:00.000Z,1772,1775,1769,1773,257.33
2021-10-05T00:00:00.000Z,1773,1776,1768,1769,88.7903
2021-10-05T04:00:00.000Z,1769,1770,1764,1765,90.6142
2021-10-05T08:00:00.000Z,1765,1768,1759,1764,277.2086
2021-10-05T12:00:00.000Z,1764,1768,1755,1767,377.898
2021-10-05T16:00:00.000Z,1768,1771,1764,1770,248.1717
2021-10-05T20:00:00.000Z,1770,1771,1761,1764,256.5224
2021-10-06T00:00:00.000Z,1763,1766,1757,1758,219.7375
2021-10-06T04:00:00.000Z,1759,1763,1754,1756,203.8514
2021-10-06T08:00:00.000Z,1756,1760,1750,1759,242.4421
2021-10-06T12:00:00.000Z,1759,1768,1759,1765,986.9396
2021-10-06T16:00:00.000Z,1764,1768,1759,1767,441.1643
2021-10-06T20:00:00.000Z,1768,1771,1763,1765,303.0291
2021-10-07T00:00:00.000Z,1765,1767,1756,1763,531.7925
2021-10-07T04:00:00.000Z,1763,1773,1754,1770,234.5195
2021-10-07T08:00:00.000Z,1770,1771,1763,1768,159.2285
2021-10-07T12:00:00.000Z,1768,1768,1757,1764,445.9046
2021-10-07T16:00:00.000Z,1763,1766,1760,1762,143.1092
2021-10-07T20:00:00.000Z,1762,1764,1756,1759,175.9324
2021-10-08T00:00:00.000Z,1760,1764,1757,1764,149.8577
2021-10-08T04:00:00.000Z,1763,1766,1760,1763,95.3854
2021-10-08T08:00:00.000Z,1762,1766,1748,1764,847.9278
2021-10-08T12:00:00.000Z,1764,1784,1755,1763,678.9163
2021-10-08T16:00:00.000Z,1763,1767,1758,1765,213.2999
2021-10-08T20:00:00.000Z,1764,1764,1756,1762,261.3867
2021-10-09T00:00:00.000Z,1762,1765,1760,1762,104.3876
2021-10-09T04:00:00.000Z,1762,1766,1761,1763,120.0473
2021-10-09T08:00:00.000Z,1764,1767,1761,1763,215.1503
2021-10-09T12:00:00.000Z,1763,1766,1760,1764,197.3496
2021-10-09T16:00:00.000Z,1764,1765,1760,1761,78.8249
2021-10-09T20:00:00.000Z,1761,1765,1760,1762,93.6376
2021-10-10T00:00:00.000Z,1763,1764,1759,1764,132.3571
2021-10-10T04:00:00.000Z,1763,1766,1761,1762,100.9125
2021-10-10T08:00:00.000Z,1762,1765,1761,1764,61.7913
2021-10-10T12:00:00.000Z,1764,1765,1760,1764,70.9051
2021-10-10T16:00:00.000Z,1763,1766,1759,1762,276.254
2021-10-10T20:00:00.000Z,1762,1765,1757,1758,293.2697
2021-10-11T00:00:00.000Z,1759,1766,1757,1760,193.4796
2021-10-11T04:00:00.000Z,1761,1764,1759,1762,165.4482
2021-10-11T08:00:00.000Z,1762,1764,1757,1760,475.0492
2021-10-11T12:00:00.000Z,1760,1767,1755,1762,466.0863
2021-10-11T16:00:00.000Z,1762,1763,1755,1757,603.8759
2021-10-11T20:00:00.000Z,1757,1767,1755,1760,175.2675
2021-10-12T00:00:00.000Z,1760,1763,1757,1762,69.4581
2021-10-12T04:00:00.000Z,1761,1770,1759,1764,146.1782
2021-10-12T08:00:00.000Z,1763,1769,1761,1768,148.592
2021-10-12T12:00:00.000Z,1767,1774,1759,1765,829.5849
2021-10-12T16:00:00.000Z,1765,1766,1761,1764,147.8914
2021-10-12T20:00:00.000Z,1764,1772,1761,1764,399.682
2021-10-13T00:00:00.000Z,1765,1770,1764,1767,81.7054
2021-10-13T04:00:00.000Z,1768,1770,1762,1768,301.8861
2021-10-13T08:00:00.000Z,1767,1777,1767,1776,162.9
2021-10-13T12:00:00.000Z,1777,1801,1764,1795,988.3959
2021-10-13T16:00:00.000Z,1795,1799,1792,1793,158.8069
2021-10-13T20:00:00.000Z,1794,1799,1789,1796,308.6558
2021-10-14T00:00:00.000Z,1796,1797,1788,1789,134.6227
2021-10-14T04:00:00.000Z,1790,1798,1789,1797,225.379
2021-10-14T08:00:00.000Z,1796,1807,1796,1800,370.0493
2021-10-14T12:00:00.000Z,1800,1810,1799,1805,261.1615
2021-10-14T16:00:00.000Z,1805,1808,1800,1804,216.3801
2021-10-14T20:00:00.000Z,1803,1804,1798,1800,89.4675
2021-10-15T00:00:00.000Z,1801,1803,1797,1799,292.9587
2021-10-15T04:00:00.000Z,1800,1805,1791,1792,398.6435
2021-10-15T08:00:00.000Z,1792,1795,1784,1785,291.981
2021-10-15T12:00:00.000Z,1783,1785,1767,1774,707.7016
2021-10-15T16:00:00.000Z,1775,1778,1771,1776,597.1629
2021-10-15T20:00:00.000Z,1776,1782,1772,1775,302.517
2021-10-16T00:00:00.000Z,1774,1783,1772,1775,130.6199
2021-10-16T04:00:00.000Z,1775,1780,1773,1775,157.9384
2021-10-16T08:00:00.000Z,1775,1778,1772,1774,1049.0539
2021-10-16T12:00:00.000Z,1774,1778,1771,1774,237.3005
2021-10-16T16:00:00.000Z,1773,1777,1771,1771,290.8016
2021-10-16T20:00:00.000Z,1772,1773,1768,1771,143.4694
2021-10-17T00:00:00.000Z,1771,1779,1770,1773,706.0017
2021-10-17T04:00:00.000Z,1773,1775,1770,1771,91.1751
2021-10-17T08:00:00.000Z,1771,1780,1769,1771,216.733
2021-10-17T12:00:00.000Z,1772,1774,1770,1772,115.8486
2021-10-17T16:00:00.000Z,1771,1776,1770,1772,125.4632
2021-10-17T20:00:00.000Z,1772,1777,1768,1776,495.704
2021-10-18T00:00:00.000Z,1776,1780,1773,1775,142.4015
2021-10-18T04:00:00.000Z,1776,1777,1768,1771,153.4283
2021-10-18T08:00:00.000Z,1771,1776,1765,1767,424.8529
2021-10-18T12:00:00.000Z,1766,1777,1764,1774,489.5011
2021-10-18T16:00:00.000Z,1774,1777,1767,1772,396.715
2021-10-18T20:00:00.000Z,1771,1774,1767,1770,169.1671
2021-10-19T00:00:00.000Z,1770,1782,1768,1781,131.5596
2021-10-19T04:00:00.000Z,1781,1784,1777,1783,340.8522
2021-10-19T08:00:00.000Z,1783,1788,1781,1784,164.4819
2021-10-19T12:00:00.000Z,1784,1789,1772,1775,329.0562
2021-10-19T16:00:00.000Z,1775,1779,1771,1778,431.5831
2021-10-19T20:00:00.000Z,1778,1781,1771,1776,230.6563
2021-10-20T00:00:00.000Z,1778,1782,1774,1778,115.9135
2021-10-20T04:00:00.000Z,1778,1783,1776,1782,69.7131
2021-10-20T08:00:00.000Z,1782,1785,1779,1781,114.8046
2021-10-20T12:00:00.000Z,1782,1793,1782,1791,923.7726
2021-10-20T16:00:00.000Z,1791,1793,1785,1790,324.1642
2021-10-20T20:00:00.000Z,1791,1793,1777,1783,1241.5468
2021-10-21T00:00:00.000Z,1783,1794,1782,1789,265.8029
2021-10-21T04:00:00.000Z,1790,1792,1785,1788,206.0523
2021-10-21T08:00:00.000Z,1789,1795,1780,1782,528.3889
2021-10-21T12:00:00.000Z,1783,1790,1779,1785,736.7065
2021-10-21T16:00:00.000Z,1784,1790,1782,1787,188.0121
2021-10-21T20:00:00.000Z,1788,1791,1787,1787,103.7902
2021-10-22T00:00:00.000Z,1787,1793,1786,1791,154.9112
2021-10-22T04:00:00.000Z,1792,1797,1791,1797,116.9886
2021-10-22T08:00:00.000Z,1797,1799,1791,1799,197.9229
2021-10-22T12:00:00.000Z,1799,1819,1788,1790,851.584
2021-10-22T16:00:00.000Z,1791,1812,1789,1801,410.4975
2021-10-22T20:00:00.000Z,1800,1801,1792,1797,187.3402
2021-10-23T00:00:00.000Z,1798,1802,1796,1800,108.6406
2021-10-23T04:00:00.000Z,1800,1801,1796,1798,62.292
2021-10-23T08:00:00.000Z,1799,1800,1792,1796,205.6475
2021-10-23T12:00:00.000Z,1795,1801,1794,1799,154.1282
2021-10-23T16:00:00.000Z,1798,1801,1795,1796,129.3785
2021-10-23T20:00:00.000Z,1795,1800,1795,1799,53.3733
2021-10-24T00:00:00.000Z,1800,1800,1798,1798,40.2744
2021-10-24T04:00:00.000Z,1798,1799,1795,1796,97.1747
2021-10-24T08:00:00.000Z,1796,1798,1793,1794,112.6853
2021-10-24T12:00:00.000Z,1794,1799,1793,1799,264.6651
2021-10-24T16:00:00.000Z,1799,1800,1791,1796,193.8105
2021-10-24T20:00:00.000Z,1796,1802,1793,1801,283.5909
2021-10-25T00:00:00.000Z,1802,1803,1791,1802,234.53
2021-10-25T04:00:00.000Z,1803,1808,1801,1804,181.9494
2021-10-25T08:00:00.000Z,1805,1810,1803,1808,94.8423
2021-10-25T12:00:00.000Z,1808,1815,1804,1814,160.7578
2021-10-25T16:00:00.000Z,1815,1817,1805,1807,217.8663
2021-10-25T20:00:00.000Z,1809,1818,1802,1812,444.5589
2021-10-26T00:00:00.000Z,1813,1820,1807,1810,139.2549
2021-10-26T04:00:00.000Z,1811,1814,1806,1807,116.1751
2021-10-26T08:00:00.000Z,1808,1811,1802,1809,205.2629
2021-10-26T12:00:00.000Z,1809,1809,1786,1797,534.2174
2021-10-26T16:00:00.000Z,1796,1799,1792,1797,208.2272
2021-10-26T20:00:00.000Z,1797,1802,1794,1795,346.3115
2021-10-27T00:00:00.000Z,1795,1797,1793,1796,115.1408
2021-10-27T04:00:00.000Z,1796,1798,1791,1793,128.3076
2021-10-27T08:00:00.000Z,1793,1796,1788,1795,531.1441
2021-10-27T12:00:00.000Z,1795,1801,1788,1796,384.113
2021-10-27T16:00:00.000Z,1796,1809,1796,1802,297.876
2021-10-27T20:00:00.000Z,1802,1805,1800,1802,191.7493
2021-10-28T00:00:00.000Z,1802,1809,1797,1802,214.2834
2021-10-28T04:00:00.000Z,1803,1809,1801,1805,151.8749
2021-10-28T08:00:00.000Z,1805,1811,1800,1803,501.6362
2021-10-28T12:00:00.000Z,1803,1812,1796,1803,753.1146
2021-10-28T16:00:00.000Z,1803,1805,1797,1802,425.5639
2021-10-28T20:00:00.000Z,1802,1805,1797,1802,193.0497
2021-10-29T00:00:00.000Z,1802,1805,1794,1799,243.5676
2021-10-29T04:00:00.000Z,1800,1800,1791,1795,155.5637
2021-10-29T08:00:00.000Z,1795,1799,1788,1794,383.1377
2021-10-29T12:00:00.000Z,1795,1795,1775,1778,762.451
2021-10-29T16:00:00.000Z,1779,1786,1779,1784,463.4781
2021-10-29T20:00:00.000Z,1785,1786,1777,1782,124.0022
2021-10-30T00:00:00.000Z,1783,1786,1779,1784,141.9092
2021-10-30T04:00:00.000Z,1783,1787,1777,1782,147.8504
2021-10-30T08:00:00.000Z,1783,1785,1780,1784,105.0832
2021-10-30T12:00:00.000Z,1784,1792,1777,1782,816.8488
2021-10-30T16:00:00.000Z,1783,1788,1777,1786,386.6596
2021-10-30T20:00:00.000Z,1785,1787,1784,1786,133.3877
2021-10-31T00:00:00.000Z,1785,1787,1784,1785,125.4463
2021-10-31T04:00:00.000Z,1786,1787,1784,1786,54.9747
2021-10-31T08:00:00.000Z,1786,1787,1778,1782,253.5414
2021-10-31T12:00:00.000Z,1782,1785,1778,1781,171.4255
2021-10-31T16:00:00.000Z,1781,1786,1777,1781,210.1761
2021-10-31T20:00:00.000Z,1782,1787,1777,1779,176.3667
2021-11-01T00:00:00.000Z,1779,1786,1779,1783,126.6869
2021-11-01T04:00:00.000Z,1782,1787,1777,1785,198.3583
2021-11-01T08:00:00.000Z,1785,1788,1780,1785,351.1716
2021-11-01T12:00:00.000Z,1785,1797,1783,1791,456.7045
2021-11-01T16:00:00.000Z,1791,1794,1785,1793,197.2931
2021-11-01T20:00:00.000Z,1792,1793,1788,1791,79.3951
2021-11-02T00:00:00.000Z,1791,1794,1786,1790,117.8343
2021-11-02T04:00:00.000Z,1789,1797,1789,1793,153.7037
2021-11-02T08:00:00.000Z,1794,1796,1789,1790,400.0183
2021-11-02T12:00:00.000Z,1791,1795,1782,1789,482.9177
2021-11-02T16:00:00.000Z,1790,1793,1786,1787,242.639
2021-11-02T20:00:00.000Z,1787,1791,1783,1789,218.4734
2021-11-03T00:00:00.000Z,1789,1791,1783,1785,319.9722
2021-11-03T04:00:00.000Z,1785,1787,1780,1785,114.4631
2021-11-03T08:00:00.000Z,1785,1788,1780,1783,148.5393
2021-11-03T12:00:00.000Z,1783,1788,1762,1765,881.2371
2021-11-03T16:00:00.000Z,1765,1781,1764,1776,878.0011
2021-11-03T20:00:00.000Z,1775,1788,1771,1778,409.5486
2021-11-04T00:00:00.000Z,1778,1779,1773,1778,151.0373
2021-11-04T04:00:00.000Z,1778,1780,1771,1774,155.7003
2021-11-04T08:00:00.000Z,1775,1780,1772,1779,324.3046
2021-11-04T12:00:00.000Z,1780,1797,1779,1792,591.4413
2021-11-04T16:00:00.000Z,1791,1792,1785,1791,146.287
2021-11-04T20:00:00.000Z,1791,1792,1786,1792,131.943
2021-11-05T00:00:00.000Z,1791,1797,1790,1795,145.9013
2021-11-05T04:00:00.000Z,1794,1801,1792,1796,312.3659
2021-11-05T08:00:00.000Z,1796,1799,1790,1794,181.5807
2021-11-05T12:00:00.000Z,1793,1812,1786,1809,638.5422
2021-11-05T16:00:00.000Z,1810,1825,1807,1815,335.1069
2021-11-05T20:00:00.000Z,1816,1821,1810,1817,165.417
2021-11-06T00:00:00.000Z,1818,1818,1815,1817,49.982
2021-11-06T04:00:00.000Z,1817,1821,1813,1818,74.6649
2021-11-06T08:00:00.000Z,1818,1821,1812,1819,191.9138
2021-11-06T12:00:00.000Z,1819,1823,1810,1813,351.143
2021-11-06T16:00:00.000Z,1814,1818,1810,1817,230.6251
2021-11-06T20:00:00.000Z,1816,1820,1809,1819,221.8393
2021-11-07T00:00:00.000Z,1820,1820,1816,1817,100.6456
2021-11-07T04:00:00.000Z,1816,1822,1813,1818,266.7555
2021-11-07T08:00:00.000Z,1818,1821,1814,1816,111.3991
2021-11-07T12:00:00.000Z,1816,1819,1815,1819,86.2193
2021-11-07T16:00:00.000Z,1818,1822,1810,1817,417.977
2021-11-07T20:00:00.000Z,1816,1822,1816,1817,125.4185
2021-11-08T00:00:00.000Z,1817,1822,1813,1821,279.9427
2021-11-08T04:00:00.000Z,1821,1825,1815,1819,530.0803
2021-11-08T08:00:00.000Z,1819,1821,1815,1818,172.1376
2021-11-08T12:00:00.000Z,1818,1826,1814,1822,300.7214
2021-11-08T16:00:00.000Z,1824,1827,1820,1825,155.7583
2021-11-08T20:00:00.000Z,1824,1832,1821,1826,295.3017
2021-11-09T00:00:00.000Z,1826,1831,1823,1827,204.2818
2021-11-09T04:00:00.000Z,1827,1831,1822,1824,953.5182
2021-11-09T08:00:00.000Z,1823,1836,1823,1828,1259.1398
2021-11-09T12:00:00.000Z,1827,1834,1824,1828,354.7108
2021-11-09T16:00:00.000Z,1827,1836,1824,1833,373.2243
2021-11-09T20:00:00.000Z,1833,1839,1830,1832,540.5039
2021-11-10T00:00:00.000Z,1832,1836,1830,1831,340.3937
2021-11-10T04:00:00.000Z,1831,1834,1826,1827,484.7583
2021-11-10T08:00:00.000Z,1827,1832,1822,1826,439.7751
2021-11-10T12:00:00.000Z,1825,1866,1824,1856,755.608784
2021-11-10T16:00:00.000Z,1856,1861,1843,1850,349.05
2021-11-10T20:00:00.000Z,1850,1865,1842,1852,1408.0781
2021-11-11T00:00:00.000Z,1852,1856,1845,1853,357.9123
2021-11-11T04:00:00.000Z,1853,1871,1849,1858,590.0078
2021-11-11T08:00:00.000Z,1858,1866,1847,1863,447.7347
2021-11-11T12:00:00.000Z,1863,1869,1853,1866,472.2879
2021-11-11T16:00:00.000Z,1866,1869,1862,1863,222.5005
2021-11-11T20:00:00.000Z,1864,1871,1860,1862,215.0674
2021-11-12T00:00:00.000Z,1862,1868,1856,1859,160.0104
2021-11-12T04:00:00.000Z,1859,1863,1858,1860,76.9227
2021-11-12T08:00:00.000Z,1859,1862,1844,1852,640.3233
2021-11-12T12:00:00.000Z,1853,1875,1852,1864,562.4355
2021-11-12T16:00:00.000Z,1863,1873,1859,1871,417.5183
2021-11-12T20:00:00.000Z,1871,1875,1867,1871,247.117
2021-11-13T00:00:00.000Z,1871,1875,1870,1871,147.9544
2021-11-13T04:00:00.000Z,1872,1874,1868,1872,86.0154
2021-11-13T08:00:00.000Z,1871,1875,1868,1873,289.9831
2021-11-13T12:00:00.000Z,1872,1874,1868,1871,298.3738
2021-11-13T16:00:00.000Z,1872,1875,1869,1873,156.4998
2021-11-13T20:00:00.000Z,1873,1875,1872,1872,135.7773
2021-11-14T00:00:00.000Z,1873,1874,1871,1873,98.5968
2021-11-14T04:00:00.000Z,1872,1875,1870,1872,74.2924
2021-11-14T08:00:00.000Z,1873,1875,1868,1872,145.6821
2021-11-14T12:00:00.000Z,1872,1873,1866,1869,155.8341
2021-11-14T16:00:00.000Z,1869,1875,1866,1871,195.3374
2021-11-14T20:00:00.000Z,1872,1875,1866,1872,165.4036
2021-11-15T00:00:00.000Z,1873,1876,1865,1867,382.8196
2021-11-15T04:00:00.000Z,1866,1867,1863,1866,52.0303
2021-11-15T08:00:00.000Z,1867,1874,1861,1871,206.5634
2021-11-15T12:00:00.000Z,1871,1877,1862,1868,389.806
2021-11-15T16:00:00.000Z,1867,1873,1864,1873,307.6015
2021-11-15T20:00:00.000Z,1873,1878,1863,1869,213.3131
2021-11-16T00:00:00.000Z,1869,1874,1862,1869,553.0111
2021-11-16T04:00:00.000Z,1868,1874,1866,1870,300.0099
2021-11-16T08:00:00.000Z,1869,1883,1866,1880,1220.423585
2021-11-16T12:00:00.000Z,1880,1885,1863,1865,804.1781
2021-11-16T16:00:00.000Z,1864,1866,1852,1857,411.1542
2021-11-16T20:00:00.000Z,1858,1860,1854,1857,364.0381
2021-11-17T00:00:00.000Z,1857,1861,1850,1855,870.9304
2021-11-17T04:00:00.000Z,1855,1861,1851,1858,154.8011
2021-11-17T08:00:00.000Z,1859,1865,1854,1863,415.3328
2021-11-17T12:00:00.000Z,1863,1869,1851,1866,405.6315
2021-11-17T16:00:00.000Z,1866,1872,1862,1866,268.7811
2021-11-17T20:00:00.000Z,1866,1870,1851,1868,494.6101
2021-11-18T00:00:00.000Z,1868,1876,1866,1866,157.8375
2021-11-18T04:00:00.000Z,1866,1873,1865,1867,90.7159
2021-11-18T08:00:00.000Z,1867,1874,1861,1865,207.5228
2021-11-18T12:00:00.000Z,1865,1866,1856,1862,438.2097
2021-11-18T16:00:00.000Z,1862,1868,1851,1861,1263.3992
2021-11-18T20:00:00.000Z,1861,1863,1855,1859,565.0368
2021-11-19T00:00:00.000Z,1859,1865,1855,1863,314.0799
2021-11-19T04:00:00.000Z,1863,1867,1855,1857,286.6322
2021-11-19T08:00:00.000Z,1856,1864,1850,1863,588.2249
2021-11-19T12:00:00.000Z,1862,1863,1851,1856,322.961
2021-11-19T16:00:00.000Z,1854,1858,1844,1849,478.842
2021-11-19T20:00:00.000Z,1849,1859,1837,1846,385.7606
2021-11-20T00:00:00.000Z,1845,1849,1840,1846,265.0304
2021-11-20T04:00:00.000Z,1847,1849,1842,1845,106.7447
2021-11-20T08:00:00.000Z,1845,1846,1841,1842,65.219
2021-11-20T12:00:00.000Z,1843,1848,1840,1845,164.539
2021-11-20T16:00:00.000Z,1845,1851,1841,1843,424.5495
2021-11-20T20:00:00.000Z,1843,1845,1838,1843,83.8595
2021-11-21T00:00:00.000Z,1844,1849,1840,1846,216.0155
2021-11-21T04:00:00.000Z,1847,1852,1841,1847,255.7463
2021-11-21T08:00:00.000Z,1848,1852,1841,1846,212.1352
2021-11-21T12:00:00.000Z,1847,1850,1846,1846,137.0815
2021-11-21T16:00:00.000Z,1846,1850,1841,1848,214.2684
2021-11-21T20:00:00.000Z,1848,1850,1840,1843,260.8977
2021-11-22T00:00:00.000Z,1844,1850,1839,1843,350.4321
2021-11-22T04:00:00.000Z,1843,1849,1840,1842,181.433
2021-11-22T08:00:00.000Z,1841,1847,1840,1842,336.8658
2021-11-22T12:00:00.000Z,1842,1845,1816,1820,874.0331
2021-11-22T16:00:00.000Z,1820,1827,1803,1804,672.5292
2021-11-22T20:00:00.000Z,1804,1814,1793,1811,640.6533
2021-11-23T00:00:00.000Z,1811,1819,1810,1812,292.7832
2021-11-23T04:00:00.000Z,1812,1812,1805,1811,424.013
2021-11-23T08:00:00.000Z,1811,1813,1794,1797,774.0529
2021-11-23T12:00:00.000Z,1797,1807,1785,1790,867.5378
2021-11-23T16:00:00.000Z,1791,1794,1783,1792,239.7986
2021-11-23T20:00:00.000Z,1792,1805,1787,1792,330.7439
2021-11-24T00:00:00.000Z,1792,1800,1790,1796,274.667
2021-11-24T04:00:00.000Z,1796,1800,1793,1794,119.7293
2021-11-24T08:00:00.000Z,1794,1799,1786,1792,287.5079
2021-11-24T12:00:00.000Z,1790,1791,1778,1786,308.9764
2021-11-24T16:00:00.000Z,1785,1793,1783,1785,155.2929
2021-11-24T20:00:00.000Z,1785,1794,1785,1792,154.4946
2021-11-25T00:00:00.000Z,1792,1796,1787,1791,204.2967
2021-11-25T04:00:00.000Z,1792,1795,1791,1793,84.4315
2021-11-25T08:00:00.000Z,1793,1798,1791,1793,276.5048
2021-11-25T12:00:00.000Z,1793,1797,1791,1791,287.7976
2021-11-25T16:00:00.000Z,1791,1796,1789,1790,258.6092
2021-11-25T20:00:00.000Z,1790,1797,1790,1796,160.1785
2021-11-26T00:00:00.000Z,1796,1802,1792,1801,306.2658
2021-11-26T04:00:00.000Z,1801,1810,1798,1809,447.9945
2021-11-26T08:00:00.000Z,1808,1815,1793,1812,1874.1283
2021-11-26T12:00:00.000Z,1811,1818,1796,1799,956.8476
2021-11-26T16:00:00.000Z,1799,1801,1783,1792,717.0431
2021-11-26T20:00:00.000Z,1793,1798,1790,1795,284.6144
2021-11-27T00:00:00.000Z,1795,1799,1794,1795,215.5965
2021-11-27T04:00:00.000Z,1794,1797,1793,1796,81.2511
2021-11-27T08:00:00.000Z,1796,1796,1791,1794,211.2576
2021-11-27T12:00:00.000Z,1793,1797,1790,1792,223.7716
2021-11-27T16:00:00.000Z,1792,1794,1788,1792,182.9512
2021-11-27T20:00:00.000Z,1793,1797,1789,1792,245.4536
2021-11-28T00:00:00.000Z,1791,1796,1789,1791,187.0006
2021-11-28T04:00:00.000Z,1792,1796,1791,1793,113.8661
2021-11-28T08:00:00.000Z,1793,1796,1791,1794,132.7694
2021-11-28T12:00:00.000Z,1793,1795,1789,1792,107.766
2021-11-28T16:00:00.000Z,1793,1797,1789,1793,320.6872
2021-11-28T20:00:00.000Z,1793,1798,1781,1794,655.9456
2021-11-29T00:00:00.000Z,1794,1797,1789,1795,269.3077
2021-11-29T04:00:00.000Z,1795,1797,1791,1797,92.7049
2021-11-29T08:00:00.000Z,1797,1799,1790,1792,267.2718
2021-11-29T12:00:00.000Z,1792,1798,1785,1788,339.9742
2021-11-29T16:00:00.000Z,1787,1789,1783,1784,342.1755
2021-11-29T20:00:00.000Z,1785,1791,1784,1789,163.1499
2021-11-30T00:00:00.000Z,1789,1795,1785,1790,275.3665
2021-11-30T04:00:00.000Z,1790,1798,1790,1792,207.8618
2021-11-30T08:00:00.000Z,1792,1800,1790,1795,383.2246
2021-11-30T12:00:00.000Z,1796,1817,1784,1784,691.2789
2021-11-30T16:00:00.000Z,1784,1788,1769,1780,686.6676
2021-11-30T20:00:00.000Z,1779,1781,1772,1776,271.8862
2021-12-01T00:00:00.000Z,1776,1784,1774,1781,630.8217
2021-12-01T04:00:00.000Z,1780,1795,1779,1786,250.4202
2021-12-01T08:00:00.000Z,1786,1792,1775,1788,283.0017
2021-12-01T12:00:00.000Z,1788,1791,1786,1789,219.7359
2021-12-01T16:00:00.000Z,1789,1791,1777,1783,647.0113
2021-12-01T20:00:00.000Z,1783,1785,1777,1784,153.7427
2021-12-02T00:00:00.000Z,1784,1785,1778,1779,177.132
2021-12-02T04:00:00.000Z,1779,1782,1777,1778,173.1656
2021-12-02T08:00:00.000Z,1778,1783,1760,1780,845.7784
2021-12-02T12:00:00.000Z,1780,1781,1762,1769,690.4272
2021-12-02T16:00:00.000Z,1769,1770,1763,1768,222.9783
2021-12-02T20:00:00.000Z,1769,1776,1768,1772,211.1912
2021-12-03T00:00:00.000Z,1773,1774,1771,1772,204.4692
2021-12-03T04:00:00.000Z,1772,1774,1771,1772,122.783
2021-12-03T08:00:00.000Z,1771,1778,1768,1775,781.6047
2021-12-03T12:00:00.000Z,1775,1778,1763,1770,825.4028
2021-12-03T16:00:00.000Z,1769,1790,1766,1782,1123.5732
2021-12-03T20:00:00.000Z,1782,1789,1774,1781,847.2164
2021-12-04T00:00:00.000Z,1782,1787,1764,1780,1027.7203
2021-12-04T04:00:00.000Z,1779,1786,1765,1779,2225.6335
2021-12-04T08:00:00.000Z,1779,1786,1760,1780,1544.1653
2021-12-04T12:00:00.000Z,1781,1788,1772,1779,1162.0357
2021-12-04T16:00:00.000Z,1779,1784,1776,1781,567.0455
2021-12-04T20:00:00.000Z,1780,1789,1776,1781,665.5973
2021-12-05T00:00:00.000Z,1780,1786,1778,1782,254.5114
2021-12-05T04:00:00.000Z,1783,1786,1771,1781,222.4534
2021-12-05T08:00:00.000Z,1781,1784,1778,1783,138.4466
2021-12-05T12:00:00.000Z,1783,1786,1770,1781,2047.6945
2021-12-05T16:00:00.000Z,1781,1785,1778,1780,175.7047
2021-12-05T20:00:00.000Z,1781,1790,1779,1783,225.9944
2021-12-06T00:00:00.000Z,1784,1792,1782,1787,173.5319
2021-12-06T04:00:00.000Z,1786,1789,1780,1784,678.102
2021-12-06T08:00:00.000Z,1785,1799,1778,1783,697.2843
2021-12-06T12:00:00.000Z,1781,1786,1776,1782,569.31
2021-12-06T16:00:00.000Z,1782,1789,1778,1782,373.5042
2021-12-06T20:00:00.000Z,1781,1785,1776,1785,715.7181
2021-12-07T00:00:00.000Z,1783,1785,1776,1782,200.5115
2021-12-07T04:00:00.000Z,1781,1790,1777,1783,224.6711
2021-12-07T08:00:00.000Z,1782,1788,1777,1784,276.3035
2021-12-07T12:00:00.000Z,1785,1788,1774,1785,416.1243
2021-12-07T16:00:00.000Z,1785,1791,1782,1785,344.3143
2021-12-07T20:00:00.000Z,1785,1799,1782,1789,260.9197
2021-12-08T00:00:00.000Z,1789,1794,1786,1792,60.8767
2021-12-08T04:00:00.000Z,1791,1800,1784,1791,245.141
2021-12-08T08:00:00.000Z,1791,1800,1786,1787,414.3623
2021-12-08T12:00:00.000Z,1787,1788,1781,1783,482.101
2021-12-08T16:00:00.000Z,1785,1794,1780,1785,409.8981
2021-12-08T20:00:00.000Z,1785,1790,1783,1785,129.2916
2021-12-09T00:00:00.000Z,1786,1790,1782,1784,276.4919
2021-12-09T04:00:00.000Z,1783,1793,1782,1791,345.0293
2021-12-09T08:00:00.000Z,1791,1791,1780,1782,424.4685
2021-12-09T12:00:00.000Z,1782,1784,1775,1781,419.8579
2021-12-09T16:00:00.000Z,1781,1784,1774,1777,539.6827
2021-12-09T20:00:00.000Z,1777,1780,1770,1774,507.2711
2021-12-10T00:00:00.000Z,1774,1780,1774,1780,121.9635
2021-12-10T04:00:00.000Z,1780,1784,1770,1772,224.9166
2021-12-10T08:00:00.000Z,1773,1777,1768,1773,227.4858
2021-12-10T12:00:00.000Z,1773,1787,1772,1783,627.3642
2021-12-10T16:00:00.000Z,1782,1797,1778,1785,542.1412
2021-12-10T20:00:00.000Z,1785,1790,1780,1783,736.2592
2021-12-11T00:00:00.000Z,1783,1788,1780,1783,341.5827
2021-12-11T04:00:00.000Z,1784,1788,1781,1784,115.7591
2021-12-11T08:00:00.000Z,1784,1788,1781,1784,284.0028
2021-12-11T12:00:00.000Z,1783,1788,1782,1786,268.7554
2021-12-11T16:00:00.000Z,1786,1787,1780,1782,223.4428
2021-12-11T20:00:00.000Z,1783,1786,1780,1785,181.2314
2021-12-12T00:00:00.000Z,1784,1786,1779,1781,164.5027
2021-12-12T04:00:00.000Z,1781,1782,1778,1780,27.7988
2021-12-12T08:00:00.000Z,1782,1786,1778,1784,83.4093
2021-12-12T12:00:00.000Z,1785,1786,1780,1781,72.5795
2021-12-12T16:00:00.000Z,1782,1786,1780,1782,174.0539
2021-12-12T20:00:00.000Z,1782,1786,1779,1784,179.227
2021-12-13T00:00:00.000Z,1784,1789,1783,1787,210.6362
2021-12-13T04:00:00.000Z,1787,1795,1782,1787,129.921
2021-12-13T08:00:00.000Z,1787,1788,1782,1787,172.8451
2021-12-13T12:00:00.000Z,1788,1789,1782,1784,356.822
2021-12-13T16:00:00.000Z,1785,1794,1783,1784,760.697
2021-12-13T20:00:00.000Z,1784,1796,1783,1789,650.0067
2021-12-14T00:00:00.000Z,1789,1793,1787,1788,194.2375
2021-12-14T04:00:00.000Z,1788,1797,1784,1787,553.9696
2021-12-14T08:00:00.000Z,1788,1790,1783,1787,498.5916
2021-12-14T12:00:00.000Z,1787,1788,1769,1777,741.4857
2021-12-14T16:00:00.000Z,1776,1779,1772,1774,180.197
2021-12-14T20:00:00.000Z,1773,1780,1772,1775,646.9893
2021-12-15T00:00:00.000Z,1775,1781,1771,1773,370.8333
2021-12-15T04:00:00.000Z,1774,1776,1771,1773,128.06
2021-12-15T08:00:00.000Z,1773,1776,1770,1773,264.775
2021-12-15T12:00:00.000Z,1773,1776,1769,1769,494.8587
2021-12-15T16:00:00.000Z,1769,1772,1759,1769,959.5317
2021-12-15T20:00:00.000Z,1769,1787,1769,1779,443.7563
2021-12-16T00:00:00.000Z,1779,1784,1778,1780,192.3962
2021-12-16T04:00:00.000Z,1780,1788,1775,1785,239.0485
2021-12-16T08:00:00.000Z,1785,1788,1783,1786,169.3332
2021-12-16T12:00:00.000Z,1787,1801,1779,1800,613.9281
2021-12-16T16:00:00.000Z,1800,1802,1792,1799,397.3697
2021-12-16T20:00:00.000Z,1799,1803,1784,1800,425.8282
2021-12-17T00:00:00.000Z,1800,1812,1800,1806,271.1122
2021-12-17T04:00:00.000Z,1806,1816,1803,1814,472.1381
2021-12-17T08:00:00.000Z,1813,1825,1808,1815,1597.6901
2021-12-17T12:00:00.000Z,1815,1828,1799,1810,1564.1978
2021-12-17T16:00:00.000Z,1810,1812,1805,1807,434.9452
2021-12-17T20:00:00.000Z,1807,1807,1798,1804,364.7897
2021-12-18T00:00:00.000Z,1804,1808,1800,1804,349.7675
2021-12-18T04:00:00.000Z,1803,1806,1801,1802,165.9267
2021-12-18T08:00:00.000Z,1802,1806,1799,1802,397.764
2021-12-18T12:00:00.000Z,1802,1806,1799,1802,152.1868
2021-12-18T16:00:00.000Z,1801,1805,1799,1803,168.02
2021-12-18T20:00:00.000Z,1803,1811,1800,1803,202.7286
2021-12-19T00:00:00.000Z,1803,1805,1800,1803,235.6993
2021-12-19T04:00:00.000Z,1804,1806,1800,1803,69.2585
2021-12-19T08:00:00.000Z,1802,1810,1800,1804,225.9623
2021-12-19T12:00:00.000Z,1804,1809,1801,1802,303.1145
2021-12-19T16:00:00.000Z,1803,1806,1796,1802,391.4534
2021-12-19T20:00:00.000Z,1802,1805,1796,1804,254.9643
2021-12-20T00:00:00.000Z,1803,1807,1802,1805,115.2675
2021-12-20T04:00:00.000Z,1806,1814,1802,1805,350.0642
2021-12-20T08:00:00.000Z,1805,1814,1800,1805,515.7138
2021-12-20T12:00:00.000Z,1805,1813,1801,1803,381.5886
2021-12-20T16:00:00.000Z,1802,1806,1797,1799,547.5038
2021-12-20T20:00:00.000Z,1799,1803,1793,1799,321.321
2021-12-21T00:00:00.000Z,1800,1804,1796,1801,284.5722
2021-12-21T04:00:00.000Z,1801,1805,1791,1800,762.7387
2021-12-21T08:00:00.000Z,1800,1803,1793,1802,624.0302
2021-12-21T12:00:00.000Z,1801,1806,1790,1790,322.9244
2021-12-21T16:00:00.000Z,1790,1794,1790,1793,162.3144
2021-12-21T20:00:00.000Z,1793,1797,1785,1796,317.3466
2021-12-22T00:00:00.000Z,1794,1798,1781,1795,332.8452
2021-12-22T04:00:00.000Z,1796,1800,1784,1789,579.0827
2021-12-22T08:00:00.000Z,1790,1796,1789,1795,187.0592
2021-12-22T12:00:00.000Z,1796,1799,1791,1798,403.3404
2021-12-22T16:00:00.000Z,1798,1809,1797,1806,345.5178
2021-12-22T20:00:00.000Z,1807,1812,1802,1807,318.3946
2021-12-23T00:00:00.000Z,1806,1812,1802,1811,118.0852
2021-12-23T04:00:00.000Z,1811,1813,1808,1812,69.5088
2021-12-23T08:00:00.000Z,1812,1818,1806,1811,461.8165
2021-12-23T12:00:00.000Z,1812,1817,1806,1812,206.7919
2021-12-23T16:00:00.000Z,1812,1818,1805,1812,851.1512
2021-12-23T20:00:00.000Z,1812,1819,1809,1815,375.429
2021-12-24T00:00:00.000Z,1816,1817,1809,1812,202.816
2021-12-24T04:00:00.000Z,1812,1814,1808,1814,97.234
2021-12-24T08:00:00.000Z,1814,1814,1804,1810,461.2171
2021-12-24T12:00:00.000Z,1810,1813,1809,1812,114.761
2021-12-24T16:00:00.000Z,1812,1813,1807,1809,221.9381
2021-12-24T20:00:00.000Z,1809,1817,1807,1817,717.2565
2021-12-25T00:00:00.000Z,1817,1817,1813,1816,68.423
2021-12-25T04:00:00.000Z,1817,1817,1813,1816,114.6199
2021-12-25T08:00:00.000Z,1817,1818,1815,1817,95.6098
2021-12-25T12:00:00.000Z,1817,1818,1815,1817,146.9648
2021-12-25T16:00:00.000Z,1817,1818,1813,1817,210.3943
2021-12-25T20:00:00.000Z,1816,1818,1815,1816,86.6351
2021-12-26T00:00:00.000Z,1817,1818,1815,1817,122.0194
2021-12-26T04:00:00.000Z,1817,1819,1815,1818,29.3332
2021-12-26T08:00:00.000Z,1818,1819,1809,1817,176.2756
2021-12-26T12:00:00.000Z,1817,1818,1815,1818,51.5752
2021-12-26T16:00:00.000Z,1818,1819,1816,1819,214.2209
2021-12-26T20:00:00.000Z,1818,1821,1810,1814,499.8169
2021-12-27T00:00:00.000Z,1814,1818,1811,1816,134.1388
2021-12-27T04:00:00.000Z,1816,1817,1812,1815,63.881
2021-12-27T08:00:00.000Z,1815,1815,1809,1812,194.8121
2021-12-27T12:00:00.000Z,1812,1823,1808,1818,435.3803
2021-12-27T16:00:00.000Z,1817,1818,1812,1812,131.7372
2021-12-27T20:00:00.000Z,1812,1825,1812,1819,233.0694
2021-12-28T00:00:00.000Z,1818,1820,1815,1817,196.1053
2021-12-28T04:00:00.000Z,1817,1822,1810,1819,301.62
2021-12-28T08:00:00.000Z,1820,1822,1815,1822,131.8947
2021-12-28T12:00:00.000Z,1822,1826,1814,1817,713.5343
2021-12-28T16:00:00.000Z,1816,1822,1808,1813,602.6009
2021-12-28T20:00:00.000Z,1813,1816,1808,1812,221.9008
2021-12-29T00:00:00.000Z,1812,1816,1807,1813,134.1691
2021-12-29T04:00:00.000Z,1813,1819,1810,1810,140.0556
2021-12-29T08:00:00.000Z,1810,1811,1800,1804,204.2235
2021-12-29T12:00:00.000Z,1804,1811,1797,1809,654.977
2021-12-29T16:00:00.000Z,1809,1816,1807,1813,389.8129
2021-12-29T20:00:00.000Z,1813,1816,1808,1812,372.8404
2021-12-30T00:00:00.000Z,1812,1816,1806,1808,493.5031
2021-12-30T04:00:00.000Z,1809,1822,1802,1807,301.4221
2021-12-30T08:00:00.000Z,1808,1814,1802,1810,239.869
2021-12-30T12:00:00.000Z,1810,1814,1804,1813,249.2659
2021-12-30T16:00:00.000Z,1813,1822,1813,1819,233.3389
2021-12-30T20:00:00.000Z,1819,1826,1819,1824,232.1004
2021-12-31T00:00:00.000Z,1824,1827,1819,1826,185.6523
2021-12-31T04:00:00.000Z,1826,1826,1821,1826,84.4915
2021-12-31T08:00:00.000Z,1826,1830,1822,1825,353.8595
2021-12-31T12:00:00.000Z,1826,1835,1825,1828,184.1901
2021-12-31T16:00:00.000Z,1829,1834,1826,1831,291.1497
2021-12-31T20:00:00.000Z,1831,1839,1829,1835,280.3372
2022-01-01T00:00:00.000Z,1835,1839,1834,1837,103.2153
2022-01-01T04:00:00.000Z,1837,1838,1831,1836,238.7687
2022-01-01T08:00:00.000Z,1836,1839,1834,1836,108.4206
2022-01-01T12:00:00.000Z,1837,1840,1834,1836,197.0369
2022-01-01T16:00:00.000Z,1837,1843,1832,1837,218.7118
2022-01-01T20:00:00.000Z,1837,1840,1834,1837,61.304
2022-01-02T00:00:00.000Z,1837,1838,1833,1837,88.7513
2022-01-02T04:00:00.000Z,1837,1838,1834,1837,37.6443
2022-01-02T08:00:00.000Z,1837,1839,1833,1835,81.1631
2022-01-02T12:00:00.000Z,1834,1839,1834,1836,174.9545
2022-01-02T16:00:00.000Z,1837,1840,1832,1837,318.2263
2022-01-02T20:00:00.000Z,1838,1840,1833,1835,229.6908
2022-01-03T00:00:00.000Z,1836,1839,1832,1833,147.6846
2022-01-03T04:00:00.000Z,1833,1835,1826,1829,151.3846
2022-01-03T08:00:00.000Z,1830,1834,1822,1830,188.9192
2022-01-03T12:00:00.000Z,1830,1831,1807,1807,462.9017
2022-01-03T16:00:00.000Z,1809,1810,1801,1807,309.4187
2022-01-03T20:00:00.000Z,1807,1813,1803,1809,336.1967
2022-01-04T00:00:00.000Z,1810,1813,1807,1812,132.3423
2022-01-04T04:00:00.000Z,1813,1815,1808,1813,220.8645
2022-01-04T08:00:00.000Z,1814,1815,1806,1809,251.0999
2022-01-04T12:00:00.000Z,1808,1821,1803,1819,278.0953
2022-01-04T16:00:00.000Z,1820,1822,1812,1817,228.9829
2022-01-04T20:00:00.000Z,1817,1819,1814,1817,197.5927
2022-01-05T00:00:00.000Z,1818,1820,1814,1818,79.8861
2022-01-05T04:00:00.000Z,1818,1820,1815,1819,88.5301
2022-01-05T08:00:00.000Z,1819,1825,1802,1823,309.0459
2022-01-05T12:00:00.000Z,1824,1838,1819,1827,706.4924
2022-01-05T16:00:00.000Z,1827,1834,1815,1817,430.3997
2022-01-05T20:00:00.000Z,1816,1869,1809,1816,1666.2764
2022-01-06T00:00:00.000Z,1816,1869,1808,1815,1957.4111
2022-01-06T04:00:00.000Z,1816,1819,1811,1814,530.3121
2022-01-06T08:00:00.000Z,1815,1816,1800,1804,928.3881
2022-01-06T12:00:00.000Z,1803,1809,1772,1792,2839.6697
2022-01-06T16:00:00.000Z,1792,1797,1781,1794,527.748
2022-01-06T20:00:00.000Z,1795,1798,1791,1797,273.904
2022-01-07T00:00:00.000Z,1797,1799,1791,1792,347.3158
2022-01-07T04:00:00.000Z,1794,1800,1783,1794,681.2349
2022-01-07T08:00:00.000Z,1794,1798,1789,1796,335.9411
2022-01-07T12:00:00.000Z,1796,1807,1788,1794,938.2187
2022-01-07T16:00:00.000Z,1795,1805,1791,1803,351.874
2022-01-07T20:00:00.000Z,1804,1806,1798,1805,262.0874
2022-01-08T00:00:00.000Z,1805,1805,1796,1799,251.8227
2022-01-08T04:00:00.000Z,1800,1803,1796,1799,91.1776
2022-01-08T08:00:00.000Z,1799,1802,1796,1799,110.6644
2022-01-08T12:00:00.000Z,1799,1800,1794,1797,182.9567
2022-01-08T16:00:00.000Z,1798,1804,1793,1799,616.5578
2022-01-08T20:00:00.000Z,1799,1802,1796,1798,201.206
2022-01-09T00:00:00.000Z,1798,1798,1796,1796,72.0938
2022-01-09T04:00:00.000Z,1797,1799,1795,1797,71.6861
2022-01-09T08:00:00.000Z,1798,1802,1797,1802,192.7391
2022-01-09T12:00:00.000Z,1802,1802,1795,1801,121.0244
2022-01-09T16:00:00.000Z,1801,1802,1791,1798,568.0896
2022-01-09T20:00:00.000Z,1799,1802,1793,1797,311.7797
2022-01-10T00:00:00.000Z,1797,1800,1793,1794,119.8523
2022-01-10T04:00:00.000Z,1794,1802,1791,1798,243.0603
2022-01-10T08:00:00.000Z,1799,1805,1797,1803,159.8172
2022-01-10T12:00:00.000Z,1803,1804,1791,1795,874.6999
2022-01-10T16:00:00.000Z,1794,1808,1791,1803,672.3277
2022-01-10T20:00:00.000Z,1804,1811,1801,1804,1329.4609
2022-01-11T00:00:00.000Z,1804,1811,1803,1806,132.8966
2022-01-11T04:00:00.000Z,1809,1813,1806,1813,142.4943
2022-01-11T08:00:00.000Z,1812,1815,1805,1812,363.0627
2022-01-11T12:00:00.000Z,1812,1816,1806,1815,281.2746
2022-01-11T16:00:00.000Z,1815,1825,1810,1823,759.1723
2022-01-11T20:00:00.000Z,1823,1830,1815,1822,360.0366
2022-01-12T00:00:00.000Z,1823,1832,1820,1824,90.2748
2022-01-12T04:00:00.000Z,1825,1827,1821,1822,64.1374
2022-01-12T08:00:00.000Z,1822,1825,1814,1819,333.4133
2022-01-12T12:00:00.000Z,1820,1832,1817,1828,468.7238
2022-01-12T16:00:00.000Z,1828,1839,1825,1835,1088.1767
2022-01-12T20:00:00.000Z,1836,1836,1829,1833,119.7798
2022-01-13T00:00:00.000Z,1833,1834,1822,1832,180.9229
2022-01-13T04:00:00.000Z,1832,1834,1810,1832,415.5081
2022-01-13T08:00:00.000Z,1832,1836,1823,1830,715.4858
2022-01-13T12:00:00.000Z,1830,1831,1819,1821,171.4107
2022-01-13T16:00:00.000Z,1821,1830,1820,1828,269.829
2022-01-13T20:00:00.000Z,1828,1829,1824,1825,106.6053
2022-01-14T00:00:00.000Z,1826,1834,1825,1829,86.1411
2022-01-14T04:00:00.000Z,1830,1836,1829,1834,81.9436
2022-01-14T08:00:00.000Z,1835,1835,1821,1827,446.6947
2022-01-14T12:00:00.000Z,1827,1834,1826,1828,232.1191
2022-01-14T16:00:00.000Z,1828,1830,1822,1826,303.1061
2022-01-14T20:00:00.000Z,1826,1826,1822,1825,43.1097
2022-01-15T00:00:00.000Z,1825,1826,1820,1824,137.4551
2022-01-15T04:00:00.000Z,1825,1825,1823,1824,45.1179
2022-01-15T08:00:00.000Z,1825,1828,1823,1826,72.0316
2022-01-15T12:00:00.000Z,1825,1827,1823,1827,128.1307
2022-01-15T16:00:00.000Z,1827,1828,1823,1824,94.4832
2022-01-15T20:00:00.000Z,1825,1828,1823,1826,82.34
2022-01-16T00:00:00.000Z,1826,1827,1824,1825,30.987
2022-01-16T04:00:00.000Z,1824,1826,1824,1826,24.7234
2022-01-16T08:00:00.000Z,1826,1827,1824,1825,46.5096
2022-01-16T12:00:00.000Z,1825,1827,1824,1825,151.3663
2022-01-16T16:00:00.000Z,1826,1827,1823,1825,77.1039
2022-01-16T20:00:00.000Z,1825,1827,1823,1825,103.5161
2022-01-17T00:00:00.000Z,1824,1825,1820,1823,117.3587
2022-01-17T04:00:00.000Z,1823,1827,1822,1827,191.4958
2022-01-17T08:00:00.000Z,1826,1827,1819,1824,357.6499
2022-01-17T12:00:00.000Z,1824,1830,1820,1822,203.7411
2022-01-17T16:00:00.000Z,1823,1826,1820,1821,160.6393
2022-01-17T20:00:00.000Z,1821,1825,1820,1821,103.2314
2022-01-18T00:00:00.000Z,1822,1831,1821,1823,141.5705
2022-01-18T04:00:00.000Z,1823,1825,1818,1820,82.4616
2022-01-18T08:00:00.000Z,1820,1820,1812,1817,121.9913
2022-01-18T12:00:00.000Z,1817,1827,1812,1825,406.7057
2022-01-18T16:00:00.000Z,1825,1828,1817,1821,466.6702
2022-01-18T20:00:00.000Z,1821,1822,1815,1821,188.8597
2022-01-19T00:00:00.000Z,1822,1822,1814,1819,131.4907
2022-01-19T04:00:00.000Z,1819,1824,1816,1820,282.4314
2022-01-19T08:00:00.000Z,1820,1830,1818,1826,286.6061
2022-01-19T12:00:00.000Z,1826,1845,1824,1844,490.3984
2022-01-19T16:00:00.000Z,1845,1859,1841,1852,842.9067
2022-01-19T20:00:00.000Z,1852,1856,1846,1846,402.3532
2022-01-20T00:00:00.000Z,1847,1862,1845,1848,344.6201
2022-01-20T04:00:00.000Z,1848,1853,1846,1848,145.787
2022-01-20T08:00:00.000Z,1849,1850,1840,1842,444.1442
2022-01-20T12:00:00.000Z,1842,1858,1841,1850,341.1597
2022-01-20T16:00:00.000Z,1850,1854,1844,1847,231.2353
2022-01-20T20:00:00.000Z,1847,1855,1836,1845,763.3619
2022-01-21T00:00:00.000Z,1845,1855,1836,1846,998.8134
2022-01-21T04:00:00.000Z,1847,1851,1841,1841,352.0968
2022-01-21T08:00:00.000Z,1842,1857,1830,1841,788.2071
2022-01-21T12:00:00.000Z,1841,1852,1837,1841,1224.0615
2022-01-21T16:00:00.000Z,1842,1846,1832,1840,608.2934
2022-01-21T20:00:00.000Z,1840,1849,1830,1842,1386.6935
2022-01-22T00:00:00.000Z,1843,1847,1837,1844,356.3005
2022-01-22T04:00:00.000Z,1845,1850,1840,1845,802.5041
2022-01-22T08:00:00.000Z,1845,1848,1840,1842,1197.078
2022-01-22T12:00:00.000Z,1843,1850,1830,1841,1160.8778
2022-01-22T16:00:00.000Z,1842,1845,1833,1841,805.4333
2022-01-22T20:00:00.000Z,1842,1845,1835,1840,466.377
2022-01-23T00:00:00.000Z,1840,1845,1839,1840,300.809
2022-01-23T04:00:00.000Z,1841,1845,1832,1839,345.1694
2022-01-23T08:00:00.000Z,1840,1843,1834,1839,428.7156
2022-01-23T12:00:00.000Z,1839,1841,1834,1837,470.942
2022-01-23T16:00:00.000Z,1838,1846,1835,1842,543.707
2022-01-23T20:00:00.000Z,1843,1846,1830,1844,908.9415
2022-01-24T00:00:00.000Z,1843,1843,1836,1841,204.4327
2022-01-24T04:00:00.000Z,1842,1848,1840,1843,257.1688
2022-01-24T08:00:00.000Z,1842,1854,1841,1845,1555.0811
2022-01-24T12:00:00.000Z,1846,1852,1836,1839,1750.8812
2022-01-24T16:00:00.000Z,1840,1851,1837,1848,590.8968
2022-01-24T20:00:00.000Z,1847,1853,1839,1849,648.6677
2022-01-25T00:00:00.000Z,1848,1853,1845,1850,316.223
2022-01-25T04:00:00.000Z,1850,1853,1843,1850,394.5075
2022-01-25T08:00:00.000Z,1850,1852,1840,1847,523.7965
2022-01-25T12:00:00.000Z,1847,1859,1839,1854,886.9118
2022-01-25T16:00:00.000Z,1853,1863,1853,1860,406.2226
2022-01-25T20:00:00.000Z,1861,1861,1851,1855,388.7281
2022-01-26T00:00:00.000Z,1858,1860,1852,1857,157.2427
2022-01-26T04:00:00.000Z,1857,1859,1851,1855,332.77
2022-01-26T08:00:00.000Z,1855,1863,1850,1854,624.5646
2022-01-26T12:00:00.000Z,1854,1864,1841,1843,967.6696
2022-01-26T16:00:00.000Z,1843,1845,1830,1830,1688.5957
2022-01-26T20:00:00.000Z,1830,1834,1826,1832,2888.3261
2022-01-27T00:00:00.000Z,1833,1840,1822,1827,464.2101
2022-01-27T04:00:00.000Z,1828,1830,1821,1822,246.833
2022-01-27T08:00:00.000Z,1823,1832,1818,1823,397.3854
2022-01-27T12:00:00.000Z,1823,1828,1806,1807,921.915
2022-01-27T16:00:00.000Z,1807,1816,1801,1804,962.409
2022-01-27T20:00:00.000Z,1804,1827,1801,1809,935.4398
2022-01-28T00:00:00.000Z,1807,1812,1805,1810,245.8347
2022-01-28T04:00:00.000Z,1810,1813,1805,1807,215.731
2022-01-28T08:00:00.000Z,1806,1807,1795,1797,454.9663
2022-01-28T12:00:00.000Z,1797,1806,1787,1793,1089.8445
2022-01-28T16:00:00.000Z,1794,1800,1789,1795,519.8555
2022-01-28T20:00:00.000Z,1795,1811,1790,1796,580.2735
2022-01-29T00:00:00.000Z,1796,1801,1791,1799,338.4994
2022-01-29T04:00:00.000Z,1800,1801,1797,1797,50.321
2022-01-29T08:00:00.000Z,1797,1801,1789,1796,382.4727
2022-01-29T12:00:00.000Z,1796,1800,1792,1797,363.9687
2022-01-29T16:00:00.000Z,1797,1798,1790,1795,200.446
2022-01-29T20:00:00.000Z,1795,1800,1793,1797,197.1253
2022-01-30T00:00:00.000Z,1798,1799,1792,1798,99.3412
2022-01-30T04:00:00.000Z,1798,1801,1797,1799,66.0319
2022-01-30T08:00:00.000Z,1799,1801,1798,1801,180.8647
2022-01-30T12:00:00.000Z,1801,1803,1800,1800,199.3037
2022-01-30T16:00:00.000Z,1800,1803,1797,1801,184.9684
2022-01-30T20:00:00.000Z,1801,1803,1796,1799,301.6547
2022-01-31T00:00:00.000Z,1798,1799,1790,1796,167.1907
2022-01-31T04:00:00.000Z,1796,1801,1790,1797,295.9326
2022-01-31T08:00:00.000Z,1798,1802,1794,1802,182.0827
2022-01-31T12:00:00.000Z,1802,1812,1797,1803,435.3303
2022-01-31T16:00:00.000Z,1804,1809,1798,1807,536.5838
2022-01-31T20:00:00.000Z,1808,1808,1799,1807,177.7593
2022-02-01T00:00:00.000Z,1807,1807,1799,1799,199.4714
2022-02-01T04:00:00.000Z,1799,1808,1799,1806,285.8076
2022-02-01T08:00:00.000Z,1807,1814,1801,1810,539.5049
2022-02-01T12:00:00.000Z,1810,1817,1804,1810,340.7838
2022-02-01T16:00:00.000Z,1811,1812,1804,1805,159.6512
2022-02-01T20:00:00.000Z,1806,1808,1804,1805,153.2807
2022-02-02T00:00:00.000Z,1805,1808,1803,1804,88.0045
2022-02-02T04:00:00.000Z,1804,1806,1801,1802,113.2783
2022-02-02T08:00:00.000Z,1802,1810,1802,1810,252.2989
2022-02-02T12:00:00.000Z,1810,1814,1804,1812,732.3457
2022-02-02T16:00:00.000Z,1812,1820,1808,1813,379.7941
2022-02-02T20:00:00.000Z,1814,1816,1805,1813,558.7041
2022-02-03T00:00:00.000Z,1814,1817,1809,1811,225.3985
2022-02-03T04:00:00.000Z,1811,1811,1807,1810,82.3782
2022-02-03T08:00:00.000Z,1811,1811,1804,1809,378.4388
2022-02-03T12:00:00.000Z,1810,1811,1797,1807,454.5476
2022-02-03T16:00:00.000Z,1808,1814,1805,1811,199.4325
2022-02-03T20:00:00.000Z,1812,1814,1806,1814,281.9196
2022-02-04T00:00:00.000Z,1814,1814,1810,1811,49.7407
2022-02-04T04:00:00.000Z,1811,1817,1810,1815,397.7637
2022-02-04T08:00:00.000Z,1815,1822,1812,1818,268.4209
2022-02-04T12:00:00.000Z,1819,1821,1800,1811,970.3726
2022-02-04T16:00:00.000Z,1812,1816,1808,1815,596.0812
2022-02-04T20:00:00.000Z,1816,1818,1809,1817,532.4405
2022-02-05T00:00:00.000Z,1816,1820,1811,1818,280.3162
2022-02-05T04:00:00.000Z,1817,1818,1813,1815,341.5335
2022-02-05T08:00:00.000Z,1816,1821,1814,1816,363.8457
2022-02-05T12:00:00.000Z,1816,1818,1811,1814,325.0901
2022-02-05T16:00:00.000Z,1814,1818,1812,1814,233.9262
2022-02-05T20:00:00.000Z,1814,1818,1812,1816,209.7593
2022-02-06T00:00:00.000Z,1817,1821,1814,1816,409.4417
2022-02-06T04:00:00.000Z,1817,1818,1810,1816,258.6888
2022-02-06T08:00:00.000Z,1817,1817,1810,1812,175.8147
2022-02-06T12:00:00.000Z,1813,1818,1810,1818,276.3833
2022-02-06T16:00:00.000Z,1818,1818,1812,1816,97.7748
2022-02-06T20:00:00.000Z,1816,1819,1808,1816,387.8751
2022-02-07T00:00:00.000Z,1817,1822,1811,1816,411.4139
2022-02-07T04:00:00.000Z,1816,1821,1813,1820,205.0256
2022-02-07T08:00:00.000Z,1820,1822,1815,1819,205.2789
2022-02-07T12:00:00.000Z,1820,1825,1794,1818,884.023
2022-02-07T16:00:00.000Z,1819,1830,1815,1826,554.5704
2022-02-07T20:00:00.000Z,1826,1830,1814,1824,464.4123
2022-02-08T00:00:00.000Z,1824,1829,1822,1825,214.8976
2022-02-08T04:00:00.000Z,1826,1831,1818,1821,460.0348
2022-02-08T08:00:00.000Z,1822,1828,1817,1822,494.1683
2022-02-08T12:00:00.000Z,1822,1831,1819,1829,283.0648
2022-02-08T16:00:00.000Z,1830,1836,1826,1834,412.723
2022-02-08T20:00:00.000Z,1834,1835,1824,1831,398.4773
2022-02-09T00:00:00.000Z,1832,1833,1828,1832,121.8008
2022-02-09T04:00:00.000Z,1832,1835,1830,1833,83.6127
2022-02-09T08:00:00.000Z,1833,1836,1830,1831,245.5028
2022-02-09T12:00:00.000Z,1832,1837,1829,1834,488.4468
2022-02-09T16:00:00.000Z,1835,1844,1832,1838,403.1337
2022-02-09T20:00:00.000Z,1839,1844,1837,1838,199.4921
2022-02-10T00:00:00.000Z,1839,1841,1837,1840,158.4584
2022-02-10T04:00:00.000Z,1841,1844,1836,1842,217.28
2022-02-10T08:00:00.000Z,1842,1845,1834,1839,474.011
2022-02-10T12:00:00.000Z,1840,1846,1827,1844,1063.2086
2022-02-10T16:00:00.000Z,1844,1847,1829,1833,358.1312
2022-02-10T20:00:00.000Z,1833,1839,1828,1833,302.6649
2022-02-11T00:00:00.000Z,1833,1837,1827,1833,317.4834
2022-02-11T04:00:00.000Z,1834,1835,1827,1830,135.0756
2022-02-11T08:00:00.000Z,1830,1836,1828,1832,214.9054
2022-02-11T12:00:00.000Z,1832,1842,1832,1840,182.4047
2022-02-11T16:00:00.000Z,1840,1872,1835,1869,1663.4771
2022-02-11T20:00:00.000Z,1868,1875,1859,1868,2259.1998
2022-02-12T00:00:00.000Z,1868,1872,1862,1868,869.078
2022-02-12T04:00:00.000Z,1868,1892,1865,1883,2049.036553
2022-02-12T08:00:00.000Z,1882,1888,1865,1868,884.9832
2022-02-12T12:00:00.000Z,1869,1870,1865,1870,549.2443
2022-02-12T16:00:00.000Z,1869,1877,1866,1874,1086.2886
2022-02-12T20:00:00.000Z,1874,1889,1864,1874,1130.645
2022-02-13T00:00:00.000Z,1877,1878,1870,1873,128.0805
2022-02-13T04:00:00.000Z,1872,1882,1872,1882,168.0705
2022-02-13T08:00:00.000Z,1882,1889,1871,1875,649.615
2022-02-13T12:00:00.000Z,1876,1879,1872,1875,207.122
2022-02-13T16:00:00.000Z,1876,1904,1873,1904,756.7564
2022-02-13T20:00:00.000Z,1904,1913,1879,1888,988.5808
2022-02-14T00:00:00.000Z,1888,1888,1858,1861,1956.2642
2022-02-14T04:00:00.000Z,1862,1867,1859,1864,583.7613
2022-02-14T08:00:00.000Z,1864,1874,1861,1866,862.1123
2022-02-14T12:00:00.000Z,1866,1885,1861,1880,1051.8775
2022-02-14T16:00:00.000Z,1880,1888,1865,1881,1193.7543
2022-02-14T20:00:00.000Z,1882,1887,1875,1881,776.8203
2022-02-15T00:00:00.000Z,1881,1891,1875,1887,662.6525
2022-02-15T04:00:00.000Z,1887,1891,1880,1881,581.0907
2022-02-15T08:00:00.000Z,1882,1883,1850,1854,2321.4886
2022-02-15T12:00:00.000Z,1853,1863,1845,1853,1155.3164
2022-02-15T16:00:00.000Z,1853,1862,1847,1855,533.8615
2022-02-15T20:00:00.000Z,1856,1861,1854,1855,324.5803
2022-02-16T00:00:00.000Z,1855,1856,1850,1854,374.3645
2022-02-16T04:00:00.000Z,1855,1858,1849,1857,378.2166
2022-02-16T08:00:00.000Z,1856,1867,1854,1857,1204.8552
2022-02-16T12:00:00.000Z,1858,1871,1855,1867,618.7888
2022-02-16T16:00:00.000Z,1867,1884,1867,1876,776.9634
2022-02-16T20:00:00.000Z,1876,1881,1873,1876,404.2289
2022-02-17T00:00:00.000Z,1877,1878,1873,1878,197.9615
2022-02-17T04:00:00.000Z,1878,1886,1875,1881,395.6036
2022-02-17T08:00:00.000Z,1882,1901,1882,1894,952.9784
2022-02-17T12:00:00.000Z,1893,1913,1890,1906,1559.0869
2022-02-17T16:00:00.000Z,1906,1922,1904,1913,2266.1034
2022-02-17T20:00:00.000Z,1914,1923,1909,1916,1124.8159
2022-02-18T00:00:00.000Z,1916,1919,1899,1907,1343.2329
2022-02-18T04:00:00.000Z,1907,1911,1901,1904,595.5052
2022-02-18T08:00:00.000Z,1904,1911,1895,1905,2024.8334
2022-02-18T12:00:00.000Z,1906,1912,1899,1905,1281.5105
2022-02-18T16:00:00.000Z,1906,1917,1900,1913,842.577
2022-02-18T20:00:00.000Z,1913,1916,1901,1912,650.2412
2022-02-19T00:00:00.000Z,1912,1918,1910,1915,466.8808
2022-02-19T04:00:00.000Z,1915,1916,1906,1915,272.9408
2022-02-19T08:00:00.000Z,1915,1917,1910,1914,784.6443
2022-02-19T12:00:00.000Z,1914,1920,1908,1915,764.817
2022-02-19T16:00:00.000Z,1915,1918,1910,1914,612.1813
2022-02-19T20:00:00.000Z,1915,1919,1915,1917,360.0864
2022-02-20T00:00:00.000Z,1917,1926,1913,1916,806.4253
2022-02-20T04:00:00.000Z,1917,1926,1911,1919,993.1233
2022-02-20T08:00:00.000Z,1919,1925,1913,1923,1463.183
2022-02-20T12:00:00.000Z,1924,1937,1920,1933,1552.285449
2022-02-20T16:00:00.000Z,1933,1951,1926,1928,1484.783385
2022-02-20T20:00:00.000Z,1929,1941,1920,1939,1356.4642
2022-02-21T00:00:00.000Z,1939,1948,1916,1921,1989.8713
2022-02-21T04:00:00.000Z,1920,1929,1908,1917,841.5634
2022-02-21T08:00:00.000Z,1917,1925,1912,1922,633.5246
2022-02-21T12:00:00.000Z,1920,1932,1915,1923,1714.5442
2022-02-21T16:00:00.000Z,1923,1955,1919,1940,1572.317
2022-02-21T20:00:00.000Z,1941,1978,1936,1954,2371.193468
2022-02-22T00:00:00.000Z,1954,1976,1945,1960,1764.7732
2022-02-22T04:00:00.000Z,1960,1964,1938,1948,1853.565
2022-02-22T08:00:00.000Z,1950,1956,1921,1921,1762.137
2022-02-22T12:00:00.000Z,1923,1933,1918,1919,1930.347
2022-02-22T16:00:00.000Z,1920,1931,1912,1915,2443.2988
2022-02-22T20:00:00.000Z,1914,1917,1901,1906,791.0767
2022-02-23T00:00:00.000Z,1906,1924,1898,1909,910.5854
2022-02-23T04:00:00.000Z,1909,1910,1898,1904,658.9838
2022-02-23T08:00:00.000Z,1904,1907,1895,1900,899.7189
2022-02-23T12:00:00.000Z,1900,1919,1897,1917,956.2673
2022-02-23T16:00:00.000Z,1917,1923,1912,1918,998.682
2022-02-23T20:00:00.000Z,1918,1927,1913,1919,1083.0396
2022-02-24T00:00:00.000Z,1919,1944,1917,1942,2967.6618
2022-02-24T04:00:00.000Z,1943,2002,1941,1970,13306.399017
2022-02-24T08:00:00.000Z,1970,2021,1966,2009,10698.233959
2022-02-24T12:00:00.000Z,2009,2076,1945,1964,13237.777897
2022-02-24T16:00:00.000Z,1964,1982,1908,1921,7642.6314
2022-02-24T20:00:00.000Z,1920,1946,1903,1935,4181.0677
2022-02-25T00:00:00.000Z,1934,1944,1914,1934,1524.8651
2022-02-25T04:00:00.000Z,1934,1944,1920,1935,1458.3936
2022-02-25T08:00:00.000Z,1935,1939,1909,1910,2012.9082
2022-02-25T12:00:00.000Z,1910,1918,1901,1903,2964.3179
2022-02-25T16:00:00.000Z,1902,1905,1888,1899,2253.7593
2022-02-25T20:00:00.000Z,1899,1903,1890,1892,1462.3803
2022-02-26T00:00:00.000Z,1892,1902,1885,1890,1011.0989
2022-02-26T04:00:00.000Z,1890,1892,1881,1890,908.479
2022-02-26T08:00:00.000Z,1890,1895,1886,1889,621.7217
2022-02-26T12:00:00.000Z,1889,1898,1888,1893,956.6115
2022-02-26T16:00:00.000Z,1893,1896,1889,1892,421.0783
2022-02-26T20:00:00.000Z,1893,1898,1883,1890,715.8007
2022-02-27T00:00:00.000Z,1891,1897,1887,1894,700.0206
2022-02-27T04:00:00.000Z,1894,1896,1882,1890,771.4132
2022-02-27T08:00:00.000Z,1891,1896,1889,1895,467.6728
2022-02-27T12:00:00.000Z,1895,1897,1889,1893,928.2976
2022-02-27T16:00:00.000Z,1894,1898,1889,1896,1496.7165
2022-02-27T20:00:00.000Z,1895,1929,1893,1917,5953.4401
2022-02-28T00:00:00.000Z,1917,1926,1903,1906,1696.3909
2022-02-28T04:00:00.000Z,1906,1913,1893,1898,1245.874
2022-02-28T08:00:00.000Z,1897,1908,1878,1907,3200.2832
2022-02-28T12:00:00.000Z,1907,1918,1892,1900,2653.7406
2022-02-28T16:00:00.000Z,1899,1902,1881,1898,1929.6217
2022-02-28T20:00:00.000Z,1898,1902,1887,1895,2104.5888
2022-03-01T00:00:00.000Z,1895,1898,1880,1896,1148.9443
2022-03-01T04:00:00.000Z,1896,1900,1883,1895,1257.7536
2022-03-01T08:00:00.000Z,1895,1919,1895,1910,2478.5165
2022-03-01T12:00:00.000Z,1912,1919,1901,1918,2435.8366
2022-03-01T16:00:00.000Z,1916,1931,1912,1928,2071.3782
2022-03-01T20:00:00.000Z,1928,1939,1926,1928,1632.362
2022-03-02T00:00:00.000Z,1929,1935,1916,1926,1250.7156
2022-03-02T04:00:00.000Z,1928,1935,1916,1934,986.6335
2022-03-02T08:00:00.000Z,1935,1939,1910,1919,1233.0067
2022-03-02T12:00:00.000Z,1919,1927,1913,1920,1351.1519
2022-03-02T16:00:00.000Z,1920,1927,1906,1921,1349.1688
2022-03-02T20:00:00.000Z,1922,1927,1918,1925,1045.3541
2022-03-03T00:00:00.000Z,1925,1930,1921,1924,570.1783
2022-03-03T04:00:00.000Z,1926,1928,1916,1926,440.2931
2022-03-03T08:00:00.000Z,1927,1937,1915,1930,1495.9844
2022-03-03T12:00:00.000Z,1930,1937,1918,1925,844.2088
2022-03-03T16:00:00.000Z,1925,1932,1919,1931,1188.4465
2022-03-03T20:00:00.000Z,1931,1937,1928,1934,917.9647
2022-03-04T00:00:00.000Z,1934,1945,1930,1938,1107.3251
2022-03-04T04:00:00.000Z,1938,1941,1931,1937,360.1101
2022-03-04T08:00:00.000Z,1937,1945,1931,1942,913.7015
2022-03-04T12:00:00.000Z,1942,1955,1939,1955,2003.2272
2022-03-04T16:00:00.000Z,1955,1963,1952,1963,1739.9523
2022-03-04T20:00:00.000Z,1962,1972,1954,1967,2474.5019
2022-03-05T00:00:00.000Z,1968,1971,1963,1968,694.6184
2022-03-05T04:00:00.000Z,1969,1973,1966,1970,734.8992
2022-03-05T08:00:00.000Z,1969,1976,1965,1971,1533.3683
2022-03-05T12:00:00.000Z,1971,1976,1969,1973,870.8816
2022-03-05T16:00:00.000Z,1975,1976,1968,1972,635.9057
2022-03-05T20:00:00.000Z,1973,1975,1968,1971,565.3102
2022-03-06T00:00:00.000Z,1971,1975,1968,1973,249.2641
2022-03-06T04:00:00.000Z,1974,1975,1971,1973,444.8612
2022-03-06T08:00:00.000Z,1974,1978,1970,1972,1529.9282
2022-03-06T12:00:00.000Z,1972,1976,1969,1973,487.3985
2022-03-06T16:00:00.000Z,1975,1977,1969,1974,828.5343
2022-03-06T20:00:00.000Z,1974,1990,1972,1989,2267.3356
2022-03-07T00:00:00.000Z,1990,1998,1986,1992,3075.9101
2022-03-07T04:00:00.000Z,1992,1998,1981,1998,1754.3881
2022-03-07T08:00:00.000Z,1998,2015,1994,2002,5809.0939
2022-03-07T12:00:00.000Z,2002,2002,1970,1986,4559.8562
2022-03-07T16:00:00.000Z,1987,2004,1976,2004,2872.2511
2022-03-07T20:00:00.000Z,2004,2010,1997,2003,2629.7255
2022-03-08T00:00:00.000Z,2004,2005,1989,1994,1750.3826
2022-03-08T04:00:00.000Z,1994,2024,1991,2019,3489.8022
2022-03-08T08:00:00.000Z,2019,2024,2010,2013,1628.3337
2022-03-08T12:00:00.000Z,2014,2071,2010,2053,7463.0396
2022-03-08T16:00:00.000Z,2054,2069,2024,2041,6443.3845
2022-03-08T20:00:00.000Z,2040,2061,2037,2053,1969.9066
2022-03-09T00:00:00.000Z,2053,2057,2040,2055,2817.1422
2022-03-09T04:00:00.000Z,2057,2059,2033,2038,2139.5696
2022-03-09T08:00:00.000Z,2040,2048,2010,2016,3698.004
2022-03-09T12:00:00.000Z,2016,2026,1985,1996,3298.9249
2022-03-09T16:00:00.000Z,1997,2008,1982,1991,3392.0059
2022-03-09T20:00:00.000Z,1990,1999,1987,1994,1236.6722
2022-03-10T00:00:00.000Z,1994,1996,1975,1983,1290.4074
2022-03-10T04:00:00.000Z,1983,1993,1979,1986,3448.0366
2022-03-10T08:00:00.000Z,1986,2010,1984,2010,2987.1424
2022-03-10T12:00:00.000Z,2010,2015,1986,2001,4158.2688
2022-03-10T16:00:00.000Z,2001,2005,1991,1997,1652.2064
2022-03-10T20:00:00.000Z,1998,2003,1994,1997,960.7707
2022-03-11T00:00:00.000Z,1998,2003,1993,1999,622.3153
2022-03-11T04:00:00.000Z,1998,1998,1990,1996,799.6143
2022-03-11T08:00:00.000Z,1996,2002,1980,1982,2362.5818
2022-03-11T12:00:00.000Z,1982,1986,1961,1981,4801.9111
2022-03-11T16:00:00.000Z,1981,1989,1980,1986,1169.1731
2022-03-11T20:00:00.000Z,1986,1989,1978,1986,1413.1747
2022-03-12T00:00:00.000Z,1986,1988,1984,1985,716.7217
2022-03-12T04:00:00.000Z,1986,1988,1985,1988,211.7436
2022-03-12T08:00:00.000Z,1988,1991,1985,1989,565.3211
2022-03-12T12:00:00.000Z,1989,1991,1985,1990,668.7918
2022-03-12T16:00:00.000Z,1990,1991,1986,1990,460.2905
2022-03-12T20:00:00.000Z,1990,1991,1988,1991,238.2392
2022-03-13T00:00:00.000Z,1990,1995,1990,1993,225.6532
2022-03-13T04:00:00.000Z,1993,1997,1992,1996,264.3296
2022-03-13T08:00:00.000Z,1996,1998,1993,1997,707.4664
2022-03-13T12:00:00.000Z,1997,1999,1995,1997,578.3345
2022-03-13T16:00:00.000Z,1997,2000,1996,1998,470.1965
2022-03-13T20:00:00.000Z,1998,1999,1980,1984,2940.8536
2022-03-14T00:00:00.000Z,1984,1987,1981,1985,647.5354
2022-03-14T04:00:00.000Z,1985,1988,1981,1983,520.9047
2022-03-14T08:00:00.000Z,1984,1984,1959,1970,1567.7747
2022-03-14T12:00:00.000Z,1970,1975,1955,1962,1288.7047
2022-03-14T16:00:00.000Z,1961,1968,1956,1959,686.903
2022-03-14T20:00:00.000Z,1959,1964,1956,1958,595.4971
2022-03-15T00:00:00.000Z,1958,1959,1946,1950,648.6876
2022-03-15T04:00:00.000Z,1950,1951,1918,1933,1335.7456
2022-03-15T08:00:00.000Z,1934,1940,1927,1931,664.6178
2022-03-15T12:00:00.000Z,1931,1935,1910,1932,2817.827
2022-03-15T16:00:00.000Z,1932,1938,1925,1927,907.6952
2022-03-15T20:00:00.000Z,1926,1930,1921,1925,834.9142
2022-03-16T00:00:00.000Z,1926,1934,1924,1927,1147.0253
2022-03-16T04:00:00.000Z,1927,1931,1925,1927,371.8386
2022-03-16T08:00:00.000Z,1927,1938,1925,1936,1206.3672
2022-03-16T12:00:00.000Z,1936,1937,1900,1918,1767.4658
2022-03-16T16:00:00.000Z,1918,1938,1905,1937,1819.8336
2022-03-16T20:00:00.000Z,1937,1940,1928,1937,936.9175
2022-03-17T00:00:00.000Z,1937,1943,1934,1940,725.4506
2022-03-17T04:00:00.000Z,1940,1943,1937,1940,507.5082
2022-03-17T08:00:00.000Z,1941,1954,1940,1952,950.1831
2022-03-17T12:00:00.000Z,1953,1956,1943,1952,995.435
2022-03-17T16:00:00.000Z,1953,1954,1941,1943,931.6943
2022-03-17T20:00:00.000Z,1943,1952,1943,1950,442.4726
2022-03-18T00:00:00.000Z,1950,1951,1938,1943,548.1817
2022-03-18T04:00:00.000Z,1943,1949,1939,1941,385.3191
2022-03-18T08:00:00.000Z,1941,1950,1934,1944,1043.3642
2022-03-18T12:00:00.000Z,1945,1950,1929,1937,1078.3254
2022-03-18T16:00:00.000Z,1938,1939,1920,1923,1976.6474
2022-03-18T20:00:00.000Z,1923,1927,1918,1922,511.0504
2022-03-19T00:00:00.000Z,1922,1928,1920,1924,421.541
2022-03-19T04:00:00.000Z,1924,1925,1921,1922,135.6597
2022-03-19T08:00:00.000Z,1923,1925,1919,1920,232.4083
2022-03-19T12:00:00.000Z,1921,1923,1918,1920,454.2485
2022-03-19T16:00:00.000Z,1920,1923,1915,1919,404.0982
2022-03-19T20:00:00.000Z,1920,1923,1912,1915,560.2342
2022-03-20T00:00:00.000Z,1916,1919,1913,1916,158.6839
2022-03-20T04:00:00.000Z,1917,1919,1915,1918,76.445
2022-03-20T08:00:00.000Z,1917,1926,1916,1921,694.5885
2022-03-20T12:00:00.000Z,1921,1925,1912,1922,859.0369
2022-03-20T16:00:00.000Z,1922,1925,1919,1924,442.5875
2022-03-20T20:00:00.000Z,1925,1928,1920,1923,425.0405
2022-03-21T00:00:00.000Z,1923,1932,1916,1931,1180.5774
2022-03-21T04:00:00.000Z,1931,1933,1923,1926,364.3104
2022-03-21T08:00:00.000Z,1926,1930,1921,1925,731.0456
2022-03-21T12:00:00.000Z,1925,1940,1921,1938,1325.4926
2022-03-21T16:00:00.000Z,1937,1943,1929,1937,656.7827
2022-03-21T20:00:00.000Z,1938,1941,1931,1935,567.7103
2022-03-22T00:00:00.000Z,1936,1941,1930,1937,349.9174
2022-03-22T04:00:00.000Z,1937,1941,1933,1934,518.0678
2022-03-22T08:00:00.000Z,1933,1936,1923,1926,702.0077
2022-03-22T12:00:00.000Z,1927,1930,1912,1918,874.2893
2022-03-22T16:00:00.000Z,1919,1925,1918,1919,502.6746
2022-03-22T20:00:00.000Z,1921,1921,1917,1919,313.0438
2022-03-23T00:00:00.000Z,1920,1925,1917,1923,194.8961
2022-03-23T04:00:00.000Z,1922,1923,1916,1920,244.2584
2022-03-23T08:00:00.000Z,1920,1934,1920,1930,757.5568
2022-03-23T12:00:00.000Z,1931,1936,1926,1929,918.1351
2022-03-23T16:00:00.000Z,1929,1951,1927,1948,1116.9512
2022-03-23T20:00:00.000Z,1948,1949,1939,1947,588.7264
2022-03-24T00:00:00.000Z,1947,1950,1935,1938,823.0709
2022-03-24T04:00:00.000Z,1938,1945,1937,1943,833.8659
2022-03-24T08:00:00.000Z,1943,1954,1938,1954,827.3122
2022-03-24T12:00:00.000Z,1954,1963,1944,1959,1753.254
2022-03-24T16:00:00.000Z,1960,1964,1951,1959,1252.0979
2022-03-24T20:00:00.000Z,1959,1969,1951,1958,669.8153
2022-03-25T00:00:00.000Z,1958,1965,1956,1959,238.2747
2022-03-25T04:00:00.000Z,1960,1960,1952,1954,377.5381
2022-03-25T08:00:00.000Z,1954,1960,1944,1950,1113.5957
2022-03-25T12:00:00.000Z,1950,1960,1944,1955,2314.8096
2022-03-25T16:00:00.000Z,1955,1957,1949,1954,385.8416
2022-03-25T20:00:00.000Z,1954,1961,1948,1959,464.0673
2022-03-26T00:00:00.000Z,1959,1961,1957,1959,136.1999
2022-03-26T04:00:00.000Z,1959,1963,1957,1961,257.6522
2022-03-26T08:00:00.000Z,1961,1962,1956,1958,236.4021
2022-03-26T12:00:00.000Z,1959,1966,1957,1963,528.8123
2022-03-26T16:00:00.000Z,1963,1967,1959,1963,265.7339
2022-03-26T20:00:00.000Z,1963,1966,1961,1964,79.2192
2022-03-27T00:00:00.000Z,1964,1966,1960,1965,261.2003
2022-03-27T04:00:00.000Z,1965,1966,1957,1959,647.0557
2022-03-27T08:00:00.000Z,1960,1961,1958,1959,139.2313
2022-03-27T12:00:00.000Z,1959,1961,1956,1960,301.073
2022-03-27T16:00:00.000Z,1960,1960,1957,1958,170.4023
2022-03-27T20:00:00.000Z,1959,1963,1947,1953,1693.4339
2022-03-28T00:00:00.000Z,1954,1958,1939,1941,428.1191
2022-03-28T04:00:00.000Z,1941,1946,1930,1933,911.2823
2022-03-28T08:00:00.000Z,1934,1936,1926,1929,821.898
2022-03-28T12:00:00.000Z,1929,1942,1924,1933,2523.2951
2022-03-28T16:00:00.000Z,1933,1941,1918,1921,1042.1746
2022-03-28T20:00:00.000Z,1921,1928,1919,1926,522.352
2022-03-29T00:00:00.000Z,1926,1931,1923,1928,483.4527
2022-03-29T04:00:00.000Z,1929,1929,1921,1921,420.8466
2022-03-29T08:00:00.000Z,1922,1923,1904,1909,966.3261
2022-03-29T12:00:00.000Z,1909,1911,1892,1911,2604.1734
2022-03-29T16:00:00.000Z,1912,1920,1909,1917,1008.9113
2022-03-29T20:00:00.000Z,1918,1923,1913,1917,555.838
2022-03-30T00:00:00.000Z,1917,1925,1914,1922,281.0561
2022-03-30T04:00:00.000Z,1923,1925,1919,1921,257.0216
2022-03-30T08:00:00.000Z,1922,1924,1915,1921,306.7897
2022-03-30T12:00:00.000Z,1922,1939,1920,1934,831.2327
2022-03-30T16:00:00.000Z,1934,1937,1928,1932,555.9142
2022-03-30T20:00:00.000Z,1933,1934,1926,1930,284.8827
2022-03-31T00:00:00.000Z,1931,1931,1922,1924,242.4074
2022-03-31T04:00:00.000Z,1924,1930,1919,1928,277.9539
2022-03-31T08:00:00.000Z,1929,1931,1922,1927,297.8719
2022-03-31T12:00:00.000Z,1928,1944,1923,1941,1032.1563
2022-03-31T16:00:00.000Z,1942,1955,1928,1933,1303.9882
2022-03-31T20:00:00.000Z,1934,1937,1921,1937,386.1198
2022-04-01T00:00:00.000Z,1937,1939,1928,1937,353.7805
2022-04-01T04:00:00.000Z,1938,1939,1929,1931,324.0044
2022-04-01T08:00:00.000Z,1931,1934,1924,1927,492.2613
2022-04-01T12:00:00.000Z,1927,1932,1920,1925,1182.2809
2022-04-01T16:00:00.000Z,1925,1926,1916,1920,548.4127
2022-04-01T20:00:00.000Z,1921,1924,1918,1923,249.2074
2022-04-02T00:00:00.000Z,1923,1925,1920,1922,361.2969
2022-04-02T04:00:00.000Z,1923,1925,1918,1922,277.0249
2022-04-02T08:00:00.000Z,1923,1924,1920,1921,155.5495
2022-04-02T12:00:00.000Z,1922,1925,1919,1921,501.0158
2022-04-02T16:00:00.000Z,1922,1924,1920,1921,332.5566
2022-04-02T20:00:00.000Z,1921,1923,1920,1922,117.3323
2022-04-03T00:00:00.000Z,1922,1927,1920,1927,499.0134
2022-04-03T04:00:00.000Z,1927,1928,1922,1923,213.2418
2022-04-03T08:00:00.000Z,1924,1924,1921,1924,123.2021
2022-04-03T12:00:00.000Z,1924,1925,1921,1925,151.0596
2022-04-03T16:00:00.000Z,1925,1926,1920,1921,325.6599
2022-04-03T20:00:00.000Z,1922,1926,1913,1923,430.3321
2022-04-04T00:00:00.000Z,1923,1924,1920,1920,243.1317
2022-04-04T04:00:00.000Z,1921,1928,1918,1927,298.8712
2022-04-04T08:00:00.000Z,1926,1928,1918,1926,479.2276
2022-04-04T12:00:00.000Z,1925,1934,1925,1932,660.3125
2022-04-04T16:00:00.000Z,1933,1935,1926,1930,512.9969
2022-04-04T20:00:00.000Z,1931,1933,1925,1931,321.9438
2022-04-05T00:00:00.000Z,1931,1931,1926,1928,221.7768
2022-04-05T04:00:00.000Z,1929,1929,1925,1927,147.3002
2022-04-05T08:00:00.000Z,1927,1928,1922,1923,236.691
2022-04-05T12:00:00.000Z,1924,1940,1921,1923,979.0543
2022-04-05T16:00:00.000Z,1922,1924,1917,1921,361.3913
2022-04-05T20:00:00.000Z,1921,1924,1917,1919,230.883
2022-04-06T00:00:00.000Z,1919,1923,1915,1922,664.269
2022-04-06T04:00:00.000Z,1923,1924,1915,1921,338.7949
2022-04-06T08:00:00.000Z,1922,1930,1917,1920,388.1117
2022-04-06T12:00:00.000Z,1921,1933,1920,1925,1431.6943
2022-04-06T16:00:00.000Z,1926,1928,1918,1924,940.4108
2022-04-06T20:00:00.000Z,1924,1928,1920,1923,320.6109
2022-04-07T00:00:00.000Z,1923,1928,1921,1924,424.8648
2022-04-07T04:00:00.000Z,1924,1928,1921,1926,231.0574
2022-04-07T08:00:00.000Z,1926,1928,1922,1928,268.085
2022-04-07T12:00:00.000Z,1927,1935,1924,1931,559.6249
2022-04-07T16:00:00.000Z,1932,1937,1925,1927,334.9876
2022-04-07T20:00:00.000Z,1928,1938,1925,1930,268.945
2022-04-08T00:00:00.000Z,1931,1935,1929,1929,172.0739
2022-04-08T04:00:00.000Z,1930,1933,1928,1932,248.6242
2022-04-08T08:00:00.000Z,1932,1934,1929,1931,251.9667
2022-04-08T12:00:00.000Z,1932,1946,1929,1943,646.1258
2022-04-08T16:00:00.000Z,1943,1946,1938,1944,587.3978
2022-04-08T20:00:00.000Z,1944,1949,1939,1947,777.1047
2022-04-09T00:00:00.000Z,1947,1952,1945,1950,297.3966
2022-04-09T04:00:00.000Z,1950,1952,1949,1951,106.065
2022-04-09T08:00:00.000Z,1951,1952,1949,1951,162.1077
2022-04-09T12:00:00.000Z,1952,1954,1949,1950,228.0291
2022-04-09T16:00:00.000Z,1950,1952,1946,1947,188.5909
2022-04-09T20:00:00.000Z,1948,1951,1945,1946,167.8513
2022-04-10T00:00:00.000Z,1946,1949,1945,1948,83.4694
2022-04-10T04:00:00.000Z,1949,1952,1948,1950,329.5467
2022-04-10T08:00:00.000Z,1951,1953,1949,1950,160.3375
2022-04-10T12:00:00.000Z,1951,1952,1946,1948,193.6383
2022-04-10T16:00:00.000Z,1948,1956,1943,1944,413.4714
2022-04-10T20:00:00.000Z,1945,1947,1940,1942,334.9535
2022-04-11T00:00:00.000Z,1943,1946,1940,1945,201.0986
2022-04-11T04:00:00.000Z,1945,1949,1941,1947,372.6516
2022-04-11T08:00:00.000Z,1947,1963,1946,1962,1609.286
2022-04-11T12:00:00.000Z,1961,1968,1940,1953,2593.5848
2022-04-11T16:00:00.000Z,1953,1954,1941,1953,651.8185
2022-04-11T20:00:00.000Z,1953,1960,1949,1953,1019.3682
2022-04-12T00:00:00.000Z,1953,1961,1949,1961,717.4008
2022-04-12T04:00:00.000Z,1961,1963,1953,1955,855.1883
2022-04-12T08:00:00.000Z,1954,1960,1949,1958,666.8787
2022-04-12T12:00:00.000Z,1959,1977,1954,1972,1404.2561
2022-04-12T16:00:00.000Z,1973,1978,1965,1968,2030.5717
2022-04-12T20:00:00.000Z,1968,1973,1966,1968,705.0914
2022-04-13T00:00:00.000Z,1968,1975,1964,1972,588.5376
2022-04-13T04:00:00.000Z,1972,1973,1966,1971,562.5887
2022-04-13T08:00:00.000Z,1971,1980,1970,1979,849.1817
2022-04-13T12:00:00.000Z,1978,1980,1966,1977,1316.8712
2022-04-13T16:00:00.000Z,1977,1982,1972,1979,757.9783
2022-04-13T20:00:00.000Z,1979,1982,1977,1979,264.9982
2022-04-14T00:00:00.000Z,1980,1980,1972,1977,452.8721
2022-04-14T04:00:00.000Z,1977,1978,1973,1977,212.6314
2022-04-14T08:00:00.000Z,1977,1982,1966,1980,942.7553
2022-04-14T12:00:00.000Z,1980,1981,1962,1967,780.3046
2022-04-14T16:00:00.000Z,1967,1975,1966,1973,328.0555
2022-04-14T20:00:00.000Z,1973,1978,1970,1976,351.7554
2022-04-15T00:00:00.000Z,1976,1979,1974,1976,169.6513
2022-04-15T04:00:00.000Z,1976,1979,1975,1977,126.5552
2022-04-15T08:00:00.000Z,1978,1981,1973,1979,299.9942
2022-04-15T12:00:00.000Z,1979,1980,1975,1977,163.3428
2022-04-15T16:00:00.000Z,1978,1981,1976,1978,183.0563
2022-04-15T20:00:00.000Z,1979,1980,1976,1980,274.3503
2022-04-16T00:00:00.000Z,1980,1981,1978,1979,162.4786
2022-04-16T04:00:00.000Z,1979,1980,1976,1978,228.0033
2022-04-16T08:00:00.000Z,1978,1980,1977,1979,150.1306
2022-04-16T12:00:00.000Z,1980,1981,1977,1979,270.5984
2022-04-16T16:00:00.000Z,1979,1981,1977,1979,203.3688
2022-04-16T20:00:00.000Z,1980,1982,1978,1979,154.2387
2022-04-17T00:00:00.000Z,1980,1982,1977,1979,181.6433
2022-04-17T04:00:00.000Z,1980,1982,1977,1980,202.3355
2022-04-17T08:00:00.000Z,1980,1983,1978,1981,209.0885
2022-04-17T12:00:00.000Z,1981,1982,1979,1980,124.896
2022-04-17T16:00:00.000Z,1981,1981,1978,1981,149.2972
2022-04-17T20:00:00.000Z,1981,1988,1978,1987,394.3275
2022-04-18T00:00:00.000Z,1988,1988,1985,1986,496.9148
2022-04-18T04:00:00.000Z,1986,1995,1983,1995,1089.0484
2022-04-18T08:00:00.000Z,1995,1999,1992,1997,1408.7372
2022-04-18T12:00:00.000Z,1998,1999,1985,1993,1190.7916
2022-04-18T16:00:00.000Z,1993,1994,1979,1984,1506.2251
2022-04-18T20:00:00.000Z,1984,1984,1977,1980,451.5126
2022-04-19T00:00:00.000Z,1980,1982,1974,1980,664.785
2022-04-19T04:00:00.000Z,1981,1982,1974,1981,368.4702
2022-04-19T08:00:00.000Z,1981,1987,1976,1981,545.0174
2022-04-19T12:00:00.000Z,1982,1984,1958,1960,1713.6435
2022-04-19T16:00:00.000Z,1960,1963,1952,1957,776.8587
2022-04-19T20:00:00.000Z,1956,1959,1951,1953,330.2014
2022-04-20T00:00:00.000Z,1954,1956,1947,1949,337.2493
2022-04-20T04:00:00.000Z,1950,1950,1945,1947,605.501
2022-04-20T08:00:00.000Z,1948,1961,1947,1958,609.1719
2022-04-20T12:00:00.000Z,1958,1962,1950,1958,633.8344
2022-04-20T16:00:00.000Z,1958,1963,1953,1963,392.4948
2022-04-20T20:00:00.000Z,1963,1966,1958,1964,317.4695
2022-04-21T00:00:00.000Z,1964,1964,1957,1958,157.0858
2022-04-21T04:00:00.000Z,1958,1960,1951,1955,208.7219
2022-04-21T08:00:00.000Z,1955,1956,1933,1941,992.1683
2022-04-21T12:00:00.000Z,1942,1952,1939,1945,1417.2114
2022-04-21T16:00:00.000Z,1945,1961,1942,1956,622.3522
2022-04-21T20:00:00.000Z,1956,1959,1951,1958,459.8081
2022-04-22T00:00:00.000Z,1958,1959,1950,1954,307.3278
2022-04-22T04:00:00.000Z,1953,1959,1953,1957,256.7902
2022-04-22T08:00:00.000Z,1957,1957,1935,1941,369.6789
2022-04-22T12:00:00.000Z,1941,1950,1930,1942,1317.2174
2022-04-22T16:00:00.000Z,1942,1944,1934,1938,459.8633
2022-04-22T20:00:00.000Z,1938,1941,1930,1935,306.2707
2022-04-23T00:00:00.000Z,1935,1938,1930,1937,198.1581
2022-04-23T04:00:00.000Z,1937,1937,1932,1936,191.7889
2022-04-23T08:00:00.000Z,1936,1940,1935,1938,152.1551
2022-04-23T12:00:00.000Z,1938,1938,1934,1936,155.2492
2022-04-23T16:00:00.000Z,1935,1940,1928,1933,252.4962
2022-04-23T20:00:00.000Z,1934,1936,1930,1934,219.6093
2022-04-24T00:00:00.000Z,1935,1937,1933,1935,73.7246
2022-04-24T04:00:00.000Z,1936,1940,1935,1935,92.9282
2022-04-24T08:00:00.000Z,1935,1937,1935,1937,93.5739
2022-04-24T12:00:00.000Z,1936,1938,1934,1937,109.8421
2022-04-24T16:00:00.000Z,1938,1938,1933,1935,290.0133
2022-04-24T20:00:00.000Z,1935,1938,1930,1935,236.4639
2022-04-25T00:00:00.000Z,1935,1935,1924,1928,665.4763
2022-04-25T04:00:00.000Z,1928,1935,1917,1920,1145.952
2022-04-25T08:00:00.000Z,1921,1932,1913,1913,917.7862
2022-04-25T12:00:00.000Z,1914,1919,1895,1899,1309.4096
2022-04-25T16:00:00.000Z,1899,1911,1898,1907,2270.2609
2022-04-25T20:00:00.000Z,1907,1910,1903,1909,201.9659
2022-04-26T00:00:00.000Z,1908,1914,1900,1908,471.13
2022-04-26T04:00:00.000Z,1908,1915,1901,1903,424.7995
2022-04-26T08:00:00.000Z,1903,1915,1903,1912,323.4834
2022-04-26T12:00:00.000Z,1913,1913,1880,1907,1360.0953
2022-04-26T16:00:00.000Z,1907,1909,1897,1901,409.0852
2022-04-26T20:00:00.000Z,1902,1909,1897,1908,472.6324
2022-04-27T00:00:00.000Z,1908,1910,1901,1904,388.1811
2022-04-27T04:00:00.000Z,1904,1906,1899,1904,345.5767
2022-04-27T08:00:00.000Z,1904,1904,1893,1902,562.6896
2022-04-27T12:00:00.000Z,1901,1905,1885,1889,803.3696
2022-04-27T16:00:00.000Z,1889,1896,1887,1893,261.7218
2022-04-27T20:00:00.000Z,1893,1896,1890,1892,245.6054
2022-04-28T00:00:00.000Z,1891,1892,1885,1887,217.4901
2022-04-28T04:00:00.000Z,1887,1891,1880,1890,493.36
2022-04-28T08:00:00.000Z,1890,1898,1887,1894,531.9078
2022-04-28T12:00:00.000Z,1894,1901,1889,1895,679.6701
2022-04-28T16:00:00.000Z,1895,1900,1892,1899,355.7078
2022-04-28T20:00:00.000Z,1899,1902,1894,1898,148.7442
2022-04-29T00:00:00.000Z,1898,1911,1896,1907,315.5584
2022-04-29T04:00:00.000Z,1908,1925,1903,1923,416.1784
2022-04-29T08:00:00.000Z,1923,1925,1913,1923,577.8528
2022-04-29T12:00:00.000Z,1924,1927,1907,1914,641.876
2022-04-29T16:00:00.000Z,1914,1922,1900,1904,605.0195
2022-04-29T20:00:00.000Z,1904,1923,1903,1906,416.1141
2022-04-30T00:00:00.000Z,1906,1907,1901,1905,129.1536
2022-04-30T04:00:00.000Z,1905,1908,1904,1905,135.7173
2022-04-30T08:00:00.000Z,1905,1910,1904,1907,177.4594
2022-04-30T12:00:00.000Z,1906,1908,1902,1905,187.7398
2022-04-30T16:00:00.000Z,1905,1907,1900,1905,205.1386
2022-04-30T20:00:00.000Z,1905,1909,1897,1899,418.2063
2022-05-01T00:00:00.000Z,1899,1905,1893,1902,356.7869
2022-05-01T04:00:00.000Z,1902,1906,1897,1898,163.4238
2022-05-01T08:00:00.000Z,1898,1906,1898,1905,186.8979
2022-05-01T12:00:00.000Z,1905,1910,1903,1905,221.718
2022-05-01T16:00:00.000Z,1906,1907,1897,1901,329.2263
2022-05-01T20:00:00.000Z,1901,1909,1900,1905,280.8484
2022-05-02T00:00:00.000Z,1905,1906,1892,1895,243.5487
2022-05-02T04:00:00.000Z,1895,1900,1890,1892,372.5546
2022-05-02T08:00:00.000Z,1893,1893,1884,1885,349.6719
2022-05-02T12:00:00.000Z,1884,1885,1856,1874,2133.1979
2022-05-02T16:00:00.000Z,1875,1876,1865,1870,619.0919
2022-05-02T20:00:00.000Z,1871,1879,1866,1871,319.7344
2022-05-03T00:00:00.000Z,1871,1871,1865,1867,126.2254
2022-05-03T04:00:00.000Z,1868,1868,1851,1861,1003.4915
2022-05-03T08:00:00.000Z,1861,1865,1852,1864,673.1563
2022-05-03T12:00:00.000Z,1864,1879,1863,1875,715.7334
2022-05-03T16:00:00.000Z,1876,1878,1865,1870,469.0414
2022-05-03T20:00:00.000Z,1870,1872,1867,1871,152.205
2022-05-04T00:00:00.000Z,1871,1872,1866,1867,109.6205
2022-05-04T04:00:00.000Z,1867,1873,1864,1869,164.5061
2022-05-04T08:00:00.000Z,1869,1875,1867,1869,367.4073
2022-05-04T12:00:00.000Z,1870,1871,1864,1867,216.6656
2022-05-04T16:00:00.000Z,1868,1889,1865,1883,1138.2019
2022-05-04T20:00:00.000Z,1883,1893,1880,1892,199.8778
2022-05-05T00:00:00.000Z,1892,1900,1891,1900,223.6881
2022-05-05T04:00:00.000Z,1900,1901,1894,1895,255.8073
2022-05-05T08:00:00.000Z,1896,1901,1887,1898,326.432
2022-05-05T12:00:00.000Z,1898,1908,1872,1875,981.4782
2022-05-05T16:00:00.000Z,1875,1883,1870,1877,1187.4197
2022-05-05T20:00:00.000Z,1878,1884,1875,1878,316.8671
2022-05-06T00:00:00.000Z,1878,1880,1869,1876,320.8619
2022-05-06T04:00:00.000Z,1876,1877,1869,1873,142.9348
2022-05-06T08:00:00.000Z,1873,1887,1870,1883,614.0316
2022-05-06T12:00:00.000Z,1883,1893,1871,1887,885.8644
2022-05-06T16:00:00.000Z,1887,1894,1877,1881,375.8659
2022-05-06T20:00:00.000Z,1881,1885,1876,1885,349.5233
2022-05-07T00:00:00.000Z,1885,1888,1879,1882,177.8678
2022-05-07T04:00:00.000Z,1882,1887,1881,1885,130.1555
2022-05-07T08:00:00.000Z,1885,1890,1884,1887,159.2917
2022-05-07T12:00:00.000Z,1887,1888,1880,1888,160.4179
2022-05-07T16:00:00.000Z,1888,1903,1886,1887,278.0159
2022-05-07T20:00:00.000Z,1887,1889,1883,1887,493.8791
2022-05-08T00:00:00.000Z,1887,1895,1881,1887,588.0268
2022-05-08T04:00:00.000Z,1887,1891,1883,1885,320.0956
2022-05-08T08:00:00.000Z,1885,1888,1881,1884,221.138
2022-05-08T12:00:00.000Z,1885,1888,1883,1887,182.6458
2022-05-08T16:00:00.000Z,1887,1889,1882,1886,441.4849
2022-05-08T20:00:00.000Z,1886,1896,1882,1885,578.3861
2022-05-09T00:00:00.000Z,1885,1886,1876,1879,376.8116
2022-05-09T04:00:00.000Z,1879,1879,1869,1870,276.2535
2022-05-09T08:00:00.000Z,1870,1872,1854,1860,769.9489
2022-05-09T12:00:00.000Z,1860,1869,1854,1860,844.3167
2022-05-09T16:00:00.000Z,1860,1865,1847,1853,1949.2547
2022-05-09T20:00:00.000Z,1853,1860,1848,1856,1313.3239
2022-05-10T00:00:00.000Z,1856,1861,1846,1860,929.236
2022-05-10T04:00:00.000Z,1861,1863,1852,1858,1704.2795
2022-05-10T08:00:00.000Z,1857,1866,1853,1861,611.3217
2022-05-10T12:00:00.000Z,1861,1867,1845,1846,1062.3082
2022-05-10T16:00:00.000Z,1846,1847,1836,1836,804.1086
2022-05-10T20:00:00.000Z,1837,1842,1832,1835,743.9385
2022-05-11T00:00:00.000Z,1835,1840,1832,1839,464.3789
2022-05-11T04:00:00.000Z,1839,1872,1832,1850,1601.6039
2022-05-11T08:00:00.000Z,1850,1867,1841,1853,1239.5657
2022-05-11T12:00:00.000Z,1854,1862,1821,1851,3885.7821
2022-05-11T16:00:00.000Z,1850,1859,1845,1856,1330.6142
2022-05-11T20:00:00.000Z,1856,1864,1848,1860,1854.333
2022-05-12T00:00:00.000Z,1859,1872,1851,1858,2331.8249
2022-05-12T04:00:00.000Z,1858,1954,1848,1874,9521.7235
2022-05-12T08:00:00.000Z,1874,1900,1851,1860,3915.1234
2022-05-12T12:00:00.000Z,1860,1888,1841,1849,3257.0228
2022-05-12T16:00:00.000Z,1849,1862,1823,1838,3578.7854
2022-05-12T20:00:00.000Z,1839,1842,1826,1836,958.2199
2022-05-13T00:00:00.000Z,1838,1855,1834,1837,1113.2214
2022-05-13T04:00:00.000Z,1837,1849,1827,1829,974.6373
2022-05-13T08:00:00.000Z,1830,1836,1822,1822,611.7
2022-05-13T12:00:00.000Z,1822,1824,1800,1805,3266.7597
2022-05-13T16:00:00.000Z,1805,1816,1801,1813,537.5933
2022-05-13T20:00:00.000Z,1813,1848,1808,1811,761.8636
2022-05-14T00:00:00.000Z,1811,1817,1807,1809,252.335
2022-05-14T04:00:00.000Z,1809,1813,1807,1813,175.27
2022-05-14T08:00:00.000Z,1813,1817,1808,1809,309.6599
2022-05-14T12:00:00.000Z,1810,1826,1808,1809,280.5792
2022-05-14T16:00:00.000Z,1809,1829,1808,1814,496.6852
2022-05-14T20:00:00.000Z,1814,1818,1810,1813,234.3704
2022-05-15T00:00:00.000Z,1814,1816,1810,1812,202.0298
2022-05-15T04:00:00.000Z,1812,1814,1808,1810,154.235
2022-05-15T08:00:00.000Z,1811,1816,1809,1814,144.8752
2022-05-15T12:00:00.000Z,1814,1815,1809,1814,248.2427
2022-05-15T16:00:00.000Z,1814,1816,1809,1814,190.4731
2022-05-15T20:00:00.000Z,1814,1821,1804,1811,377.6664
2022-05-16T00:00:00.000Z,1811,1817,1808,1810,285.3184
2022-05-16T04:00:00.000Z,1810,1815,1791,1794,517.7786
2022-05-16T08:00:00.000Z,1794,1811,1791,1801,765.1744
2022-05-16T12:00:00.000Z,1802,1818,1797,1816,648.5233
2022-05-16T16:00:00.000Z,1816,1828,1810,1827,503.3829
2022-05-16T20:00:00.000Z,1827,1830,1820,1828,286.2595
2022-05-17T00:00:00.000Z,1828,1830,1823,1826,206.7309
2022-05-17T04:00:00.000Z,1826,1831,1822,1827,213.4168
2022-05-17T08:00:00.000Z,1827,1836,1826,1835,304.234
2022-05-17T12:00:00.000Z,1836,1841,1825,1825,1957.0371
2022-05-17T16:00:00.000Z,1827,1832,1818,1822,435.2324
2022-05-17T20:00:00.000Z,1823,1830,1819,1820,357.7401
2022-05-18T00:00:00.000Z,1820,1821,1810,1814,228.3965
2022-05-18T04:00:00.000Z,1815,1820,1813,1820,171.5852
2022-05-18T08:00:00.000Z,1820,1824,1815,1816,185.2197
2022-05-18T12:00:00.000Z,1816,1829,1812,1827,652.4946
2022-05-18T16:00:00.000Z,1828,1833,1820,1822,763.7635
2022-05-18T20:00:00.000Z,1823,1823,1816,1819,268.3399
2022-05-19T00:00:00.000Z,1819,1826,1816,1823,262.2991
2022-05-19T04:00:00.000Z,1823,1828,1815,1818,551.1348
2022-05-19T08:00:00.000Z,1818,1842,1817,1838,2132.7977
2022-05-19T12:00:00.000Z,1837,1854,1834,1846,774.0581
2022-05-19T16:00:00.000Z,1845,1854,1845,1850,2451.2686
2022-05-19T20:00:00.000Z,1850,1855,1849,1853,148.8749
2022-05-20T00:00:00.000Z,1853,1853,1843,1846,359.655
2022-05-20T04:00:00.000Z,1846,1852,1843,1848,518.8333
2022-05-20T08:00:00.000Z,1849,1852,1844,1845,299.5453
2022-05-20T12:00:00.000Z,1846,1853,1836,1849,565.1436
2022-05-20T16:00:00.000Z,1850,1855,1841,1854,837.737
2022-05-20T20:00:00.000Z,1854,1855,1850,1853,135.817
2022-05-21T00:00:00.000Z,1854,1855,1849,1853,193.0808
2022-05-21T04:00:00.000Z,1853,1855,1849,1854,121.778
2022-05-21T08:00:00.000Z,1853,1856,1850,1854,150.9001
2022-05-21T12:00:00.000Z,1854,1856,1853,1855,260.4358
2022-05-21T16:00:00.000Z,1854,1856,1853,1855,74.2133
2022-05-21T20:00:00.000Z,1855,1858,1850,1855,129.3425
2022-05-22T00:00:00.000Z,1855,1859,1855,1856,45.6453
2022-05-22T04:00:00.000Z,1857,1859,1853,1853,220.5937
2022-05-22T08:00:00.000Z,1854,1856,1850,1852,212.8268
2022-05-22T12:00:00.000Z,1853,1855,1849,1853,229.7635
2022-05-22T16:00:00.000Z,1852,1854,1846,1850,238.6844
2022-05-22T20:00:00.000Z,1850,1859,1847,1853,320.9088
2022-05-23T00:00:00.000Z,1854,1857,1852,1855,158.7431
2022-05-23T04:00:00.000Z,1856,1864,1855,1861,225.0344
2022-05-23T08:00:00.000Z,1861,1870,1860,1867,355.0426
2022-05-23T12:00:00.000Z,1868,1871,1856,1857,875.8726
2022-05-23T16:00:00.000Z,1857,1860,1847,1856,465.0905
2022-05-23T20:00:00.000Z,1855,1860,1853,1856,263.9905
2022-05-24T00:00:00.000Z,1856,1859,1853,1859,152.8181
2022-05-24T04:00:00.000Z,1859,1872,1855,1862,257.2472
2022-05-24T08:00:00.000Z,1863,1866,1856,1860,217.0045
2022-05-24T12:00:00.000Z,1861,1877,1860,1871,772.5552
2022-05-24T16:00:00.000Z,1871,1875,1866,1871,384.6622
2022-05-24T20:00:00.000Z,1871,1877,1868,1870,293.3386
2022-05-25T00:00:00.000Z,1870,1871,1860,1867,352.5397
2022-05-25T04:00:00.000Z,1868,1868,1861,1863,120.5023
2022-05-25T08:00:00.000Z,1863,1863,1855,1858,271.2343
2022-05-25T12:00:00.000Z,1858,1860,1850,1850,417.2298
2022-05-25T16:00:00.000Z,1851,1859,1847,1857,241.4066
2022-05-25T20:00:00.000Z,1858,1864,1855,1857,301.9324
2022-05-26T00:00:00.000Z,1857,1863,1854,1855,130.9228
2022-05-26T04:00:00.000Z,1856,1856,1847,1851,150.4407
2022-05-26T08:00:00.000Z,1851,1853,1843,1847,797.2237
2022-05-26T12:00:00.000Z,1847,1859,1843,1849,813.0479
2022-05-26T16:00:00.000Z,1850,1866,1843,1854,669.9157
2022-05-26T20:00:00.000Z,1854,1856,1849,1853,192.1516
2022-05-27T00:00:00.000Z,1853,1861,1846,1859,371.9776
2022-05-27T04:00:00.000Z,1859,1863,1851,1860,372.8854
2022-05-27T08:00:00.000Z,1860,1867,1857,1862,516.5329
2022-05-27T12:00:00.000Z,1863,1867,1851,1858,585.1277
2022-05-27T16:00:00.000Z,1858,1860,1849,1858,339.6635
2022-05-27T20:00:00.000Z,1859,1860,1852,1853,220.1094
2022-05-28T00:00:00.000Z,1853,1862,1853,1861,118.2094
2022-05-28T04:00:00.000Z,1860,1863,1855,1858,124.8879
2022-05-28T08:00:00.000Z,1858,1861,1849,1860,149.4267
2022-05-28T12:00:00.000Z,1861,1861,1855,1857,136.0119
2022-05-28T16:00:00.000Z,1857,1859,1851,1855,118.6228
2022-05-28T20:00:00.000Z,1856,1857,1849,1855,47.5819
2022-05-29T00:00:00.000Z,1856,1857,1853,1853,44.9544
2022-05-29T04:00:00.000Z,1854,1857,1853,1856,49.3717
2022-05-29T08:00:00.000Z,1856,1859,1852,1856,122.9702
2022-05-29T12:00:00.000Z,1857,1861,1849,1853,214.4726
2022-05-29T16:00:00.000Z,1852,1855,1850,1851,95.4243
2022-05-29T20:00:00.000Z,1851,1855,1850,1850,79.2311
2022-05-30T00:00:00.000Z,1850,1864,1850,1860,464.6757
2022-05-30T04:00:00.000Z,1861,1867,1859,1863,205.3693
2022-05-30T08:00:00.000Z,1864,1865,1852,1857,215.3389
2022-05-30T12:00:00.000Z,1858,1863,1852,1859,258.8943
2022-05-30T16:00:00.000Z,1859,1860,1852,1854,88.2552
2022-05-30T20:00:00.000Z,1854,1865,1854,1858,404.4243
2022-05-31T00:00:00.000Z,1858,1859,1850,1853,152.3095
2022-05-31T04:00:00.000Z,1853,1857,1851,1856,102.6568
2022-05-31T08:00:00.000Z,1857,1867,1851,1851,185.5814
2022-05-31T12:00:00.000Z,1851,1857,1841,1848,510.063
2022-05-31T16:00:00.000Z,1848,1849,1836,1839,434.1994
2022-05-31T20:00:00.000Z,1839,1840,1833,1837,403.9428
2022-06-01T00:00:00.000Z,1838,1839,1821,1838,200.008
2022-06-01T04:00:00.000Z,1838,1839,1833,1835,96.0275
2022-06-01T08:00:00.000Z,1836,1838,1829,1834,190.9165
2022-06-01T12:00:00.000Z,1835,1849,1827,1846,431.1262
2022-06-01T16:00:00.000Z,1846,1851,1843,1848,418.6947
2022-06-01T20:00:00.000Z,1848,1854,1840,1852,523.5237
2022-06-02T00:00:00.000Z,1851,1855,1847,1849,254.236
2022-06-02T04:00:00.000Z,1848,1853,1848,1852,81.3433
2022-06-02T08:00:00.000Z,1853,1860,1849,1856,249.4015
2022-06-02T12:00:00.000Z,1856,1872,1856,1870,403.2414
2022-06-02T16:00:00.000Z,1870,1874,1868,1870,272.7994
2022-06-02T20:00:00.000Z,1871,1872,1868,1870,162.9274
2022-06-03T00:00:00.000Z,1870,1877,1869,1875,173.6479
2022-06-03T04:00:00.000Z,1875,1875,1862,1865,182.4947
2022-06-03T08:00:00.000Z,1866,1869,1862,1865,253.139
2022-06-03T12:00:00.000Z,1866,1867,1857,1857,298.2286
2022-06-03T16:00:00.000Z,1857,1857,1851,1854,181.4439
2022-06-03T20:00:00.000Z,1854,1861,1854,1857,148.85
2022-06-04T00:00:00.000Z,1857,1860,1850,1853,143.2766
2022-06-04T04:00:00.000Z,1852,1854,1852,1853,59.2176
2022-06-04T08:00:00.000Z,1852,1859,1850,1856,93.7621
2022-06-04T12:00:00.000Z,1857,1870,1854,1859,143.0964
2022-06-04T16:00:00.000Z,1859,1860,1856,1859,41.1807
2022-06-04T20:00:00.000Z,1858,1864,1858,1862,129.8787
2022-06-05T00:00:00.000Z,1862,1867,1858,1862,78.4697
2022-06-05T04:00:00.000Z,1862,1875,1858,1860,216.5651
2022-06-05T08:00:00.000Z,1860,1864,1858,1860,88.7191
2022-06-05T12:00:00.000Z,1861,1862,1859,1860,35.3871
2022-06-05T16:00:00.000Z,1861,1869,1859,1866,185.0894
2022-06-05T20:00:00.000Z,1865,1867,1853,1855,278.8161
2022-06-06T00:00:00.000Z,1854,1862,1851,1862,418.5358
2022-06-06T04:00:00.000Z,1862,1863,1855,1858,269.1356
2022-06-06T08:00:00.000Z,1859,1862,1849,1859,427.9514
2022-06-06T12:00:00.000Z,1859,1865,1844,1848,474.2597
2022-06-06T16:00:00.000Z,1848,1850,1845,1846,254.591
2022-06-06T20:00:00.000Z,1846,1849,1843,1844,136.7238
2022-06-07T00:00:00.000Z,1844,1846,1834,1841,556.9267
2022-06-07T04:00:00.000Z,1843,1846,1841,1845,122.8049
2022-06-07T08:00:00.000Z,1845,1853,1843,1850,185.3813
2022-06-07T12:00:00.000Z,1851,1862,1844,1855,327.975
2022-06-07T16:00:00.000Z,1855,1861,1849,1855,351.3118
2022-06-07T20:00:00.000Z,1855,1862,1849,1857,643.8568
2022-06-08T00:00:00.000Z,1857,1858,1845,1847,326.2567
2022-06-08T04:00:00.000Z,1847,1858,1844,1850,261.7507
2022-06-08T08:00:00.000Z,1850,1852,1848,1850,83.483
2022-06-08T12:00:00.000Z,1850,1860,1847,1858,327.2514
2022-06-08T16:00:00.000Z,1858,1863,1853,1858,567.108
2022-06-08T20:00:00.000Z,1858,1860,1854,1857,111.9584
2022-06-09T00:00:00.000Z,1858,1858,1855,1857,37.1647
2022-06-09T04:00:00.000Z,1857,1859,1855,1856,91.1076
2022-06-09T08:00:00.000Z,1856,1858,1848,1850,231.8239
2022-06-09T12:00:00.000Z,1850,1856,1843,1846,284.3123
2022-06-09T16:00:00.000Z,1846,1854,1845,1848,284.1339
2022-06-09T20:00:00.000Z,1847,1852,1842,1847,180.8174
2022-06-10T00:00:00.000Z,1847,1852,1843,1846,235.944
2022-06-10T04:00:00.000Z,1847,1847,1844,1844,66.3834
2022-06-10T08:00:00.000Z,1845,1847,1838,1838,192.1306
2022-06-10T12:00:00.000Z,1839,1870,1830,1869,1215.0602
2022-06-10T16:00:00.000Z,1869,1878,1867,1875,641.0468
2022-06-10T20:00:00.000Z,1875,1877,1869,1872,175.1278
2022-06-11T00:00:00.000Z,1872,1877,1871,1875,69.2848
2022-06-11T04:00:00.000Z,1875,1880,1875,1878,159.0246
2022-06-11T08:00:00.000Z,1878,1879,1864,1876,616.2772
2022-06-11T12:00:00.000Z,1877,1884,1873,1880,750.9913
2022-06-11T16:00:00.000Z,1880,1886,1874,1878,922.0814
2022-06-11T20:00:00.000Z,1878,1883,1877,1881,125.3942
2022-06-12T00:00:00.000Z,1881,1883,1876,1881,443.6578
2022-06-12T04:00:00.000Z,1881,1887,1877,1886,386.789
2022-06-12T08:00:00.000Z,1887,1893,1881,1885,443.1185
2022-06-12T12:00:00.000Z,1886,1897,1883,1886,569.1441
2022-06-12T16:00:00.000Z,1888,1895,1883,1889,484.501
2022-06-12T20:00:00.000Z,1888,1893,1881,1883,691.5083
2022-06-13T00:00:00.000Z,1884,1887,1862,1866,2079.8247
2022-06-13T04:00:00.000Z,1865,1872,1858,1865,1422.0067
2022-06-13T08:00:00.000Z,1862,1865,1849,1858,2028.0678
2022-06-13T12:00:00.000Z,1860,1864,1824,1835,3128.6615
2022-06-13T16:00:00.000Z,1834,1846,1825,1831,1287.0161
2022-06-13T20:00:00.000Z,1830,1839,1821,1827,1093.394
2022-06-14T00:00:00.000Z,1827,1836,1821,1833,1957.5912
2022-06-14T04:00:00.000Z,1833,1840,1827,1835,1315.3871
2022-06-14T08:00:00.000Z,1835,1835,1824,1828,554.7233
2022-06-14T12:00:00.000Z,1827,1834,1811,1817,1172.4265
2022-06-14T16:00:00.000Z,1817,1821,1807,1814,507.0481
2022-06-14T20:00:00.000Z,1814,1818,1802,1816,539.9883
2022-06-15T00:00:00.000Z,1816,1825,1812,1819,426.4621
2022-06-15T04:00:00.000Z,1819,1830,1810,1825,1486.7791
2022-06-15T08:00:00.000Z,1825,1844,1819,1840,1589.3867
2022-06-15T12:00:00.000Z,1840,1843,1820,1828,1366.1795
2022-06-15T16:00:00.000Z,1828,1849,1813,1836,2507.5035
2022-06-15T20:00:00.000Z,1837,1847,1836,1838,761.5354
2022-06-16T00:00:00.000Z,1838,1847,1834,1839,418.2578
2022-06-16T04:00:00.000Z,1839,1839,1830,1835,245.5716
2022-06-16T08:00:00.000Z,1836,1840,1822,1825,734.9518
2022-06-16T12:00:00.000Z,1826,1850,1826,1850,898.896
2022-06-16T16:00:00.000Z,1850,1858,1849,1857,387.091
2022-06-16T20:00:00.000Z,1857,1870,1856,1860,484.1389
2022-06-17T00:00:00.000Z,1859,1866,1849,1851,949.2077
2022-06-17T04:00:00.000Z,1850,1858,1848,1853,471.5852
2022-06-17T08:00:00.000Z,1854,1859,1852,1855,306.8008
2022-06-17T12:00:00.000Z,1855,1859,1842,1849,617.1549
2022-06-17T16:00:00.000Z,1849,1850,1839,1841,1332.0507
2022-06-17T20:00:00.000Z,1841,1846,1839,1843,208.5775
2022-06-18T00:00:00.000Z,1843,1847,1843,1844,86.2892
2022-06-18T04:00:00.000Z,1845,1851,1833,1850,971.5554
2022-06-18T08:00:00.000Z,1850,1857,1830,1842,1003.2945
2022-06-18T12:00:00.000Z,1841,1844,1829,1833,451.0566
2022-06-18T16:00:00.000Z,1833,1837,1822,1833,895.7498
2022-06-18T20:00:00.000Z,1833,1839,1817,1826,1908.2911
2022-06-19T00:00:00.000Z,1826,1830,1817,1823,453.3401
2022-06-19T04:00:00.000Z,1822,1828,1819,1824,373.1075
2022-06-19T08:00:00.000Z,1824,1844,1823,1833,779.592
2022-06-19T12:00:00.000Z,1833,1843,1823,1838,491.969
2022-06-19T16:00:00.000Z,1838,1845,1831,1835,594.7442
2022-06-19T20:00:00.000Z,1835,1845,1835,1844,625.3908
2022-06-20T00:00:00.000Z,1843,1853,1838,1849,752.364
2022-06-20T04:00:00.000Z,1848,1852,1845,1848,223.6561
2022-06-20T08:00:00.000Z,1847,1850,1843,1846,568.0539
2022-06-20T12:00:00.000Z,1846,1851,1842,1847,689.23
2022-06-20T16:00:00.000Z,1846,1848,1838,1844,348.9224
2022-06-20T20:00:00.000Z,1844,1851,1842,1850,245.0138
2022-06-21T00:00:00.000Z,1850,1851,1843,1849,130.0518
2022-06-21T04:00:00.000Z,1848,1851,1836,1842,362.4153
2022-06-21T08:00:00.000Z,1842,1848,1838,1839,319.186
2022-06-21T12:00:00.000Z,1838,1849,1838,1841,316.3062
2022-06-21T16:00:00.000Z,1841,1844,1832,1835,269.7787
2022-06-21T20:00:00.000Z,1834,1842,1833,1836,181.5486
2022-06-22T00:00:00.000Z,1835,1839,1831,1834,225.0975
2022-06-22T04:00:00.000Z,1834,1835,1825,1831,301.3986
2022-06-22T08:00:00.000Z,1832,1843,1824,1839,278.9667
2022-06-22T12:00:00.000Z,1839,1855,1838,1840,479.0813
2022-06-22T16:00:00.000Z,1840,1846,1837,1843,356.5845
2022-06-22T20:00:00.000Z,1843,1846,1840,1843,204.1195
2022-06-23T00:00:00.000Z,1843,1847,1838,1839,209.3834
2022-06-23T04:00:00.000Z,1839,1843,1838,1840,144.1495
2022-06-23T08:00:00.000Z,1840,1841,1832,1834,195.1857
2022-06-23T12:00:00.000Z,1834,1848,1833,1838,356.1639
2022-06-23T16:00:00.000Z,1838,1839,1821,1832,408.9448
2022-06-23T20:00:00.000Z,1831,1833,1826,1830,273.5742
2022-06-24T00:00:00.000Z,1829,1841,1826,1830,310.929
2022-06-24T04:00:00.000Z,1831,1834,1826,1833,184.8754
2022-06-24T08:00:00.000Z,1833,1833,1826,1827,333.1667
2022-06-24T12:00:00.000Z,1827,1833,1822,1831,376.0005
2022-06-24T16:00:00.000Z,1831,1834,1828,1829,244.4097
2022-06-24T20:00:00.000Z,1829,1833,1824,1825,306.9749
2022-06-25T00:00:00.000Z,1825,1828,1824,1825,120.9325
2022-06-25T04:00:00.000Z,1826,1829,1824,1826,117.7397
2022-06-25T08:00:00.000Z,1826,1826,1823,1823,81.2165
2022-06-25T12:00:00.000Z,1824,1825,1821,1823,168.0343
2022-06-25T16:00:00.000Z,1824,1828,1821,1826,117.1135
2022-06-25T20:00:00.000Z,1827,1830,1820,1825,269.0416
2022-06-26T00:00:00.000Z,1826,1826,1822,1824,44.1058
2022-06-26T04:00:00.000Z,1825,1828,1822,1824,177.5417
2022-06-26T08:00:00.000Z,1825,1829,1823,1828,224.0485
2022-06-26T12:00:00.000Z,1829,1829,1818,1822,551.7826
2022-06-26T16:00:00.000Z,1823,1831,1821,1826,380.9764
2022-06-26T20:00:00.000Z,1827,1835,1825,1830,440.641
2022-06-27T00:00:00.000Z,1831,1836,1827,1835,139.5838
2022-06-27T04:00:00.000Z,1836,1839,1832,1838,124.2114
2022-06-27T08:00:00.000Z,1838,1840,1837,1837,150.6011
2022-06-27T12:00:00.000Z,1837,1838,1823,1830,1011.4789
2022-06-27T16:00:00.000Z,1829,1832,1825,1826,223.896
2022-06-27T20:00:00.000Z,1826,1830,1825,1829,101.033
2022-06-28T00:00:00.000Z,1828,1830,1825,1830,224.0313
2022-06-28T04:00:00.000Z,1829,1834,1829,1829,302.7603
2022-06-28T08:00:00.000Z,1829,1835,1826,1831,701.4596
2022-06-28T12:00:00.000Z,1832,1838,1825,1827,2647.4526
2022-06-28T16:00:00.000Z,1827,1828,1822,1825,249.8628
2022-06-28T20:00:00.000Z,1824,1829,1823,1824,181.3482
2022-06-29T00:00:00.000Z,1824,1832,1822,1826,265.9541
2022-06-29T04:00:00.000Z,1826,1828,1823,1824,167.5088
2022-06-29T08:00:00.000Z,1824,1832,1820,1832,410.795
2022-06-29T12:00:00.000Z,1831,1837,1823,1824,352.3419
2022-06-29T16:00:00.000Z,1824,1826,1817,1822,293.7161
2022-06-29T20:00:00.000Z,1822,1825,1819,1824,151.2763
2022-06-30T00:00:00.000Z,1823,1825,1819,1824,100.1413
2022-06-30T04:00:00.000Z,1823,1827,1817,1823,250.4191
2022-06-30T08:00:00.000Z,1823,1824,1811,1813,484.3225
2022-06-30T12:00:00.000Z,1812,1829,1811,1820,838.6012
2022-06-30T16:00:00.000Z,1820,1821,1809,1815,373.8911
2022-06-30T20:00:00.000Z,1814,1823,1808,1816,511.3332
2022-07-01T00:00:00.000Z,1816,1821,1807,1807,1063.9678
2022-07-01T04:00:00.000Z,1807,1810,1801,1804,475.2713
2022-07-01T08:00:00.000Z,1803,1806,1792,1797,614.5829
2022-07-01T12:00:00.000Z,1796,1812,1792,1809,584.0352
2022-07-01T16:00:00.000Z,1809,1814,1804,1809,410.902
2022-07-01T20:00:00.000Z,1808,1815,1806,1807,347.097
2022-07-02T00:00:00.000Z,1807,1812,1806,1808,180.7695
2022-07-02T04:00:00.000Z,1808,1817,1808,1812,161.1821
2022-07-02T08:00:00.000Z,1812,1818,1809,1812,279.0756
2022-07-02T12:00:00.000Z,1811,1814,1806,1811,200.103
2022-07-02T16:00:00.000Z,1811,1815,1809,1811,129.7084
2022-07-02T20:00:00.000Z,1811,1815,1811,1813,78.3969
2022-07-03T00:00:00.000Z,1813,1816,1812,1815,62.0683
2022-07-03T04:00:00.000Z,1815,1819,1806,1809,266.0933
2022-07-03T08:00:00.000Z,1809,1815,1806,1807,187.3909
2022-07-03T12:00:00.000Z,1806,1820,1802,1805,415.6473
2022-07-03T16:00:00.000Z,1804,1810,1804,1808,88.9982
2022-07-03T20:00:00.000Z,1809,1814,1809,1814,171.536
2022-07-04T00:00:00.000Z,1813,1817,1810,1816,307.6039
2022-07-04T04:00:00.000Z,1816,1817,1811,1814,74.7664
2022-07-04T08:00:00.000Z,1813,1815,1806,1812,351.7999
2022-07-04T12:00:00.000Z,1812,1818,1809,1811,316.0855
2022-07-04T16:00:00.000Z,1811,1814,1809,1810,159.564
2022-07-04T20:00:00.000Z,1811,1815,1808,1815,215.2444
2022-07-05T00:00:00.000Z,1814,1817,1809,1816,114.1677
2022-07-05T04:00:00.000Z,1815,1820,1812,1813,172.3135
2022-07-05T08:00:00.000Z,1812,1812,1799,1802,374.6961
2022-07-05T12:00:00.000Z,1802,1810,1766,1775,1207.7316
2022-07-05T16:00:00.000Z,1775,1775,1757,1769,704.7177
2022-07-05T20:00:00.000Z,1768,1774,1767,1771,357.9654
2022-07-06T00:00:00.000Z,1770,1777,1770,1776,187.6998
2022-07-06T04:00:00.000Z,1775,1776,1768,1772,270.5103
2022-07-06T08:00:00.000Z,1772,1774,1764,1765,246.3142
2022-07-06T12:00:00.000Z,1765,1772,1735,1738,810.5997
2022-07-06T16:00:00.000Z,1738,1747,1732,1742,544.1945
2022-07-06T20:00:00.000Z,1742,1748,1740,1746,223.5797
2022-07-07T00:00:00.000Z,1746,1749,1742,1748,277.2927
2022-07-07T04:00:00.000Z,1747,1749,1744,1746,165.8512
2022-07-07T08:00:00.000Z,1746,1750,1744,1748,255.5101
2022-07-07T12:00:00.000Z,1748,1755,1739,1743,569.0936
2022-07-07T16:00:00.000Z,1743,1748,1738,1741,373.8479
2022-07-07T20:00:00.000Z,1741,1743,1738,1742,195.0011
2022-07-08T00:00:00.000Z,1743,1755,1735,1743,914.057
2022-07-08T04:00:00.000Z,1743,1747,1738,1738,392.2525
2022-07-08T08:00:00.000Z,1738,1744,1736,1742,362.274
2022-07-08T12:00:00.000Z,1742,1756,1732,1748,670.4718
2022-07-08T16:00:00.000Z,1747,1748,1744,1746,114.5805
2022-07-08T20:00:00.000Z,1746,1749,1743,1743,94.5485
2022-07-09T00:00:00.000Z,1743,1745,1739,1742,187.4445
2022-07-09T04:00:00.000Z,1742,1744,1739,1743,77.1203
2022-07-09T08:00:00.000Z,1742,1744,1737,1738,122.7552
2022-07-09T12:00:00.000Z,1738,1740,1734,1740,107.514
2022-07-09T16:00:00.000Z,1740,1741,1738,1740,103.5438
2022-07-09T20:00:00.000Z,1740,1741,1738,1739,46.1337
2022-07-10T00:00:00.000Z,1738,1742,1735,1738,142.4116
2022-07-10T04:00:00.000Z,1738,1738,1737,1738,48.3828
2022-07-10T08:00:00.000Z,1738,1742,1736,1741,151.5107
2022-07-10T12:00:00.000Z,1742,1743,1735,1738,142.7933
2022-07-10T16:00:00.000Z,1737,1739,1735,1738,102.2264
2022-07-10T20:00:00.000Z,1737,1746,1736,1744,197.6574
2022-07-11T00:00:00.000Z,1743,1745,1739,1743,158.4445
2022-07-11T04:00:00.000Z,1743,1745,1739,1739,158.5326
2022-07-11T08:00:00.000Z,1740,1741,1732,1738,145.9342
2022-07-11T12:00:00.000Z,1738,1743,1735,1739,367.3306
2022-07-11T16:00:00.000Z,1740,1741,1726,1732,403.3962
2022-07-11T20:00:00.000Z,1733,1735,1726,1734,362.599
2022-07-12T00:00:00.000Z,1735,1742,1726,1738,264.5319
2022-07-12T04:00:00.000Z,1738,1740,1729,1738,340.5229
2022-07-12T08:00:00.000Z,1738,1745,1729,1740,709.7253
2022-07-12T12:00:00.000Z,1740,1740,1727,1736,274.1926
2022-07-12T16:00:00.000Z,1736,1737,1725,1726,466.2889
2022-07-12T20:00:00.000Z,1726,1729,1723,1726,360.222
2022-07-13T00:00:00.000Z,1726,1730,1725,1728,171.4268
2022-07-13T04:00:00.000Z,1729,1729,1719,1726,892.9716
2022-07-13T08:00:00.000Z,1726,1733,1716,1730,1181.2997
2022-07-13T12:00:00.000Z,1730,1745,1701,1740,1455.16722
2022-07-13T16:00:00.000Z,1739,1744,1735,1735,267.4545
2022-07-13T20:00:00.000Z,1735,1751,1734,1737,599.6011
2022-07-14T00:00:00.000Z,1736,1737,1730,1733,139.5184
2022-07-14T04:00:00.000Z,1734,1734,1719,1722,144.0882
2022-07-14T08:00:00.000Z,1722,1723,1710,1714,317.3146
2022-07-14T12:00:00.000Z,1713,1718,1699,1715,643.105911
2022-07-14T16:00:00.000Z,1716,1718,1704,1714,525.4003
2022-07-14T20:00:00.000Z,1713,1715,1710,1715,100.1618
2022-07-15T00:00:00.000Z,1714,1719,1712,1713,145.8226
2022-07-15T04:00:00.000Z,1713,1714,1702,1708,402.6311
2022-07-15T08:00:00.000Z,1708,1710,1702,1705,377.8515
2022-07-15T12:00:00.000Z,1705,1712,1700,1703,356.7301
2022-07-15T16:00:00.000Z,1703,1709,1701,1709,295.373
2022-07-15T20:00:00.000Z,1709,1710,1703,1704,161.5537
2022-07-16T00:00:00.000Z,1704,1705,1702,1703,78.3614
2022-07-16T04:00:00.000Z,1702,1706,1701,1704,84.7861
2022-07-16T08:00:00.000Z,1704,1705,1678,1694,1338.0999
2022-07-16T12:00:00.000Z,1693,1705,1693,1704,246.1041
2022-07-16T16:00:00.000Z,1704,1715,1692,1698,1271.5554
2022-07-16T20:00:00.000Z,1698,1704,1694,1697,279.6096
2022-07-17T00:00:00.000Z,1698,1702,1692,1700,257.8508
2022-07-17T04:00:00.000Z,1700,1700,1691,1697,299.2269
2022-07-17T08:00:00.000Z,1697,1697,1679,1692,543.5235
2022-07-17T12:00:00.000Z,1692,1698,1690,1692,251.8147
2022-07-17T16:00:00.000Z,1692,1700,1688,1697,334.9831
2022-07-17T20:00:00.000Z,1696,1708,1692,1706,561.2622
2022-07-18T00:00:00.000Z,1706,1715,1703,1714,371.4258
2022-07-18T04:00:00.000Z,1713,1717,1709,1716,357.1766
2022-07-18T08:00:00.000Z,1715,1723,1710,1712,363.8456
2022-07-18T12:00:00.000Z,1711,1717,1706,1710,375.7001
2022-07-18T16:00:00.000Z,1711,1712,1703,1705,277.6085
2022-07-18T20:00:00.000Z,1705,1712,1704,1706,430.0149
2022-07-19T00:00:00.000Z,1706,1711,1700,1706,600.9295
2022-07-19T04:00:00.000Z,1706,1709,1702,1706,234.212
2022-07-19T08:00:00.000Z,1707,1718,1705,1714,292.4552
2022-07-19T12:00:00.000Z,1713,1715,1708,1710,521.4772
2022-07-19T16:00:00.000Z,1711,1716,1703,1706,665.5312
2022-07-19T20:00:00.000Z,1706,1709,1703,1705,292.9953
2022-07-20T00:00:00.000Z,1706,1712,1703,1708,194.8856
2022-07-20T04:00:00.000Z,1708,1712,1703,1703,184.4856
2022-07-20T08:00:00.000Z,1704,1714,1702,1709,349.1608
2022-07-20T12:00:00.000Z,1708,1710,1704,1706,298.5565
2022-07-20T16:00:00.000Z,1706,1707,1696,1696,512.729
2022-07-20T20:00:00.000Z,1696,1702,1688,1697,800.9721
2022-07-21T00:00:00.000Z,1696,1697,1688,1690,275.4917
2022-07-21T04:00:00.000Z,1690,1692,1686,1690,248.58
2022-07-21T08:00:00.000Z,1690,1691,1680,1683,330.6659
2022-07-21T12:00:00.000Z,1682,1714,1682,1713,555.6895
2022-07-21T16:00:00.000Z,1713,1719,1710,1716,472.4313
2022-07-21T20:00:00.000Z,1716,1718,1712,1716,194.1672
2022-07-22T00:00:00.000Z,1716,1717,1712,1713,71.3691
2022-07-22T04:00:00.000Z,1713,1718,1709,1717,200.9418
2022-07-22T08:00:00.000Z,1716,1725,1715,1724,322.2674
2022-07-22T12:00:00.000Z,1724,1734,1720,1726,644.6983
2022-07-22T16:00:00.000Z,1727,1731,1720,1721,1323.6082
2022-07-22T20:00:00.000Z,1721,1728,1721,1727,116.4746
2022-07-23T00:00:00.000Z,1727,1730,1725,1726,163.2236
2022-07-23T04:00:00.000Z,1726,1730,1726,1728,103.1322
2022-07-23T08:00:00.000Z,1728,1729,1722,1723,216.1172
2022-07-23T12:00:00.000Z,1724,1727,1722,1724,157.6843
2022-07-23T16:00:00.000Z,1725,1726,1722,1724,132.3298
2022-07-23T20:00:00.000Z,1724,1725,1723,1723,83.7231
2022-07-24T00:00:00.000Z,1724,1726,1723,1725,303.3952
2022-07-24T04:00:00.000Z,1726,1726,1725,1726,135.2369
2022-07-24T08:00:00.000Z,1725,1726,1725,1726,194.0325
2022-07-24T12:00:00.000Z,1726,1726,1724,1725,231.2526
2022-07-24T16:00:00.000Z,1726,1727,1724,1725,68.6526
2022-07-24T20:00:00.000Z,1726,1729,1722,1723,245.8244
2022-07-25T00:00:00.000Z,1724,1727,1719,1726,237.0815
2022-07-25T04:00:00.000Z,1726,1727,1725,1726,55.3032
2022-07-25T08:00:00.000Z,1726,1732,1723,1728,257.4493
2022-07-25T12:00:00.000Z,1729,1729,1717,1718,776.5039
2022-07-25T16:00:00.000Z,1718,1721,1714,1719,277.9887
2022-07-25T20:00:00.000Z,1719,1722,1713,1715,480.2268
2022-07-26T00:00:00.000Z,1715,1727,1712,1724,270.8285
2022-07-26T04:00:00.000Z,1725,1725,1718,1722,401.4077
2022-07-26T08:00:00.000Z,1722,1723,1713,1715,112.8777
2022-07-26T12:00:00.000Z,1715,1719,1711,1712,271.4607
2022-07-26T16:00:00.000Z,1713,1718,1711,1712,200.3954
2022-07-26T20:00:00.000Z,1713,1719,1710,1719,332.3591
2022-07-27T00:00:00.000Z,1719,1720,1715,1716,86.3626
2022-07-27T04:00:00.000Z,1716,1718,1714,1717,94.881
2022-07-27T08:00:00.000Z,1718,1726,1717,1719,209.7473
2022-07-27T12:00:00.000Z,1720,1723,1711,1715,277.817
2022-07-27T16:00:00.000Z,1716,1739,1713,1732,917.1678
2022-07-27T20:00:00.000Z,1732,1736,1731,1735,216.0439
2022-07-28T00:00:00.000Z,1736,1739,1726,1736,469.1805
2022-07-28T04:00:00.000Z,1736,1741,1733,1738,205.2882
2022-07-28T08:00:00.000Z,1739,1745,1737,1739,263.2875
2022-07-28T12:00:00.000Z,1740,1757,1729,1751,2291.0369
2022-07-28T16:00:00.000Z,1752,1753,1746,1752,274.7321
2022-07-28T20:00:00.000Z,1752,1758,1747,1748,326.4159
2022-07-29T00:00:00.000Z,1749,1758,1746,1757,258.6294
2022-07-29T04:00:00.000Z,1757,1765,1756,1759,239.7198
2022-07-29T08:00:00.000Z,1760,1760,1722,1756,543.645
2022-07-29T12:00:00.000Z,1756,1771,1749,1764,693.4825
2022-07-29T16:00:00.000Z,1763,1767,1758,1761,334.8534
2022-07-29T20:00:00.000Z,1760,1767,1760,1764,270.9248
2022-07-30T00:00:00.000Z,1764,1766,1760,1765,119.269
2022-07-30T04:00:00.000Z,1765,1766,1762,1764,88.6969
2022-07-30T08:00:00.000Z,1765,1767,1761,1766,90.9794
2022-07-30T12:00:00.000Z,1767,1767,1762,1765,153.3338
2022-07-30T16:00:00.000Z,1765,1767,1761,1763,152.1833
2022-07-30T20:00:00.000Z,1762,1767,1761,1764,205.1698
2022-07-31T00:00:00.000Z,1764,1767,1764,1765,59.1388
2022-07-31T04:00:00.000Z,1766,1766,1765,1765,34.2301
2022-07-31T08:00:00.000Z,1766,1774,1762,1766,437.0604
2022-07-31T12:00:00.000Z,1766,1766,1763,1764,166.2413
2022-07-31T16:00:00.000Z,1765,1768,1761,1765,404.1865
2022-07-31T20:00:00.000Z,1766,1770,1761,1763,375.6491
2022-08-01T00:00:00.000Z,1763,1765,1757,1761,114.9744
2022-08-01T04:00:00.000Z,1762,1763,1758,1762,79.9981
2022-08-01T08:00:00.000Z,1763,1772,1760,1767,368.1376
2022-08-01T12:00:00.000Z,1767,1773,1763,1765,340.806
2022-08-01T16:00:00.000Z,1766,1769,1762,1765,277.6335
2022-08-01T20:00:00.000Z,1766,1772,1764,1771,232.5849
2022-08-02T00:00:00.000Z,1771,1777,1770,1772,353.7716
2022-08-02T04:00:00.000Z,1772,1776,1769,1771,793.1372
2022-08-02T08:00:00.000Z,1771,1780,1769,1779,227.52
2022-08-02T12:00:00.000Z,1779,1788,1773,1777,921.7428
2022-08-02T16:00:00.000Z,1778,1779,1758,1759,578.9328
2022-08-02T20:00:00.000Z,1759,1759,1751,1752,188.4919
2022-08-03T00:00:00.000Z,1753,1766,1749,1764,649.4215
2022-08-03T04:00:00.000Z,1765,1769,1762,1763,90.5293
2022-08-03T08:00:00.000Z,1763,1765,1759,1762,214.326
2022-08-03T12:00:00.000Z,1763,1768,1753,1753,349.8014
2022-08-03T16:00:00.000Z,1754,1762,1754,1762,131.0266
2022-08-03T20:00:00.000Z,1761,1762,1758,1759,150.9653
2022-08-04T00:00:00.000Z,1759,1766,1758,1765,134.4238
2022-08-04T04:00:00.000Z,1766,1768,1763,1767,109.4383
2022-08-04T08:00:00.000Z,1767,1780,1766,1780,353.0821
2022-08-04T12:00:00.000Z,1780,1785,1774,1783,423.3644
2022-08-04T16:00:00.000Z,1783,1790,1782,1787,276.4505
2022-08-04T20:00:00.000Z,1787,1792,1785,1788,234.7657
2022-08-05T00:00:00.000Z,1789,1791,1788,1788,211.1288
2022-08-05T04:00:00.000Z,1788,1789,1783,1786,156.3363
2022-08-05T08:00:00.000Z,1786,1787,1780,1781,190.2094
2022-08-05T12:00:00.000Z,1781,1782,1762,1773,538.4478
2022-08-05T16:00:00.000Z,1773,1773,1766,1768,162.5329
2022-08-05T20:00:00.000Z,1768,1774,1767,1773,167.1679
2022-08-06T00:00:00.000Z,1774,1774,1771,1771,61.1087
2022-08-06T04:00:00.000Z,1771,1772,1768,1769,85.4498
2022-08-06T08:00:00.000Z,1768,1770,1767,1767,109.0207
2022-08-06T12:00:00.000Z,1768,1770,1768,1768,48.5071
2022-08-06T16:00:00.000Z,1769,1771,1766,1768,115.9798
2022-08-06T20:00:00.000Z,1768,1770,1766,1768,109.7251
2022-08-07T00:00:00.000Z,1768,1769,1766,1769,95.316
2022-08-07T04:00:00.000Z,1769,1769,1767,1768,20.1487
2022-08-07T08:00:00.000Z,1768,1768,1767,1767,47.8659
2022-08-07T12:00:00.000Z,1768,1769,1766,1767,129.2687
2022-08-07T16:00:00.000Z,1768,1770,1767,1769,82.382
2022-08-07T20:00:00.000Z,1769,1770,1766,1768,129.7484
2022-08-08T00:00:00.000Z,1768,1770,1767,1767,67.6473
2022-08-08T04:00:00.000Z,1767,1772,1767,1771,170.176
2022-08-08T08:00:00.000Z,1771,1776,1768,1775,352.602
2022-08-08T12:00:00.000Z,1776,1782,1775,1781,630.751
2022-08-08T16:00:00.000Z,1781,1782,1778,1779,125.4172
2022-08-08T20:00:00.000Z,1780,1791,1777,1782,1323.8985
2022-08-09T00:00:00.000Z,1782,1783,1776,1778,110.6005
2022-08-09T04:00:00.000Z,1779,1781,1776,1779,98.8724
2022-08-09T08:00:00.000Z,1779,1789,1778,1784,375.5057
2022-08-09T12:00:00.000Z,1783,1793,1783,1789,331.0869
2022-08-09T16:00:00.000Z,1789,1790,1785,1786,108.6948
2022-08-09T20:00:00.000Z,1787,1799,1786,1790,717.9406
2022-08-10T00:00:00.000Z,1791,1791,1785,1788,141.5524
2022-08-10T04:00:00.000Z,1788,1789,1783,1785,86.2747
2022-08-10T08:00:00.000Z,1786,1788,1784,1784,131.4724
2022-08-10T12:00:00.000Z,1785,1802,1784,1794,785.8206
2022-08-10T16:00:00.000Z,1794,1794,1784,1785,189.0267
2022-08-10T20:00:00.000Z,1785,1791,1779,1786,318.3178
2022-08-11T00:00:00.000Z,1787,1789,1779,1780,285.8632
2022-08-11T04:00:00.000Z,1780,1783,1778,1778,242.562
2022-08-11T08:00:00.000Z,1779,1791,1778,1788,221.9088
2022-08-11T12:00:00.000Z,1788,1795,1783,1783,332.8597
2022-08-11T16:00:00.000Z,1784,1787,1779,1780,181.8381
2022-08-11T20:00:00.000Z,1780,1782,1778,1779,189.5633
2022-08-12T00:00:00.000Z,1780,1783,1778,1783,124.6286
2022-08-12T04:00:00.000Z,1783,1786,1781,1784,104.1151
2022-08-12T08:00:00.000Z,1784,1784,1776,1777,114.7566
2022-08-12T12:00:00.000Z,1778,1790,1777,1788,246.3929
2022-08-12T16:00:00.000Z,1788,1796,1785,1793,249.1012
2022-08-12T20:00:00.000Z,1794,1797,1792,1794,132.468
2022-08-13T00:00:00.000Z,1795,1796,1791,1795,106.4464
2022-08-13T04:00:00.000Z,1795,1798,1794,1794,144.8492
2022-08-13T08:00:00.000Z,1795,1795,1791,1792,111.7923
2022-08-13T12:00:00.000Z,1793,1795,1792,1794,82.6922
2022-08-13T16:00:00.000Z,1794,1795,1792,1793,31.9325
2022-08-13T20:00:00.000Z,1793,1794,1792,1793,53.9433
2022-08-14T00:00:00.000Z,1794,1794,1791,1793,26.3417
2022-08-14T04:00:00.000Z,1793,1796,1792,1795,81.7491
2022-08-14T08:00:00.000Z,1796,1796,1789,1791,384.8826
2022-08-14T12:00:00.000Z,1793,1795,1790,1794,191.9097
2022-08-14T16:00:00.000Z,1794,1795,1791,1793,225.0888
2022-08-14T20:00:00.000Z,1794,1798,1790,1791,132.8623
2022-08-15T00:00:00.000Z,1790,1795,1787,1787,208.5371
2022-08-15T04:00:00.000Z,1787,1789,1780,1780,266.9997
2022-08-15T08:00:00.000Z,1781,1781,1768,1769,210.7133
2022-08-15T12:00:00.000Z,1769,1779,1768,1776,291.2068
2022-08-15T16:00:00.000Z,1775,1778,1770,1774,303.7057
2022-08-15T20:00:00.000Z,1775,1776,1770,1774,147.7739
2022-08-16T00:00:00.000Z,1775,1776,1768,1775,215.9779
2022-08-16T04:00:00.000Z,1775,1776,1772,1773,103.7679
2022-08-16T08:00:00.000Z,1773,1773,1769,1770,162.1247
2022-08-16T12:00:00.000Z,1770,1772,1767,1770,229.2566
2022-08-16T16:00:00.000Z,1771,1772,1767,1770,157.5107
2022-08-16T20:00:00.000Z,1770,1772,1769,1771,173.2886
2022-08-17T00:00:00.000Z,1771,1773,1768,1769,167.4078
2022-08-17T04:00:00.000Z,1770,1777,1767,1767,359.7285
2022-08-17T08:00:00.000Z,1768,1770,1763,1764,173.7861
2022-08-17T12:00:00.000Z,1764,1765,1756,1756,489.7985
2022-08-17T16:00:00.000Z,1756,1764,1754,1759,262.4162
2022-08-17T20:00:00.000Z,1759,1759,1754,1757,191.0478
2022-08-18T00:00:00.000Z,1757,1761,1757,1759,92.7124
2022-08-18T04:00:00.000Z,1758,1759,1755,1757,65.018
2022-08-18T08:00:00.000Z,1757,1764,1756,1764,91.5491
2022-08-18T12:00:00.000Z,1764,1765,1752,1753,239.3606
2022-08-18T16:00:00.000Z,1753,1755,1750,1752,162.4167
2022-08-18T20:00:00.000Z,1752,1753,1749,1751,111.0314
2022-08-19T00:00:00.000Z,1751,1751,1744,1749,254.4255
2022-08-19T04:00:00.000Z,1750,1769,1740,1744,1069.8832
2022-08-19T08:00:00.000Z,1744,1748,1739,1745,528.9985
2022-08-19T12:00:00.000Z,1745,1751,1738,1741,410.3878
2022-08-19T16:00:00.000Z,1741,1744,1720,1738,559.3808
2022-08-19T20:00:00.000Z,1738,1741,1736,1738,500.4015
2022-08-20T00:00:00.000Z,1739,1741,1737,1739,98.6009
2022-08-20T04:00:00.000Z,1740,1742,1736,1737,133.2432
2022-08-20T08:00:00.000Z,1737,1738,1736,1737,68.2509
2022-08-20T12:00:00.000Z,1738,1741,1736,1740,134.2505
2022-08-20T16:00:00.000Z,1740,1740,1736,1739,286.9555
2022-08-20T20:00:00.000Z,1738,1742,1737,1739,236.9927
2022-08-21T00:00:00.000Z,1740,1743,1738,1739,84.8322
2022-08-21T04:00:00.000Z,1740,1740,1737,1738,59.6229
2022-08-21T08:00:00.000Z,1739,1742,1737,1738,169.305
2022-08-21T12:00:00.000Z,1739,1742,1734,1739,155.9919
2022-08-21T16:00:00.000Z,1739,1740,1736,1739,148.5085
2022-08-21T20:00:00.000Z,1740,1742,1735,1740,300.1252
2022-08-22T00:00:00.000Z,1740,1741,1737,1739,109.4138
2022-08-22T04:00:00.000Z,1740,1740,1728,1730,150.9534
2022-08-22T08:00:00.000Z,1730,1731,1725,1726,305.699
2022-08-22T12:00:00.000Z,1727,1733,1723,1732,412.344
2022-08-22T16:00:00.000Z,1733,1734,1726,1730,171.716
2022-08-22T20:00:00.000Z,1731,1734,1730,1731,201.6212
2022-08-23T00:00:00.000Z,1731,1732,1729,1730,105.2447
2022-08-23T04:00:00.000Z,1731,1732,1727,1731,178.069
2022-08-23T08:00:00.000Z,1732,1736,1730,1734,612.4751
2022-08-23T12:00:00.000Z,1734,1747,1727,1745,489.718
2022-08-23T16:00:00.000Z,1744,1747,1738,1746,511.6027
2022-08-23T20:00:00.000Z,1746,1750,1745,1747,1208.6788
2022-08-24T00:00:00.000Z,1747,1749,1739,1743,224.2439
2022-08-24T04:00:00.000Z,1743,1747,1740,1741,189.5446
2022-08-24T08:00:00.000Z,1741,1749,1740,1746,197.7897
2022-08-24T12:00:00.000Z,1746,1750,1743,1746,415.0853
2022-08-24T16:00:00.000Z,1746,1749,1745,1747,88.5215
2022-08-24T20:00:00.000Z,1748,1748,1743,1745,99.1073
2022-08-25T00:00:00.000Z,1744,1750,1744,1750,80.1422
2022-08-25T04:00:00.000Z,1749,1756,1749,1756,174.0094
2022-08-25T08:00:00.000Z,1756,1759,1755,1755,178.162
2022-08-25T12:00:00.000Z,1756,1757,1749,1750,134.5261
2022-08-25T16:00:00.000Z,1750,1753,1749,1752,76.642
2022-08-25T20:00:00.000Z,1752,1755,1750,1751,50.1917
2022-08-26T00:00:00.000Z,1752,1752,1749,1750,66.5307
2022-08-26T04:00:00.000Z,1750,1751,1745,1746,227.3897
2022-08-26T08:00:00.000Z,1747,1748,1739,1740,195.5875
2022-08-26T12:00:00.000Z,1741,1748,1727,1731,845.9072
2022-08-26T16:00:00.000Z,1731,1733,1726,1730,344.2119
2022-08-26T20:00:00.000Z,1730,1739,1727,1728,400.7313
2022-08-27T00:00:00.000Z,1729,1731,1728,1730,101.4012
2022-08-27T04:00:00.000Z,1730,1731,1727,1729,138.9698
2022-08-27T08:00:00.000Z,1730,1730,1726,1729,62.4561
2022-08-27T12:00:00.000Z,1729,1731,1724,1729,230.2469
2022-08-27T16:00:00.000Z,1729,1729,1721,1728,203.902
2022-08-27T20:00:00.000Z,1728,1732,1726,1729,103.0536
2022-08-28T00:00:00.000Z,1730,1732,1728,1729,107.117
2022-08-28T04:00:00.000Z,1729,1730,1724,1729,104.2008
2022-08-28T08:00:00.000Z,1729,1729,1727,1728,70.441
2022-08-28T12:00:00.000Z,1729,1731,1725,1731,131.3403
2022-08-28T16:00:00.000Z,1730,1731,1725,1727,112.4847
2022-08-28T20:00:00.000Z,1728,1735,1723,1725,390.5015
2022-08-29T00:00:00.000Z,1725,1728,1717,1718,271.461
2022-08-29T04:00:00.000Z,1717,1718,1702,1711,334.8291
2022-08-29T08:00:00.000Z,1712,1720,1710,1718,244.8922
2022-08-29T12:00:00.000Z,1719,1738,1717,1732,433.6755
2022-08-29T16:00:00.000Z,1732,1734,1727,1728,156.7243
2022-08-29T20:00:00.000Z,1729,1732,1722,1730,163.2472
2022-08-30T00:00:00.000Z,1731,1732,1726,1727,71.5343
2022-08-30T04:00:00.000Z,1727,1731,1722,1723,184.4094
2022-08-30T08:00:00.000Z,1723,1729,1721,1725,357.7487
2022-08-30T12:00:00.000Z,1725,1725,1712,1716,267.5966
2022-08-30T16:00:00.000Z,1717,1722,1709,1714,381.4724
2022-08-30T20:00:00.000Z,1714,1720,1713,1714,192.9669
2022-08-31T00:00:00.000Z,1715,1720,1714,1718,226.7159
2022-08-31T04:00:00.000Z,1719,1723,1712,1716,154.4437
2022-08-31T08:00:00.000Z,1716,1716,1705,1709,305.8874
2022-08-31T12:00:00.000Z,1710,1714,1701,1713,395.936
2022-08-31T16:00:00.000Z,1713,1715,1706,1707,256.4368
2022-08-31T20:00:00.000Z,1707,1708,1700,1703,154.3611
2022-09-01T00:00:00.000Z,1702,1704,1696,1698,232.38
2022-09-01T04:00:00.000Z,1698,1701,1695,1697,388.1419
2022-09-01T08:00:00.000Z,1698,1701,1696,1699,203.9914
2022-09-01T12:00:00.000Z,1699,1699,1683,1689,706.7082
2022-09-01T16:00:00.000Z,1689,1694,1688,1690,302.6471
2022-09-01T20:00:00.000Z,1690,1695,1689,1690,289.8951
2022-09-02T00:00:00.000Z,1690,1694,1688,1692,251.0299
2022-09-02T04:00:00.000Z,1692,1697,1691,1696,115.8725
2022-09-02T08:00:00.000Z,1697,1699,1695,1697,120.5317
2022-09-02T12:00:00.000Z,1697,1710,1697,1706,404.1209
2022-09-02T16:00:00.000Z,1707,1707,1698,1700,403.914
2022-09-02T20:00:00.000Z,1701,1703,1700,1702,69.9753
2022-09-03T00:00:00.000Z,1703,1705,1701,1702,63.2771
2022-09-03T04:00:00.000Z,1703,1704,1700,1702,111.8411
2022-09-03T08:00:00.000Z,1702,1704,1702,1703,35.8976
2022-09-03T12:00:00.000Z,1704,1705,1703,1703,46.7414
2022-09-03T16:00:00.000Z,1704,1704,1701,1704,80.6767
2022-09-03T20:00:00.000Z,1704,1707,1702,1705,54.3922
2022-09-04T00:00:00.000Z,1706,1706,1703,1704,20.9141
2022-09-04T04:00:00.000Z,1704,1704,1701,1702,39.1306
2022-09-04T08:00:00.000Z,1702,1705,1702,1705,40.9998
2022-09-04T12:00:00.000Z,1705,1708,1702,1704,93.303
2022-09-04T16:00:00.000Z,1704,1706,1702,1705,46.6902
2022-09-04T20:00:00.000Z,1706,1707,1703,1703,91.4012
2022-09-05T00:00:00.000Z,1703,1710,1703,1706,136.4951
2022-09-05T04:00:00.000Z,1707,1707,1703,1704,93.7918
2022-09-05T08:00:00.000Z,1704,1709,1703,1708,145.4687
2022-09-05T12:00:00.000Z,1709,1709,1701,1704,270.599
2022-09-05T16:00:00.000Z,1705,1706,1700,1703,126.5782
2022-09-05T20:00:00.000Z,1703,1710,1699,1708,181.0939
2022-09-06T00:00:00.000Z,1709,1721,1708,1710,304.8749
2022-09-06T04:00:00.000Z,1710,1715,1708,1710,112.0695
2022-09-06T08:00:00.000Z,1711,1711,1705,1707,120.3937
2022-09-06T12:00:00.000Z,1708,1708,1696,1696,307.3235
2022-09-06T16:00:00.000Z,1697,1698,1690,1691,352.2796
2022-09-06T20:00:00.000Z,1692,1694,1677,1693,974.8571
2022-09-07T00:00:00.000Z,1694,1695,1683,1684,311.5584
2022-09-07T04:00:00.000Z,1684,1694,1682,1694,450.7072
2022-09-07T08:00:00.000Z,1694,1698,1693,1693,226.0288
2022-09-07T12:00:00.000Z,1692,1704,1690,1704,410.7103
2022-09-07T16:00:00.000Z,1704,1712,1702,1707,243.5931
2022-09-07T20:00:00.000Z,1707,1718,1706,1708,352.7724
2022-09-08T00:00:00.000Z,1708,1710,1706,1708,58.5086
2022-09-08T04:00:00.000Z,1708,1713,1707,1710,227.646
2022-09-08T08:00:00.000Z,1711,1720,1710,1720,244.4918
2022-09-08T12:00:00.000Z,1720,1720,1699,1700,452.8457
2022-09-08T16:00:00.000Z,1700,1704,1697,1703,156.8016
2022-09-08T20:00:00.000Z,1704,1706,1699,1703,126.5082
2022-09-09T00:00:00.000Z,1703,1716,1702,1711,252.3306
2022-09-09T04:00:00.000Z,1711,1724,1711,1722,408.5825
2022-09-09T08:00:00.000Z,1723,1725,1716,1716,185.5583
2022-09-09T12:00:00.000Z,1717,1720,1708,1713,265.2448
2022-09-09T16:00:00.000Z,1712,1714,1708,1711,157.5615
2022-09-09T20:00:00.000Z,1712,1712,1708,1710,98.8157
2022-09-10T00:00:00.000Z,1710,1713,1708,1712,77.3933
2022-09-10T04:00:00.000Z,1713,1714,1710,1711,59.5978
2022-09-10T08:00:00.000Z,1711,1714,1710,1713,85.5629
2022-09-10T12:00:00.000Z,1713,1715,1708,1711,116.298
2022-09-10T16:00:00.000Z,1712,1715,1711,1713,153.4568
2022-09-10T20:00:00.000Z,1714,1715,1710,1713,224.214
2022-09-11T00:00:00.000Z,1713,1713,1709,1710,63.4678
2022-09-11T04:00:00.000Z,1710,1713,1708,1712,66.1636
2022-09-11T08:00:00.000Z,1712,1712,1708,1712,89.095
2022-09-11T12:00:00.000Z,1712,1715,1709,1712,116.4454
2022-09-11T16:00:00.000Z,1713,1718,1710,1711,102.8712
2022-09-11T20:00:00.000Z,1712,1716,1709,1714,172.229
2022-09-12T00:00:00.000Z,1715,1716,1706,1706,259.5729
2022-09-12T04:00:00.000Z,1707,1720,1706,1720,135.3035
2022-09-12T08:00:00.000Z,1720,1727,1713,1723,369.8777
2022-09-12T12:00:00.000Z,1724,1727,1718,1726,302.3945
2022-09-12T16:00:00.000Z,1727,1734,1717,1717,773.0091
2022-09-12T20:00:00.000Z,1717,1720,1716,1718,167.0372
2022-09-13T00:00:00.000Z,1718,1720,1716,1717,147.8155
2022-09-13T04:00:00.000Z,1717,1720,1715,1718,108.9663
2022-09-13T08:00:00.000Z,1718,1725,1717,1723,378.7174
2022-09-13T12:00:00.000Z,1724,1727,1691,1697,1118.6607
2022-09-13T16:00:00.000Z,1696,1703,1693,1694,408.5271
2022-09-13T20:00:00.000Z,1695,1698,1691,1694,397.056
2022-09-14T00:00:00.000Z,1694,1696,1691,1695,134.7769
2022-09-14T04:00:00.000Z,1695,1696,1692,1692,132.8581
2022-09-14T08:00:00.000Z,1693,1697,1692,1692,124.9211
2022-09-14T12:00:00.000Z,1693,1699,1691,1694,209.227
2022-09-14T16:00:00.000Z,1695,1695,1686,1689,225.4727
2022-09-14T20:00:00.000Z,1690,1693,1687,1689,194.8265
2022-09-15T00:00:00.000Z,1689,1690,1682,1686,210.4985
2022-09-15T04:00:00.000Z,1686,1687,1676,1680,719.2741
2022-09-15T08:00:00.000Z,1680,1685,1677,1681,337.8594
2022-09-15T12:00:00.000Z,1681,1684,1653,1659,1201.2028
2022-09-15T16:00:00.000Z,1660,1662,1656,1657,375.1883
2022-09-15T20:00:00.000Z,1657,1659,1649,1654,611.1893
2022-09-16T00:00:00.000Z,1654,1659,1651,1656,240.125
2022-09-16T04:00:00.000Z,1656,1657,1648,1649,242.002
2022-09-16T08:00:00.000Z,1648,1659,1640,1658,316.6026
2022-09-16T12:00:00.000Z,1659,1671,1651,1667,345.1491
2022-09-16T16:00:00.000Z,1667,1669,1663,1668,271.6468
2022-09-16T20:00:00.000Z,1667,1670,1665,1666,79.8593
2022-09-17T00:00:00.000Z,1666,1668,1666,1668,65.7152
2022-09-17T04:00:00.000Z,1668,1669,1665,1668,72.6147
2022-09-17T08:00:00.000Z,1669,1670,1663,1665,82.1872
2022-09-17T12:00:00.000Z,1666,1669,1662,1668,145.5446
2022-09-17T16:00:00.000Z,1668,1670,1664,1665,158.4181
2022-09-17T20:00:00.000Z,1666,1669,1663,1668,88.8654
2022-09-18T00:00:00.000Z,1669,1669,1665,1666,50.4819
2022-09-18T04:00:00.000Z,1666,1667,1664,1665,35.9572
2022-09-18T08:00:00.000Z,1666,1667,1664,1665,111.1464
2022-09-18T12:00:00.000Z,1666,1666,1664,1665,75.9062
2022-09-18T16:00:00.000Z,1666,1666,1664,1665,202.4125
2022-09-18T20:00:00.000Z,1665,1671,1661,1668,355.317
2022-09-19T00:00:00.000Z,1668,1670,1656,1659,346.1906
2022-09-19T04:00:00.000Z,1660,1661,1652,1653,260.2856
2022-09-19T08:00:00.000Z,1654,1658,1650,1655,324.5642
2022-09-19T12:00:00.000Z,1655,1670,1654,1663,552.0646
2022-09-19T16:00:00.000Z,1662,1666,1658,1664,299.0928
2022-09-19T20:00:00.000Z,1665,1670,1664,1666,130.2028
2022-09-20T00:00:00.000Z,1667,1671,1665,1667,184.2472
2022-09-20T04:00:00.000Z,1668,1668,1662,1664,114.3494
2022-09-20T08:00:00.000Z,1664,1664,1658,1659,87.849
2022-09-20T12:00:00.000Z,1659,1660,1653,1658,292.9395
2022-09-20T16:00:00.000Z,1657,1660,1645,1656,342.6903
2022-09-20T20:00:00.000Z,1656,1657,1653,1657,119.5396
2022-09-21T00:00:00.000Z,1657,1659,1655,1657,77.6627
2022-09-21T04:00:00.000Z,1658,1667,1656,1664,231.3626
2022-09-21T08:00:00.000Z,1665,1669,1661,1668,203.3108
2022-09-21T12:00:00.000Z,1669,1669,1660,1661,163.3442
2022-09-21T16:00:00.000Z,1662,1681,1646,1664,1450.2077
2022-09-21T20:00:00.000Z,1665,1669,1653,1661,716.5327
2022-09-22T00:00:00.000Z,1661,1662,1651,1655,254.7851
2022-09-22T04:00:00.000Z,1656,1656,1651,1654,108.0249
2022-09-22T08:00:00.000Z,1655,1670,1653,1665,330.8457
2022-09-22T12:00:00.000Z,1665,1676,1662,1663,412.7676
2022-09-22T16:00:00.000Z,1664,1669,1661,1667,247.8016
2022-09-22T20:00:00.000Z,1667,1667,1661,1666,146.7327
2022-09-23T00:00:00.000Z,1666,1668,1663,1663,141.9735
2022-09-23T04:00:00.000Z,1664,1667,1658,1660,207.2685
2022-09-23T08:00:00.000Z,1660,1660,1634,1641,430.167
2022-09-23T12:00:00.000Z,1641,1650,1634,1640,506.4489
2022-09-23T16:00:00.000Z,1640,1643,1633,1636,510.374
2022-09-23T20:00:00.000Z,1637,1640,1635,1638,257.4486
2022-09-24T00:00:00.000Z,1638,1638,1637,1638,57.812
2022-09-24T04:00:00.000Z,1638,1638,1635,1638,70.852
2022-09-24T08:00:00.000Z,1638,1638,1636,1637,45.2602
2022-09-24T12:00:00.000Z,1637,1639,1636,1636,105.4562
2022-09-24T16:00:00.000Z,1636,1638,1636,1636,68.5695
2022-09-24T20:00:00.000Z,1636,1638,1634,1638,256.697
2022-09-25T00:00:00.000Z,1638,1638,1634,1636,44.244
2022-09-25T04:00:00.000Z,1637,1639,1635,1638,36.7164
2022-09-25T08:00:00.000Z,1638,1639,1634,1635,122.8961
2022-09-25T12:00:00.000Z,1636,1636,1632,1634,156.6028
2022-09-25T16:00:00.000Z,1634,1636,1631,1634,173.0153
2022-09-25T20:00:00.000Z,1635,1637,1630,1634,188.8327
2022-09-26T00:00:00.000Z,1635,1638,1622,1633,365.2339
2022-09-26T04:00:00.000Z,1633,1641,1626,1636,243.7425
2022-09-26T08:00:00.000Z,1637,1641,1629,1631,280.7517
2022-09-26T12:00:00.000Z,1632,1641,1629,1629,302.9076
2022-09-26T16:00:00.000Z,1629,1630,1615,1618,337.6199
2022-09-26T20:00:00.000Z,1619,1620,1606,1619,1452.8898
2022-09-27T00:00:00.000Z,1620,1626,1619,1624,287.242
2022-09-27T04:00:00.000Z,1624,1633,1621,1631,298.0883
2022-09-27T08:00:00.000Z,1631,1633,1622,1627,354.9931
2022-09-27T12:00:00.000Z,1628,1631,1624,1627,214.6303
2022-09-27T16:00:00.000Z,1626,1627,1617,1620,446.623
2022-09-27T20:00:00.000Z,1620,1623,1619,1622,48.4317
2022-09-28T00:00:00.000Z,1621,1623,1612,1618,269.0973
2022-09-28T04:00:00.000Z,1618,1618,1607,1615,211.4887
2022-09-28T08:00:00.000Z,1615,1623,1607,1617,489.1425
2022-09-28T12:00:00.000Z,1617,1653,1617,1651,873.0596
2022-09-28T16:00:00.000Z,1651,1656,1647,1652,272.6561
2022-09-28T20:00:00.000Z,1653,1655,1647,1648,200.812
2022-09-29T00:00:00.000Z,1649,1650,1645,1646,79.9402
2022-09-29T04:00:00.000Z,1647,1647,1634,1636,165.2803
2022-09-29T08:00:00.000Z,1636,1644,1636,1643,105.5365
2022-09-29T12:00:00.000Z,1644,1653,1639,1652,450.4475
2022-09-29T16:00:00.000Z,1652,1656,1648,1653,302.3812
2022-09-29T20:00:00.000Z,1654,1656,1652,1655,109.2248
2022-09-30T00:00:00.000Z,1656,1659,1653,1655,101.3537
2022-09-30T04:00:00.000Z,1655,1666,1654,1665,123.1607
2022-09-30T08:00:00.000Z,1665,1666,1654,1655,160.1508
2022-09-30T12:00:00.000Z,1655,1670,1654,1662,444.755
2022-09-30T16:00:00.000Z,1662,1664,1654,1654,150.9188
2022-09-30T20:00:00.000Z,1654,1656,1652,1656,61.8765
2022-10-01T00:00:00.000Z,1656,1657,1655,1657,35.8191
2022-10-01T04:00:00.000Z,1657,1657,1656,1657,21.0654
2022-10-01T08:00:00.000Z,1657,1657,1655,1656,28.3619
2022-10-01T12:00:00.000Z,1655,1661,1651,1657,92.6185
2022-10-01T16:00:00.000Z,1657,1657,1652,1655,60.4904
2022-10-01T20:00:00.000Z,1655,1655,1654,1655,14.5025
2022-10-02T00:00:00.000Z,1654,1659,1652,1656,86.1164
2022-10-02T04:00:00.000Z,1656,1658,1656,1657,64.2199
2022-10-02T08:00:00.000Z,1657,1658,1652,1654,105.1608
2022-10-02T12:00:00.000Z,1654,1655,1651,1653,74.3011
2022-10-02T16:00:00.000Z,1652,1658,1651,1658,158.398
2022-10-02T20:00:00.000Z,1658,1658,1654,1656,188.8651
2022-10-03T00:00:00.000Z,1657,1663,1654,1659,142.136
2022-10-03T04:00:00.000Z,1660,1663,1658,1659,135.2859
2022-10-03T08:00:00.000Z,1659,1661,1654,1660,123.3165
2022-10-03T12:00:00.000Z,1660,1689,1659,1683,301.1647
2022-10-03T16:00:00.000Z,1683,1695,1679,1694,296.7504
2022-10-03T20:00:00.000Z,1694,1698,1693,1696,75.5386
2022-10-04T00:00:00.000Z,1696,1696,1691,1693,58.5011
2022-10-04T04:00:00.000Z,1693,1706,1691,1703,193.4244
2022-10-04T08:00:00.000Z,1703,1705,1696,1698,185.4042
2022-10-04T12:00:00.000Z,1698,1719,1697,1718,540.2724
2022-10-04T16:00:00.000Z,1718,1721,1709,1719,470.482
2022-10-04T20:00:00.000Z,1719,1722,1717,1720,217.3827
2022-10-05T00:00:00.000Z,1721,1721,1711,1713,123.2503
2022-10-05T04:00:00.000Z,1713,1718,1708,1709,81.0697
2022-10-05T08:00:00.000Z,1709,1709,1698,1698,211.9874
2022-10-05T12:00:00.000Z,1699,1706,1695,1702,332.2849
2022-10-05T16:00:00.000Z,1702,1710,1701,1709,149.3642
2022-10-05T20:00:00.000Z,1710,1710,1706,1710,56.3521
2022-10-06T00:00:00.000Z,1710,1717,1709,1716,94.1403
2022-10-06T04:00:00.000Z,1716,1717,1714,1715,67.8543
2022-10-06T08:00:00.000Z,1716,1716,1706,1707,113.2791
2022-10-06T12:00:00.000Z,1707,1712,1700,1703,238.0308
2022-10-06T16:00:00.000Z,1703,1706,1701,1705,70.495
2022-10-06T20:00:00.000Z,1706,1707,1702,1704,48.3355
2022-10-07T00:00:00.000Z,1704,1708,1703,1703,116.8305
2022-10-07T04:00:00.000Z,1704,1705,1700,1703,120.8046
2022-10-07T08:00:00.000Z,1703,1706,1701,1702,81.6557
2022-10-07T12:00:00.000Z,1702,1703,1684,1695,580.926
2022-10-07T16:00:00.000Z,1695,1701,1686,1687,134.5359
2022-10-07T20:00:00.000Z,1687,1692,1686,1690,64.0789
2022-10-08T00:00:00.000Z,1691,1691,1682,1690,58.3917
2022-10-08T04:00:00.000Z,1690,1690,1685,1686,26.4148
2022-10-08T08:00:00.000Z,1687,1691,1685,1688,114
2022-10-08T12:00:00.000Z,1689,1690,1687,1688,43.2488
2022-10-08T16:00:00.000Z,1689,1689,1686,1687,42.0213
2022-10-08T20:00:00.000Z,1687,1689,1684,1688,85.1323
2022-10-09T00:00:00.000Z,1689,1690,1686,1687,16.1713
2022-10-09T04:00:00.000Z,1687,1688,1686,1688,9.0711
2022-10-09T08:00:00.000Z,1688,1690,1685,1690,63.9636
2022-10-09T12:00:00.000Z,1690,1691,1689,1689,53.1034
2022-10-09T16:00:00.000Z,1690,1690,1688,1690,36.5882
2022-10-09T20:00:00.000Z,1690,1691,1688,1689,64.9785
2022-10-10T00:00:00.000Z,1690,1690,1679,1680,183.0936
2022-10-10T04:00:00.000Z,1681,1683,1675,1675,159.1213
2022-10-10T08:00:00.000Z,1676,1676,1669,1670,272.3643
2022-10-10T12:00:00.000Z,1671,1673,1661,1664,214.7612
2022-10-10T16:00:00.000Z,1664,1664,1659,1663,106.2624
2022-10-10T20:00:00.000Z,1663,1666,1659,1663,124.7753
2022-10-11T00:00:00.000Z,1663,1664,1656,1658,238.5483
2022-10-11T04:00:00.000Z,1659,1661,1656,1659,110.584
2022-10-11T08:00:00.000Z,1659,1664,1657,1663,76.0851
2022-10-11T12:00:00.000Z,1664,1674,1657,1673,221.9185
2022-10-11T16:00:00.000Z,1674,1675,1658,1660,160.7057
2022-10-11T20:00:00.000Z,1661,1663,1658,1660,64.5133
2022-10-12T00:00:00.000Z,1660,1660,1657,1660,55.2228
2022-10-12T04:00:00.000Z,1660,1671,1660,1662,146.1308
2022-10-12T08:00:00.000Z,1662,1666,1660,1663,92.3907
2022-10-12T12:00:00.000Z,1663,1667,1659,1663,111.1185
2022-10-12T16:00:00.000Z,1664,1670,1661,1670,130.174
2022-10-12T20:00:00.000Z,1670,1670,1663,1665,124.4779
2022-10-13T00:00:00.000Z,1666,1666,1659,1661,99.2945
2022-10-13T04:00:00.000Z,1661,1663,1658,1663,86.3639
2022-10-13T08:00:00.000Z,1663,1673,1661,1672,389.9442
2022-10-13T12:00:00.000Z,1673,1673,1639,1658,763.9095
2022-10-13T16:00:00.000Z,1659,1665,1656,1659,214.2664
2022-10-13T20:00:00.000Z,1659,1660,1657,1658,46.2608
2022-10-14T00:00:00.000Z,1657,1664,1655,1662,192.6582
2022-10-14T04:00:00.000Z,1662,1663,1656,1660,241.8375
2022-10-14T08:00:00.000Z,1660,1660,1646,1649,126.2593
2022-10-14T12:00:00.000Z,1649,1656,1639,1641,214.5702
2022-10-14T16:00:00.000Z,1640,1641,1630,1636,205.3595
2022-10-14T20:00:00.000Z,1636,1637,1634,1637,36.2074
2022-10-15T00:00:00.000Z,1637,1638,1634,1637,46.5583
2022-10-15T04:00:00.000Z,1638,1638,1634,1636,47.7376
2022-10-15T08:00:00.000Z,1636,1639,1634,1637,83.5045
2022-10-15T12:00:00.000Z,1636,1638,1634,1637,23.2736
2022-10-15T16:00:00.000Z,1638,1638,1636,1636,33.7661
2022-10-15T20:00:00.000Z,1637,1638,1635,1637,34.9772
2022-10-16T00:00:00.000Z,1637,1637,1636,1637,9.4585
2022-10-16T04:00:00.000Z,1637,1638,1636,1638,16.9431
2022-10-16T08:00:00.000Z,1637,1638,1636,1638,14.8375
2022-10-16T12:00:00.000Z,1638,1639,1637,1638,35.6316
2022-10-16T16:00:00.000Z,1639,1642,1638,1640,97.4804
2022-10-16T20:00:00.000Z,1641,1642,1639,1641,91.9685
2022-10-17T00:00:00.000Z,1641,1645,1639,1644,99.9508
2022-10-17T04:00:00.000Z,1644,1648,1639,1647,254.5877
2022-10-17T08:00:00.000Z,1647,1652,1644,1649,304.4765
2022-10-17T12:00:00.000Z,1649,1660,1649,1656,197.26
2022-10-17T16:00:00.000Z,1656,1659,1639,1641,175.3365
2022-10-17T20:00:00.000Z,1642,1647,1641,1645,77.5963
2022-10-18T00:00:00.000Z,1646,1647,1643,1645,64.9736
2022-10-18T04:00:00.000Z,1645,1652,1645,1648,87.4015
2022-10-18T08:00:00.000Z,1649,1650,1643,1646,100.0882
2022-10-18T12:00:00.000Z,1647,1648,1641,1643,131.5629
2022-10-18T16:00:00.000Z,1642,1645,1640,1644,100.0129
2022-10-18T20:00:00.000Z,1643,1647,1643,1645,31.1651
2022-10-19T00:00:00.000Z,1646,1647,1643,1643,34.3688
2022-10-19T04:00:00.000Z,1644,1646,1634,1638,149.0722
2022-10-19T08:00:00.000Z,1638,1638,1628,1628,109.7042
2022-10-19T12:00:00.000Z,1629,1632,1623,1626,304.9771
2022-10-19T16:00:00.000Z,1626,1626,1621,1622,91.1838
2022-10-19T20:00:00.000Z,1622,1624,1612,1620,173.0691
2022-10-20T00:00:00.000Z,1621,1622,1617,1619,99.0379
2022-10-20T04:00:00.000Z,1619,1627,1618,1625,63.6061
2022-10-20T08:00:00.000Z,1625,1630,1621,1630,131.9661
2022-10-20T12:00:00.000Z,1630,1638,1626,1635,142.3193
2022-10-20T16:00:00.000Z,1636,1636,1620,1621,143.5137
2022-10-20T20:00:00.000Z,1620,1621,1619,1620,40.4613
2022-10-21T00:00:00.000Z,1620,1622,1616,1617,48.7497
2022-10-21T04:00:00.000Z,1617,1622,1613,1620,197.326
2022-10-21T08:00:00.000Z,1620,1621,1614,1619,105.8544
2022-10-21T12:00:00.000Z,1620,1642,1610,1642,403.8447
2022-10-21T16:00:00.000Z,1641,1650,1641,1648,150.0406
2022-10-21T20:00:00.000Z,1649,1650,1647,1649,34.8695
2022-10-22T00:00:00.000Z,1649,1651,1648,1650,26.6184
2022-10-22T04:00:00.000Z,1649,1650,1648,1648,19.3241
2022-10-22T08:00:00.000Z,1649,1652,1648,1649,53.9471
2022-10-22T12:00:00.000Z,1650,1653,1649,1652,55.333
2022-10-22T16:00:00.000Z,1652,1653,1650,1651,35.6673
2022-10-22T20:00:00.000Z,1650,1651,1650,1651,14.5978
2022-10-23T00:00:00.000Z,1651,1653,1650,1653,11.1418
2022-10-23T04:00:00.000Z,1653,1655,1652,1652,42.0566
2022-10-23T08:00:00.000Z,1653,1653,1651,1653,36.9748
2022-10-23T12:00:00.000Z,1653,1653,1651,1652,35.2419
2022-10-23T16:00:00.000Z,1652,1654,1651,1653,115.7083
2022-10-23T20:00:00.000Z,1653,1662,1652,1657,273.0497
2022-10-24T00:00:00.000Z,1657,1657,1648,1648,70.1681
2022-10-24T04:00:00.000Z,1649,1651,1643,1643,130.4474
2022-10-24T08:00:00.000Z,1644,1645,1640,1645,82.97
2022-10-24T12:00:00.000Z,1644,1646,1638,1644,196.0841
2022-10-24T16:00:00.000Z,1644,1645,1643,1645,45.1343
2022-10-24T20:00:00.000Z,1645,1646,1643,1644,52.1043
2022-10-25T00:00:00.000Z,1645,1646,1642,1644,32.8021
2022-10-25T04:00:00.000Z,1644,1646,1640,1640,37.0358
2022-10-25T08:00:00.000Z,1641,1642,1635,1638,112.1989
2022-10-25T12:00:00.000Z,1638,1655,1634,1653,281.5756
2022-10-25T16:00:00.000Z,1652,1659,1642,1648,904.845
2022-10-25T20:00:00.000Z,1648,1650,1640,1646,286.2592
2022-10-26T00:00:00.000Z,1645,1652,1644,1650,108.2816
2022-10-26T04:00:00.000Z,1651,1665,1646,1664,179.712
2022-10-26T08:00:00.000Z,1664,1671,1661,1663,344.4937
2022-10-26T12:00:00.000Z,1662,1668,1656,1659,373.7634
2022-10-26T16:00:00.000Z,1659,1662,1657,1659,174.799
2022-10-26T20:00:00.000Z,1658,1661,1656,1659,143.6455
2022-10-27T00:00:00.000Z,1660,1662,1655,1659,125.4378
2022-10-27T04:00:00.000Z,1659,1662,1655,1655,117.035
2022-10-27T08:00:00.000Z,1656,1658,1653,1655,110.0969
2022-10-27T12:00:00.000Z,1654,1659,1648,1654,422.7384
2022-10-27T16:00:00.000Z,1654,1656,1651,1653,99.9921
2022-10-27T20:00:00.000Z,1653,1660,1650,1654,309.0514
2022-10-28T00:00:00.000Z,1655,1658,1652,1655,80.6276
2022-10-28T04:00:00.000Z,1656,1656,1644,1644,127.5804
2022-10-28T08:00:00.000Z,1644,1646,1641,1644,77.7193
2022-10-28T12:00:00.000Z,1644,1647,1633,1634,369.5643
2022-10-28T16:00:00.000Z,1635,1642,1633,1637,200.9363
2022-10-28T20:00:00.000Z,1637,1639,1636,1638,47.2989
2022-10-29T00:00:00.000Z,1638,1643,1637,1641,102.6366
2022-10-29T04:00:00.000Z,1642,1642,1636,1638,75.1195
2022-10-29T08:00:00.000Z,1637,1643,1635,1636,284.001
2022-10-29T12:00:00.000Z,1636,1641,1635,1640,182.9764
2022-10-29T16:00:00.000Z,1640,1641,1634,1637,160.7202
2022-10-29T20:00:00.000Z,1638,1639,1636,1638,42.7033
2022-10-30T00:00:00.000Z,1638,1639,1637,1639,15.0042
2022-10-30T04:00:00.000Z,1638,1642,1637,1640,81.4878
2022-10-30T08:00:00.000Z,1641,1641,1635,1639,125.6852
2022-10-30T12:00:00.000Z,1639,1640,1636,1637,58.9884
2022-10-30T16:00:00.000Z,1638,1640,1636,1638,73.7252
2022-10-30T20:00:00.000Z,1639,1640,1636,1638,61.4708
2022-10-31T00:00:00.000Z,1638,1638,1633,1637,95.7232
2022-10-31T04:00:00.000Z,1637,1639,1634,1636,77.1837
2022-10-31T08:00:00.000Z,1636,1638,1631,1635,243.4297
2022-10-31T12:00:00.000Z,1636,1636,1627,1631,418.9849
2022-10-31T16:00:00.000Z,1633,1635,1627,1628,51.9397
2022-10-31T20:00:00.000Z,1628,1630,1622,1627,97.0989
2022-11-01T00:00:00.000Z,1628,1634,1626,1632,170.8998
2022-11-01T04:00:00.000Z,1633,1641,1631,1639,147.5606
2022-11-01T08:00:00.000Z,1639,1647,1638,1646,157.1719
2022-11-01T12:00:00.000Z,1647,1648,1637,1638,165.6361
2022-11-01T16:00:00.000Z,1639,1645,1633,1639,834.9507
2022-11-01T20:00:00.000Z,1640,1640,1637,1638,54.7344
2022-11-02T00:00:00.000Z,1639,1647,1638,1645,126.463
2022-11-02T04:00:00.000Z,1646,1646,1638,1643,405.017
2022-11-02T08:00:00.000Z,1644,1650,1641,1648,228.084
2022-11-02T12:00:00.000Z,1648,1650,1640,1641,183.2809
2022-11-02T16:00:00.000Z,1642,1661,1627,1631,836.0783
2022-11-02T20:00:00.000Z,1631,1631,1625,1628,269.9071
2022-11-03T00:00:00.000Z,1629,1637,1628,1633,141.8317
2022-11-03T04:00:00.000Z,1633,1634,1623,1624,150.9487
2022-11-03T08:00:00.000Z,1624,1624,1612,1616,375.5306
2022-11-03T12:00:00.000Z,1617,1624,1614,1623,338.4709
2022-11-03T16:00:00.000Z,1622,1628,1622,1628,79.0204
2022-11-03T20:00:00.000Z,1628,1629,1624,1626,71.3921
2022-11-04T00:00:00.000Z,1627,1632,1623,1632,122.7536
2022-11-04T04:00:00.000Z,1632,1644,1631,1638,310.5477
2022-11-04T08:00:00.000Z,1638,1645,1637,1642,194.7296
2022-11-04T12:00:00.000Z,1643,1668,1638,1661,870.9759
2022-11-04T16:00:00.000Z,1661,1673,1658,1672,253.951
2022-11-04T20:00:00.000Z,1673,1673,1668,1671,112.4796
2022-11-05T00:00:00.000Z,1672,1674,1669,1672,117.8058
2022-11-05T04:00:00.000Z,1672,1672,1664,1672,114.5074
2022-11-05T08:00:00.000Z,1672,1672,1664,1670,191.1665
2022-11-05T12:00:00.000Z,1671,1673,1670,1671,138.5288
2022-11-05T16:00:00.000Z,1672,1673,1670,1671,72.2417
2022-11-05T20:00:00.000Z,1672,1673,1671,1671,39.556
2022-11-06T00:00:00.000Z,1672,1672,1662,1672,120.7216
2022-11-06T04:00:00.000Z,1672,1673,1670,1673,95.9551
2022-11-06T08:00:00.000Z,1673,1673,1671,1672,90.8787
2022-11-06T12:00:00.000Z,1672,1674,1671,1673,69.7516
2022-11-06T16:00:00.000Z,1673,1674,1670,1672,139.9769
2022-11-06T20:00:00.000Z,1672,1674,1663,1665,356.4581
2022-11-07T00:00:00.000Z,1664,1667,1663,1665,162.9328
2022-11-07T04:00:00.000Z,1665,1666,1654,1658,247.9153
2022-11-07T08:00:00.000Z,1658,1673,1656,1670,313.8012
2022-11-07T12:00:00.000Z,1670,1673,1667,1672,248.2775
2022-11-07T16:00:00.000Z,1671,1673,1669,1670,169.2085
2022-11-07T20:00:00.000Z,1669,1670,1659,1666,212.7627
2022-11-08T00:00:00.000Z,1666,1668,1662,1662,332.3325
2022-11-08T04:00:00.000Z,1662,1664,1658,1662,567.927
2022-11-08T08:00:00.000Z,1663,1665,1657,1664,235.4256
2022-11-08T12:00:00.000Z,1665,1705,1662,1705,939.8847
2022-11-08T16:00:00.000Z,1705,1714,1690,1701,3340.6348
2022-11-08T20:00:00.000Z,1700,1706,1685,1702,1331.8771
2022-11-09T00:00:00.000Z,1701,1706,1692,1704,507.3958
2022-11-09T04:00:00.000Z,1704,1705,1697,1702,1754.0164
2022-11-09T08:00:00.000Z,1702,1710,1691,1703,3078.8146
2022-11-09T12:00:00.000Z,1703,1717,1690,1700,2347.2382
2022-11-09T16:00:00.000Z,1702,1715,1682,1696,1468.5151
2022-11-09T20:00:00.000Z,1696,1708,1675,1697,1502.2947
2022-11-10T00:00:00.000Z,1699,1709,1690,1705,851.5739
2022-11-10T04:00:00.000Z,1704,1728,1700,1705,1533.2455
2022-11-10T08:00:00.000Z,1705,1719,1702,1718,877.4388
2022-11-10T12:00:00.000Z,1719,1757,1714,1749,3821.2986
2022-11-10T16:00:00.000Z,1749,1756,1732,1754,1174.67
2022-11-10T20:00:00.000Z,1755,1758,1742,1747,669.9148
2022-11-11T00:00:00.000Z,1748,1755,1741,1754,514.5427
2022-11-11T04:00:00.000Z,1755,1763,1748,1760,409.8909
2022-11-11T08:00:00.000Z,1760,1764,1755,1760,824.8412
2022-11-11T12:00:00.000Z,1760,1766,1750,1760,1488.2326
2022-11-11T16:00:00.000Z,1761,1768,1733,1766,1185.2364
2022-11-11T20:00:00.000Z,1766,1786,1763,1779,755.1043
2022-11-12T00:00:00.000Z,1780,1780,1762,1764,276.8013
2022-11-12T04:00:00.000Z,1765,1765,1718,1728,2231.2075
2022-11-12T08:00:00.000Z,1728,1752,1727,1732,1232.7126
2022-11-12T12:00:00.000Z,1731,1736,1698,1734,10838.7534
2022-11-12T16:00:00.000Z,1733,1742,1725,1738,1420.2881
2022-11-12T20:00:00.000Z,1739,1739,1733,1734,199.7442
2022-11-13T00:00:00.000Z,1734,1735,1731,1732,396.6661
2022-11-13T04:00:00.000Z,1732,1735,1728,1728,411.077
2022-11-13T08:00:00.000Z,1728,1740,1723,1739,471.55
2022-11-13T12:00:00.000Z,1739,1740,1735,1738,338.6679
2022-11-13T16:00:00.000Z,1738,1746,1735,1745,497.2768
2022-11-13T20:00:00.000Z,1746,1750,1736,1741,981.1798
2022-11-14T00:00:00.000Z,1741,1744,1720,1743,1842.8704
2022-11-14T04:00:00.000Z,1743,1744,1725,1736,1240.4165
2022-11-14T08:00:00.000Z,1737,1739,1718,1722,3826.229
2022-11-14T12:00:00.000Z,1723,1745,1720,1744,1335.2695
2022-11-14T16:00:00.000Z,1744,1767,1743,1762,2652.8892
2022-11-14T20:00:00.000Z,1762,1765,1730,1747,471.337
2022-11-15T00:00:00.000Z,1747,1761,1724,1748,1051.6214
2022-11-15T04:00:00.000Z,1747,1758,1746,1757,303.8647
2022-11-15T08:00:00.000Z,1758,1765,1739,1763,689.5453
2022-11-15T12:00:00.000Z,1763,1766,1755,1758,878.1189
2022-11-15T16:00:00.000Z,1757,1775,1755,1774,1245.0071
2022-11-15T20:00:00.000Z,1774,1783,1764,1774,723.974
2022-11-16T00:00:00.000Z,1774,1777,1765,1769,255.6797
2022-11-16T04:00:00.000Z,1769,1770,1758,1759,170.1484
2022-11-16T08:00:00.000Z,1760,1770,1758,1767,443.3621
2022-11-16T12:00:00.000Z,1767,1772,1766,1769,372.9322
2022-11-16T16:00:00.000Z,1768,1772,1760,1764,372.1188
2022-11-16T20:00:00.000Z,1763,1767,1759,1766,273.3557
2022-11-17T00:00:00.000Z,1766,1767,1761,1762,164.1353
2022-11-17T04:00:00.000Z,1762,1765,1751,1765,234.793
2022-11-17T08:00:00.000Z,1765,1765,1749,1756,631.3925
2022-11-17T12:00:00.000Z,1755,1759,1747,1751,794.4346
2022-11-17T16:00:00.000Z,1751,1759,1740,1757,2306.4762
2022-11-17T20:00:00.000Z,1757,1778,1743,1757,869.8257
2022-11-18T00:00:00.000Z,1757,1760,1748,1756,217.478
2022-11-18T04:00:00.000Z,1756,1759,1755,1758,119.9497
2022-11-18T08:00:00.000Z,1758,1760,1755,1758,141.7057
2022-11-18T12:00:00.000Z,1759,1761,1748,1752,275.6143
2022-11-18T16:00:00.000Z,1753,1755,1740,1741,404.7563
2022-11-18T20:00:00.000Z,1740,1743,1737,1741,142.9902
2022-11-19T00:00:00.000Z,1741,1743,1741,1743,20.7987
2022-11-19T04:00:00.000Z,1742,1743,1739,1740,41.2969
2022-11-19T08:00:00.000Z,1740,1741,1739,1740,48.6226
2022-11-19T12:00:00.000Z,1739,1746,1739,1745,104.4467
2022-11-19T16:00:00.000Z,1745,1746,1743,1743,41.4883
2022-11-19T20:00:00.000Z,1743,1751,1743,1747,115.4322
2022-11-20T00:00:00.000Z,1747,1749,1746,1746,47.2524
2022-11-20T04:00:00.000Z,1747,1749,1744,1746,93.9397
2022-11-20T08:00:00.000Z,1745,1746,1738,1742,393.8498
2022-11-20T12:00:00.000Z,1743,1744,1737,1740,170.044
2022-11-20T16:00:00.000Z,1740,1746,1740,1744,82.5789
2022-11-20T20:00:00.000Z,1744,1750,1739,1749,332.0485
2022-11-21T00:00:00.000Z,1749,1752,1743,1748,226.0508
2022-11-21T04:00:00.000Z,1749,1751,1743,1744,129.7221
2022-11-21T08:00:00.000Z,1744,1745,1733,1736,316.9314
2022-11-21T12:00:00.000Z,1736,1737,1731,1733,320.7983
2022-11-21T16:00:00.000Z,1733,1752,1729,1735,1174.9975
2022-11-21T20:00:00.000Z,1734,1749,1731,1736,421.7005
2022-11-22T00:00:00.000Z,1737,1741,1733,1738,207.7278
2022-11-22T04:00:00.000Z,1738,1741,1737,1739,91.369
2022-11-22T08:00:00.000Z,1738,1743,1736,1742,113.0801
2022-11-22T12:00:00.000Z,1743,1748,1740,1740,726.1825
2022-11-22T16:00:00.000Z,1740,1741,1734,1736,201.0753
2022-11-22T20:00:00.000Z,1736,1737,1734,1737,47.8658
2022-11-23T00:00:00.000Z,1737,1741,1735,1736,196.8095
2022-11-23T04:00:00.000Z,1736,1738,1732,1738,118.5387
2022-11-23T08:00:00.000Z,1738,1739,1733,1735,142.3446
2022-11-23T12:00:00.000Z,1736,1741,1723,1736,439.2162
2022-11-23T16:00:00.000Z,1735,1745,1735,1744,200.5672
2022-11-23T20:00:00.000Z,1744,1745,1739,1744,138.6777
2022-11-24T00:00:00.000Z,1743,1748,1741,1746,255.0392
2022-11-24T04:00:00.000Z,1747,1748,1744,1747,96.9321
2022-11-24T08:00:00.000Z,1747,1749,1742,1748,181.2355
2022-11-24T12:00:00.000Z,1748,1750,1745,1749,120.6851
2022-11-24T16:00:00.000Z,1749,1750,1742,1745,113.1694
2022-11-24T20:00:00.000Z,1745,1747,1740,1747,171.4097
2022-11-25T00:00:00.000Z,1747,1750,1742,1749,96.2842
2022-11-25T04:00:00.000Z,1749,1752,1746,1748,171.9332
2022-11-25T08:00:00.000Z,1749,1752,1743,1748,172.4366
2022-11-25T12:00:00.000Z,1747,1754,1743,1748,178.35
2022-11-25T16:00:00.000Z,1748,1752,1744,1750,73.9424
2022-11-25T20:00:00.000Z,1751,1753,1749,1749,51.5726
2022-11-26T00:00:00.000Z,1749,1767,1749,1764,355.2888
2022-11-26T04:00:00.000Z,1765,1765,1757,1758,103.4805
2022-11-26T08:00:00.000Z,1758,1760,1755,1756,83.9519
2022-11-26T12:00:00.000Z,1756,1757,1751,1752,82.2153
2022-11-26T16:00:00.000Z,1752,1753,1751,1752,28.825
2022-11-26T20:00:00.000Z,1751,1752,1748,1748,40.8428
2022-11-27T00:00:00.000Z,1749,1753,1748,1753,31.1305
2022-11-27T04:00:00.000Z,1753,1754,1750,1752,42.0836
2022-11-27T08:00:00.000Z,1752,1754,1752,1753,38.6465
2022-11-27T12:00:00.000Z,1753,1755,1751,1751,53.6024
2022-11-27T16:00:00.000Z,1751,1753,1750,1752,41.6884
2022-11-27T20:00:00.000Z,1752,1755,1746,1747,147.8012
2022-11-28T00:00:00.000Z,1747,1750,1739,1741,254.5794
2022-11-28T04:00:00.000Z,1740,1745,1739,1743,65.0073
2022-11-28T08:00:00.000Z,1743,1755,1743,1753,345.544
2022-11-28T12:00:00.000Z,1753,1754,1742,1744,161.4563
2022-11-28T16:00:00.000Z,1743,1747,1739,1739,156.1811
2022-11-28T20:00:00.000Z,1739,1742,1737,1740,69.0665
2022-11-29T00:00:00.000Z,1740,1746,1739,1745,64.5393
2022-11-29T04:00:00.000Z,1746,1749,1742,1745,338.6837
2022-11-29T08:00:00.000Z,1745,1752,1739,1747,670.4024
2022-11-29T12:00:00.000Z,1747,1748,1729,1746,290.2529
2022-11-29T16:00:00.000Z,1747,1747,1738,1742,144.505
2022-11-29T20:00:00.000Z,1743,1746,1739,1741,96.5936
2022-11-30T00:00:00.000Z,1741,1750,1737,1744,221.458
2022-11-30T04:00:00.000Z,1744,1747,1744,1747,33.4521
2022-11-30T08:00:00.000Z,1747,1752,1740,1750,353.8209
2022-11-30T12:00:00.000Z,1751,1754,1745,1747,184.7231
2022-11-30T16:00:00.000Z,1747,1758,1739,1758,247.2063
2022-11-30T20:00:00.000Z,1757,1764,1755,1763,232.9402
2022-12-01T00:00:00.000Z,1763,1771,1762,1765,190.0891
2022-12-01T04:00:00.000Z,1765,1773,1765,1770,85.9901
2022-12-01T08:00:00.000Z,1771,1772,1767,1771,90.444
2022-12-01T12:00:00.000Z,1770,1793,1770,1790,714.1366
2022-12-01T16:00:00.000Z,1790,1794,1784,1793,234.7226
2022-12-01T20:00:00.000Z,1792,1793,1789,1791,67.8603
2022-12-02T00:00:00.000Z,1791,1794,1780,1787,177.389
2022-12-02T04:00:00.000Z,1787,1791,1784,1790,84.92
2022-12-02T08:00:00.000Z,1789,1792,1780,1788,234.9837
2022-12-02T12:00:00.000Z,1789,1791,1771,1776,185.3529
2022-12-02T16:00:00.000Z,1776,1788,1776,1786,151.882
2022-12-02T20:00:00.000Z,1786,1789,1783,1787,66.1995
2022-12-03T00:00:00.000Z,1786,1787,1775,1780,122.2897
2022-12-03T04:00:00.000Z,1780,1783,1779,1781,46.321
2022-12-03T08:00:00.000Z,1781,1783,1778,1783,39.369
2022-12-03T12:00:00.000Z,1784,1790,1782,1789,76.8943
2022-12-03T16:00:00.000Z,1788,1790,1783,1786,64.0649
2022-12-03T20:00:00.000Z,1786,1788,1783,1787,108.2273
2022-12-04T00:00:00.000Z,1787,1792,1787,1792,50.9238
2022-12-04T04:00:00.000Z,1792,1792,1790,1791,50.323
2022-12-04T08:00:00.000Z,1790,1793,1786,1792,84.231
2022-12-04T12:00:00.000Z,1792,1794,1789,1791,53.3884
2022-12-04T16:00:00.000Z,1791,1794,1790,1792,58.5259
2022-12-04T20:00:00.000Z,1793,1795,1789,1791,45.8541
2022-12-05T00:00:00.000Z,1790,1798,1788,1798,52.8747
2022-12-05T04:00:00.000Z,1798,1803,1793,1795,156.0047
2022-12-05T08:00:00.000Z,1794,1797,1793,1794,148.9775
2022-12-05T12:00:00.000Z,1793,1797,1775,1778,341.9055
2022-12-05T16:00:00.000Z,1778,1780,1767,1767,235.1676
2022-12-05T20:00:00.000Z,1767,1772,1767,1772,90.0794
2022-12-06T00:00:00.000Z,1772,1782,1772,1779,66.7191
2022-12-06T04:00:00.000Z,1779,1780,1775,1776,54.0891
2022-12-06T08:00:00.000Z,1777,1781,1775,1780,90.006
2022-12-06T12:00:00.000Z,1781,1783,1776,1776,49.2427
2022-12-06T16:00:00.000Z,1777,1779,1773,1774,56.9896
2022-12-06T20:00:00.000Z,1773,1778,1772,1774,77.0547
2022-12-07T00:00:00.000Z,1774,1777,1773,1774,58.7988
2022-12-07T04:00:00.000Z,1775,1777,1771,1773,110.6233
2022-12-07T08:00:00.000Z,1772,1780,1772,1777,156.1659
2022-12-07T12:00:00.000Z,1778,1788,1777,1781,269.5206
2022-12-07T16:00:00.000Z,1781,1789,1779,1789,115.5739
2022-12-07T20:00:00.000Z,1788,1790,1786,1788,126.7858
2022-12-08T00:00:00.000Z,1787,1789,1785,1786,32.8644
2022-12-08T04:00:00.000Z,1787,1787,1784,1786,32.0477
2022-12-08T08:00:00.000Z,1787,1787,1779,1783,116.3082
2022-12-08T12:00:00.000Z,1783,1789,1783,1789,114.745
2022-12-08T16:00:00.000Z,1788,1789,1783,1789,80.968
2022-12-08T20:00:00.000Z,1788,1789,1786,1788,37.8946
2022-12-09T00:00:00.000Z,1788,1791,1787,1791,102.82
2022-12-09T04:00:00.000Z,1790,1791,1789,1789,115.2169
2022-12-09T08:00:00.000Z,1789,1798,1789,1793,241.4529
2022-12-09T12:00:00.000Z,1793,1799,1791,1793,143.7426
2022-12-09T16:00:00.000Z,1793,1802,1792,1796,238.5835
2022-12-09T20:00:00.000Z,1796,1798,1789,1794,181.6278
2022-12-10T00:00:00.000Z,1793,1800,1793,1798,51.8364
2022-12-10T04:00:00.000Z,1799,1799,1791,1792,122.3014
2022-12-10T08:00:00.000Z,1791,1797,1782,1790,408.8824
2022-12-10T12:00:00.000Z,1790,1792,1788,1792,55.8356
2022-12-10T16:00:00.000Z,1792,1793,1785,1791,214.352
2022-12-10T20:00:00.000Z,1792,1793,1789,1791,38.0693
2022-12-11T00:00:00.000Z,1791,1792,1789,1791,9.7708
2022-12-11T04:00:00.000Z,1792,1801,1791,1792,339.8903
2022-12-11T08:00:00.000Z,1792,1796,1791,1795,40.8844
2022-12-11T12:00:00.000Z,1795,1801,1794,1799,95.9543
2022-12-11T16:00:00.000Z,1800,1801,1790,1799,162.5987
2022-12-11T20:00:00.000Z,1799,1800,1794,1796,194.2837
2022-12-12T00:00:00.000Z,1797,1800,1789,1790,257.361
2022-12-12T04:00:00.000Z,1790,1790,1781,1787,245.9781
2022-12-12T08:00:00.000Z,1787,1791,1783,1791,119.492
2022-12-12T12:00:00.000Z,1790,1792,1784,1789,264.1527
2022-12-12T16:00:00.000Z,1789,1789,1774,1778,270.6726
2022-12-12T20:00:00.000Z,1778,1784,1777,1778,143.0659
2022-12-13T00:00:00.000Z,1778,1788,1776,1785,254.0624
2022-12-13T04:00:00.000Z,1785,1786,1778,1779,248.5743
2022-12-13T08:00:00.000Z,1780,1784,1778,1783,491.7947
2022-12-13T12:00:00.000Z,1783,1815,1773,1806,935.1829
2022-12-13T16:00:00.000Z,1806,1808,1800,1805,239.8046
2022-12-13T20:00:00.000Z,1805,1815,1801,1809,417.0803
2022-12-14T00:00:00.000Z,1810,1826,1809,1824,239.7098
2022-12-14T04:00:00.000Z,1823,1827,1815,1815,152.1089
2022-12-14T08:00:00.000Z,1816,1819,1799,1810,253.1301
2022-12-14T12:00:00.000Z,1810,1812,1803,1807,247.1862
2022-12-14T16:00:00.000Z,1808,1813,1798,1801,373.9979
2022-12-14T20:00:00.000Z,1800,1810,1800,1802,141.8036
2022-12-15T00:00:00.000Z,1803,1807,1791,1792,160.5574
2022-12-15T04:00:00.000Z,1792,1798,1786,1794,398.8637
2022-12-15T08:00:00.000Z,1794,1794,1781,1783,133.2043
2022-12-15T12:00:00.000Z,1782,1784,1775,1781,317.1057
2022-12-15T16:00:00.000Z,1780,1782,1773,1776,121.2217
2022-12-15T20:00:00.000Z,1776,1801,1773,1792,1030.2957
2022-12-16T00:00:00.000Z,1792,1793,1783,1789,74.2802
2022-12-16T04:00:00.000Z,1789,1792,1787,1787,17.5581
2022-12-16T08:00:00.000Z,1787,1789,1774,1786,346.1745
2022-12-16T12:00:00.000Z,1787,1795,1784,1793,155.8248
2022-12-16T16:00:00.000Z,1793,1802,1783,1798,395.2233
2022-12-16T20:00:00.000Z,1797,1807,1793,1801,405.4795
2022-12-17T00:00:00.000Z,1801,1809,1801,1808,155.9846
2022-12-17T04:00:00.000Z,1808,1810,1800,1802,118.3048
2022-12-17T08:00:00.000Z,1801,1805,1799,1802,77.8801
2022-12-17T12:00:00.000Z,1802,1805,1799,1800,74.0723
2022-12-17T16:00:00.000Z,1799,1804,1799,1803,47.551
2022-12-17T20:00:00.000Z,1802,1806,1801,1802,55.9113
2022-12-18T00:00:00.000Z,1802,1805,1799,1805,46.9806
2022-12-18T04:00:00.000Z,1805,1806,1801,1802,29.6325
2022-12-18T08:00:00.000Z,1802,1803,1792,1796,239.0251
2022-12-18T12:00:00.000Z,1796,1798,1792,1795,96.3448
2022-12-18T16:00:00.000Z,1795,1797,1795,1796,18.6324
2022-12-18T20:00:00.000Z,1796,1799,1795,1799,58.0931
2022-12-19T00:00:00.000Z,1797,1800,1795,1797,52.0181
2022-12-19T04:00:00.000Z,1797,1798,1794,1794,28.3709
2022-12-19T08:00:00.000Z,1794,1805,1794,1803,130.1252
2022-12-19T12:00:00.000Z,1803,1805,1792,1793,130.2282
2022-12-19T16:00:00.000Z,1792,1797,1790,1795,129.7479
2022-12-19T20:00:00.000Z,1795,1799,1790,1798,123.9978
2022-12-20T00:00:00.000Z,1798,1800,1792,1796,207.7151
2022-12-20T04:00:00.000Z,1796,1797,1787,1793,136.8286
2022-12-20T08:00:00.000Z,1793,1809,1793,1807,140.4648
2022-12-20T12:00:00.000Z,1808,1817,1803,1813,289.9309
2022-12-20T16:00:00.000Z,1814,1818,1812,1816,157.8371
2022-12-20T20:00:00.000Z,1817,1817,1809,1813,105.9351
2022-12-21T00:00:00.000Z,1813,1815,1811,1812,45.3133
2022-12-21T04:00:00.000Z,1813,1813,1811,1811,10.3397
2022-12-21T08:00:00.000Z,1811,1815,1808,1809,64.0609
2022-12-21T12:00:00.000Z,1810,1820,1809,1818,173.8446
2022-12-21T16:00:00.000Z,1819,1820,1816,1818,96.9673
2022-12-21T20:00:00.000Z,1817,1818,1813,1815,37.6561
2022-12-22T00:00:00.000Z,1815,1817,1814,1817,45.6397
2022-12-22T04:00:00.000Z,1817,1824,1816,1818,59.0679
2022-12-22T08:00:00.000Z,1819,1823,1817,1819,90.091
2022-12-22T12:00:00.000Z,1819,1820,1799,1801,211.2308
2022-12-22T16:00:00.000Z,1801,1803,1791,1791,141.1716
2022-12-22T20:00:00.000Z,1791,1797,1790,1795,120.5525
2022-12-23T00:00:00.000Z,1794,1798,1794,1798,30.1472
2022-12-23T04:00:00.000Z,1798,1805,1796,1803,64.7353
2022-12-23T08:00:00.000Z,1804,1815,1801,1808,95.2914
2022-12-23T12:00:00.000Z,1808,1809,1801,1806,81.572
2022-12-23T16:00:00.000Z,1805,1808,1803,1804,23.2463
2022-12-23T20:00:00.000Z,1804,1807,1804,1806,22.9164
2022-12-24T00:00:00.000Z,1806,1808,1806,1806,9.0613
2022-12-24T04:00:00.000Z,1807,1808,1805,1806,8.7099
2022-12-24T08:00:00.000Z,1805,1808,1804,1806,22.7352
2022-12-24T12:00:00.000Z,1806,1806,1803,1804,12.979
2022-12-24T16:00:00.000Z,1803,1804,1801,1802,31.5547
2022-12-24T20:00:00.000Z,1803,1803,1800,1802,15.3139
2022-12-25T00:00:00.000Z,1802,1802,1799,1800,13.6403
2022-12-25T04:00:00.000Z,1801,1802,1800,1802,7.5086
2022-12-25T08:00:00.000Z,1802,1802,1796,1796,88.4595
2022-12-25T12:00:00.000Z,1797,1798,1793,1798,81.0397
2022-12-25T16:00:00.000Z,1798,1798,1794,1794,21.9088
2022-12-25T20:00:00.000Z,1795,1801,1794,1800,23.6585
2022-12-26T00:00:00.000Z,1800,1801,1795,1801,36.519
2022-12-26T04:00:00.000Z,1800,1801,1798,1799,17.5382
2022-12-26T08:00:00.000Z,1800,1800,1799,1800,23.6202
2022-12-26T12:00:00.000Z,1800,1801,1794,1798,54.0032
2022-12-26T16:00:00.000Z,1798,1803,1798,1801,37.6043
2022-12-26T20:00:00.000Z,1802,1803,1797,1800,51.4066
2022-12-27T00:00:00.000Z,1800,1804,1799,1804,24.5895
2022-12-27T04:00:00.000Z,1803,1807,1802,1807,43.3209
2022-12-27T08:00:00.000Z,1806,1810,1806,1809,68.034
2022-12-27T12:00:00.000Z,1808,1821,1806,1820,277.9548
2022-12-27T16:00:00.000Z,1821,1821,1813,1815,119.3995
2022-12-27T20:00:00.000Z,1815,1816,1813,1815,57.5687
2022-12-28T00:00:00.000Z,1814,1815,1811,1811,49.2262
2022-12-28T04:00:00.000Z,1812,1814,1810,1811,45.9251
2022-12-28T08:00:00.000Z,1812,1812,1804,1805,77.6946
2022-12-28T12:00:00.000Z,1804,1809,1804,1804,73.2485
2022-12-28T16:00:00.000Z,1804,1812,1802,1805,107.9603
2022-12-28T20:00:00.000Z,1806,1815,1802,1809,127.0436
2022-12-29T00:00:00.000Z,1810,1810,1804,1808,72.7588
2022-12-29T04:00:00.000Z,1808,1809,1806,1808,31.0177
2022-12-29T08:00:00.000Z,1809,1811,1802,1806,123.7509
2022-12-29T12:00:00.000Z,1806,1811,1804,1810,188.0152
2022-12-29T16:00:00.000Z,1810,1814,1804,1813,249.3201
2022-12-29T20:00:00.000Z,1813,1817,1813,1815,96.9927
2022-12-30T00:00:00.000Z,1815,1816,1806,1813,122.4705
2022-12-30T04:00:00.000Z,1814,1816,1812,1814,67.8699
2022-12-30T08:00:00.000Z,1814,1817,1813,1817,69.7693
2022-12-30T12:00:00.000Z,1816,1823,1816,1819,434.8803
2022-12-30T16:00:00.000Z,1818,1823,1816,1820,148.3832
2022-12-30T20:00:00.000Z,1821,1824,1819,1822,118.8541
2022-12-31T00:00:00.000Z,1821,1823,1821,1822,19.1022
2022-12-31T04:00:00.000Z,1823,1825,1821,1821,35.0899
2022-12-31T08:00:00.000Z,1822,1825,1819,1822,116.3225
2022-12-31T12:00:00.000Z,1822,1823,1819,1819,77.2736
2022-12-31T16:00:00.000Z,1820,1821,1817,1821,43.7426
2022-12-31T20:00:00.000Z,1821,1824,1820,1822,36.3721
2023-01-01T00:00:00.000Z,1822,1822,1820,1821,14.8278
2023-01-01T04:00:00.000Z,1821,1824,1820,1820,51.616
2023-01-01T08:00:00.000Z,1820,1821,1819,1819,20.4332
2023-01-01T12:00:00.000Z,1819,1821,1819,1821,32.0181
2023-01-01T16:00:00.000Z,1821,1822,1820,1821,30.4084
2023-01-01T20:00:00.000Z,1820,1825,1820,1824,93.5355
2023-01-02T00:00:00.000Z,1823,1826,1821,1825,118.6456
2023-01-02T04:00:00.000Z,1826,1830,1825,1830,233.7943
2023-01-02T08:00:00.000Z,1829,1830,1823,1826,96.5896
2023-01-02T12:00:00.000Z,1825,1826,1822,1823,122.5576
2023-01-02T16:00:00.000Z,1822,1826,1815,1822,139.1113
2023-01-02T20:00:00.000Z,1822,1825,1821,1823,55.1029
2023-01-03T00:00:00.000Z,1823,1843,1823,1842,376.1841
2023-01-03T04:00:00.000Z,1842,1844,1829,1840,470.3237
2023-01-03T08:00:00.000Z,1839,1840,1830,1832,195.0058
2023-01-03T12:00:00.000Z,1832,1839,1830,1831,266.7244
2023-01-03T16:00:00.000Z,1831,1842,1828,1839,272.2207
2023-01-03T20:00:00.000Z,1840,1844,1838,1841,83.8236
2023-01-04T00:00:00.000Z,1841,1845,1837,1843,87.0288
2023-01-04T04:00:00.000Z,1843,1852,1842,1851,237.3542
2023-01-04T08:00:00.000Z,1851,1866,1851,1861,177.0039
2023-01-04T12:00:00.000Z,1861,1868,1853,1853,279.9208
2023-01-04T16:00:00.000Z,1854,1857,1846,1850,134.3001
2023-01-04T20:00:00.000Z,1849,1855,1837,1852,174.0892
2023-01-05T00:00:00.000Z,1853,1856,1850,1852,118.0537
2023-01-05T04:00:00.000Z,1852,1855,1849,1850,77.3905
2023-01-05T08:00:00.000Z,1850,1850,1844,1848,114.2272
2023-01-05T12:00:00.000Z,1847,1849,1832,1834,260.5686
2023-01-05T16:00:00.000Z,1834,1839,1832,1837,85.7223
2023-01-05T20:00:00.000Z,1838,1838,1832,1835,66.96
2023-01-06T00:00:00.000Z,1834,1839,1832,1837,85.1498
2023-01-06T04:00:00.000Z,1838,1842,1836,1842,105.4226
2023-01-06T08:00:00.000Z,1841,1842,1837,1839,121.3085
2023-01-06T12:00:00.000Z,1838,1854,1830,1853,323.691
2023-01-06T16:00:00.000Z,1853,1856,1851,1854,135.7823
2023-01-06T20:00:00.000Z,1855,1858,1849,1853,250.8838
2023-01-07T00:00:00.000Z,1854,1856,1852,1856,38.5904
2023-01-07T04:00:00.000Z,1856,1858,1855,1857,19.4891
2023-01-07T08:00:00.000Z,1858,1858,1856,1858,57.1185
2023-01-07T12:00:00.000Z,1857,1861,1857,1860,154.4655
2023-01-07T16:00:00.000Z,1860,1861,1858,1861,120.3546
2023-01-07T20:00:00.000Z,1861,1861,1859,1860,58.1072
2023-01-08T00:00:00.000Z,1860,1862,1859,1862,34.351
2023-01-08T04:00:00.000Z,1862,1862,1857,1858,102.3043
2023-01-08T08:00:00.000Z,1858,1859,1855,1856,121.8638
2023-01-08T12:00:00.000Z,1856,1861,1855,1858,80.2596
2023-01-08T16:00:00.000Z,1858,1862,1857,1862,177.3691
2023-01-08T20:00:00.000Z,1862,1862,1858,1858,128.9153
2023-01-09T00:00:00.000Z,1858,1864,1858,1864,244.9828
2023-01-09T04:00:00.000Z,1864,1866,1863,1865,104.9009
2023-01-09T08:00:00.000Z,1864,1865,1856,1859,146.414
2023-01-09T12:00:00.000Z,1860,1866,1859,1861,299.1694
2023-01-09T16:00:00.000Z,1862,1866,1860,1862,185.4593
2023-01-09T20:00:00.000Z,1862,1868,1860,1862,155.351
2023-01-10T00:00:00.000Z,1861,1862,1860,1862,34.2466
2023-01-10T04:00:00.000Z,1862,1864,1860,1862,58.0321
2023-01-10T08:00:00.000Z,1862,1868,1861,1863,121.6616
2023-01-10T12:00:00.000Z,1863,1865,1862,1864,76.3547
2023-01-10T16:00:00.000Z,1865,1865,1859,1863,111.5386
2023-01-10T20:00:00.000Z,1863,1865,1861,1865,62.1879
2023-01-11T00:00:00.000Z,1864,1865,1863,1865,33.7745
2023-01-11T04:00:00.000Z,1865,1875,1864,1874,116.4651
2023-01-11T08:00:00.000Z,1874,1883,1873,1876,147.0071
2023-01-11T12:00:00.000Z,1876,1876,1867,1868,115.5399
2023-01-11T16:00:00.000Z,1868,1869,1860,1865,367.7774
2023-01-11T20:00:00.000Z,1866,1876,1863,1873,132.9277
2023-01-12T00:00:00.000Z,1873,1875,1866,1874,138.5705
2023-01-12T04:00:00.000Z,1874,1894,1872,1878,287.3806
2023-01-12T08:00:00.000Z,1877,1880,1873,1875,81.6022
2023-01-12T12:00:00.000Z,1875,1885,1858,1878,536.3426
2023-01-12T16:00:00.000Z,1878,1884,1877,1879,318.808
2023-01-12T20:00:00.000Z,1879,1885,1875,1884,204.8141
2023-01-13T00:00:00.000Z,1884,1896,1879,1889,257.2085
2023-01-13T04:00:00.000Z,1889,1893,1888,1890,121.892
2023-01-13T08:00:00.000Z,1890,1900,1889,1893,186.9677
2023-01-13T12:00:00.000Z,1894,1896,1885,1896,323.2807
2023-01-13T16:00:00.000Z,1896,1902,1895,1900,164.3603
2023-01-13T20:00:00.000Z,1900,1902,1894,1896,199.2103
2023-01-14T00:00:00.000Z,1895,1899,1886,1889,515.0807
2023-01-14T04:00:00.000Z,1888,1897,1885,1894,222.714
2023-01-14T08:00:00.000Z,1894,1899,1881,1886,564.4532
2023-01-14T12:00:00.000Z,1886,1902,1880,1893,442.0091
2023-01-14T16:00:00.000Z,1893,1896,1892,1894,74.1147
2023-01-14T20:00:00.000Z,1894,1894,1887,1889,108.9352
2023-01-15T00:00:00.000Z,1889,1900,1885,1890,199.3381
2023-01-15T04:00:00.000Z,1890,1892,1889,1890,32.0867
2023-01-15T08:00:00.000Z,1890,1892,1886,1891,124.9338
2023-01-15T12:00:00.000Z,1891,1894,1890,1893,98.5555
2023-01-15T16:00:00.000Z,1893,1900,1891,1896,255.2726
2023-01-15T20:00:00.000Z,1896,1902,1892,1901,138.2478
2023-01-16T00:00:00.000Z,1901,1906,1893,1894,226.2354
2023-01-16T04:00:00.000Z,1895,1900,1893,1895,104.9961
2023-01-16T08:00:00.000Z,1894,1895,1885,1891,218.7654
2023-01-16T12:00:00.000Z,1891,1896,1887,1892,93.2154
2023-01-16T16:00:00.000Z,1893,1895,1888,1891,122.3563
2023-01-16T20:00:00.000Z,1891,1894,1885,1887,76.2179
2023-01-17T00:00:00.000Z,1887,1890,1885,1886,176.9877
2023-01-17T04:00:00.000Z,1886,1892,1883,1888,110.7451
2023-01-17T08:00:00.000Z,1888,1892,1884,1890,57.1086
2023-01-17T12:00:00.000Z,1890,1894,1885,1887,151.6104
2023-01-17T16:00:00.000Z,1886,1896,1885,1895,228.9588
2023-01-17T20:00:00.000Z,1895,1896,1887,1889,70.8589
2023-01-18T00:00:00.000Z,1890,1891,1886,1888,27.3881
2023-01-18T04:00:00.000Z,1889,1889,1886,1888,34.2119
2023-01-18T08:00:00.000Z,1888,1894,1887,1894,107.272
2023-01-18T12:00:00.000Z,1894,1897,1886,1887,187.0553
2023-01-18T16:00:00.000Z,1887,1896,1885,1889,347.105
2023-01-18T20:00:00.000Z,1889,1895,1880,1888,105.572
2023-01-19T00:00:00.000Z,1888,1893,1881,1893,56.3445
2023-01-19T04:00:00.000Z,1893,1899,1890,1899,51.4436
2023-01-19T08:00:00.000Z,1899,1900,1894,1895,47.1215
2023-01-19T12:00:00.000Z,1895,1903,1892,1900,152.6728
2023-01-19T16:00:00.000Z,1900,1913,1892,1912,409.8962
2023-01-19T20:00:00.000Z,1912,1919,1911,1917,111.4079
2023-01-20T00:00:00.000Z,1917,1919,1907,1910,53.4885
2023-01-20T04:00:00.000Z,1909,1915,1902,1912,53.5369
2023-01-20T08:00:00.000Z,1912,1920,1904,1914,170.103
2023-01-20T12:00:00.000Z,1913,1917,1908,1911,133.1551
2023-01-20T16:00:00.000Z,1911,1922,1910,1918,180.0096
2023-01-20T20:00:00.000Z,1918,1922,1903,1906,270.8557
2023-01-21T00:00:00.000Z,1905,1912,1902,1911,104.1969
2023-01-21T04:00:00.000Z,1909,1912,1903,1907,51.8402
2023-01-21T08:00:00.000Z,1908,1911,1902,1908,176.3611
2023-01-21T12:00:00.000Z,1907,1911,1905,1906,55.4787
2023-01-21T16:00:00.000Z,1907,1911,1903,1907,64.0492
2023-01-21T20:00:00.000Z,1907,1911,1903,1905,84.9839
2023-01-22T00:00:00.000Z,1907,1914,1902,1908,148.7025
2023-01-22T04:00:00.000Z,1908,1912,1905,1906,25.8457
2023-01-22T08:00:00.000Z,1906,1910,1903,1906,34.9442
2023-01-22T12:00:00.000Z,1907,1910,1902,1906,98.0379
2023-01-22T16:00:00.000Z,1905,1912,1904,1906,124.0528
2023-01-22T20:00:00.000Z,1907,1914,1904,1907,113.5312
2023-01-23T00:00:00.000Z,1908,1915,1907,1914,70.6226
2023-01-23T04:00:00.000Z,1913,1915,1901,1907,89.1743
2023-01-23T08:00:00.000Z,1908,1913,1906,1910,71.2466
2023-01-23T12:00:00.000Z,1910,1912,1900,1904,240.374
2023-01-23T16:00:00.000Z,1903,1911,1900,1909,99.492
2023-01-23T20:00:00.000Z,1909,1913,1902,1909,67.8132
2023-01-24T00:00:00.000Z,1910,1912,1897,1905,308.5686
2023-01-24T04:00:00.000Z,1905,1911,1901,1910,88.9988
2023-01-24T08:00:00.000Z,1910,1912,1902,1906,158.9372
2023-01-24T12:00:00.000Z,1906,1912,1903,1910,233.948
2023-01-24T16:00:00.000Z,1909,1913,1904,1907,139.8594
2023-01-24T20:00:00.000Z,1907,1908,1900,1907,110.4674
2023-01-25T00:00:00.000Z,1907,1912,1902,1907,133.0371
2023-01-25T04:00:00.000Z,1907,1909,1900,1904,62.2933
2023-01-25T08:00:00.000Z,1904,1907,1901,1904,63.4579
2023-01-25T12:00:00.000Z,1904,1907,1900,1905,143.6734
2023-01-25T16:00:00.000Z,1904,1913,1902,1911,349.8764
2023-01-25T20:00:00.000Z,1911,1926,1910,1920,364.9579
2023-01-26T00:00:00.000Z,1922,1927,1918,1922,86.9104
2023-01-26T04:00:00.000Z,1922,1927,1919,1921,177.1688
2023-01-26T08:00:00.000Z,1921,1923,1917,1920,87.7752
2023-01-26T12:00:00.000Z,1920,1922,1911,1912,189.4537
2023-01-26T16:00:00.000Z,1912,1920,1911,1919,131.6318
2023-01-26T20:00:00.000Z,1919,1922,1917,1919,59.701
2023-01-27T00:00:00.000Z,1920,1921,1916,1918,96.5888
2023-01-27T04:00:00.000Z,1919,1920,1913,1916,97.371
2023-01-27T08:00:00.000Z,1915,1919,1914,1917,86.3261
2023-01-27T12:00:00.000Z,1917,1919,1914,1914,94.0427
2023-01-27T16:00:00.000Z,1915,1919,1914,1916,121.7709
2023-01-27T20:00:00.000Z,1917,1919,1914,1915,101.2462
2023-01-28T00:00:00.000Z,1915,1916,1914,1916,29.2823
2023-01-28T04:00:00.000Z,1915,1917,1913,1915,47.284
2023-01-28T08:00:00.000Z,1914,1919,1912,1917,51.1624
2023-01-28T12:00:00.000Z,1917,1917,1911,1914,67.6937
2023-01-28T16:00:00.000Z,1913,1916,1912,1915,19.102
2023-01-28T20:00:00.000Z,1915,1916,1911,1915,30.0028
2023-01-29T00:00:00.000Z,1915,1921,1910,1916,215.508
2023-01-29T04:00:00.000Z,1917,1917,1912,1915,46.661
2023-01-29T08:00:00.000Z,1914,1921,1912,1915,169.8103
2023-01-29T12:00:00.000Z,1915,1918,1911,1913,80.031
2023-01-29T16:00:00.000Z,1914,1914,1909,1913,100.7422
2023-01-29T20:00:00.000Z,1913,1915,1905,1914,172.7247
2023-01-30T00:00:00.000Z,1913,1914,1902,1907,112.9429
2023-01-30T04:00:00.000Z,1907,1914,1906,1908,58.8432
2023-01-30T08:00:00.000Z,1907,1911,1899,1901,174.7365
2023-01-30T12:00:00.000Z,1901,1904,1898,1902,163.159
2023-01-30T16:00:00.000Z,1901,1902,1891,1896,90.7271
2023-01-30T20:00:00.000Z,1896,1898,1890,1896,80.241
2023-01-31T00:00:00.000Z,1896,1897,1892,1894,17.3072
2023-01-31T04:00:00.000Z,1895,1896,1889,1891,57.8145
2023-01-31T08:00:00.000Z,1891,1892,1872,1875,206.3808
2023-01-31T12:00:00.000Z,1875,1894,1873,1892,268.2464
2023-01-31T16:00:00.000Z,1891,1905,1888,1904,318.7029
2023-01-31T20:00:00.000Z,1905,1906,1892,1898,117.6447
2023-02-01T00:00:00.000Z,1899,1906,1895,1899,53.2427
2023-02-01T04:00:00.000Z,1900,1902,1898,1899,29.8075
2023-02-01T08:00:00.000Z,1898,1900,1895,1900,33.4477
2023-02-01T12:00:00.000Z,1900,1910,1896,1902,172.5388
2023-02-01T16:00:00.000Z,1903,1918,1899,1910,329.1559
2023-02-01T20:00:00.000Z,1910,1919,1908,1916,392.4495
2023-02-02T00:00:00.000Z,1915,1922,1913,1920,205.0365
2023-02-02T04:00:00.000Z,1920,1922,1909,1915,169.629
2023-02-02T08:00:00.000Z,1915,1922,1915,1922,176.675
2023-02-02T12:00:00.000Z,1921,1924,1903,1910,489.7244
2023-02-02T16:00:00.000Z,1911,1913,1900,1901,306.4651
2023-02-02T20:00:00.000Z,1901,1906,1896,1906,224.9866
2023-02-03T00:00:00.000Z,1906,1907,1901,1904,54.2125
2023-02-03T04:00:00.000Z,1903,1904,1893,1898,107.9872
2023-02-03T08:00:00.000Z,1899,1899,1896,1899,52.4247
2023-02-03T12:00:00.000Z,1899,1907,1870,1878,629.6872
2023-02-03T16:00:00.000Z,1875,1882,1861,1867,303.3171
2023-02-03T20:00:00.000Z,1866,1874,1859,1869,315.2256
2023-02-04T00:00:00.000Z,1867,1873,1860,1861,110.1537
2023-02-04T04:00:00.000Z,1861,1865,1860,1862,152.2973
2023-02-04T08:00:00.000Z,1862,1865,1858,1860,164.0951
2023-02-04T12:00:00.000Z,1860,1864,1848,1861,300.4607
2023-02-04T16:00:00.000Z,1860,1864,1858,1862,139.4028
2023-02-04T20:00:00.000Z,1862,1865,1857,1859,82.6147
2023-02-05T00:00:00.000Z,1860,1861,1859,1859,41.6043
2023-02-05T04:00:00.000Z,1859,1862,1859,1860,33.9502
2023-02-05T08:00:00.000Z,1860,1860,1857,1859,77.1648
2023-02-05T12:00:00.000Z,1858,1859,1854,1858,201.2138
2023-02-05T16:00:00.000Z,1857,1859,1854,1857,108.7694
2023-02-05T20:00:00.000Z,1856,1859,1853,1857,207.5913
2023-02-06T00:00:00.000Z,1857,1866,1857,1862,114.4584
2023-02-06T04:00:00.000Z,1863,1867,1860,1865,106.6982
2023-02-06T08:00:00.000Z,1865,1872,1865,1869,133.2841
2023-02-06T12:00:00.000Z,1869,1871,1863,1866,107.5482
2023-02-06T16:00:00.000Z,1866,1866,1860,1862,95.2229
2023-02-06T20:00:00.000Z,1862,1874,1858,1868,142.8045
2023-02-07T00:00:00.000Z,1868,1875,1863,1872,190.591
2023-02-07T04:00:00.000Z,1871,1875,1869,1869,31.7101
2023-02-07T08:00:00.000Z,1869,1871,1859,1860,119.6384
2023-02-07T12:00:00.000Z,1860,1862,1854,1860,237.0395
2023-02-07T16:00:00.000Z,1861,1870,1859,1862,251.2089
2023-02-07T20:00:00.000Z,1862,1864,1855,1861,201.3443
2023-02-08T00:00:00.000Z,1861,1864,1858,1861,120.9993
2023-02-08T04:00:00.000Z,1861,1863,1856,1863,118.626
2023-02-08T08:00:00.000Z,1863,1867,1861,1865,109.5803
2023-02-08T12:00:00.000Z,1865,1866,1855,1856,124.7726
2023-02-08T16:00:00.000Z,1857,1859,1851,1858,128.8022
2023-02-08T20:00:00.000Z,1858,1863,1857,1860,74.7397
2023-02-09T00:00:00.000Z,1863,1868,1862,1866,167.8306
2023-02-09T04:00:00.000Z,1866,1866,1859,1864,112.6972
2023-02-09T08:00:00.000Z,1864,1870,1859,1869,208.8205
2023-02-09T12:00:00.000Z,1869,1871,1864,1865,114.7534
2023-02-09T16:00:00.000Z,1865,1865,1850,1854,201.4621
2023-02-09T20:00:00.000Z,1854,1854,1842,1845,347.8419
2023-02-10T00:00:00.000Z,1845,1847,1838,1840,170.0326
2023-02-10T04:00:00.000Z,1839,1842,1832,1837,238.0013
2023-02-10T08:00:00.000Z,1838,1846,1833,1835,174.0304
2023-02-10T12:00:00.000Z,1836,1846,1832,1835,198.7229
2023-02-10T16:00:00.000Z,1834,1841,1822,1832,289.1164
2023-02-10T20:00:00.000Z,1832,1833,1810,1825,196.1804
2023-02-11T00:00:00.000Z,1825,1828,1823,1824,74.944
2023-02-11T04:00:00.000Z,1824,1825,1821,1822,56.5633
2023-02-11T08:00:00.000Z,1823,1824,1820,1823,69.3161
2023-02-11T12:00:00.000Z,1823,1830,1816,1827,187.0559
2023-02-11T16:00:00.000Z,1827,1830,1825,1829,134.5813
2023-02-11T20:00:00.000Z,1828,1836,1828,1831,70.5155
2023-02-12T00:00:00.000Z,1830,1832,1821,1823,91.3876
2023-02-12T04:00:00.000Z,1824,1827,1822,1824,44.1077
2023-02-12T08:00:00.000Z,1825,1827,1822,1826,21.4501
2023-02-12T12:00:00.000Z,1825,1828,1822,1825,55.5247
2023-02-12T16:00:00.000Z,1825,1833,1821,1827,76.3665
2023-02-12T20:00:00.000Z,1826,1829,1821,1827,75.0167
2023-02-13T00:00:00.000Z,1827,1831,1814,1826,131.4024
2023-02-13T04:00:00.000Z,1827,1827,1806,1813,146.5644
2023-02-13T08:00:00.000Z,1815,1816,1716,1789,3884.8393
2023-02-13T12:00:00.000Z,1788,1830,1782,1824,2825.4572
2023-02-13T16:00:00.000Z,1824,1830,1810,1815,1496.7193
2023-02-13T20:00:00.000Z,1813,1814,1786,1808,383.6572
2023-02-14T00:00:00.000Z,1807,1840,1803,1820,1460.8399
2023-02-14T04:00:00.000Z,1820,1849,1806,1844,1170.4688
2023-02-14T08:00:00.000Z,1844,1847,1838,1840,468.5453
2023-02-14T12:00:00.000Z,1841,1850,1825,1832,721.8675
2023-02-14T16:00:00.000Z,1834,1846,1820,1835,353.392
2023-02-14T20:00:00.000Z,1836,1838,1826,1834,54.7779
2023-02-15T00:00:00.000Z,1834,1838,1831,1832,26.4559
2023-02-15T04:00:00.000Z,1832,1842,1823,1823,86.774
2023-02-15T08:00:00.000Z,1822,1828,1815,1821,221.9552
2023-02-15T12:00:00.000Z,1822,1829,1811,1815,157.5565
2023-02-15T16:00:00.000Z,1816,1828,1813,1824,114.0477
2023-02-15T20:00:00.000Z,1824,1831,1820,1826,268.4599
2023-02-16T00:00:00.000Z,1826,1830,1822,1828,153.1419
2023-02-16T04:00:00.000Z,1827,1828,1818,1825,207.5668
2023-02-16T08:00:00.000Z,1825,1828,1821,1822,175.002
2023-02-16T12:00:00.000Z,1822,1823,1811,1821,237.6818
2023-02-16T16:00:00.000Z,1822,1836,1813,1828,716.3739
2023-02-16T20:00:00.000Z,1829,1830,1818,1821,227.0257
2023-02-17T00:00:00.000Z,1821,1822,1816,1819,135.3821
2023-02-17T04:00:00.000Z,1819,1819,1800,1806,223.2871
2023-02-17T08:00:00.000Z,1807,1808,1800,1805,182.9234
2023-02-17T12:00:00.000Z,1805,1815,1804,1814,203.3865
2023-02-17T16:00:00.000Z,1814,1830,1810,1825,332.8057
2023-02-17T20:00:00.000Z,1825,1827,1812,1815,243.4657
2023-02-18T00:00:00.000Z,1816,1817,1809,1816,192.631
2023-02-18T04:00:00.000Z,1816,1819,1815,1818,40.4714
2023-02-18T08:00:00.000Z,1819,1824,1818,1821,57.8491
2023-02-18T12:00:00.000Z,1821,1826,1820,1823,95.0821
2023-02-18T16:00:00.000Z,1822,1825,1822,1823,37.3261
2023-02-18T20:00:00.000Z,1822,1823,1822,1823,30.4702
2023-02-19T00:00:00.000Z,1823,1824,1822,1824,22.1781
2023-02-19T04:00:00.000Z,1824,1825,1822,1822,22.0213
2023-02-19T08:00:00.000Z,1822,1823,1820,1822,77.6097
2023-02-19T12:00:00.000Z,1821,1826,1821,1823,128.2086
2023-02-19T16:00:00.000Z,1824,1825,1817,1823,147.955
2023-02-19T20:00:00.000Z,1822,1824,1820,1822,76.0466
2023-02-20T00:00:00.000Z,1821,1826,1819,1825,161.8281
2023-02-20T04:00:00.000Z,1824,1825,1822,1824,57.6014
2023-02-20T08:00:00.000Z,1825,1828,1816,1821,199.3722
2023-02-20T12:00:00.000Z,1822,1822,1815,1817,148.6341
2023-02-20T16:00:00.000Z,1818,1818,1811,1816,124.031
2023-02-20T20:00:00.000Z,1816,1816,1812,1816,45.2379
2023-02-21T00:00:00.000Z,1815,1816,1813,1814,51.7758
2023-02-21T04:00:00.000Z,1814,1816,1812,1814,53.6108
2023-02-21T08:00:00.000Z,1814,1815,1806,1810,188.9143
2023-02-21T12:00:00.000Z,1810,1817,1806,1817,159.7955
2023-02-21T16:00:00.000Z,1816,1818,1808,1813,114.4277
2023-02-21T20:00:00.000Z,1813,1815,1809,1812,92.9842
2023-02-22T00:00:00.000Z,1813,1817,1809,1817,108.08
2023-02-22T04:00:00.000Z,1817,1820,1813,1817,108.1925
2023-02-22T08:00:00.000Z,1818,1819,1814,1818,193.2525
2023-02-22T12:00:00.000Z,1817,1820,1810,1813,183.5443
2023-02-22T16:00:00.000Z,1813,1818,1807,1808,128.8717
2023-02-22T20:00:00.000Z,1808,1812,1807,1811,63.6807
2023-02-23T00:00:00.000Z,1811,1820,1811,1818,54.7893
2023-02-23T04:00:00.000Z,1817,1818,1813,1814,43.5747
2023-02-23T08:00:00.000Z,1815,1817,1807,1808,120.9016
2023-02-23T12:00:00.000Z,1808,1813,1807,1807,114.8345
2023-02-23T16:00:00.000Z,1807,1815,1806,1813,93.8406
2023-02-23T20:00:00.000Z,1812,1815,1810,1814,51.5592
2023-02-24T00:00:00.000Z,1814,1816,1808,1813,63.4637
2023-02-24T04:00:00.000Z,1812,1813,1806,1810,76.0187
2023-02-24T08:00:00.000Z,1810,1812,1807,1808,38.5064
2023-02-24T12:00:00.000Z,1808,1808,1797,1798,214.0916
2023-02-24T16:00:00.000Z,1797,1801,1791,1797,170.9573
2023-02-24T20:00:00.000Z,1797,1803,1797,1800,87.5242
2023-02-25T00:00:00.000Z,1800,1801,1797,1797,27.1998
2023-02-25T04:00:00.000Z,1798,1802,1796,1801,56.964
2023-02-25T08:00:00.000Z,1800,1800,1791,1795,68.1968
2023-02-25T12:00:00.000Z,1794,1797,1791,1794,65.0012
2023-02-25T16:00:00.000Z,1793,1794,1791,1792,33.3159
2023-02-25T20:00:00.000Z,1792,1795,1791,1793,64.6804
2023-02-26T00:00:00.000Z,1792,1795,1791,1794,36.756
2023-02-26T04:00:00.000Z,1794,1795,1793,1794,17.9506
2023-02-26T08:00:00.000Z,1793,1794,1791,1792,42.1027
2023-02-26T12:00:00.000Z,1793,1793,1791,1793,29.3761
2023-02-26T16:00:00.000Z,1793,1797,1792,1795,57.0614
2023-02-26T20:00:00.000Z,1796,1799,1792,1796,67.9827
2023-02-27T00:00:00.000Z,1796,1797,1792,1796,43.496
2023-02-27T04:00:00.000Z,1796,1797,1795,1796,40.0121
2023-02-27T08:00:00.000Z,1797,1801,1795,1801,60.932
2023-02-27T12:00:00.000Z,1801,1806,1798,1800,162.4009
2023-02-27T16:00:00.000Z,1801,1803,1796,1802,113.3572
2023-02-27T20:00:00.000Z,1802,1806,1801,1805,48.3749
2023-02-28T00:00:00.000Z,1804,1807,1804,1805,42.6065
2023-02-28T04:00:00.000Z,1804,1806,1796,1798,177.2163
2023-02-28T08:00:00.000Z,1799,1799,1793,1795,54.164
2023-02-28T12:00:00.000Z,1794,1816,1792,1814,213.4983
2023-02-28T16:00:00.000Z,1814,1815,1797,1810,512.9767
2023-02-28T20:00:00.000Z,1809,1812,1804,1809,285.1368
2023-03-01T00:00:00.000Z,1808,1813,1806,1812,54.3945
2023-03-01T04:00:00.000Z,1812,1822,1811,1820,97.1182
2023-03-01T08:00:00.000Z,1819,1822,1814,1818,158.4706
2023-03-01T12:00:00.000Z,1818,1824,1816,1821,152.2583
2023-03-01T16:00:00.000Z,1821,1828,1821,1826,171.9117
2023-03-01T20:00:00.000Z,1825,1828,1822,1823,107.0565
2023-03-02T00:00:00.000Z,1824,1828,1823,1825,67.1423
2023-03-02T04:00:00.000Z,1825,1826,1820,1821,42.7672
2023-03-02T08:00:00.000Z,1822,1822,1819,1821,41.5753
2023-03-02T12:00:00.000Z,1821,1825,1819,1822,101.0953
2023-03-02T16:00:00.000Z,1822,1825,1816,1819,180.211
2023-03-02T20:00:00.000Z,1819,1828,1819,1828,150.3912
2023-03-03T00:00:00.000Z,1827,1832,1819,1824,440.5732
2023-03-03T04:00:00.000Z,1823,1833,1822,1830,270.1393
2023-03-03T08:00:00.000Z,1830,1835,1827,1833,152.2651
2023-03-03T12:00:00.000Z,1833,1835,1826,1830,184.8564
2023-03-03T16:00:00.000Z,1830,1841,1825,1839,240.547
2023-03-03T20:00:00.000Z,1839,1847,1838,1842,211.0972
2023-03-04T00:00:00.000Z,1842,1849,1842,1847,137.7737
2023-03-04T04:00:00.000Z,1847,1848,1840,1841,50.0518
2023-03-04T08:00:00.000Z,1841,1843,1840,1841,47.7646
2023-03-04T12:00:00.000Z,1842,1848,1841,1848,74.0043
2023-03-04T16:00:00.000Z,1847,1851,1845,1845,141.1139
2023-03-04T20:00:00.000Z,1846,1851,1845,1851,111.8089
2023-03-05T00:00:00.000Z,1850,1859,1842,1855,183.6937
2023-03-05T04:00:00.000Z,1854,1861,1851,1857,67.5998
2023-03-05T08:00:00.000Z,1856,1863,1853,1855,67.8824
2023-03-05T12:00:00.000Z,1856,1856,1846,1850,61.7309
2023-03-05T16:00:00.000Z,1849,1853,1845,1848,62.7182
2023-03-05T20:00:00.000Z,1848,1849,1844,1846,73.018
2023-03-06T00:00:00.000Z,1846,1862,1843,1858,196.553
2023-03-06T04:00:00.000Z,1858,1860,1846,1854,145.6727
2023-03-06T08:00:00.000Z,1854,1859,1844,1845,145.939
2023-03-06T12:00:00.000Z,1845,1848,1834,1844,181.6746
2023-03-06T16:00:00.000Z,1844,1845,1836,1836,89.114
2023-03-06T20:00:00.000Z,1837,1837,1830,1832,79.186
2023-03-07T00:00:00.000Z,1832,1840,1831,1835,87.1791
2023-03-07T04:00:00.000Z,1835,1839,1835,1837,29.7213
2023-03-07T08:00:00.000Z,1837,1839,1831,1832,55.9818
2023-03-07T12:00:00.000Z,1832,1837,1816,1817,245.2065
2023-03-07T16:00:00.000Z,1817,1821,1808,1811,186.6594
2023-03-07T20:00:00.000Z,1811,1812,1801,1805,168.0578
2023-03-08T00:00:00.000Z,1804,1805,1797,1802,122.6252
2023-03-08T04:00:00.000Z,1802,1805,1800,1801,187.2567
2023-03-08T08:00:00.000Z,1802,1805,1801,1804,145.7936
2023-03-08T12:00:00.000Z,1804,1813,1801,1811,122.2425
2023-03-08T16:00:00.000Z,1810,1811,1799,1801,217.4207
2023-03-08T20:00:00.000Z,1801,1809,1800,1806,126.8379
2023-03-09T00:00:00.000Z,1806,1809,1804,1805,37.593
2023-03-09T04:00:00.000Z,1805,1809,1804,1807,40.8836
2023-03-09T08:00:00.000Z,1806,1810,1802,1808,111.5105
2023-03-09T12:00:00.000Z,1807,1819,1805,1815,165.6696
2023-03-09T16:00:00.000Z,1815,1820,1808,1812,347.5137
2023-03-09T20:00:00.000Z,1811,1815,1806,1810,326.2108
2023-03-10T00:00:00.000Z,1809,1817,1808,1813,157.6875
2023-03-10T04:00:00.000Z,1814,1817,1810,1816,140.9753
2023-03-10T08:00:00.000Z,1816,1822,1812,1818,308.7006
2023-03-10T12:00:00.000Z,1818,1855,1815,1847,760.8257
2023-03-10T16:00:00.000Z,1847,1861,1840,1854,651.6405
2023-03-10T20:00:00.000Z,1854,1874,1852,1860,640.1344
2023-03-11T00:00:00.000Z,1860,1901,1859,1889,1589.0439
2023-03-11T04:00:00.000Z,1888,1913,1866,1866,2328.0562
2023-03-11T08:00:00.000Z,1867,1935,1864,1916,2213.2398
2023-03-11T12:00:00.000Z,1916,1937,1889,1923,1395.6176
2023-03-11T16:00:00.000Z,1922,1931,1905,1913,1095.6263
2023-03-11T20:00:00.000Z,1913,1915,1877,1889,646.3497
2023-03-12T00:00:00.000Z,1887,1902,1884,1897,194.2556
2023-03-12T04:00:00.000Z,1896,1900,1876,1888,202.6931
2023-03-12T08:00:00.000Z,1888,1931,1881,1911,664.4595
2023-03-12T12:00:00.000Z,1911,1928,1901,1909,450.6563
2023-03-12T16:00:00.000Z,1909,1933,1894,1898,655.7571
2023-03-12T20:00:00.000Z,1898,1938,1892,1902,1125.7027
2023-03-13T00:00:00.000Z,1904,1926,1882,1914,850.8073
2023-03-13T04:00:00.000Z,1914,1920,1901,1903,369.2489
2023-03-13T08:00:00.000Z,1905,1923,1894,1915,694.7707
2023-03-13T12:00:00.000Z,1914,1929,1901,1916,1530.7978
2023-03-13T16:00:00.000Z,1918,1976,1910,1921,870.1577
2023-03-13T20:00:00.000Z,1920,1930,1911,1921,424.3742
2023-03-14T00:00:00.000Z,1922,1939,1910,1913,714.9414
2023-03-14T04:00:00.000Z,1913,1929,1907,1911,345.5385
2023-03-14T08:00:00.000Z,1911,1924,1906,1914,375.5814
2023-03-14T12:00:00.000Z,1912,1915,1891,1904,974.1549
2023-03-14T16:00:00.000Z,1904,1912,1893,1910,585.4447
2023-03-14T20:00:00.000Z,1910,1914,1897,1905,267.2086
2023-03-15T00:00:00.000Z,1904,1917,1900,1913,210.4559
2023-03-15T04:00:00.000Z,1912,1912,1901,1904,256.8145
2023-03-15T08:00:00.000Z,1904,1927,1892,1923,701.0389
2023-03-15T12:00:00.000Z,1923,1935,1900,1928,960.2192
2023-03-15T16:00:00.000Z,1929,1949,1925,1928,979.0933
2023-03-15T20:00:00.000Z,1927,1930,1916,1924,263.3903
2023-03-16T00:00:00.000Z,1924,1940,1912,1917,253.3119
2023-03-16T04:00:00.000Z,1918,1924,1917,1921,206.4354
2023-03-16T08:00:00.000Z,1921,1929,1916,1926,242.4262
2023-03-16T12:00:00.000Z,1925,1930,1909,1914,508.7027
2023-03-16T16:00:00.000Z,1913,1914,1903,1908,300.2734
2023-03-16T20:00:00.000Z,1908,1908,1902,1908,310.2654
2023-03-17T00:00:00.000Z,1908,1916,1900,1914,276.2254
2023-03-17T04:00:00.000Z,1914,1924,1911,1919,230.9573
2023-03-17T08:00:00.000Z,1918,1921,1905,1917,825.3556
2023-03-17T12:00:00.000Z,1917,1945,1914,1944,842.3616
2023-03-17T16:00:00.000Z,1944,2000,1936,1953,1373.8076
2023-03-17T20:00:00.000Z,1953,1962,1946,1960,433.3138
2023-03-18T00:00:00.000Z,1960,1965,1952,1963,476.3484
2023-03-18T04:00:00.000Z,1963,1963,1948,1961,264.0554
2023-03-18T08:00:00.000Z,1962,1964,1957,1960,198.5632
2023-03-18T12:00:00.000Z,1959,1964,1953,1958,325.2879
2023-03-18T16:00:00.000Z,1957,1962,1952,1957,299.9534
2023-03-18T20:00:00.000Z,1956,1963,1955,1962,163.5508
2023-03-19T00:00:00.000Z,1962,1965,1961,1965,173.6043
2023-03-19T04:00:00.000Z,1965,1969,1963,1964,187.001
2023-03-19T08:00:00.000Z,1965,1969,1962,1966,198.0131
2023-03-19T12:00:00.000Z,1967,1972,1962,1968,363.2872
2023-03-19T16:00:00.000Z,1967,1973,1964,1969,489.2396
2023-03-19T20:00:00.000Z,1968,1980,1963,1969,882.379
2023-03-20T00:00:00.000Z,1971,1980,1963,1971,293.5667
2023-03-20T04:00:00.000Z,1972,2013,1964,2005,774.3719
2023-03-20T08:00:00.000Z,2006,2017,1971,1990,634.6728
2023-03-20T12:00:00.000Z,1989,1996,1965,1969,406.2824
2023-03-20T16:00:00.000Z,1970,1981,1968,1975,261.5771
2023-03-20T20:00:00.000Z,1975,1990,1970,1981,243.9128
2023-03-21T00:00:00.000Z,1982,1988,1973,1986,132.3486
2023-03-21T04:00:00.000Z,1986,1987,1974,1976,99.428
2023-03-21T08:00:00.000Z,1976,1978,1954,1973,458.4577
2023-03-21T12:00:00.000Z,1973,1974,1952,1965,360.3321
2023-03-21T16:00:00.000Z,1964,1964,1941,1944,319.5536
2023-03-21T20:00:00.000Z,1944,1952,1931,1945,159.2283
2023-03-22T00:00:00.000Z,1944,1948,1940,1946,123.4683
2023-03-22T04:00:00.000Z,1946,1947,1938,1939,149.7719
2023-03-22T08:00:00.000Z,1939,1946,1938,1942,161.8114
2023-03-22T12:00:00.000Z,1943,1956,1938,1952,298.4605
2023-03-22T16:00:00.000Z,1953,1980,1940,1960,988.8691
2023-03-22T20:00:00.000Z,1962,1982,1958,1974,587.4077
2023-03-23T00:00:00.000Z,1974,1989,1973,1985,308.6084
2023-03-23T04:00:00.000Z,1986,1988,1972,1980,275.0381
2023-03-23T08:00:00.000Z,1980,1984,1971,1979,89.4024
2023-03-23T12:00:00.000Z,1980,1994,1973,1984,510.836
2023-03-23T16:00:00.000Z,1984,2010,1981,1999,503.4536
2023-03-23T20:00:00.000Z,1999,2000,1975,1991,293.6569
2023-03-24T00:00:00.000Z,1992,1994,1983,1987,54.3398
2023-03-24T04:00:00.000Z,1987,1996,1986,1987,59.6122
2023-03-24T08:00:00.000Z,1987,2006,1983,1997,245.3376
2023-03-24T12:00:00.000Z,1997,2006,1991,2000,283.061
2023-03-24T16:00:00.000Z,2001,2010,1982,1986,556.8806
2023-03-24T20:00:00.000Z,1987,1990,1978,1986,180.2728
2023-03-25T00:00:00.000Z,1986,2031,1984,1994,332.5702
2023-03-25T04:00:00.000Z,1994,1994,1983,1991,75.527
2023-03-25T08:00:00.000Z,1990,2012,1989,1996,366.4145
2023-03-25T12:00:00.000Z,1996,1999,1992,1996,79.4
2023-03-25T16:00:00.000Z,1996,2010,1991,1996,168.6603
2023-03-25T20:00:00.000Z,1997,2000,1993,1998,67.4029
2023-03-26T00:00:00.000Z,1997,2000,1993,1995,65.7967
2023-03-26T04:00:00.000Z,1995,1999,1989,1991,97.8288
2023-03-26T08:00:00.000Z,1991,2001,1989,1998,90.6221
2023-03-26T12:00:00.000Z,1998,2002,1990,1996,181.8534
2023-03-26T16:00:00.000Z,1996,1998,1992,1993,61.4564
2023-03-26T20:00:00.000Z,1993,1997,1986,1989,207.6007
2023-03-27T00:00:00.000Z,1989,1991,1985,1991,73.2176
2023-03-27T04:00:00.000Z,1991,1992,1984,1984,52.8706
2023-03-27T08:00:00.000Z,1985,1987,1974,1975,240.2703
2023-03-27T12:00:00.000Z,1975,1980,1962,1977,534.8855
2023-03-27T16:00:00.000Z,1977,1980,1966,1969,308.4488
2023-03-27T20:00:00.000Z,1969,1985,1968,1980,198.4352
2023-03-28T00:00:00.000Z,1981,1998,1975,1977,499.8453
2023-03-28T04:00:00.000Z,1976,1985,1974,1983,145.8942
2023-03-28T08:00:00.000Z,1984,1986,1971,1981,243.3652
2023-03-28T12:00:00.000Z,1981,1987,1975,1985,501.4012
2023-03-28T16:00:00.000Z,1985,1991,1983,1989,188.0668
2023-03-28T20:00:00.000Z,1990,1994,1980,1985,132.8923
2023-03-29T00:00:00.000Z,1986,1988,1985,1987,66.9817
2023-03-29T04:00:00.000Z,1986,1997,1982,1987,284.9437
2023-03-29T08:00:00.000Z,1987,1993,1982,1984,269.8914
2023-03-29T12:00:00.000Z,1984,1989,1979,1985,283.4982
2023-03-29T16:00:00.000Z,1985,1989,1979,1983,152.2698
2023-03-29T20:00:00.000Z,1984,1986,1980,1982,83.8621
2023-03-30T00:00:00.000Z,1983,1983,1968,1978,322.5615
2023-03-30T04:00:00.000Z,1978,1982,1974,1978,134.2325
2023-03-30T08:00:00.000Z,1979,1983,1975,1981,181.4165
2023-03-30T12:00:00.000Z,1980,1983,1973,1980,183.7363
2023-03-30T16:00:00.000Z,1980,1988,1976,1986,397.4216
2023-03-30T20:00:00.000Z,1985,1987,1979,1983,92.8908
2023-03-31T00:00:00.000Z,1983,1986,1979,1983,88.3627
2023-03-31T04:00:00.000Z,1983,1987,1983,1985,71.7336
2023-03-31T08:00:00.000Z,1986,1991,1984,1988,135.7148
2023-03-31T12:00:00.000Z,1988,1992,1981,1981,117.4557
2023-03-31T16:00:00.000Z,1981,1982,1976,1977,165.3544
2023-03-31T20:00:00.000Z,1978,1979,1970,1976,104.9479
2023-04-01T00:00:00.000Z,1977,1977,1969,1973,142.366
2023-04-01T04:00:00.000Z,1972,1981,1970,1976,92.7313
2023-04-01T08:00:00.000Z,1975,1981,1972,1974,82.0694
2023-04-01T12:00:00.000Z,1974,1979,1970,1973,102.1266
2023-04-01T16:00:00.000Z,1973,1976,1971,1974,30.5092
2023-04-01T20:00:00.000Z,1975,1979,1972,1976,69.9662
2023-04-02T00:00:00.000Z,1977,1980,1974,1974,59.9305
2023-04-02T04:00:00.000Z,1974,1977,1972,1975,35.4667
2023-04-02T08:00:00.000Z,1975,1980,1972,1974,39.7661
2023-04-02T12:00:00.000Z,1973,1977,1968,1974,118.5159
2023-04-02T16:00:00.000Z,1974,1978,1971,1974,109.9972
2023-04-02T20:00:00.000Z,1974,1979,1971,1972,97.6882
2023-04-03T00:00:00.000Z,1971,1975,1968,1971,75.3827
2023-04-03T04:00:00.000Z,1971,1977,1962,1968,185.6681
2023-04-03T08:00:00.000Z,1968,1979,1967,1978,221.7077
2023-04-03T12:00:00.000Z,1978,1993,1977,1992,294.0036
2023-04-03T16:00:00.000Z,1992,1993,1985,1987,117.4991
2023-04-03T20:00:00.000Z,1988,1988,1980,1985,236.8563
2023-04-04T00:00:00.000Z,1985,1986,1979,1981,66.8575
2023-04-04T04:00:00.000Z,1981,1987,1978,1984,62.8316
2023-04-04T08:00:00.000Z,1984,1989,1983,1984,117.9994
2023-04-04T12:00:00.000Z,1984,2025,1981,2013,792.1614
2023-04-04T16:00:00.000Z,2013,2024,2013,2017,305.4042
2023-04-04T20:00:00.000Z,2018,2029,2016,2024,257.8103
2023-04-05T00:00:00.000Z,2024,2032,2023,2031,332.89
2023-04-05T04:00:00.000Z,2031,2054,2028,2045,871.2128
2023-04-05T08:00:00.000Z,2045,2053,2026,2037,505.2227
2023-04-05T12:00:00.000Z,2038,2049,2029,2034,308.3978
2023-04-05T16:00:00.000Z,2033,2043,2026,2031,293.1202
2023-04-05T20:00:00.000Z,2031,2036,2027,2030,94.9494
2023-04-06T00:00:00.000Z,2031,2031,2024,2027,63.9959
2023-04-06T04:00:00.000Z,2026,2028,2023,2025,61.861
2023-04-06T08:00:00.000Z,2025,2030,2024,2028,174.8833
2023-04-06T12:00:00.000Z,2027,2028,2008,2017,480.3703
2023-04-06T16:00:00.000Z,2018,2021,2013,2018,194.1023
2023-04-06T20:00:00.000Z,2018,2020,2013,2016,132.4986
2023-04-07T00:00:00.000Z,2017,2023,2013,2017,128.7999
2023-04-07T04:00:00.000Z,2017,2020,2009,2017,395.0452
2023-04-07T08:00:00.000Z,2016,2026,2016,2024,136.0337
2023-04-07T12:00:00.000Z,2024,2027,2019,2026,110.5654
2023-04-07T16:00:00.000Z,2026,2026,2019,2019,51.6538
2023-04-07T20:00:00.000Z,2019,2023,2018,2020,55.903
2023-04-08T00:00:00.000Z,2021,2022,2015,2017,80.4618
2023-04-08T04:00:00.000Z,2016,2022,2015,2021,79.7085
2023-04-08T08:00:00.000Z,2021,2026,2016,2023,110.7726
2023-04-08T12:00:00.000Z,2023,2024,2017,2018,45.6492
2023-04-08T16:00:00.000Z,2019,2023,2016,2020,109.331
2023-04-08T20:00:00.000Z,2020,2024,2016,2018,80.5795
2023-04-09T00:00:00.000Z,2019,2024,2015,2016,107.8892
2023-04-09T04:00:00.000Z,2016,2021,2013,2018,119.2029
2023-04-09T08:00:00.000Z,2019,2024,2018,2019,66.7478
2023-04-09T12:00:00.000Z,2020,2023,2018,2020,61.3611
2023-04-09T16:00:00.000Z,2020,2028,2019,2021,100.715
2023-04-09T20:00:00.000Z,2022,2028,2018,2019,181.7682
2023-04-10T00:00:00.000Z,2019,2021,2008,2010,283.6329
2023-04-10T04:00:00.000Z,2011,2015,2005,2012,176.9897
2023-04-10T08:00:00.000Z,2012,2016,2011,2014,65.1826
2023-04-10T12:00:00.000Z,2015,2015,2003,2007,239.7041
2023-04-10T16:00:00.000Z,2006,2013,1998,2007,400.8125
2023-04-10T20:00:00.000Z,2007,2013,1998,2004,284.4474
2023-04-11T00:00:00.000Z,2004,2017,2000,2014,283.1103
2023-04-11T04:00:00.000Z,2015,2024,2014,2022,282.7653
2023-04-11T08:00:00.000Z,2022,2026,2020,2020,246.7891
2023-04-11T12:00:00.000Z,2021,2024,2014,2017,438.5182
2023-04-11T16:00:00.000Z,2018,2023,2015,2020,262.1469
2023-04-11T20:00:00.000Z,2020,2030,2020,2021,476.7033
2023-04-12T00:00:00.000Z,2022,2026,2019,2022,395.6985
2023-04-12T04:00:00.000Z,2022,2027,2020,2022,413.308
2023-04-12T08:00:00.000Z,2022,2024,2015,2021,224.0481
2023-04-12T12:00:00.000Z,2021,2031,2018,2023,1265.1139
2023-04-12T16:00:00.000Z,2023,2033,2019,2025,244.5831
2023-04-12T20:00:00.000Z,2026,2028,2022,2025,101.6668
2023-04-13T00:00:00.000Z,2025,2033,2025,2030,75.939
2023-04-13T04:00:00.000Z,2030,2034,2029,2032,114.0222
2023-04-13T08:00:00.000Z,2032,2043,2030,2039,314.6984
2023-04-13T12:00:00.000Z,2039,2049,2031,2043,599.927
2023-04-13T16:00:00.000Z,2043,2044,2039,2041,135.8445
2023-04-13T20:00:00.000Z,2040,2045,2039,2043,65.7279
2023-04-14T00:00:00.000Z,2044,2048,2040,2043,214.2702
2023-04-14T04:00:00.000Z,2043,2044,2030,2033,262.8988
2023-04-14T08:00:00.000Z,2033,2042,2030,2037,353.7375
2023-04-14T12:00:00.000Z,2037,2053,2010,2013,1649.5055
2023-04-14T16:00:00.000Z,2013,2021,2001,2020,784.1239
2023-04-14T20:00:00.000Z,2019,2021,2015,2015,144.9702
2023-04-15T00:00:00.000Z,2015,2021,2014,2020,118.6624
2023-04-15T04:00:00.000Z,2021,2021,2017,2020,50.4098
2023-04-15T08:00:00.000Z,2019,2021,2014,2016,138.8348
2023-04-15T12:00:00.000Z,2016,2025,2013,2020,133.7193
2023-04-15T16:00:00.000Z,2020,2021,2013,2015,71.6072
2023-04-15T20:00:00.000Z,2015,2018,2014,2016,45.2476
2023-04-16T00:00:00.000Z,2016,2018,2015,2017,35.5681
2023-04-16T04:00:00.000Z,2017,2018,2013,2015,99.362
2023-04-16T08:00:00.000Z,2015,2020,2012,2017,122.2136
2023-04-16T12:00:00.000Z,2017,2024,2016,2019,157.8663
2023-04-16T16:00:00.000Z,2019,2025,2014,2019,156.6332
2023-04-16T20:00:00.000Z,2018,2021,2016,2018,103.9865
2023-04-17T00:00:00.000Z,2018,2019,2012,2016,159.0492
2023-04-17T04:00:00.000Z,2015,2025,2013,2025,220.6058
2023-04-17T08:00:00.000Z,2025,2030,2019,2019,410.11
2023-04-17T12:00:00.000Z,2020,2020,2000,2005,773.6238
2023-04-17T16:00:00.000Z,2006,2016,2005,2011,268.6933
2023-04-17T20:00:00.000Z,2010,2014,2007,2012,81.7457
2023-04-18T00:00:00.000Z,2012,2015,2008,2013,85.711
2023-04-18T04:00:00.000Z,2012,2018,2010,2017,151.4651
2023-04-18T08:00:00.000Z,2016,2021,2014,2021,172.4738
2023-04-18T12:00:00.000Z,2021,2028,2012,2022,495.1733
2023-04-18T16:00:00.000Z,2022,2022,2016,2018,99.9291
2023-04-18T20:00:00.000Z,2018,2018,2010,2012,318.7119
2023-04-19T00:00:00.000Z,2013,2015,2012,2013,47.4623
2023-04-19T04:00:00.000Z,2012,2015,2004,2008,175.3112
2023-04-19T08:00:00.000Z,2009,2009,1991,1993,520.4005
2023-04-19T12:00:00.000Z,1994,2012,1991,2004,1021.0185
2023-04-19T16:00:00.000Z,2004,2012,2001,2009,286.6355
2023-04-19T20:00:00.000Z,2009,2009,1999,2003,268.26
2023-04-20T00:00:00.000Z,2004,2005,1996,1999,182.8228
2023-04-20T04:00:00.000Z,1998,2006,1995,2006,177.2419
2023-04-20T08:00:00.000Z,2006,2008,2002,2006,277.8264
2023-04-20T12:00:00.000Z,2006,2014,2005,2006,327.3671
2023-04-20T16:00:00.000Z,2005,2012,2003,2008,241.5406
2023-04-20T20:00:00.000Z,2007,2008,2004,2007,93.9581
2023-04-21T00:00:00.000Z,2006,2006,2003,2004,81.3272
2023-04-21T04:00:00.000Z,2004,2005,1991,1996,357.8239
2023-04-21T08:00:00.000Z,1996,2000,1991,1997,137.6338
2023-04-21T12:00:00.000Z,1998,2004,1987,1988,352.1127
2023-04-21T16:00:00.000Z,1988,1991,1985,1986,299.7947
2023-04-21T20:00:00.000Z,1986,1987,1981,1984,146.669
2023-04-22T00:00:00.000Z,1984,1984,1982,1983,70.1002
2023-04-22T04:00:00.000Z,1983,1985,1981,1983,59.7593
2023-04-22T08:00:00.000Z,1983,1985,1981,1984,72.7857
2023-04-22T12:00:00.000Z,1985,1987,1981,1983,142.9967
2023-04-22T16:00:00.000Z,1983,1985,1982,1982,69.7415
2023-04-22T20:00:00.000Z,1982,1984,1982,1983,97.266
2023-04-23T00:00:00.000Z,1983,1984,1982,1983,49.3094
2023-04-23T04:00:00.000Z,1983,1985,1983,1983,30.2901
2023-04-23T08:00:00.000Z,1983,1984,1982,1983,80.7325
2023-04-23T12:00:00.000Z,1983,1984,1981,1984,158.9399
2023-04-23T16:00:00.000Z,1984,1985,1982,1984,114.479
2023-04-23T20:00:00.000Z,1984,1988,1982,1987,169.1517
2023-04-24T00:00:00.000Z,1986,1990,1984,1986,88.7886
2023-04-24T04:00:00.000Z,1986,1987,1981,1984,163.7693
2023-04-24T08:00:00.000Z,1984,1991,1981,1987,348.5375
2023-04-24T12:00:00.000Z,1987,1990,1983,1987,184.674
2023-04-24T16:00:00.000Z,1988,1997,1986,1993,216.4103
2023-04-24T20:00:00.000Z,1993,1996,1991,1996,116.9442
2023-04-25T00:00:00.000Z,1995,2001,1994,1995,99.3187
2023-04-25T04:00:00.000Z,1996,1999,1993,1993,162.2479
2023-04-25T08:00:00.000Z,1993,1996,1983,1985,197.9761
2023-04-25T12:00:00.000Z,1985,1996,1983,1992,227.9488
2023-04-25T16:00:00.000Z,1991,2014,1991,2005,460.1879
2023-04-25T20:00:00.000Z,2005,2005,1996,2003,189.2222
2023-04-26T00:00:00.000Z,2002,2003,1995,1995,220.1533
2023-04-26T04:00:00.000Z,1995,2001,1995,1999,96.4397
2023-04-26T08:00:00.000Z,1999,2005,1995,1998,445.7113
2023-04-26T12:00:00.000Z,1999,2006,1996,1997,563.3207
2023-04-26T16:00:00.000Z,1997,1997,1986,1988,488.9986
2023-04-26T20:00:00.000Z,1988,1991,1984,1988,257.5718
2023-04-27T00:00:00.000Z,1987,1997,1986,1997,281.3158
2023-04-27T04:00:00.000Z,1998,2000,1994,1998,146.8332
2023-04-27T08:00:00.000Z,1998,2000,1992,1992,212.9503
2023-04-27T12:00:00.000Z,1993,1994,1981,1985,324.2812
2023-04-27T16:00:00.000Z,1985,1993,1982,1985,242.5913
2023-04-27T20:00:00.000Z,1985,1991,1984,1986,78.886
2023-04-28T00:00:00.000Z,1986,1989,1986,1988,37.5867
2023-04-28T04:00:00.000Z,1987,1989,1986,1988,91.0664
2023-04-28T08:00:00.000Z,1988,1990,1983,1988,231.1322
2023-04-28T12:00:00.000Z,1987,1993,1983,1991,320.5568
2023-04-28T16:00:00.000Z,1991,1994,1984,1989,151.1089
2023-04-28T20:00:00.000Z,1989,1990,1985,1987,64.7924
2023-04-29T00:00:00.000Z,1987,1988,1986,1987,11.6993
2023-04-29T04:00:00.000Z,1988,1988,1986,1987,48.333
2023-04-29T08:00:00.000Z,1986,1993,1986,1993,45.6196
2023-04-29T12:00:00.000Z,1993,1995,1991,1993,87.3279
2023-04-29T16:00:00.000Z,1993,2006,1990,2003,196.665
2023-04-29T20:00:00.000Z,2003,2008,1997,1998,161.1519
2023-04-30T00:00:00.000Z,1998,1998,1994,1997,44.1974
2023-04-30T04:00:00.000Z,1997,1998,1996,1997,13.595
2023-04-30T08:00:00.000Z,1997,1997,1993,1995,43.03
2023-04-30T12:00:00.000Z,1994,1999,1994,1996,97.6462
2023-04-30T16:00:00.000Z,1996,2001,1994,2000,154.0251
2023-04-30T20:00:00.000Z,2001,2002,1999,1999,105.702
2023-05-01T00:00:00.000Z,1999,2000,1985,1990,476.4187
2023-05-01T04:00:00.000Z,1990,1990,1987,1989,63.0388
2023-05-01T08:00:00.000Z,1989,1990,1985,1988,134.0814
2023-05-01T12:00:00.000Z,1988,2004,1987,1989,389.9772
2023-05-01T16:00:00.000Z,1989,1998,1988,1993,265.8259
2023-05-01T20:00:00.000Z,1993,1997,1991,1995,93.7175
2023-05-02T00:00:00.000Z,1995,1995,1981,1990,287.7383
2023-05-02T04:00:00.000Z,1990,1992,1985,1988,137.2382
2023-05-02T08:00:00.000Z,1988,1994,1988,1991,106.1367
2023-05-02T12:00:00.000Z,1991,2012,1985,2009,552.529
2023-05-02T16:00:00.000Z,2010,2018,2000,2017,518.9844
2023-05-02T20:00:00.000Z,2016,2021,2007,2014,198.2449
2023-05-03T00:00:00.000Z,2013,2016,2013,2015,53.6233
2023-05-03T04:00:00.000Z,2015,2017,2013,2016,90.5027
2023-05-03T08:00:00.000Z,2015,2022,2014,2019,258.3964
2023-05-03T12:00:00.000Z,2019,2022,2007,2021,534.7954
2023-05-03T16:00:00.000Z,2021,2030,2013,2030,566.0764
2023-05-03T20:00:00.000Z,2028,2047,2023,2044,370.5619
2023-05-04T00:00:00.000Z,2044,2049,2037,2037,182.8039
2023-05-04T04:00:00.000Z,2039,2043,2030,2030,298.6555
2023-05-04T08:00:00.000Z,2031,2046,2030,2043,166.454
2023-05-04T12:00:00.000Z,2044,2048,2032,2041,444.3209
2023-05-04T16:00:00.000Z,2041,2048,2038,2042,258.0015
2023-05-04T20:00:00.000Z,2042,2087,2041,2049,527.9042
2023-05-05T00:00:00.000Z,2049,2055,2015,2045,409.1389
2023-05-05T04:00:00.000Z,2045,2049,2043,2044,129.695
2023-05-05T08:00:00.000Z,2044,2045,2039,2041,109.7978
2023-05-05T12:00:00.000Z,2041,2041,2009,2018,660.8082
2023-05-05T16:00:00.000Z,2019,2025,2011,2018,597.8101
2023-05-05T20:00:00.000Z,2019,2020,2015,2018,81.3432
2023-05-06T00:00:00.000Z,2018,2023,2018,2020,72.6052
2023-05-06T04:00:00.000Z,2020,2023,2018,2022,72.7777
2023-05-06T08:00:00.000Z,2022,2023,2017,2020,121.3853
2023-05-06T12:00:00.000Z,2020,2020,2014,2016,238.75
2023-05-06T16:00:00.000Z,2016,2021,2013,2018,143.8965
2023-05-06T20:00:00.000Z,2019,2023,2018,2020,75.9736
2023-05-07T00:00:00.000Z,2021,2021,2017,2020,41.7665
2023-05-07T04:00:00.000Z,2020,2020,2016,2018,35.9886
2023-05-07T08:00:00.000Z,2018,2019,2014,2017,71.2299
2023-05-07T12:00:00.000Z,2017,2018,2012,2016,130.719
2023-05-07T16:00:00.000Z,2015,2021,2014,2020,84.9402
2023-05-07T20:00:00.000Z,2020,2020,2014,2015,104.1727
2023-05-08T00:00:00.000Z,2014,2022,2009,2021,175.0798
2023-05-08T04:00:00.000Z,2022,2023,2017,2021,307.1845
2023-05-08T08:00:00.000Z,2022,2027,2019,2025,249.5257
2023-05-08T12:00:00.000Z,2025,2029,2022,2029,344.0926
2023-05-08T16:00:00.000Z,2029,2032,2022,2023,431.6825
2023-05-08T20:00:00.000Z,2023,2027,2022,2026,134.8829
2023-05-09T00:00:00.000Z,2025,2032,2024,2032,165.5678
2023-05-09T04:00:00.000Z,2032,2036,2031,2034,307.6995
2023-05-09T08:00:00.000Z,2034,2037,2030,2035,132.53
2023-05-09T12:00:00.000Z,2036,2036,2029,2033,351.2438
2023-05-09T16:00:00.000Z,2032,2042,2032,2040,195.9786
2023-05-09T20:00:00.000Z,2039,2040,2036,2039,71.8841
2023-05-10T00:00:00.000Z,2039,2042,2033,2033,106.0893
2023-05-10T04:00:00.000Z,2034,2036,2032,2036,96.4387
2023-05-10T08:00:00.000Z,2035,2041,2033,2038,219.443
2023-05-10T12:00:00.000Z,2038,2050,2028,2032,500.8526
2023-05-10T16:00:00.000Z,2032,2040,2029,2038,426.9918
2023-05-10T20:00:00.000Z,2037,2044,2031,2043,200.4152
2023-05-11T00:00:00.000Z,2043,2044,2039,2040,77.4706
2023-05-11T04:00:00.000Z,2041,2041,2030,2033,191.7502
2023-05-11T08:00:00.000Z,2033,2050,2023,2045,839.7501
2023-05-11T12:00:00.000Z,2045,2046,2016,2021,791.4153
2023-05-11T16:00:00.000Z,2021,2024,2015,2020,256.5524
2023-05-11T20:00:00.000Z,2020,2025,2020,2024,96.0354
2023-05-12T00:00:00.000Z,2024,2025,2015,2019,182.8653
2023-05-12T04:00:00.000Z,2020,2023,2011,2019,445.6174
2023-05-12T08:00:00.000Z,2018,2021,2011,2017,184.9174
2023-05-12T12:00:00.000Z,2017,2030,2015,2017,277.9519
2023-05-12T16:00:00.000Z,2016,2026,2016,2020,228.6293
2023-05-12T20:00:00.000Z,2021,2033,2017,2024,161.9957
2023-05-13T00:00:00.000Z,2024,2027,2010,2017,168.42
2023-05-13T04:00:00.000Z,2017,2020,2017,2018,41.9957
2023-05-13T08:00:00.000Z,2018,2019,2016,2018,78.5578
2023-05-13T12:00:00.000Z,2018,2019,2014,2016,92.5425
2023-05-13T16:00:00.000Z,2016,2018,2015,2017,31.2576
2023-05-13T20:00:00.000Z,2017,2021,2016,2019,50.7991
2023-05-14T00:00:00.000Z,2019,2020,2017,2018,38.4053
2023-05-14T04:00:00.000Z,2018,2019,2017,2019,22.6884
2023-05-14T08:00:00.000Z,2018,2019,2017,2018,29.0411
2023-05-14T12:00:00.000Z,2018,2021,2015,2019,90.8825
2023-05-14T16:00:00.000Z,2019,2020,2014,2015,65.8799
2023-05-14T20:00:00.000Z,2015,2019,2015,2018,91.5366
2023-05-15T00:00:00.000Z,2018,2026,2016,2021,178.3714
2023-05-15T04:00:00.000Z,2021,2027,2019,2026,145.3833
2023-05-15T08:00:00.000Z,2025,2027,2021,2022,107.1351
2023-05-15T12:00:00.000Z,2022,2028,2021,2022,250.7088
2023-05-15T16:00:00.000Z,2022,2028,2010,2018,408.7342
2023-05-15T20:00:00.000Z,2017,2018,2014,2017,75.9479
2023-05-16T00:00:00.000Z,2016,2018,2015,2018,75.831
2023-05-16T04:00:00.000Z,2017,2018,2010,2015,134.2834
2023-05-16T08:00:00.000Z,2015,2017,2011,2013,113.4991
2023-05-16T12:00:00.000Z,2013,2018,2005,2007,407.3433
2023-05-16T16:00:00.000Z,2006,2006,1989,1995,560.3355
2023-05-16T20:00:00.000Z,1995,2000,1994,1995,109.734
2023-05-17T00:00:00.000Z,1996,2001,1995,1999,127.318
2023-05-17T04:00:00.000Z,1999,2002,1994,1995,112.1485
2023-05-17T08:00:00.000Z,1996,1997,1990,1996,204.4528
2023-05-17T12:00:00.000Z,1996,2000,1986,1993,315.092
2023-05-17T16:00:00.000Z,1993,2001,1981,1996,527.5346
2023-05-17T20:00:00.000Z,1996,1998,1991,1995,95.6308
2023-05-18T00:00:00.000Z,1995,1996,1993,1994,41.027
2023-05-18T04:00:00.000Z,1994,1996,1989,1989,186.7396
2023-05-18T08:00:00.000Z,1989,1992,1985,1987,179.8073
2023-05-18T12:00:00.000Z,1986,1993,1980,1982,562.2674
2023-05-18T16:00:00.000Z,1982,1982,1969,1976,388.448
2023-05-18T20:00:00.000Z,1977,1987,1976,1979,96.3231
2023-05-19T00:00:00.000Z,1978,1979,1974,1977,66.6523
2023-05-19T04:00:00.000Z,1978,1982,1977,1980,92.8032
2023-05-19T08:00:00.000Z,1981,1987,1977,1978,84.429
2023-05-19T12:00:00.000Z,1978,1999,1974,1991,293.2838
2023-05-19T16:00:00.000Z,1991,1999,1987,1993,161.6207
2023-05-19T20:00:00.000Z,1993,1998,1992,1997,55.4311
2023-05-20T00:00:00.000Z,1997,1997,1994,1995,22.9349
2023-05-20T04:00:00.000Z,1995,1998,1994,1997,23.4328
2023-05-20T08:00:00.000Z,1996,1998,1995,1996,45.7192
2023-05-20T12:00:00.000Z,1996,1998,1994,1996,107.0451
2023-05-20T16:00:00.000Z,1995,2000,1990,1991,486.0222
2023-05-20T20:00:00.000Z,1991,1994,1990,1993,35.9113
2023-05-21T00:00:00.000Z,1994,1998,1993,1997,79.4138
2023-05-21T04:00:00.000Z,1997,1998,1995,1996,24.481
2023-05-21T08:00:00.000Z,1996,1996,1989,1990,70.3512
2023-05-21T12:00:00.000Z,1990,1993,1987,1991,60.181
2023-05-21T16:00:00.000Z,1991,1992,1987,1988,54.881
2023-05-21T20:00:00.000Z,1988,1990,1986,1989,73.2703
2023-05-22T00:00:00.000Z,1989,1989,1982,1983,108.9181
2023-05-22T04:00:00.000Z,1983,1986,1980,1981,117.5321
2023-05-22T08:00:00.000Z,1981,1986,1980,1981,105.1521
2023-05-22T12:00:00.000Z,1980,1984,1976,1981,149.6254
2023-05-22T16:00:00.000Z,1980,1983,1980,1982,68.0488
2023-05-22T20:00:00.000Z,1982,1984,1978,1980,60.1923
2023-05-23T00:00:00.000Z,1980,1981,1971,1976,263.3318
2023-05-23T04:00:00.000Z,1975,1978,1971,1972,178.5009
2023-05-23T08:00:00.000Z,1973,1975,1971,1974,223.9826
2023-05-23T12:00:00.000Z,1974,1983,1971,1979,243.6379
2023-05-23T16:00:00.000Z,1979,1988,1978,1984,136.7237
2023-05-23T20:00:00.000Z,1984,1986,1982,1985,36.1519
2023-05-24T00:00:00.000Z,1985,1986,1982,1984,159.0587
2023-05-24T04:00:00.000Z,1984,1988,1981,1985,135.4115
2023-05-24T08:00:00.000Z,1985,1991,1985,1990,133.9082
2023-05-24T12:00:00.000Z,1990,1994,1973,1973,302.3425
2023-05-24T16:00:00.000Z,1974,1978,1971,1973,249.9776
2023-05-24T20:00:00.000Z,1972,1973,1971,1971,72.3974
2023-05-25T00:00:00.000Z,1972,1974,1970,1974,86.6035
2023-05-25T04:00:00.000Z,1974,1974,1971,1973,89.776
2023-05-25T08:00:00.000Z,1973,1975,1971,1974,91.9442
2023-05-25T12:00:00.000Z,1974,1976,1958,1963,478.2292
2023-05-25T16:00:00.000Z,1964,1972,1961,1967,122.3526
2023-05-25T20:00:00.000Z,1967,1969,1964,1964,51.9098
2023-05-26T00:00:00.000Z,1964,1967,1961,1965,71.9417
2023-05-26T04:00:00.000Z,1966,1976,1965,1972,74.9601
2023-05-26T08:00:00.000Z,1972,1977,1962,1965,403.469
2023-05-26T12:00:00.000Z,1965,1969,1961,1963,200.2902
2023-05-26T16:00:00.000Z,1963,1964,1961,1963,121.5997
2023-05-26T20:00:00.000Z,1963,1966,1961,1962,89.2666
2023-05-27T00:00:00.000Z,1962,1963,1961,1962,41.878
2023-05-27T04:00:00.000Z,1962,1966,1961,1965,24.2803
2023-05-27T08:00:00.000Z,1964,1965,1961,1962,40.1743
2023-05-27T12:00:00.000Z,1963,1968,1961,1963,94.5505
2023-05-27T16:00:00.000Z,1963,1966,1963,1964,31.4767
2023-05-27T20:00:00.000Z,1965,1967,1963,1964,64.6586
2023-05-28T00:00:00.000Z,1964,1968,1961,1966,169.4792
2023-05-28T04:00:00.000Z,1967,1968,1963,1964,64.1436
2023-05-28T08:00:00.000Z,1964,1967,1963,1964,73.1334
2023-05-28T12:00:00.000Z,1964,1967,1962,1966,117.217
2023-05-28T16:00:00.000Z,1966,1969,1962,1964,121.7643
2023-05-28T20:00:00.000Z,1965,1970,1961,1962,213.9426
2023-05-29T00:00:00.000Z,1962,1963,1958,1959,264.2569
2023-05-29T04:00:00.000Z,1960,1963,1956,1956,281.3523
2023-05-29T08:00:00.000Z,1956,1961,1954,1960,245.7697
2023-05-29T12:00:00.000Z,1959,1962,1957,1959,126.0093
2023-05-29T16:00:00.000Z,1959,1962,1956,1960,112.3317
2023-05-29T20:00:00.000Z,1960,1963,1953,1958,95.9813
2023-05-30T00:00:00.000Z,1958,1958,1954,1955,59.0042
2023-05-30T04:00:00.000Z,1956,1956,1947,1950,162.5453
2023-05-30T08:00:00.000Z,1950,1970,1950,1968,237.1875
2023-05-30T12:00:00.000Z,1967,1973,1965,1972,232.1909
2023-05-30T16:00:00.000Z,1972,1974,1966,1967,170.2852
2023-05-30T20:00:00.000Z,1967,1969,1965,1969,89.6901
2023-05-31T00:00:00.000Z,1969,1970,1965,1966,106.3251
2023-05-31T04:00:00.000Z,1967,1971,1964,1965,218.8915
2023-05-31T08:00:00.000Z,1965,1969,1964,1967,124.1233
2023-05-31T12:00:00.000Z,1967,1981,1966,1977,358.8785
2023-05-31T16:00:00.000Z,1976,1978,1969,1969,238.8379
2023-05-31T20:00:00.000Z,1969,1970,1967,1969,167.3042
2023-06-01T00:00:00.000Z,1968,1969,1963,1966,208.0541
2023-06-01T04:00:00.000Z,1967,1967,1957,1962,224.5233
2023-06-01T08:00:00.000Z,1962,1975,1961,1974,166.4942
2023-06-01T12:00:00.000Z,1973,1984,1967,1984,437.6566
2023-06-01T16:00:00.000Z,1983,1986,1979,1981,382.1731
2023-06-01T20:00:00.000Z,1980,1983,1980,1981,56.4505
2023-06-02T00:00:00.000Z,1981,1986,1978,1986,87.1365
2023-06-02T04:00:00.000Z,1985,1986,1981,1982,100.9992
2023-06-02T08:00:00.000Z,1981,1984,1980,1983,47.6025
2023-06-02T12:00:00.000Z,1983,1984,1967,1968,523.3907
2023-06-02T16:00:00.000Z,1967,1969,1959,1961,380.135
2023-06-02T20:00:00.000Z,1961,1961,1953,1956,126.092
2023-06-03T00:00:00.000Z,1955,1956,1945,1949,307.0656
2023-06-03T04:00:00.000Z,1949,1954,1945,1951,109.3492
2023-06-03T08:00:00.000Z,1950,1953,1947,1951,115.5798
2023-06-03T12:00:00.000Z,1951,1953,1948,1951,111.311
2023-06-03T16:00:00.000Z,1951,1956,1946,1949,107.0765
2023-06-03T20:00:00.000Z,1950,1950,1942,1946,226.4046
2023-06-04T00:00:00.000Z,1946,1947,1945,1945,34.2174
2023-06-04T04:00:00.000Z,1945,1947,1943,1945,48.05
2023-06-04T08:00:00.000Z,1944,1950,1943,1948,147.6855
2023-06-04T12:00:00.000Z,1949,1950,1943,1943,153.144
2023-06-04T16:00:00.000Z,1944,1945,1941,1945,91.0049
2023-06-04T20:00:00.000Z,1944,1955,1940,1946,241.2463
2023-06-05T00:00:00.000Z,1946,1946,1940,1945,87.2036
2023-06-05T04:00:00.000Z,1945,1945,1939,1941,135.8609
2023-06-05T08:00:00.000Z,1940,1945,1938,1941,134.4595
2023-06-05T12:00:00.000Z,1941,1955,1938,1945,492.4005
2023-06-05T16:00:00.000Z,1945,1948,1938,1942,749.937
2023-06-05T20:00:00.000Z,1942,1943,1916,1920,1207.1609
2023-06-06T00:00:00.000Z,1920,1934,1916,1930,212.1337
2023-06-06T04:00:00.000Z,1930,1935,1929,1929,305.5891
2023-06-06T08:00:00.000Z,1930,1935,1926,1934,247.3702
2023-06-06T12:00:00.000Z,1934,1945,1927,1936,718.0191
2023-06-06T16:00:00.000Z,1937,1952,1936,1942,619.9169
2023-06-06T20:00:00.000Z,1942,1942,1928,1935,274.819
2023-06-07T00:00:00.000Z,1936,1937,1932,1932,116.2025
2023-06-07T04:00:00.000Z,1932,1939,1930,1934,236.448
2023-06-07T08:00:00.000Z,1934,1936,1931,1932,270.2795
2023-06-07T12:00:00.000Z,1932,1938,1924,1926,403.2136
2023-06-07T16:00:00.000Z,1926,1928,1913,1922,589.556
2023-06-07T20:00:00.000Z,1922,1926,1921,1924,111.4602
2023-06-08T00:00:00.000Z,1925,1925,1917,1921,191.6711
2023-06-08T04:00:00.000Z,1921,1921,1916,1921,196.0236
2023-06-08T08:00:00.000Z,1921,1929,1917,1920,165.1637
2023-06-08T12:00:00.000Z,1920,1940,1916,1938,393.5433
2023-06-08T16:00:00.000Z,1938,1939,1932,1934,175.7947
2023-06-08T20:00:00.000Z,1934,1934,1920,1921,381.8567
2023-06-09T00:00:00.000Z,1921,1924,1910,1923,276.7669
2023-06-09T04:00:00.000Z,1923,1927,1921,1927,82.7601
2023-06-09T08:00:00.000Z,1926,1936,1926,1931,146.6755
2023-06-09T12:00:00.000Z,1931,1932,1913,1914,367.9379
2023-06-09T16:00:00.000Z,1915,1926,1913,1922,299.3148
2023-06-09T20:00:00.000Z,1922,1928,1915,1916,204.2161
2023-06-10T00:00:00.000Z,1917,1917,1914,1914,40.5291
2023-06-10T04:00:00.000Z,1914,1916,1890,1905,1092.5621
2023-06-10T08:00:00.000Z,1906,1914,1896,1911,552.417
2023-06-10T12:00:00.000Z,1911,1926,1910,1922,380.1693
2023-06-10T16:00:00.000Z,1923,1931,1919,1924,396.7696
2023-06-10T20:00:00.000Z,1924,1924,1916,1920,61.4423
2023-06-11T00:00:00.000Z,1920,1920,1918,1918,34.7011
2023-06-11T04:00:00.000Z,1919,1922,1918,1921,54.3817
2023-06-11T08:00:00.000Z,1921,1922,1912,1922,146.8033
2023-06-11T12:00:00.000Z,1921,1922,1910,1915,188.2054
2023-06-11T16:00:00.000Z,1914,1918,1911,1912,108.6375
2023-06-11T20:00:00.000Z,1912,1925,1911,1918,179.1437
2023-06-12T00:00:00.000Z,1918,1918,1911,1912,123.7363
2023-06-12T04:00:00.000Z,1913,1923,1912,1923,167.4653
2023-06-12T08:00:00.000Z,1923,1931,1922,1928,243.3005
2023-06-12T12:00:00.000Z,1929,1929,1920,1923,197.0519
2023-06-12T16:00:00.000Z,1923,1925,1921,1925,84.7591
2023-06-12T20:00:00.000Z,1924,1935,1924,1931,243.5248
2023-06-13T00:00:00.000Z,1932,1933,1931,1931,43.4473
2023-06-13T04:00:00.000Z,1932,1935,1930,1935,157.582
2023-06-13T08:00:00.000Z,1935,1938,1932,1935,196.0556
2023-06-13T12:00:00.000Z,1934,1940,1921,1921,586.0477
2023-06-13T16:00:00.000Z,1921,1921,1912,1915,329.9785
2023-06-13T20:00:00.000Z,1915,1917,1912,1916,57.3806
2023-06-14T00:00:00.000Z,1915,1921,1915,1919,64.9073
2023-06-14T04:00:00.000Z,1919,1923,1919,1921,52.5032
2023-06-14T08:00:00.000Z,1921,1927,1921,1923,87.4877
2023-06-14T12:00:00.000Z,1923,1939,1923,1937,369.1324
2023-06-14T16:00:00.000Z,1937,1940,1923,1927,247.2484
2023-06-14T20:00:00.000Z,1927,1928,1915,1919,239.3089
2023-06-15T00:00:00.000Z,1919,1920,1917,1917,64.7987
2023-06-15T04:00:00.000Z,1918,1921,1915,1920,235.6362
2023-06-15T08:00:00.000Z,1920,1935,1918,1926,375.8308
2023-06-15T12:00:00.000Z,1926,1936,1910,1930,717.8966
2023-06-15T16:00:00.000Z,1931,1939,1929,1929,355.8548
2023-06-15T20:00:00.000Z,1930,1935,1923,1933,166.2578
2023-06-16T00:00:00.000Z,1934,1934,1927,1931,96.432
2023-06-16T04:00:00.000Z,1932,1935,1925,1929,288.6142
2023-06-16T08:00:00.000Z,1929,1937,1929,1935,559.2407
2023-06-16T12:00:00.000Z,1935,1941,1925,1937,470.5644
2023-06-16T16:00:00.000Z,1936,1948,1933,1940,334.8807
2023-06-16T20:00:00.000Z,1940,1947,1933,1945,136.8776
2023-06-17T00:00:00.000Z,1944,1945,1941,1943,22.8671
2023-06-17T04:00:00.000Z,1943,1949,1940,1945,142.3176
2023-06-17T08:00:00.000Z,1945,1948,1940,1941,62.2548
2023-06-17T12:00:00.000Z,1940,1942,1933,1934,101.4463
2023-06-17T16:00:00.000Z,1934,1938,1932,1933,70.342
2023-06-17T20:00:00.000Z,1933,1933,1927,1929,122.1359
2023-06-18T00:00:00.000Z,1930,1930,1926,1927,41.3904
2023-06-18T04:00:00.000Z,1927,1928,1926,1927,30.0802
2023-06-18T08:00:00.000Z,1927,1930,1926,1927,48.0136
2023-06-18T12:00:00.000Z,1927,1928,1926,1927,34.5398
2023-06-18T16:00:00.000Z,1928,1935,1926,1933,68.4307
2023-06-18T20:00:00.000Z,1933,1933,1925,1928,116.344
2023-06-19T00:00:00.000Z,1929,1932,1928,1930,19.3765
2023-06-19T04:00:00.000Z,1931,1931,1926,1926,36.0143
2023-06-19T08:00:00.000Z,1926,1929,1925,1926,92.6222
2023-06-19T12:00:00.000Z,1926,1930,1925,1930,132.9799
2023-06-19T16:00:00.000Z,1929,1930,1921,1925,162.0991
2023-06-19T20:00:00.000Z,1925,1929,1923,1926,93.4388
2023-06-20T00:00:00.000Z,1926,1926,1923,1923,40.6468
2023-06-20T04:00:00.000Z,1923,1929,1923,1927,88.9527
2023-06-20T08:00:00.000Z,1926,1927,1924,1926,50.891
2023-06-20T12:00:00.000Z,1925,1928,1920,1925,222.3909
2023-06-20T16:00:00.000Z,1924,1932,1921,1932,339.6592
2023-06-20T20:00:00.000Z,1932,1933,1920,1924,259.488
2023-06-21T00:00:00.000Z,1924,1931,1924,1925,277.4901
2023-06-21T04:00:00.000Z,1926,1927,1918,1921,188.1478
2023-06-21T08:00:00.000Z,1921,1926,1916,1924,269.6239
2023-06-21T12:00:00.000Z,1925,1929,1915,1923,700.4411
2023-06-21T16:00:00.000Z,1923,1930,1921,1923,379.4762
2023-06-21T20:00:00.000Z,1923,1926,1921,1924,162.914
2023-06-22T00:00:00.000Z,1925,1925,1918,1920,193.2038
2023-06-22T04:00:00.000Z,1920,1925,1917,1918,156.6733
2023-06-22T08:00:00.000Z,1917,1921,1915,1918,273.5605
2023-06-22T12:00:00.000Z,1919,1920,1905,1907,376.5611
2023-06-22T16:00:00.000Z,1906,1913,1901,1905,317.9073
2023-06-22T20:00:00.000Z,1905,1913,1905,1908,178.4031
2023-06-23T00:00:00.000Z,1908,1916,1900,1904,115.102
2023-06-23T04:00:00.000Z,1904,1908,1903,1906,118.7788
2023-06-23T08:00:00.000Z,1905,1906,1897,1905,224.5254
2023-06-23T12:00:00.000Z,1904,1919,1904,1910,339.0169
2023-06-23T16:00:00.000Z,1910,1912,1894,1905,251.2578
2023-06-23T20:00:00.000Z,1904,1909,1904,1908,104.1741
2023-06-24T00:00:00.000Z,1908,1910,1907,1909,39.0074
2023-06-24T04:00:00.000Z,1909,1910,1902,1903,52.1244
2023-06-24T08:00:00.000Z,1903,1911,1901,1911,109.6742
2023-06-24T12:00:00.000Z,1911,1914,1906,1908,190.0021
2023-06-24T16:00:00.000Z,1908,1916,1906,1908,359.4441
2023-06-24T20:00:00.000Z,1909,1909,1906,1908,62.3842
2023-06-25T00:00:00.000Z,1909,1909,1907,1908,27.9701
2023-06-25T04:00:00.000Z,1908,1911,1906,1908,47.7762
2023-06-25T08:00:00.000Z,1908,1908,1904,1906,54.5927
2023-06-25T12:00:00.000Z,1906,1906,1904,1905,65.9927
2023-06-25T16:00:00.000Z,1904,1906,1899,1900,134.8534
2023-06-25T20:00:00.000Z,1901,1907,1900,1905,85.6306
2023-06-26T00:00:00.000Z,1906,1909,1903,1908,166.4047
2023-06-26T04:00:00.000Z,1908,1910,1900,1909,190.1994
2023-06-26T08:00:00.000Z,1909,1918,1909,1914,221.3135
2023-06-26T12:00:00.000Z,1914,1919,1903,1911,224.156
2023-06-26T16:00:00.000Z,1911,1911,1903,1906,158.7054
2023-06-26T20:00:00.000Z,1906,1907,1905,1906,41.4825
2023-06-27T00:00:00.000Z,1906,1911,1905,1910,39.8903
2023-06-27T04:00:00.000Z,1910,1914,1909,1909,76.0286
2023-06-27T08:00:00.000Z,1909,1913,1909,1912,118.8965
2023-06-27T12:00:00.000Z,1911,1912,1903,1903,230.5372
2023-06-27T16:00:00.000Z,1904,1906,1902,1904,110.1128
2023-06-27T20:00:00.000Z,1904,1905,1901,1904,43.6596
2023-06-28T00:00:00.000Z,1904,1906,1901,1902,47.993
2023-06-28T04:00:00.000Z,1901,1906,1901,1903,104.161
2023-06-28T08:00:00.000Z,1904,1904,1894,1897,233.1564
2023-06-28T12:00:00.000Z,1896,1903,1890,1897,283.3939
2023-06-28T16:00:00.000Z,1897,1900,1889,1891,166.0614
2023-06-28T20:00:00.000Z,1891,1896,1886,1891,198.2622
2023-06-29T00:00:00.000Z,1891,1897,1891,1895,94.9576
2023-06-29T04:00:00.000Z,1895,1897,1889,1891,113.3944
2023-06-29T08:00:00.000Z,1891,1896,1888,1895,105.0799
2023-06-29T12:00:00.000Z,1895,1898,1884,1895,332.0409
2023-06-29T16:00:00.000Z,1895,1899,1890,1893,156.8974
2023-06-29T20:00:00.000Z,1893,1895,1892,1893,48.7047
2023-06-30T00:00:00.000Z,1894,1898,1890,1896,126.5089
2023-06-30T04:00:00.000Z,1896,1900,1892,1892,207.3324
2023-06-30T08:00:00.000Z,1893,1896,1890,1894,119.9266
2023-06-30T12:00:00.000Z,1894,1904,1890,1904,503.3947
2023-06-30T16:00:00.000Z,1903,1909,1901,1904,192.7778
2023-06-30T20:00:00.000Z,1904,1905,1902,1902,72.2212
2023-07-01T00:00:00.000Z,1903,1904,1901,1902,51.374
2023-07-01T04:00:00.000Z,1902,1905,1890,1904,162.0951
2023-07-01T08:00:00.000Z,1903,1904,1898,1901,44.5569
2023-07-01T12:00:00.000Z,1900,1901,1896,1899,49.0116
2023-07-01T16:00:00.000Z,1899,1903,1897,1900,237.0607
2023-07-01T20:00:00.000Z,1900,1901,1893,1895,69.5295
2023-07-02T00:00:00.000Z,1896,1897,1895,1895,32.8749
2023-07-02T04:00:00.000Z,1896,1896,1895,1895,44.9066
2023-07-02T08:00:00.000Z,1895,1899,1895,1897,60.0465
2023-07-02T12:00:00.000Z,1898,1900,1895,1896,91.8874
2023-07-02T16:00:00.000Z,1897,1899,1894,1896,92.8314
2023-07-02T20:00:00.000Z,1897,1900,1896,1897,139.2151
2023-07-03T00:00:00.000Z,1898,1900,1896,1898,102.982
2023-07-03T04:00:00.000Z,1898,1900,1892,1895,185.442
2023-07-03T08:00:00.000Z,1896,1896,1882,1890,345.6081
2023-07-03T12:00:00.000Z,1890,1905,1890,1905,330.0583
2023-07-03T16:00:00.000Z,1905,1907,1890,1898,343.6008
2023-07-03T20:00:00.000Z,1898,1899,1896,1897,107.8541
2023-07-04T00:00:00.000Z,1897,1900,1894,1898,111.5163
2023-07-04T04:00:00.000Z,1899,1903,1897,1901,66.3167
2023-07-04T08:00:00.000Z,1901,1904,1900,1903,80.4152
2023-07-04T12:00:00.000Z,1903,1904,1889,1894,461.4938
2023-07-04T16:00:00.000Z,1895,1899,1891,1892,113.4489
2023-07-04T20:00:00.000Z,1892,1900,1891,1898,97.0743
2023-07-05T00:00:00.000Z,1899,1901,1897,1899,74.5708
2023-07-05T04:00:00.000Z,1900,1904,1897,1900,93.362
2023-07-05T08:00:00.000Z,1900,1903,1896,1898,135.1636
2023-07-05T12:00:00.000Z,1898,1899,1891,1895,254.7257
2023-07-05T16:00:00.000Z,1896,1897,1890,1891,260.7222
2023-07-05T20:00:00.000Z,1892,1894,1890,1893,138.2023
2023-07-06T00:00:00.000Z,1894,1895,1891,1895,73.8752
2023-07-06T04:00:00.000Z,1895,1899,1894,1897,81.1866
2023-07-06T08:00:00.000Z,1898,1905,1895,1904,334.1139
2023-07-06T12:00:00.000Z,1904,1905,1886,1890,497.1193
2023-07-06T16:00:00.000Z,1890,1892,1887,1891,113.9891
2023-07-06T20:00:00.000Z,1891,1893,1889,1891,101.3821
2023-07-07T00:00:00.000Z,1891,1896,1888,1895,73.504
2023-07-07T04:00:00.000Z,1895,1900,1892,1894,130.3686
2023-07-07T08:00:00.000Z,1895,1901,1891,1901,243.2018
2023-07-07T12:00:00.000Z,1900,1913,1898,1908,361.9571
2023-07-07T16:00:00.000Z,1908,1909,1905,1907,82.8834
2023-07-07T20:00:00.000Z,1908,1914,1903,1904,136.4872
2023-07-08T00:00:00.000Z,1905,1906,1904,1904,21.7323
2023-07-08T04:00:00.000Z,1904,1905,1902,1904,40.9151
2023-07-08T08:00:00.000Z,1905,1907,1901,1906,41.5943
2023-07-08T12:00:00.000Z,1905,1906,1902,1903,30.9262
2023-07-08T16:00:00.000Z,1904,1905,1902,1903,54.3196
2023-07-08T20:00:00.000Z,1904,1904,1902,1903,28.5916
2023-07-09T00:00:00.000Z,1904,1906,1902,1904,29.6125
2023-07-09T04:00:00.000Z,1904,1905,1900,1901,23.1465
2023-07-09T08:00:00.000Z,1901,1907,1901,1906,66.2421
2023-07-09T12:00:00.000Z,1906,1906,1902,1903,39.9053
2023-07-09T16:00:00.000Z,1902,1903,1900,1901,41.6482
2023-07-09T20:00:00.000Z,1902,1905,1899,1904,91.2994
2023-07-10T00:00:00.000Z,1903,1906,1901,1901,47.5284
2023-07-10T04:00:00.000Z,1902,1910,1901,1909,165.5928
2023-07-10T08:00:00.000Z,1909,1910,1896,1906,234.8233
2023-07-10T12:00:00.000Z,1906,1908,1900,1907,120.7707
2023-07-10T16:00:00.000Z,1907,1909,1903,1908,114.404
2023-07-10T20:00:00.000Z,1907,1910,1905,1907,121.6091
2023-07-11T00:00:00.000Z,1908,1912,1907,1911,74.7819
2023-07-11T04:00:00.000Z,1911,1920,1910,1919,254.3692
2023-07-11T08:00:00.000Z,1920,1921,1915,1918,153.321
2023-07-11T12:00:00.000Z,1918,1919,1911,1916,200.671
2023-07-11T16:00:00.000Z,1915,1920,1912,1918,107.7785
2023-07-11T20:00:00.000Z,1918,1921,1917,1919,97.2411
2023-07-12T00:00:00.000Z,1919,1925,1916,1923,254.5877
2023-07-12T04:00:00.000Z,1922,1925,1922,1923,52.7455
2023-07-12T08:00:00.000Z,1923,1924,1910,1919,230.9428
2023-07-12T12:00:00.000Z,1919,1935,1917,1933,449.9661
2023-07-12T16:00:00.000Z,1933,1946,1929,1942,274.7777
2023-07-12T20:00:00.000Z,1942,1947,1936,1945,260.3833
2023-07-13T00:00:00.000Z,1945,1954,1944,1950,373.6803
2023-07-13T04:00:00.000Z,1951,1951,1944,1946,115.083
2023-07-13T08:00:00.000Z,1945,1950,1944,1946,138.6697
2023-07-13T12:00:00.000Z,1947,1953,1943,1952,241.265
2023-07-13T16:00:00.000Z,1951,1960,1931,1938,1078.7935
2023-07-13T20:00:00.000Z,1937,1941,1931,1939,313.6458
2023-07-14T00:00:00.000Z,1940,1949,1939,1941,321.7819
2023-07-14T04:00:00.000Z,1941,1941,1932,1933,210.1098
2023-07-14T08:00:00.000Z,1933,1939,1932,1939,182.5978
2023-07-14T12:00:00.000Z,1939,1942,1933,1935,312.7426
2023-07-14T16:00:00.000Z,1936,1939,1927,1927,358.4633
2023-07-14T20:00:00.000Z,1927,1929,1926,1926,101.2383
2023-07-15T00:00:00.000Z,1927,1928,1926,1927,29.2783
2023-07-15T04:00:00.000Z,1927,1928,1926,1926,30.1993
2023-07-15T08:00:00.000Z,1926,1930,1925,1928,65.0655
2023-07-15T12:00:00.000Z,1928,1929,1925,1926,42.9811
2023-07-15T16:00:00.000Z,1925,1926,1921,1923,82.8897
2023-07-15T20:00:00.000Z,1922,1923,1920,1921,28.2802
2023-07-16T00:00:00.000Z,1920,1923,1919,1920,67.7977
2023-07-16T04:00:00.000Z,1920,1927,1920,1923,51.6863
2023-07-16T08:00:00.000Z,1923,1925,1920,1923,63.9501
2023-07-16T12:00:00.000Z,1922,1926,1922,1924,43.2787
2023-07-16T16:00:00.000Z,1923,1928,1922,1925,132.1167
2023-07-16T20:00:00.000Z,1925,1928,1924,1925,99.6694
2023-07-17T00:00:00.000Z,1925,1929,1925,1928,29.83
2023-07-17T04:00:00.000Z,1928,1929,1918,1923,268.7584
2023-07-17T08:00:00.000Z,1923,1925,1921,1924,103.8669
2023-07-17T12:00:00.000Z,1925,1944,1918,1921,353.8798
2023-07-17T16:00:00.000Z,1922,1924,1912,1916,729.3747
2023-07-17T20:00:00.000Z,1916,1918,1914,1918,150.5517
2023-07-18T00:00:00.000Z,1918,1919,1914,1919,173.269
2023-07-18T04:00:00.000Z,1919,1921,1918,1921,607.035
2023-07-18T08:00:00.000Z,1920,1926,1920,1923,168.691
2023-07-18T12:00:00.000Z,1924,1952,1920,1943,527.8724
2023-07-18T16:00:00.000Z,1943,1950,1937,1937,445.764
2023-07-18T20:00:00.000Z,1938,1943,1935,1939,125.463
2023-07-19T00:00:00.000Z,1938,1940,1938,1939,58.0444
2023-07-19T04:00:00.000Z,1940,1942,1936,1939,101.11
2023-07-19T08:00:00.000Z,1939,1944,1935,1937,130.2924
2023-07-19T12:00:00.000Z,1936,1940,1935,1939,152.3985
2023-07-19T16:00:00.000Z,1939,1945,1938,1943,130.0299
2023-07-19T20:00:00.000Z,1943,1944,1937,1939,283.8658
2023-07-20T00:00:00.000Z,1938,1944,1938,1942,628.9406
2023-07-20T04:00:00.000Z,1941,1943,1934,1940,128.5555
2023-07-20T08:00:00.000Z,1941,1943,1935,1940,198.0701
2023-07-20T12:00:00.000Z,1940,1942,1929,1931,401.0649
2023-07-20T16:00:00.000Z,1931,1935,1929,1933,181.4031
2023-07-20T20:00:00.000Z,1933,1935,1929,1934,191.7414
2023-07-21T00:00:00.000Z,1934,1938,1933,1933,112.4981
2023-07-21T04:00:00.000Z,1933,1935,1929,1929,125.7673
2023-07-21T08:00:00.000Z,1929,1933,1924,1930,154.9341
2023-07-21T12:00:00.000Z,1930,1931,1923,1925,168.729
2023-07-21T16:00:00.000Z,1925,1932,1924,1929,177.0468
2023-07-21T20:00:00.000Z,1929,1929,1921,1924,104.011
2023-07-22T00:00:00.000Z,1924,1929,1921,1922,136.3735
2023-07-22T04:00:00.000Z,1922,1927,1922,1925,84.7671
2023-07-22T08:00:00.000Z,1925,1926,1923,1925,80.9089
2023-07-22T12:00:00.000Z,1925,1928,1924,1928,37.469
2023-07-22T16:00:00.000Z,1927,1929,1925,1928,53.6031
2023-07-22T20:00:00.000Z,1929,1929,1924,1927,27.4051
2023-07-23T00:00:00.000Z,1927,1930,1926,1928,45.6212
2023-07-23T04:00:00.000Z,1929,1929,1924,1925,14.8971
2023-07-23T08:00:00.000Z,1925,1931,1924,1925,33.2104
2023-07-23T12:00:00.000Z,1925,1929,1924,1928,15.7432
2023-07-23T16:00:00.000Z,1927,1930,1926,1927,52.4363
2023-07-23T20:00:00.000Z,1927,1934,1923,1933,68.3373
2023-07-24T00:00:00.000Z,1932,1941,1930,1941,115.1136
2023-07-24T04:00:00.000Z,1940,1942,1930,1937,107.3234
2023-07-24T08:00:00.000Z,1937,1947,1932,1938,429.18
2023-07-24T12:00:00.000Z,1938,1940,1930,1936,99.0711
2023-07-24T16:00:00.000Z,1937,1940,1932,1935,143.216
2023-07-24T20:00:00.000Z,1935,1939,1931,1936,29.2151
2023-07-25T00:00:00.000Z,1937,1945,1929,1942,111.6907
2023-07-25T04:00:00.000Z,1941,1945,1939,1942,98.9202
2023-07-25T08:00:00.000Z,1942,1944,1936,1939,62.2087
2023-07-25T12:00:00.000Z,1939,1946,1939,1945,92.1287
2023-07-25T16:00:00.000Z,1945,1948,1940,1945,174.45
2023-07-25T20:00:00.000Z,1944,1951,1940,1945,80.0258
2023-07-26T00:00:00.000Z,1945,1946,1941,1943,34.1597
2023-07-26T04:00:00.000Z,1943,1953,1942,1953,302.2208
2023-07-26T08:00:00.000Z,1954,1959,1950,1955,102.0746
2023-07-26T12:00:00.000Z,1955,1959,1949,1958,151.1426
2023-07-26T16:00:00.000Z,1958,1959,1950,1956,168.7403
2023-07-26T20:00:00.000Z,1957,1965,1949,1955,207.1878
2023-07-27T00:00:00.000Z,1956,1964,1955,1961,34.0704
2023-07-27T04:00:00.000Z,1961,1966,1955,1964,40.9955
2023-07-27T08:00:00.000Z,1964,1965,1958,1963,87.7672
2023-07-27T12:00:00.000Z,1963,1968,1934,1941,553.3411
2023-07-27T16:00:00.000Z,1941,1943,1935,1939,72.9634
2023-07-27T20:00:00.000Z,1938,1942,1936,1942,45.0191
2023-07-28T00:00:00.000Z,1942,1945,1939,1945,28.2631
2023-07-28T04:00:00.000Z,1945,1946,1940,1940,61.9819
2023-07-28T08:00:00.000Z,1940,1951,1938,1946,69.0047
2023-07-28T12:00:00.000Z,1946,1951,1945,1950,135.494
2023-07-28T16:00:00.000Z,1951,1951,1946,1949,27.9075
2023-07-28T20:00:00.000Z,1949,1951,1948,1950,16.8615
2023-07-29T00:00:00.000Z,1950,1952,1947,1949,21.2929
2023-07-29T04:00:00.000Z,1948,1954,1948,1948,26.0621
2023-07-29T08:00:00.000Z,1948,1951,1948,1949,11.0743
2023-07-29T12:00:00.000Z,1948,1950,1946,1948,27.4221
2023-07-29T16:00:00.000Z,1948,1948,1945,1948,23.5955
2023-07-29T20:00:00.000Z,1948,1949,1947,1947,10.6019
2023-07-30T00:00:00.000Z,1947,1960,1947,1951,30.2803
2023-07-30T04:00:00.000Z,1951,1952,1948,1951,13.6038
2023-07-30T08:00:00.000Z,1950,1951,1945,1947,31.4741
2023-07-30T12:00:00.000Z,1947,1949,1945,1946,26.1642
2023-07-30T16:00:00.000Z,1947,1952,1943,1945,49.7274
2023-07-30T20:00:00.000Z,1947,1949,1942,1947,43.4962
2023-07-31T00:00:00.000Z,1946,1948,1940,1942,54.8328
2023-07-31T04:00:00.000Z,1942,1945,1938,1942,46.6811
2023-07-31T08:00:00.000Z,1942,1953,1940,1949,107.6799
2023-07-31T12:00:00.000Z,1950,1961,1948,1958,116.6157
2023-07-31T16:00:00.000Z,1959,1961,1953,1955,48.1825
2023-07-31T20:00:00.000Z,1955,1957,1951,1954,39.577
2023-08-01T00:00:00.000Z,1954,1954,1945,1949,108.2787
2023-08-01T04:00:00.000Z,1949,1951,1943,1945,108.0306
2023-08-01T08:00:00.000Z,1945,1947,1941,1944,82.9847
2023-08-01T12:00:00.000Z,1943,1945,1936,1941,169.7371
2023-08-01T16:00:00.000Z,1941,1944,1937,1940,66.1056
2023-08-01T20:00:00.000Z,1940,1949,1939,1948,46.2937
2023-08-02T00:00:00.000Z,1949,1949,1935,1940,155.2101
2023-08-02T04:00:00.000Z,1940,1943,1938,1938,31.4574
2023-08-02T08:00:00.000Z,1938,1943,1938,1941,43.5776
2023-08-02T12:00:00.000Z,1940,1941,1932,1934,167.7166
2023-08-02T16:00:00.000Z,1934,1937,1924,1935,191.7013
2023-08-02T20:00:00.000Z,1936,1936,1926,1929,68.1644
2023-08-03T00:00:00.000Z,1931,1937,1925,1933,100.5329
2023-08-03T04:00:00.000Z,1933,1934,1928,1934,37.9734
2023-08-03T08:00:00.000Z,1934,1934,1928,1931,75.7429
2023-08-03T12:00:00.000Z,1932,1935,1926,1931,107.9322
2023-08-03T16:00:00.000Z,1931,1932,1923,1928,35.0194
2023-08-03T20:00:00.000Z,1929,1935,1928,1934,49.8432
2023-08-04T00:00:00.000Z,1934,1936,1933,1936,16.1383
2023-08-04T04:00:00.000Z,1935,1936,1929,1930,39.7679
2023-08-04T08:00:00.000Z,1929,1931,1927,1930,78.2805
2023-08-04T12:00:00.000Z,1930,1944,1924,1937,178.7306
2023-08-04T16:00:00.000Z,1938,1945,1936,1938,142.113
2023-08-04T20:00:00.000Z,1938,1946,1938,1944,92.1672
2023-08-05T00:00:00.000Z,1944,1950,1939,1944,44.1224
2023-08-05T04:00:00.000Z,1944,1948,1938,1939,37.8641
2023-08-05T08:00:00.000Z,1939,1946,1938,1939,45.9657
2023-08-05T12:00:00.000Z,1939,1950,1938,1945,130.25
2023-08-05T16:00:00.000Z,1946,1946,1940,1941,28.395
2023-08-05T20:00:00.000Z,1940,1944,1939,1943,22.7481
2023-08-06T00:00:00.000Z,1942,1944,1939,1939,38.8499
2023-08-06T04:00:00.000Z,1939,1942,1939,1939,9.1253
2023-08-06T08:00:00.000Z,1939,1942,1937,1939,21.6038
2023-08-06T12:00:00.000Z,1940,1948,1934,1941,86.632
2023-08-06T16:00:00.000Z,1941,1948,1937,1946,126.3104
2023-08-06T20:00:00.000Z,1945,1949,1937,1941,97.3044
2023-08-07T00:00:00.000Z,1941,1945,1941,1943,25.3531
2023-08-07T04:00:00.000Z,1943,1946,1937,1940,106.2282
2023-08-07T08:00:00.000Z,1940,1944,1935,1938,80.0077
2023-08-07T12:00:00.000Z,1938,1946,1934,1935,197.0943
2023-08-07T16:00:00.000Z,1935,1945,1930,1944,363.9925
2023-08-07T20:00:00.000Z,1945,1947,1944,1944,117.5151
2023-08-08T00:00:00.000Z,1945,1945,1937,1939,84.3668
2023-08-08T04:00:00.000Z,1940,1940,1936,1937,42.2074
2023-08-08T08:00:00.000Z,1936,1939,1935,1937,42.2764
2023-08-08T12:00:00.000Z,1938,1939,1934,1936,177.339
2023-08-08T16:00:00.000Z,1936,1940,1932,1933,174.9318
2023-08-08T20:00:00.000Z,1934,1939,1928,1930,217.1348
2023-08-09T00:00:00.000Z,1930,1934,1927,1933,185.6272
2023-08-09T04:00:00.000Z,1934,1939,1933,1937,83.2797
2023-08-09T08:00:00.000Z,1936,1939,1930,1931,128.6254
2023-08-09T12:00:00.000Z,1931,1933,1925,1926,181.0875
2023-08-09T16:00:00.000Z,1925,1926,1918,1923,179.1393
2023-08-09T20:00:00.000Z,1923,1923,1915,1920,264.5371
2023-08-10T00:00:00.000Z,1920,1924,1919,1923,26.2433
2023-08-10T04:00:00.000Z,1923,1925,1921,1925,71.8979
2023-08-10T08:00:00.000Z,1924,1926,1920,1924,120.3064
2023-08-10T12:00:00.000Z,1925,1929,1919,1921,237.648
2023-08-10T16:00:00.000Z,1922,1924,1920,1920,54.6865
2023-08-10T20:00:00.000Z,1920,1920,1917,1917,31.8198
2023-08-11T00:00:00.000Z,1917,1920,1917,1919,24.3541
2023-08-11T04:00:00.000Z,1919,1924,1918,1921,53.9982
2023-08-11T08:00:00.000Z,1921,1922,1916,1919,61.2561
2023-08-11T12:00:00.000Z,1919,1921,1916,1917,98.7764
2023-08-11T16:00:00.000Z,1917,1918,1914,1916,53.6177
2023-08-11T20:00:00.000Z,1915,1916,1910,1910,117.7208
2023-08-12T00:00:00.000Z,1910,1912,1905,1907,84.2828
2023-08-12T04:00:00.000Z,1906,1912,1891,1909,182.4081
2023-08-12T08:00:00.000Z,1909,1911,1900,1903,68.9997
2023-08-12T12:00:00.000Z,1903,1910,1901,1908,67.1128
2023-08-12T16:00:00.000Z,1908,1910,1890,1901,290.3992
2023-08-12T20:00:00.000Z,1900,1909,1900,1904,26.1892
2023-08-13T00:00:00.000Z,1905,1906,1903,1905,9.2108
2023-08-13T04:00:00.000Z,1905,1905,1896,1902,45.5211
2023-08-13T08:00:00.000Z,1901,1904,1900,1904,28.7832
2023-08-13T12:00:00.000Z,1903,1907,1901,1902,28.1067
2023-08-13T16:00:00.000Z,1903,1909,1902,1905,43.5437
2023-08-13T20:00:00.000Z,1906,1911,1902,1906,106.6182
2023-08-14T00:00:00.000Z,1907,1912,1902,1911,85.2052
2023-08-14T04:00:00.000Z,1912,1913,1911,1912,42.1344
2023-08-14T08:00:00.000Z,1913,1915,1900,1911,114.4989
2023-08-14T12:00:00.000Z,1911,1912,1901,1905,127.733
2023-08-14T16:00:00.000Z,1905,1907,1900,1902,64.0416
2023-08-14T20:00:00.000Z,1902,1903,1899,1902,54.7631
2023-08-15T00:00:00.000Z,1901,1904,1900,1903,24.8638
2023-08-15T04:00:00.000Z,1902,1904,1899,1902,26.0478
2023-08-15T08:00:00.000Z,1901,1907,1899,1905,145.3592
2023-08-15T12:00:00.000Z,1905,1911,1899,1909,99.9405
2023-08-15T16:00:00.000Z,1908,1909,1897,1899,105.3079
2023-08-15T20:00:00.000Z,1899,1904,1897,1899,40.7569
2023-08-16T00:00:00.000Z,1899,1904,1897,1902,20.931
2023-08-16T04:00:00.000Z,1903,1908,1898,1902,118.085
2023-08-16T08:00:00.000Z,1903,1905,1899,1901,43.1187
2023-08-16T12:00:00.000Z,1900,1902,1894,1899,143.3125
2023-08-16T16:00:00.000Z,1899,1904,1893,1894,185.8041
2023-08-16T20:00:00.000Z,1894,1897,1890,1894,101.8876
2023-08-17T00:00:00.000Z,1892,1896,1890,1893,56.7292
2023-08-17T04:00:00.000Z,1893,1898,1891,1897,48.6656
2023-08-17T08:00:00.000Z,1897,1900,1892,1897,92.1809
2023-08-17T12:00:00.000Z,1897,1902,1887,1888,228.0872
2023-08-17T16:00:00.000Z,1889,1892,1881,1886,375.2435
2023-08-17T20:00:00.000Z,1886,1892,1865,1871,746.5388
2023-08-18T00:00:00.000Z,1872,1899,1867,1890,477.0955
2023-08-18T04:00:00.000Z,1890,1892,1890,1891,149.2135
2023-08-18T08:00:00.000Z,1890,1894,1890,1891,137.2854
2023-08-18T12:00:00.000Z,1890,1893,1883,1887,174.9867
2023-08-18T16:00:00.000Z,1885,1888,1880,1880,94.7822
2023-08-18T20:00:00.000Z,1881,1884,1872,1874,73.7881
2023-08-19T00:00:00.000Z,1874,1878,1872,1873,25.4747
2023-08-19T04:00:00.000Z,1874,1883,1872,1880,126.842
2023-08-19T08:00:00.000Z,1880,1881,1877,1877,64.6251
2023-08-19T12:00:00.000Z,1877,1879,1873,1878,48.3544
2023-08-19T16:00:00.000Z,1877,1879,1870,1874,97.9453
2023-08-19T20:00:00.000Z,1873,1875,1871,1875,23.116
2023-08-20T00:00:00.000Z,1874,1878,1871,1875,45.3589
2023-08-20T04:00:00.000Z,1875,1879,1874,1876,109.2818
2023-08-20T08:00:00.000Z,1876,1876,1869,1873,36.7591
2023-08-20T12:00:00.000Z,1873,1876,1868,1876,41.229
2023-08-20T16:00:00.000Z,1875,1876,1870,1874,33.6866
2023-08-20T20:00:00.000Z,1872,1878,1868,1876,65.398
2023-08-21T00:00:00.000Z,1875,1878,1871,1876,27.0903
2023-08-21T04:00:00.000Z,1877,1880,1874,1876,67.095
2023-08-21T08:00:00.000Z,1876,1884,1873,1880,115.1348
2023-08-21T12:00:00.000Z,1881,1886,1872,1875,207.2314
2023-08-21T16:00:00.000Z,1874,1882,1872,1879,52.1855
2023-08-21T20:00:00.000Z,1879,1880,1875,1879,31.4557
2023-08-22T00:00:00.000Z,1880,1898,1877,1886,138.1318
2023-08-22T04:00:00.000Z,1886,1894,1882,1893,64.4415
2023-08-22T08:00:00.000Z,1891,1899,1886,1889,114.98
2023-08-22T12:00:00.000Z,1889,1894,1881,1890,135.9133
2023-08-22T16:00:00.000Z,1890,1895,1882,1886,105.7474
2023-08-22T20:00:00.000Z,1887,1890,1881,1888,69.6897
2023-08-23T00:00:00.000Z,1888,1897,1888,1892,61.8643
2023-08-23T04:00:00.000Z,1892,1900,1890,1899,68.0079
2023-08-23T08:00:00.000Z,1899,1902,1896,1899,109.0705
2023-08-23T12:00:00.000Z,1897,1914,1896,1908,263.3809
2023-08-23T16:00:00.000Z,1907,1918,1907,1911,284.0759
2023-08-23T20:00:00.000Z,1910,1913,1905,1910,78.3506
2023-08-24T00:00:00.000Z,1910,1911,1907,1910,32.6702
2023-08-24T04:00:00.000Z,1910,1912,1908,1912,18.6032
2023-08-24T08:00:00.000Z,1912,1913,1907,1908,92.8249
2023-08-24T12:00:00.000Z,1908,1913,1904,1912,196.9152
2023-08-24T16:00:00.000Z,1911,1913,1906,1906,65.1127
2023-08-24T20:00:00.000Z,1907,1910,1903,1909,67.466
2023-08-25T00:00:00.000Z,1908,1909,1900,1902,34.9889
2023-08-25T04:00:00.000Z,1902,1906,1900,1903,72.4173
2023-08-25T08:00:00.000Z,1903,1910,1901,1908,72.6147
2023-08-25T12:00:00.000Z,1907,1913,1896,1898,121.5086
2023-08-25T16:00:00.000Z,1898,1903,1898,1903,37.053
2023-08-25T20:00:00.000Z,1904,1905,1901,1903,31.0183
2023-08-26T00:00:00.000Z,1902,1904,1902,1903,10.1447
2023-08-26T04:00:00.000Z,1904,1904,1898,1901,24.4999
2023-08-26T08:00:00.000Z,1900,1902,1899,1899,22.6006
2023-08-26T12:00:00.000Z,1900,1905,1898,1904,77.1549
2023-08-26T16:00:00.000Z,1903,1905,1898,1898,26.6291
2023-08-26T20:00:00.000Z,1899,1904,1897,1904,16.6443
2023-08-27T00:00:00.000Z,1903,1907,1902,1906,27.7501
2023-08-27T04:00:00.000Z,1905,1907,1904,1905,7.4977
2023-08-27T08:00:00.000Z,1904,1907,1901,1904,18.104
2023-08-27T12:00:00.000Z,1904,1907,1897,1900,29.0949
2023-08-27T16:00:00.000Z,1900,1905,1900,1903,35.2629
2023-08-27T20:00:00.000Z,1903,1903,1896,1899,120.1282
2023-08-28T00:00:00.000Z,1901,1903,1899,1902,19.8882
2023-08-28T04:00:00.000Z,1901,1906,1900,1904,147.3389
2023-08-28T08:00:00.000Z,1904,1904,1901,1902,39.4483
2023-08-28T12:00:00.000Z,1903,1909,1901,1908,151.6212
2023-08-28T16:00:00.000Z,1909,1911,1902,1903,34.596
2023-08-28T20:00:00.000Z,1904,1906,1902,1905,39.5768
2023-08-29T00:00:00.000Z,1904,1909,1904,1908,13.4474
2023-08-29T04:00:00.000Z,1908,1909,1904,1906,52.9441
2023-08-29T08:00:00.000Z,1906,1909,1904,1905,46.4495
2023-08-29T12:00:00.000Z,1905,1918,1902,1917,370.9596
2023-08-29T16:00:00.000Z,1917,1920,1914,1916,173.111
2023-08-29T20:00:00.000Z,1916,1917,1890,1913,218.302
2023-08-30T00:00:00.000Z,1913,1917,1910,1910,60.6402
2023-08-30T04:00:00.000Z,1911,1914,1910,1912,72.7862
2023-08-30T08:00:00.000Z,1913,1919,1910,1917,56.8286
2023-08-30T12:00:00.000Z,1916,1929,1916,1924,238.418
2023-08-30T16:00:00.000Z,1925,1925,1919,1923,39.7826
2023-08-30T20:00:00.000Z,1923,1927,1920,1923,41.5744
2023-08-31T00:00:00.000Z,1924,1929,1915,1922,62.1489
2023-08-31T04:00:00.000Z,1922,1928,1922,1924,49.5806
2023-08-31T08:00:00.000Z,1924,1926,1918,1925,104.1731
2023-08-31T12:00:00.000Z,1924,1924,1915,1917,88.2834
2023-08-31T16:00:00.000Z,1916,1924,1915,1921,135.3531
2023-08-31T20:00:00.000Z,1921,1934,1912,1918,194.2978
2023-09-01T00:00:00.000Z,1918,1923,1918,1919,37.1638
2023-09-01T04:00:00.000Z,1919,1923,1916,1922,49.7412
2023-09-01T08:00:00.000Z,1922,1925,1920,1925,57.7975
2023-09-01T12:00:00.000Z,1925,1934,1915,1921,163.9341
2023-09-01T16:00:00.000Z,1921,1923,1916,1920,124.7362
2023-09-01T20:00:00.000Z,1919,1921,1916,1917,19.5788
2023-09-02T00:00:00.000Z,1917,1922,1916,1919,26.8516
2023-09-02T04:00:00.000Z,1919,1920,1916,1919,14.8565
2023-09-02T08:00:00.000Z,1919,1920,1915,1918,27.6652
2023-09-02T12:00:00.000Z,1918,1921,1915,1916,41.6884
2023-09-02T16:00:00.000Z,1916,1921,1914,1918,45.3829
2023-09-02T20:00:00.000Z,1917,1921,1912,1914,39.2122
2023-09-03T00:00:00.000Z,1914,1917,1914,1917,5.7065
2023-09-03T04:00:00.000Z,1917,1920,1916,1918,7.5616
2023-09-03T08:00:00.000Z,1918,1920,1915,1919,27.4851
2023-09-03T12:00:00.000Z,1919,1920,1914,1918,27.3966
2023-09-03T16:00:00.000Z,1919,1922,1912,1917,83.8153
2023-09-03T20:00:00.000Z,1917,1921,1915,1917,31.501
2023-09-04T00:00:00.000Z,1917,1923,1916,1923,27.7249
2023-09-04T04:00:00.000Z,1922,1928,1918,1919,63.4055
2023-09-04T08:00:00.000Z,1919,1922,1917,1922,26.9237
2023-09-04T12:00:00.000Z,1921,1922,1918,1921,38.1095
2023-09-04T16:00:00.000Z,1920,1922,1917,1918,25.5203
2023-09-04T20:00:00.000Z,1918,1921,1916,1920,17.6682
2023-09-05T00:00:00.000Z,1920,1920,1915,1916,19.2476
2023-09-05T04:00:00.000Z,1916,1919,1916,1917,21.0158
2023-09-05T08:00:00.000Z,1917,1919,1913,1916,70.9246
2023-09-05T12:00:00.000Z,1916,1918,1909,1912,104.5802
2023-09-05T16:00:00.000Z,1912,1913,1907,1909,50.9635
2023-09-05T20:00:00.000Z,1908,1913,1906,1912,51.6462
2023-09-06T00:00:00.000Z,1911,1912,1910,1910,10.0238
2023-09-06T04:00:00.000Z,1911,1912,1909,1911,19.7689
2023-09-06T08:00:00.000Z,1911,1912,1908,1908,28.6459
2023-09-06T12:00:00.000Z,1908,1912,1891,1902,141.3229
2023-09-06T16:00:00.000Z,1902,1908,1899,1902,115.9767
2023-09-06T20:00:00.000Z,1901,1903,1898,1898,37.8827
2023-09-07T00:00:00.000Z,1898,1902,1898,1902,15.1957
2023-09-07T04:00:00.000Z,1901,1902,1898,1899,19.8431
2023-09-07T08:00:00.000Z,1899,1903,1898,1902,34.2989
2023-09-07T12:00:00.000Z,1902,1906,1902,1905,99.0305
2023-09-07T16:00:00.000Z,1904,1907,1902,1907,91.4725
2023-09-07T20:00:00.000Z,1906,1908,1899,1908,67.315
2023-09-08T00:00:00.000Z,1908,1910,1903,1906,128.3421
2023-09-08T04:00:00.000Z,1907,1908,1906,1906,17.2825
2023-09-08T08:00:00.000Z,1905,1908,1903,1903,62.0715
2023-09-08T12:00:00.000Z,1904,1911,1902,1903,45.8675
2023-09-08T16:00:00.000Z,1903,1904,1899,1901,33.562
2023-09-08T20:00:00.000Z,1900,1906,1897,1903,90.9203
2023-09-09T00:00:00.000Z,1903,1903,1899,1901,12.2363
2023-09-09T04:00:00.000Z,1900,1901,1897,1900,25.1947
2023-09-09T08:00:00.000Z,1900,1901,1897,1900,20.3633
2023-09-09T12:00:00.000Z,1900,1901,1898,1898,27.0637
2023-09-09T16:00:00.000Z,1898,1899,1896,1897,18.2688
2023-09-09T20:00:00.000Z,1896,1899,1896,1898,9.7784
2023-09-10T00:00:00.000Z,1899,1899,1898,1899,3.6169
2023-09-10T04:00:00.000Z,1899,1899,1894,1896,12.5665
2023-09-10T08:00:00.000Z,1896,1900,1895,1895,33.6074
2023-09-10T12:00:00.000Z,1895,1898,1890,1893,80.4859
2023-09-10T16:00:00.000Z,1893,1897,1890,1893,78.7462
2023-09-10T20:00:00.000Z,1894,1902,1893,1898,89.1192
2023-09-11T00:00:00.000Z,1898,1903,1898,1901,85.5554
2023-09-11T04:00:00.000Z,1900,1908,1900,1906,89.9632
2023-09-11T08:00:00.000Z,1906,1906,1900,1902,85.1897
2023-09-11T12:00:00.000Z,1901,1907,1897,1905,268.2301
2023-09-11T16:00:00.000Z,1905,1908,1900,1904,94.3429
2023-09-11T20:00:00.000Z,1904,1905,1902,1903,20.6928
2023-09-12T00:00:00.000Z,1903,1910,1901,1907,72.5116
2023-09-12T04:00:00.000Z,1907,1910,1899,1900,49.8609
2023-09-12T08:00:00.000Z,1900,1903,1894,1894,259.0381
2023-09-12T12:00:00.000Z,1895,1896,1887,1892,135.2531
2023-09-12T16:00:00.000Z,1891,1896,1890,1893,54.5197
2023-09-12T20:00:00.000Z,1892,1895,1885,1892,48.5677
2023-09-13T00:00:00.000Z,1892,1893,1889,1889,12.3142
2023-09-13T04:00:00.000Z,1891,1894,1888,1890,45.6091
2023-09-13T08:00:00.000Z,1891,1893,1887,1890,61.4579
2023-09-13T12:00:00.000Z,1891,1900,1886,1892,164.8787
2023-09-13T16:00:00.000Z,1891,1893,1882,1892,95.8586
2023-09-13T20:00:00.000Z,1890,1896,1885,1889,64.7966
2023-09-14T00:00:00.000Z,1888,1896,1888,1894,59.1232
2023-09-14T04:00:00.000Z,1893,1901,1890,1893,81.8366
2023-09-14T08:00:00.000Z,1892,1899,1892,1898,27.7588
2023-09-14T12:00:00.000Z,1898,1898,1888,1889,79.1015
2023-09-14T16:00:00.000Z,1890,1895,1889,1894,63.4716
2023-09-14T20:00:00.000Z,1894,1897,1889,1894,53.0244
2023-09-15T00:00:00.000Z,1894,1900,1893,1899,41.6829
2023-09-15T04:00:00.000Z,1898,1906,1898,1905,65.8517
2023-09-15T08:00:00.000Z,1905,1906,1893,1903,359.737
2023-09-15T12:00:00.000Z,1902,1914,1902,1913,122.5962
2023-09-15T16:00:00.000Z,1913,1913,1906,1913,85.4462
2023-09-15T20:00:00.000Z,1909,1913,1907,1910,46.1262
2023-09-16T00:00:00.000Z,1909,1914,1908,1909,66.404
2023-09-16T04:00:00.000Z,1909,1910,1906,1909,35.573
2023-09-16T08:00:00.000Z,1909,1911,1905,1909,48.0802
2023-09-16T12:00:00.000Z,1909,1912,1908,1911,23.9236
2023-09-16T16:00:00.000Z,1910,1911,1904,1905,47.465
2023-09-16T20:00:00.000Z,1905,1907,1904,1906,10.6934
2023-09-17T00:00:00.000Z,1906,1907,1904,1906,25.8499
2023-09-17T04:00:00.000Z,1905,1906,1904,1905,9.4038
2023-09-17T08:00:00.000Z,1905,1907,1903,1906,17.9432
2023-09-17T12:00:00.000Z,1906,1908,1902,1908,32.3019
2023-09-17T16:00:00.000Z,1908,1909,1906,1907,45.3592
2023-09-17T20:00:00.000Z,1908,1910,1906,1909,95.3991
2023-09-18T00:00:00.000Z,1909,1916,1906,1916,45.8561
2023-09-18T04:00:00.000Z,1916,1919,1909,1914,208.5482
2023-09-18T08:00:00.000Z,1913,1915,1909,1914,113.8745
2023-09-18T12:00:00.000Z,1914,1917,1908,1913,114.6316
2023-09-18T16:00:00.000Z,1913,1919,1913,1917,82.3863
2023-09-18T20:00:00.000Z,1917,1921,1913,1921,79.3682
2023-09-19T00:00:00.000Z,1921,1925,1915,1921,94.8077
2023-09-19T04:00:00.000Z,1920,1923,1914,1920,84.5264
2023-09-19T08:00:00.000Z,1919,1925,1915,1922,172.2145
2023-09-19T12:00:00.000Z,1923,1929,1918,1921,105.9142
2023-09-19T16:00:00.000Z,1922,1922,1916,1917,52.9731
2023-09-19T20:00:00.000Z,1917,1921,1917,1921,54.882
2023-09-20T00:00:00.000Z,1920,1922,1919,1919,20.2376
2023-09-20T04:00:00.000Z,1919,1920,1914,1918,77.8408
2023-09-20T08:00:00.000Z,1918,1920,1915,1918,76.904
2023-09-20T12:00:00.000Z,1919,1933,1918,1930,200.9974
2023-09-20T16:00:00.000Z,1930,1934,1922,1923,138.4817
2023-09-20T20:00:00.000Z,1922,1924,1920,1920,37.6821
2023-09-21T00:00:00.000Z,1921,1922,1918,1919,29.3578
2023-09-21T04:00:00.000Z,1919,1923,1918,1922,77.7084
2023-09-21T08:00:00.000Z,1922,1922,1913,1913,127.2641
2023-09-21T12:00:00.000Z,1914,1914,1907,1909,99.3885
2023-09-21T16:00:00.000Z,1909,1913,1909,1910,28.3792
2023-09-21T20:00:00.000Z,1911,1912,1910,1910,20.4286
2023-09-22T00:00:00.000Z,1911,1914,1909,1914,16.3766
2023-09-22T04:00:00.000Z,1913,1917,1913,1917,14.2789
2023-09-22T08:00:00.000Z,1917,1917,1913,1916,35.1509
2023-09-22T12:00:00.000Z,1916,1917,1912,1917,27.8551
2023-09-22T16:00:00.000Z,1916,1917,1912,1915,22.9828
2023-09-22T20:00:00.000Z,1915,1918,1909,1912,53.6735
2023-09-23T00:00:00.000Z,1911,1914,1911,1913,17.9394
2023-09-23T04:00:00.000Z,1913,1919,1913,1914,58.5536
2023-09-23T08:00:00.000Z,1913,1914,1912,1914,15.6049
2023-09-23T12:00:00.000Z,1914,1915,1912,1914,25.2676
2023-09-23T16:00:00.000Z,1913,1915,1912,1914,68.0515
2023-09-23T20:00:00.000Z,1914,1915,1912,1913,22.2489
2023-09-24T00:00:00.000Z,1914,1914,1912,1913,5.3707
2023-09-24T04:00:00.000Z,1913,1914,1912,1912,6.0668
2023-09-24T08:00:00.000Z,1912,1914,1912,1914,7.2914
2023-09-24T12:00:00.000Z,1913,1915,1913,1915,22.6852
2023-09-24T16:00:00.000Z,1914,1915,1910,1913,152.7977
2023-09-24T20:00:00.000Z,1913,1916,1912,1912,28.2032
2023-09-25T00:00:00.000Z,1913,1915,1910,1913,25.7431
2023-09-25T04:00:00.000Z,1913,1919,1909,1915,96.7154
2023-09-25T08:00:00.000Z,1915,1917,1913,1915,38.0074
2023-09-25T12:00:00.000Z,1915,1918,1908,1909,79.5525
2023-09-25T16:00:00.000Z,1910,1912,1908,1911,82.9323
2023-09-25T20:00:00.000Z,1911,1911,1905,1908,37.6426
2023-09-26T00:00:00.000Z,1907,1908,1907,1908,18.5394
2023-09-26T04:00:00.000Z,1907,1909,1904,1909,75.8958
2023-09-26T08:00:00.000Z,1907,1910,1905,1907,24.5216
2023-09-26T12:00:00.000Z,1906,1915,1900,1903,146.7133
2023-09-26T16:00:00.000Z,1903,1903,1898,1900,55.2426
2023-09-26T20:00:00.000Z,1899,1901,1897,1899,27.614
2023-09-27T00:00:00.000Z,1899,1901,1899,1899,7.6813
2023-09-27T04:00:00.000Z,1900,1900,1895,1899,76.5197
2023-09-27T08:00:00.000Z,1899,1900,1894,1895,118.8564
2023-09-27T12:00:00.000Z,1895,1896,1882,1884,239.7487
2023-09-27T16:00:00.000Z,1884,1884,1878,1880,232.7645
2023-09-27T20:00:00.000Z,1881,1884,1880,1881,61.5027
2023-09-28T00:00:00.000Z,1882,1883,1880,1881,35.4053
2023-09-28T04:00:00.000Z,1881,1883,1878,1879,88.7054
2023-09-28T08:00:00.000Z,1879,1884,1878,1881,121.3584
2023-09-28T12:00:00.000Z,1882,1884,1875,1878,259.0566
2023-09-28T16:00:00.000Z,1877,1879,1868,1873,268.2545
2023-09-28T20:00:00.000Z,1874,1874,1871,1871,38.38
2023-09-29T00:00:00.000Z,1872,1873,1868,1870,60.6197
2023-09-29T04:00:00.000Z,1871,1882,1870,1881,103.7664
2023-09-29T08:00:00.000Z,1881,1882,1877,1879,79.1751
2023-09-29T12:00:00.000Z,1880,1884,1869,1870,256.3932
2023-09-29T16:00:00.000Z,1871,1871,1862,1862,152.7004
2023-09-29T20:00:00.000Z,1863,1867,1862,1864,37.3556
2023-09-30T00:00:00.000Z,1865,1867,1864,1866,22.861
2023-09-30T04:00:00.000Z,1866,1869,1866,1867,36.2091
2023-09-30T08:00:00.000Z,1867,1870,1863,1868,94.013
2023-09-30T12:00:00.000Z,1868,1869,1862,1868,77.404
2023-09-30T16:00:00.000Z,1868,1869,1866,1869,29.6198
2023-09-30T20:00:00.000Z,1868,1869,1866,1868,24.442
2023-10-01T00:00:00.000Z,1868,1869,1866,1867,15.1833
2023-10-01T04:00:00.000Z,1868,1869,1867,1868,16.6445
2023-10-01T08:00:00.000Z,1869,1873,1869,1869,48.4353
2023-10-01T12:00:00.000Z,1869,1871,1868,1871,36.2702
2023-10-01T16:00:00.000Z,1871,1872,1867,1871,55.3396
2023-10-01T20:00:00.000Z,1872,1872,1855,1865,363.7771
2023-10-02T00:00:00.000Z,1865,1870,1862,1864,57.5446
2023-10-02T04:00:00.000Z,1863,1865,1857,1862,108.4229
2023-10-02T08:00:00.000Z,1862,1864,1842,1847,413.6971
2023-10-02T12:00:00.000Z,1847,1852,1843,1844,237.6402
2023-10-02T16:00:00.000Z,1843,1847,1842,1844,131.3651
2023-10-02T20:00:00.000Z,1844,1846,1839,1840,106.5288
2023-10-03T00:00:00.000Z,1841,1841,1832,1833,91.8145
2023-10-03T04:00:00.000Z,1833,1835,1830,1832,91.8686
2023-10-03T08:00:00.000Z,1832,1838,1827,1829,265.9132
2023-10-03T12:00:00.000Z,1829,1834,1828,1831,167.554
2023-10-03T16:00:00.000Z,1832,1832,1828,1829,119.8583
2023-10-03T20:00:00.000Z,1829,1833,1824,1827,114.4097
2023-10-04T00:00:00.000Z,1827,1828,1821,1825,153.0597
2023-10-04T04:00:00.000Z,1825,1830,1824,1830,83.5024
2023-10-04T08:00:00.000Z,1829,1834,1828,1831,113.0446
2023-10-04T12:00:00.000Z,1831,1836,1827,1833,264.4874
2023-10-04T16:00:00.000Z,1833,1834,1827,1830,90.6389
2023-10-04T20:00:00.000Z,1830,1839,1829,1836,121.4847
2023-10-05T00:00:00.000Z,1837,1837,1835,1836,14.8562
2023-10-05T04:00:00.000Z,1835,1837,1832,1832,48.8373
2023-10-05T08:00:00.000Z,1833,1839,1832,1838,112.4379
2023-10-05T12:00:00.000Z,1838,1838,1825,1828,154.1951
2023-10-05T16:00:00.000Z,1827,1833,1827,1830,93.9858
2023-10-05T20:00:00.000Z,1829,1832,1828,1830,48.7948
2023-10-06T00:00:00.000Z,1830,1832,1828,1831,39.4074
2023-10-06T04:00:00.000Z,1831,1834,1831,1833,41.9289
2023-10-06T08:00:00.000Z,1833,1833,1823,1833,114.2122
2023-10-06T12:00:00.000Z,1833,1838,1823,1837,295.7014
2023-10-06T16:00:00.000Z,1837,1840,1837,1840,63.4231
2023-10-06T20:00:00.000Z,1840,1842,1839,1840,33.6638
2023-10-07T00:00:00.000Z,1840,1843,1835,1842,60.8667
2023-10-07T04:00:00.000Z,1842,1843,1840,1841,19.9807
2023-10-07T08:00:00.000Z,1841,1848,1840,1845,98.8925
2023-10-07T12:00:00.000Z,1845,1854,1844,1849,125.6934
2023-10-07T16:00:00.000Z,1850,1852,1849,1852,60.3007
2023-10-07T20:00:00.000Z,1852,1857,1849,1855,92.666
2023-10-08T00:00:00.000Z,1856,1856,1851,1852,12.0895
2023-10-08T04:00:00.000Z,1851,1855,1849,1853,62.0556
2023-10-08T08:00:00.000Z,1853,1863,1853,1860,129.6329
2023-10-08T12:00:00.000Z,1860,1863,1855,1863,121.9858
2023-10-08T16:00:00.000Z,1863,1870,1857,1865,247.2767
2023-10-08T20:00:00.000Z,1864,1872,1861,1864,414.7637
2023-10-09T00:00:00.000Z,1863,1870,1862,1865,579.8889
2023-10-09T04:00:00.000Z,1864,1868,1862,1867,111.3889
2023-10-09T08:00:00.000Z,1866,1868,1861,1861,167.0288
2023-10-09T12:00:00.000Z,1861,1863,1850,1863,369.3075
2023-10-09T16:00:00.000Z,1863,1869,1855,1865,229.8397
2023-10-09T20:00:00.000Z,1865,1868,1861,1868,79.312
2023-10-10T00:00:00.000Z,1868,1871,1867,1870,62.903
2023-10-10T04:00:00.000Z,1871,1872,1864,1864,108.056
2023-10-10T08:00:00.000Z,1864,1868,1863,1866,65.6558
2023-10-10T12:00:00.000Z,1865,1867,1860,1866,114.4726
2023-10-10T16:00:00.000Z,1866,1867,1863,1863,61.41
2023-10-10T20:00:00.000Z,1864,1865,1863,1863,31.0164
2023-10-11T00:00:00.000Z,1864,1864,1861,1862,59.0507
2023-10-11T04:00:00.000Z,1862,1867,1859,1866,151.6998
2023-10-11T08:00:00.000Z,1867,1880,1866,1877,160.355
2023-10-11T12:00:00.000Z,1877,1877,1867,1869,104.6756
2023-10-11T16:00:00.000Z,1869,1876,1867,1875,140.5826
2023-10-11T20:00:00.000Z,1874,1879,1872,1876,106.3833
2023-10-12T00:00:00.000Z,1875,1877,1873,1876,27.9825
2023-10-12T04:00:00.000Z,1875,1882,1875,1880,114.384
2023-10-12T08:00:00.000Z,1879,1882,1875,1880,81.6673
2023-10-12T12:00:00.000Z,1880,1881,1868,1871,95.585
2023-10-12T16:00:00.000Z,1870,1873,1862,1870,80.2918
2023-10-12T20:00:00.000Z,1871,1874,1868,1873,69.8814
2023-10-13T00:00:00.000Z,1873,1876,1870,1871,25.6255
2023-10-13T04:00:00.000Z,1871,1879,1871,1876,42.3492
2023-10-13T08:00:00.000Z,1877,1891,1876,1891,175.6594
2023-10-13T12:00:00.000Z,1891,1912,1890,1911,604.9257
2023-10-13T16:00:00.000Z,1910,1922,1910,1913,205.3704
2023-10-13T20:00:00.000Z,1913,1918,1908,1917,194.6944
2023-10-14T00:00:00.000Z,1917,1918,1915,1917,78.4295
2023-10-14T04:00:00.000Z,1916,1919,1908,1919,100.0859
2023-10-14T08:00:00.000Z,1918,1919,1916,1919,46.7926
2023-10-14T12:00:00.000Z,1919,1920,1916,1919,84.5946
2023-10-14T16:00:00.000Z,1919,1919,1915,1919,132.9945
2023-10-14T20:00:00.000Z,1919,1920,1915,1919,117.2439
2023-10-15T00:00:00.000Z,1919,1929,1918,1926,248.2536
2023-10-15T04:00:00.000Z,1925,1928,1918,1925,93.7197
2023-10-15T08:00:00.000Z,1923,1932,1922,1930,197.3365
2023-10-15T12:00:00.000Z,1930,1934,1927,1933,113.6906
2023-10-15T16:00:00.000Z,1933,1935,1928,1930,110.3205
2023-10-15T20:00:00.000Z,1930,1932,1915,1916,141.7901
2023-10-16T00:00:00.000Z,1916,1918,1910,1913,62.578
2023-10-16T04:00:00.000Z,1913,1919,1904,1906,125.9941
2023-10-16T08:00:00.000Z,1906,1916,1902,1912,92.9571
2023-10-16T12:00:00.000Z,1912,1921,1900,1908,387.5768
2023-10-16T16:00:00.000Z,1906,1911,1892,1908,246.3877
2023-10-16T20:00:00.000Z,1908,1911,1906,1908,37.8325
2023-10-17T00:00:00.000Z,1908,1909,1900,1906,107.9795
2023-10-17T04:00:00.000Z,1904,1909,1903,1907,61.2046
2023-10-17T08:00:00.000Z,1907,1926,1906,1916,172.7547
2023-10-17T12:00:00.000Z,1914,1923,1909,1916,305.5
2023-10-17T16:00:00.000Z,1917,1919,1911,1917,75.5567
2023-10-17T20:00:00.000Z,1915,1922,1908,1919,171.407
2023-10-18T00:00:00.000Z,1919,1933,1916,1926,150.2181
2023-10-18T04:00:00.000Z,1925,1929,1923,1927,84.5884
2023-10-18T08:00:00.000Z,1928,1935,1925,1934,175.1648
2023-10-18T12:00:00.000Z,1933,1947,1930,1937,442.6646
2023-10-18T16:00:00.000Z,1938,1945,1935,1937,180.7008
2023-10-18T20:00:00.000Z,1938,1945,1935,1941,147.7299
2023-10-19T00:00:00.000Z,1941,1945,1933,1938,197.9994
2023-10-19T04:00:00.000Z,1937,1940,1932,1940,71.4194
2023-10-19T08:00:00.000Z,1939,1941,1937,1940,103.9938
2023-10-19T12:00:00.000Z,1939,1945,1937,1942,300.2916
2023-10-19T16:00:00.000Z,1941,1962,1940,1960,603.9809
2023-10-19T20:00:00.000Z,1959,1964,1953,1962,425.0269
2023-10-20T00:00:00.000Z,1963,1967,1958,1963,246.6947
2023-10-20T04:00:00.000Z,1962,1967,1956,1965,149.2205
2023-10-20T08:00:00.000Z,1964,1977,1961,1966,539.9172
2023-10-20T12:00:00.000Z,1965,1979,1960,1974,710.5605
2023-10-20T16:00:00.000Z,1975,1979,1961,1964,230.1067
2023-10-20T20:00:00.000Z,1964,1969,1960,1965,79.23
2023-10-21T00:00:00.000Z,1965,1969,1960,1964,42.0468
2023-10-21T04:00:00.000Z,1964,1969,1957,1964,51.855
2023-10-21T08:00:00.000Z,1963,1965,1961,1965,102.031
2023-10-21T12:00:00.000Z,1965,1969,1962,1969,69.5446
2023-10-21T16:00:00.000Z,1969,1969,1962,1963,90.1457
2023-10-21T20:00:00.000Z,1962,1969,1962,1965,47.2499
2023-10-22T00:00:00.000Z,1965,1969,1963,1965,42.3043
2023-10-22T04:00:00.000Z,1964,1967,1960,1962,79.7594
2023-10-22T08:00:00.000Z,1964,1975,1962,1967,239.1526
2023-10-22T12:00:00.000Z,1969,1969,1963,1965,32.0827
2023-10-22T16:00:00.000Z,1966,1971,1962,1966,57.7813
2023-10-22T20:00:00.000Z,1966,1972,1964,1965,81.5325
2023-10-23T00:00:00.000Z,1965,1970,1961,1961,126.6863
2023-10-23T04:00:00.000Z,1962,1967,1959,1964,85.7534
2023-10-23T08:00:00.000Z,1964,1975,1955,1962,173.999
2023-10-23T12:00:00.000Z,1963,1972,1957,1959,171.0459
2023-10-23T16:00:00.000Z,1957,1962,1953,1955,190.49
2023-10-23T20:00:00.000Z,1955,1968,1945,1954,459.7015
2023-10-24T00:00:00.000Z,1956,1968,1953,1958,280.8778
2023-10-24T04:00:00.000Z,1957,1968,1956,1957,119.4048
2023-10-24T08:00:00.000Z,1960,1962,1936,1946,308.1652
2023-10-24T12:00:00.000Z,1947,1951,1941,1948,388.9883
2023-10-24T16:00:00.000Z,1950,1957,1949,1953,431.1073
2023-10-24T20:00:00.000Z,1953,1957,1949,1953,86.1756
2023-10-25T00:00:00.000Z,1952,1960,1952,1952,51.007
2023-10-25T04:00:00.000Z,1952,1957,1949,1951,59.9898
2023-10-25T08:00:00.000Z,1951,1961,1949,1956,128.6277
2023-10-25T12:00:00.000Z,1957,1968,1953,1960,463.206
2023-10-25T16:00:00.000Z,1959,1970,1956,1967,313.2545
2023-10-25T20:00:00.000Z,1966,1966,1959,1962,40.2888
2023-10-26T00:00:00.000Z,1962,1965,1961,1965,148.2022
2023-10-26T04:00:00.000Z,1965,1969,1964,1967,87.2477
2023-10-26T08:00:00.000Z,1967,1971,1958,1962,513.605
2023-10-26T12:00:00.000Z,1962,1965,1953,1961,214.2829
2023-10-26T16:00:00.000Z,1961,1972,1961,1963,140.1321
2023-10-26T20:00:00.000Z,1963,1969,1963,1966,55.9406
2023-10-27T00:00:00.000Z,1966,1969,1962,1968,48.012
2023-10-27T04:00:00.000Z,1967,1974,1965,1965,103.0587
2023-10-27T08:00:00.000Z,1965,1967,1961,1965,49.0363
2023-10-27T12:00:00.000Z,1963,1974,1961,1970,208.8536
2023-10-27T16:00:00.000Z,1971,1990,1963,1988,907.0108
2023-10-27T20:00:00.000Z,1988,1992,1985,1987,189.0288
2023-10-28T00:00:00.000Z,1987,1992,1985,1990,43.4496
2023-10-28T04:00:00.000Z,1991,1992,1984,1990,58.1986
2023-10-28T08:00:00.000Z,1990,1992,1984,1991,103.4106
2023-10-28T12:00:00.000Z,1990,1993,1984,1989,66.0878
2023-10-28T16:00:00.000Z,1989,1991,1984,1990,76.0605
2023-10-28T20:00:00.000Z,1991,1991,1984,1986,42.1183
2023-10-29T00:00:00.000Z,1986,1991,1983,1989,22.634
2023-10-29T04:00:00.000Z,1988,1990,1983,1984,32.1422
2023-10-29T08:00:00.000Z,1984,1987,1973,1979,298.1818
2023-10-29T12:00:00.000Z,1980,1985,1979,1981,77.093
2023-10-29T16:00:00.000Z,1981,1992,1979,1991,326.0809
2023-10-29T20:00:00.000Z,1990,1990,1977,1983,192.455
2023-10-30T00:00:00.000Z,1982,1989,1980,1981,47.5648
2023-10-30T04:00:00.000Z,1981,1982,1980,1980,71.3915
2023-10-30T08:00:00.000Z,1980,1983,1971,1975,185.8641
2023-10-30T12:00:00.000Z,1975,1983,1972,1979,143.1496
2023-10-30T16:00:00.000Z,1979,1983,1974,1974,184.5855
2023-10-30T20:00:00.000Z,1975,1979,1974,1976,62.8807
2023-10-31T00:00:00.000Z,1976,1978,1974,1976,25.8431
2023-10-31T04:00:00.000Z,1976,1978,1970,1976,107.5272
2023-10-31T08:00:00.000Z,1975,1980,1974,1977,77.8465
2023-10-31T12:00:00.000Z,1978,1986,1974,1975,239.9064
2023-10-31T16:00:00.000Z,1974,1977,1962,1970,226.8803
2023-10-31T20:00:00.000Z,1969,1970,1966,1966,47.2609
2023-11-01T00:00:00.000Z,1966,1968,1948,1958,138.9275
2023-11-01T04:00:00.000Z,1958,1960,1955,1958,67.4496
2023-11-01T08:00:00.000Z,1958,1963,1957,1961,138.5824
2023-11-01T12:00:00.000Z,1962,1973,1952,1958,202.7678
2023-11-01T16:00:00.000Z,1958,1968,1952,1964,159.8989
2023-11-01T20:00:00.000Z,1964,1966,1950,1964,275.2079
2023-11-02T00:00:00.000Z,1964,1966,1957,1962,220.8893
2023-11-02T04:00:00.000Z,1963,1966,1958,1962,109.8121
2023-11-02T08:00:00.000Z,1963,1968,1950,1964,269.7689
2023-11-02T12:00:00.000Z,1964,1967,1954,1960,385.8342
2023-11-02T16:00:00.000Z,1959,1965,1955,1964,147.555
2023-11-02T20:00:00.000Z,1963,1964,1960,1963,99.8723
2023-11-03T00:00:00.000Z,1962,1963,1958,1962,48.5225
2023-11-03T04:00:00.000Z,1962,1964,1958,1964,100.7991
2023-11-03T08:00:00.000Z,1963,1966,1960,1964,104.3605
2023-11-03T12:00:00.000Z,1964,1983,1961,1972,325.6044
2023-11-03T16:00:00.000Z,1973,1974,1963,1971,154.0221
2023-11-03T20:00:00.000Z,1971,1973,1968,1971,63.5889
2023-11-04T00:00:00.000Z,1971,1976,1963,1968,125.2402
2023-11-04T04:00:00.000Z,1969,1976,1967,1970,72.0674
2023-11-04T08:00:00.000Z,1970,1973,1967,1970,58.1541
2023-11-04T12:00:00.000Z,1969,1971,1967,1970,112.3455
2023-11-04T16:00:00.000Z,1969,1975,1954,1962,198.7576
2023-11-04T20:00:00.000Z,1962,1969,1961,1966,73.7877
2023-11-05T00:00:00.000Z,1966,1973,1963,1972,55.4309
2023-11-05T04:00:00.000Z,1972,1975,1965,1968,128.3356
2023-11-05T08:00:00.000Z,1967,1974,1964,1966,156.7098
2023-11-05T12:00:00.000Z,1965,1971,1946,1963,300.6929
2023-11-05T16:00:00.000Z,1964,1969,1962,1962,125.0919
2023-11-05T20:00:00.000Z,1962,1967,1946,1960,397.6798
2023-11-06T00:00:00.000Z,1959,1963,1955,1956,84.7232
2023-11-06T04:00:00.000Z,1956,1963,1956,1961,95.8281
2023-11-06T08:00:00.000Z,1960,1966,1959,1963,95.2236
2023-11-06T12:00:00.000Z,1963,1965,1958,1958,110.3004
2023-11-06T16:00:00.000Z,1958,1961,1955,1958,77.798
2023-11-06T20:00:00.000Z,1958,1961,1951,1956,113.7474
2023-11-07T00:00:00.000Z,1956,1956,1951,1952,76.7167
2023-11-07T04:00:00.000Z,1951,1954,1947,1951,83.7083
2023-11-07T08:00:00.000Z,1951,1953,1944,1945,100.8787
2023-11-07T12:00:00.000Z,1946,1950,1941,1945,121.2973
2023-11-07T16:00:00.000Z,1942,1950,1940,1945,150.0676
2023-11-07T20:00:00.000Z,1946,1952,1936,1947,315.0024
2023-11-08T00:00:00.000Z,1947,1950,1945,1947,123.5589
2023-11-08T04:00:00.000Z,1946,1950,1944,1949,40.6844
2023-11-08T08:00:00.000Z,1949,1950,1942,1944,81.9751
2023-11-08T12:00:00.000Z,1945,1946,1935,1937,179.2118
2023-11-08T16:00:00.000Z,1937,1942,1930,1932,118.545
2023-11-08T20:00:00.000Z,1932,1938,1928,1930,185.3136
2023-11-09T00:00:00.000Z,1930,1938,1929,1930,75.3243
2023-11-09T04:00:00.000Z,1932,1937,1929,1930,129.2358
2023-11-09T08:00:00.000Z,1931,1934,1925,1927,192.8351
2023-11-09T12:00:00.000Z,1927,1943,1924,1941,451.971
2023-11-09T16:00:00.000Z,1942,1948,1931,1942,519.7356
2023-11-09T20:00:00.000Z,1943,1949,1936,1943,141.3078
2023-11-10T00:00:00.000Z,1942,1945,1933,1938,166.257
2023-11-10T04:00:00.000Z,1937,1939,1930,1934,134.9854
2023-11-10T08:00:00.000Z,1935,1941,1925,1926,171.4935
2023-11-10T12:00:00.000Z,1926,1929,1919,1923,281.8863
2023-11-10T16:00:00.000Z,1924,1933,1919,1922,225.4846
2023-11-10T20:00:00.000Z,1923,1929,1919,1924,85.5091
2023-11-11T00:00:00.000Z,1924,1926,1918,1919,77.041
2023-11-11T04:00:00.000Z,1919,1927,1917,1917,79.0013
2023-11-11T08:00:00.000Z,1917,1922,1917,1918,39.7485
2023-11-11T12:00:00.000Z,1918,1922,1915,1919,174.0346
2023-11-11T16:00:00.000Z,1919,1920,1913,1916,111.7545
2023-11-11T20:00:00.000Z,1916,1920,1913,1920,69.9927
2023-11-12T00:00:00.000Z,1920,1920,1913,1917,49.3647
2023-11-12T04:00:00.000Z,1917,1919,1914,1916,35.8593
2023-11-12T08:00:00.000Z,1917,1920,1914,1918,61.0864
2023-11-12T12:00:00.000Z,1917,1921,1913,1915,83.5268
2023-11-12T16:00:00.000Z,1916,1921,1913,1918,58.6694
2023-11-12T20:00:00.000Z,1918,1921,1913,1919,124.8239
2023-11-13T00:00:00.000Z,1919,1921,1915,1915,61.2448
2023-11-13T04:00:00.000Z,1915,1919,1914,1918,50.6299
2023-11-13T08:00:00.000Z,1918,1921,1914,1917,93.6474
2023-11-13T12:00:00.000Z,1916,1921,1913,1919,170.7863
2023-11-13T16:00:00.000Z,1918,1935,1918,1928,314.5757
2023-11-13T20:00:00.000Z,1928,1941,1923,1929,283.0479
2023-11-14T00:00:00.000Z,1930,1937,1926,1930,89.7778
2023-11-14T04:00:00.000Z,1929,1933,1921,1925,130.9212
2023-11-14T08:00:00.000Z,1925,1930,1925,1927,80.7872
2023-11-14T12:00:00.000Z,1927,1953,1922,1944,452.4328
2023-11-14T16:00:00.000Z,1944,1948,1939,1942,349.8083
2023-11-14T20:00:00.000Z,1942,1945,1906,1942,360.8351
2023-11-15T00:00:00.000Z,1941,1945,1940,1944,63.7122
2023-11-15T04:00:00.000Z,1944,1949,1944,1949,101.8226
2023-11-15T08:00:00.000Z,1949,1959,1940,1952,265.7877
2023-11-15T12:00:00.000Z,1952,1958,1940,1946,187.4839
2023-11-15T16:00:00.000Z,1946,1952,1939,1941,192.9162
2023-11-15T20:00:00.000Z,1940,1946,1933,1939,243.2954
2023-11-16T00:00:00.000Z,1940,1944,1930,1941,148.3795
2023-11-16T04:00:00.000Z,1941,1946,1940,1944,96.363
2023-11-16T08:00:00.000Z,1944,1948,1938,1944,343.7334
2023-11-16T12:00:00.000Z,1943,1965,1937,1963,380.429
2023-11-16T16:00:00.000Z,1963,1966,1956,1963,228.9036
2023-11-16T20:00:00.000Z,1962,1963,1957,1960,111.269
2023-11-17T00:00:00.000Z,1960,1967,1960,1966,75.3256
2023-11-17T04:00:00.000Z,1966,1968,1962,1966,117.4455
2023-11-17T08:00:00.000Z,1967,1972,1965,1969,102.5517
2023-11-17T12:00:00.000Z,1968,1977,1965,1971,267.8725
2023-11-17T16:00:00.000Z,1971,1972,1965,1967,251.1853
2023-11-17T20:00:00.000Z,1967,1974,1965,1967,81.4208
2023-11-18T00:00:00.000Z,1967,1969,1965,1965,39.2987
2023-11-18T04:00:00.000Z,1966,1969,1959,1962,74.0016
2023-11-18T08:00:00.000Z,1962,1965,1958,1960,46.3764
2023-11-18T12:00:00.000Z,1961,1966,1958,1961,87.0511
2023-11-18T16:00:00.000Z,1960,1966,1959,1960,80.7387
2023-11-18T20:00:00.000Z,1960,1967,1959,1960,52.1745
2023-11-19T00:00:00.000Z,1961,1963,1959,1961,24.1457
2023-11-19T04:00:00.000Z,1961,1966,1959,1959,38.5701
2023-11-19T08:00:00.000Z,1959,1963,1958,1961,88.8567
2023-11-19T12:00:00.000Z,1960,1965,1959,1960,34.219
2023-11-19T16:00:00.000Z,1960,1963,1958,1961,57.2288
2023-11-19T20:00:00.000Z,1961,1964,1951,1957,145.2207
2023-11-20T00:00:00.000Z,1958,1965,1953,1961,66.3967
2023-11-20T04:00:00.000Z,1960,1965,1958,1960,71.8878
2023-11-20T08:00:00.000Z,1960,1963,1951,1958,122.8527
2023-11-20T12:00:00.000Z,1958,1958,1950,1952,110.8649
2023-11-20T16:00:00.000Z,1952,1964,1951,1962,182.6363
2023-11-20T20:00:00.000Z,1963,1963,1955,1961,39.9736
2023-11-21T00:00:00.000Z,1961,1972,1959,1972,108.8792
2023-11-21T04:00:00.000Z,1971,1985,1970,1983,380.536
2023-11-21T08:00:00.000Z,1981,1985,1969,1972,142.9175
2023-11-21T12:00:00.000Z,1972,1989,1968,1986,366.6841
2023-11-21T16:00:00.000Z,1985,1988,1976,1982,333.857
2023-11-21T20:00:00.000Z,1981,1984,1966,1977,201.762
2023-11-22T00:00:00.000Z,1977,1983,1975,1978,163.7949
2023-11-22T04:00:00.000Z,1977,1984,1977,1983,77.4171
2023-11-22T08:00:00.000Z,1984,1985,1979,1982,132.161
2023-11-22T12:00:00.000Z,1981,1988,1974,1978,199.5889
2023-11-22T16:00:00.000Z,1978,1984,1974,1980,152.6536
2023-11-22T20:00:00.000Z,1980,1983,1972,1982,90.2147
2023-11-23T00:00:00.000Z,1982,1985,1978,1980,161.1278
2023-11-23T04:00:00.000Z,1980,1988,1978,1979,64.0148
2023-11-23T08:00:00.000Z,1979,1982,1976,1980,202.305
2023-11-23T12:00:00.000Z,1979,1988,1977,1981,122.5478
2023-11-23T16:00:00.000Z,1981,1986,1976,1977,101.3212
2023-11-23T20:00:00.000Z,1978,1981,1976,1980,48.0962
2023-11-24T00:00:00.000Z,1979,1982,1977,1981,23.8016
2023-11-24T04:00:00.000Z,1979,1983,1976,1981,37.1008
2023-11-24T08:00:00.000Z,1981,1987,1976,1982,130.6115
2023-11-24T12:00:00.000Z,1982,1987,1978,1983,123.767
2023-11-24T16:00:00.000Z,1983,1989,1979,1987,175.9192
2023-11-24T20:00:00.000Z,1986,1989,1982,1985,61.7379
2023-11-25T00:00:00.000Z,1985,1989,1984,1988,24.8041
2023-11-25T04:00:00.000Z,1987,1988,1983,1985,111.3902
2023-11-25T08:00:00.000Z,1984,1988,1975,1983,182.972
2023-11-25T12:00:00.000Z,1982,1987,1982,1984,60.9894
2023-11-25T16:00:00.000Z,1984,1988,1982,1984,81.6348
2023-11-25T20:00:00.000Z,1984,1985,1982,1983,55.1536
2023-11-26T00:00:00.000Z,1982,1985,1982,1983,78.5253
2023-11-26T04:00:00.000Z,1982,1985,1982,1983,27.6619
2023-11-26T08:00:00.000Z,1982,1986,1982,1985,22.7005
2023-11-26T12:00:00.000Z,1984,1985,1980,1983,67.6561
2023-11-26T16:00:00.000Z,1982,1989,1980,1985,101.6739
2023-11-26T20:00:00.000Z,1984,1985,1981,1984,78.3354
2023-11-27T00:00:00.000Z,1983,1997,1983,1994,330.5123
2023-11-27T04:00:00.000Z,1993,1997,1990,1996,126.4448
2023-11-27T08:00:00.000Z,1996,1997,1992,1995,129.7411
2023-11-27T12:00:00.000Z,1994,1998,1993,1994,184.9654
2023-11-27T16:00:00.000Z,1994,1999,1991,1996,142.7898
2023-11-27T20:00:00.000Z,1996,2000,1992,1997,279.2414
2023-11-28T00:00:00.000Z,1997,1999,1996,1996,79.114
2023-11-28T04:00:00.000Z,1996,2000,1993,1997,76.6896
2023-11-28T08:00:00.000Z,1996,2000,1993,1999,66.3974
2023-11-28T12:00:00.000Z,1998,2012,1997,2011,473.1348
2023-11-28T16:00:00.000Z,2012,2031,2011,2026,578.9546
2023-11-28T20:00:00.000Z,2026,2026,2018,2023,117.0393
2023-11-29T00:00:00.000Z,2023,2031,2011,2027,185.1088
2023-11-29T04:00:00.000Z,2027,2028,2019,2021,55.3143
2023-11-29T08:00:00.000Z,2021,2028,2017,2025,96.0854
2023-11-29T12:00:00.000Z,2025,2027,2018,2022,131.1034
2023-11-29T16:00:00.000Z,2022,2029,2018,2027,193.698
2023-11-29T20:00:00.000Z,2027,2027,2022,2025,46.5687
2023-11-30T00:00:00.000Z,2024,2028,2021,2027,70.6834
2023-11-30T04:00:00.000Z,2027,2028,2021,2026,46.9223
2023-11-30T08:00:00.000Z,2025,2026,2015,2020,86.059
2023-11-30T12:00:00.000Z,2020,2031,2018,2025,208.6557
2023-11-30T16:00:00.000Z,2024,2028,2019,2022,95.6742
2023-11-30T20:00:00.000Z,2021,2023,2018,2023,86.0429
2023-12-01T00:00:00.000Z,2023,2027,2022,2023,44.4246
2023-12-01T04:00:00.000Z,2023,2027,2022,2025,101.9782
2023-12-01T08:00:00.000Z,2024,2032,2021,2022,226.9949
2023-12-01T12:00:00.000Z,2022,2035,2019,2033,199.0717
2023-12-01T16:00:00.000Z,2033,2056,2032,2049,866.3742
2023-12-01T20:00:00.000Z,2048,2058,2045,2051,187.7288
2023-12-02T00:00:00.000Z,2050,2053,2046,2050,71.0782
2023-12-02T04:00:00.000Z,2049,2051,2045,2049,150.8911
2023-12-02T08:00:00.000Z,2048,2049,2043,2047,103.132
2023-12-02T12:00:00.000Z,2047,2048,2045,2045,75.9093
2023-12-02T16:00:00.000Z,2045,2048,2042,2048,163.6799
2023-12-02T20:00:00.000Z,2048,2048,2042,2044,167.073
2023-12-03T00:00:00.000Z,2044,2048,2043,2046,69.8352
2023-12-03T04:00:00.000Z,2047,2048,2041,2045,91.1199
2023-12-03T08:00:00.000Z,2046,2047,2041,2044,74.8812
2023-12-03T12:00:00.000Z,2043,2047,2042,2046,87.5023
2023-12-03T16:00:00.000Z,2046,2050,2042,2046,167.7721
2023-12-03T20:00:00.000Z,2046,2095,2041,2088,916.8986
2023-12-04T00:00:00.000Z,2090,2090,2060,2066,196.0409
2023-12-04T04:00:00.000Z,2064,2070,2044,2045,377.7079
2023-12-04T08:00:00.000Z,2045,2056,2030,2053,336.463
2023-12-04T12:00:00.000Z,2053,2055,2014,2021,447.9456
2023-12-04T16:00:00.000Z,2021,2030,2015,2025,259.8281
2023-12-04T20:00:00.000Z,2026,2028,2018,2026,128.3581
2023-12-05T00:00:00.000Z,2026,2034,2024,2028,172.4762
2023-12-05T04:00:00.000Z,2029,2030,2023,2027,89.3129
2023-12-05T08:00:00.000Z,2027,2029,2010,2016,131.8537
2023-12-05T12:00:00.000Z,2017,2020,2006,2017,318.3311
2023-12-05T16:00:00.000Z,2017,2021,2009,2017,216.4756
2023-12-05T20:00:00.000Z,2016,2018,2009,2012,191.3106
2023-12-06T00:00:00.000Z,2012,2017,2010,2016,126.5377
2023-12-06T04:00:00.000Z,2017,2020,2011,2020,100.3736
2023-12-06T08:00:00.000Z,2020,2020,2003,2003,172.726
2023-12-06T12:00:00.000Z,2003,2015,2002,2012,304.2429
2023-12-06T16:00:00.000Z,2012,2019,2003,2013,146.7093
2023-12-06T20:00:00.000Z,2013,2013,2003,2007,51.7633
2023-12-07T00:00:00.000Z,2007,2012,2006,2008,42.3933
2023-12-07T04:00:00.000Z,2008,2013,2005,2013,37.4509
2023-12-07T08:00:00.000Z,2013,2025,2009,2018,278.87
2023-12-07T12:00:00.000Z,2017,2026,2010,2015,290.1504
2023-12-07T16:00:00.000Z,2015,2019,2009,2016,84.4274
2023-12-07T20:00:00.000Z,2016,2023,2011,2018,138.9619
2023-12-08T00:00:00.000Z,2018,2023,2017,2022,44.8674
2023-12-08T04:00:00.000Z,2022,2023,2019,2021,60.0587
2023-12-08T08:00:00.000Z,2021,2021,2014,2015,70.92
2023-12-08T12:00:00.000Z,2015,2019,1996,2004,350.3804
2023-12-08T16:00:00.000Z,2004,2005,1989,1996,312.0627
2023-12-08T20:00:00.000Z,1997,2004,1995,2003,298.3191
2023-12-09T00:00:00.000Z,2003,2012,1990,2001,216.5206
2023-12-09T04:00:00.000Z,2001,2004,1994,1997,172.7565
2023-12-09T08:00:00.000Z,1997,1998,1979,1990,451.2693
2023-12-09T12:00:00.000Z,1990,1992,1981,1984,113.3534
2023-12-09T16:00:00.000Z,1985,1992,1983,1986,107.2514
2023-12-09T20:00:00.000Z,1986,1997,1980,1997,152.9809
2023-12-10T00:00:00.000Z,1997,1998,1991,1992,58.0825
2023-12-10T04:00:00.000Z,1992,1995,1983,1985,63.5168
2023-12-10T08:00:00.000Z,1985,1996,1983,1994,141.443
2023-12-10T12:00:00.000Z,1994,1998,1984,1985,106.0389
2023-12-10T16:00:00.000Z,1987,1989,1983,1987,73.0586
2023-12-10T20:00:00.000Z,1987,1993,1982,1990,148.67
2023-12-11T00:00:00.000Z,1991,1994,1975,1980,301.4184
2023-12-11T04:00:00.000Z,1980,1982,1975,1979,198.7945
2023-12-11T08:00:00.000Z,1980,1980,1973,1978,160.9997
2023-12-11T12:00:00.000Z,1978,1979,1967,1973,375.6854
2023-12-11T16:00:00.000Z,1972,1976,1966,1970,307.3077
2023-12-11T20:00:00.000Z,1969,1975,1965,1970,185.0614
2023-12-12T00:00:00.000Z,1970,1974,1966,1973,87.4897
2023-12-12T04:00:00.000Z,1973,1973,1965,1972,96.6071
2023-12-12T08:00:00.000Z,1972,1973,1967,1970,95.7392
2023-12-12T12:00:00.000Z,1971,1979,1957,1968,313.3246
2023-12-12T16:00:00.000Z,1968,1971,1958,1964,209.322
2023-12-12T20:00:00.000Z,1964,1966,1960,1964,47.7449
2023-12-13T00:00:00.000Z,1964,1966,1957,1960,171.5781
2023-12-13T04:00:00.000Z,1960,1965,1953,1961,111.081
2023-12-13T08:00:00.000Z,1961,1964,1958,1962,61.9145
2023-12-13T12:00:00.000Z,1963,1970,1950,1966,199.0868
2023-12-13T16:00:00.000Z,1966,1997,1962,1992,325.4905
2023-12-13T20:00:00.000Z,1992,2012,1991,2011,337.3299
2023-12-14T00:00:00.000Z,2012,2020,2009,2011,200.6629
2023-12-14T04:00:00.000Z,2010,2017,2008,2012,144.7451
2023-12-14T08:00:00.000Z,2012,2019,2009,2013,189.6513
2023-12-14T12:00:00.000Z,2013,2029,2001,2023,596.8931
2023-12-14T16:00:00.000Z,2021,2025,2008,2011,128.9934
2023-12-14T20:00:00.000Z,2012,2021,2011,2017,83.3522
2023-12-15T00:00:00.000Z,2017,2027,2009,2015,225.0755
2023-12-15T04:00:00.000Z,2014,2022,2012,2018,52.2178
2023-12-15T08:00:00.000Z,2017,2023,2016,2020,58.1622
2023-12-15T12:00:00.000Z,2019,2022,2007,2014,188.0096
2023-12-15T16:00:00.000Z,2015,2018,2003,2004,88.175
2023-12-15T20:00:00.000Z,2004,2007,2001,2003,34.2677
2023-12-16T00:00:00.000Z,2003,2007,2002,2006,18.1486
2023-12-16T04:00:00.000Z,2006,2008,1995,1995,56.9183
2023-12-16T08:00:00.000Z,1997,1999,1995,1997,36.3358
2023-12-16T12:00:00.000Z,1996,1999,1995,1997,44.682
2023-12-16T16:00:00.000Z,1998,1999,1993,1993,114.7975
2023-12-16T20:00:00.000Z,1994,1999,1993,1995,54.7697
2023-12-17T00:00:00.000Z,1996,1998,1990,1994,68.1081
2023-12-17T04:00:00.000Z,1994,1998,1989,1997,61.6952
2023-12-17T08:00:00.000Z,1997,1999,1993,1995,36.3073
2023-12-17T12:00:00.000Z,1995,1999,1992,1997,63.2267
2023-12-17T16:00:00.000Z,1998,2002,1992,1997,51.7035
2023-12-17T20:00:00.000Z,1997,2001,1994,1999,99.0457
2023-12-18T00:00:00.000Z,1997,2005,1997,2004,77.7282
2023-12-18T04:00:00.000Z,2003,2007,2001,2002,88.409
2023-12-18T08:00:00.000Z,2003,2010,1998,2005,173.1199
2023-12-18T12:00:00.000Z,2004,2012,2003,2004,183.5315
2023-12-18T16:00:00.000Z,2004,2014,2003,2013,101.0578
2023-12-18T20:00:00.000Z,2012,2019,2007,2011,139.7176
2023-12-19T00:00:00.000Z,2012,2020,2009,2010,91.23
2023-12-19T04:00:00.000Z,2009,2023,2005,2015,144.7556
2023-12-19T08:00:00.000Z,2015,2019,2008,2009,83.6955
2023-12-19T12:00:00.000Z,2008,2026,2008,2021,239.5653
2023-12-19T16:00:00.000Z,2021,2028,2020,2024,160.3609
2023-12-19T20:00:00.000Z,2024,2025,2018,2020,69.1917
2023-12-20T00:00:00.000Z,2020,2023,2018,2022,26.6425
2023-12-20T04:00:00.000Z,2023,2028,2020,2022,71.3581
2023-12-20T08:00:00.000Z,2021,2023,2015,2018,37.4919
2023-12-20T12:00:00.000Z,2018,2023,2011,2015,142.8847
2023-12-20T16:00:00.000Z,2015,2018,2011,2012,112.211
2023-12-20T20:00:00.000Z,2012,2016,2007,2012,126.5432
2023-12-21T00:00:00.000Z,2011,2022,2011,2018,145.7886
2023-12-21T04:00:00.000Z,2016,2024,2012,2014,86.1368
2023-12-21T08:00:00.000Z,2014,2019,2010,2013,229.519
2023-12-21T12:00:00.000Z,2012,2026,2012,2021,310.6455
2023-12-21T16:00:00.000Z,2020,2026,2015,2024,149.9864
2023-12-21T20:00:00.000Z,2025,2033,2022,2030,241.0979
2023-12-22T00:00:00.000Z,2030,2033,2026,2028,76.3771
2023-12-22T04:00:00.000Z,2027,2030,2026,2028,95.6214
2023-12-22T08:00:00.000Z,2027,2041,2027,2040,208.5585
2023-12-22T12:00:00.000Z,2040,2048,2036,2040,272.3444
2023-12-22T16:00:00.000Z,2040,2047,2030,2033,177.826
2023-12-22T20:00:00.000Z,2033,2034,2027,2028,107.4444
2023-12-23T00:00:00.000Z,2028,2032,2027,2030,65.346
2023-12-23T04:00:00.000Z,2030,2038,2030,2032,36.317
2023-12-23T08:00:00.000Z,2031,2035,2026,2030,134.9333
2023-12-23T12:00:00.000Z,2031,2031,2024,2028,70.7528
2023-12-23T16:00:00.000Z,2028,2031,2025,2029,83.7487
2023-12-23T20:00:00.000Z,2029,2029,2025,2026,96.7459
2023-12-24T00:00:00.000Z,2025,2029,2024,2027,50.9897
2023-12-24T04:00:00.000Z,2026,2029,2023,2027,40.8172
2023-12-24T08:00:00.000Z,2027,2031,2024,2028,61.59
2023-12-24T12:00:00.000Z,2028,2031,2026,2029,61.2033
2023-12-24T16:00:00.000Z,2029,2032,2026,2027,53.9502
2023-12-24T20:00:00.000Z,2026,2031,2023,2029,67.6196
2023-12-25T00:00:00.000Z,2028,2031,2023,2029,45.7164
2023-12-25T04:00:00.000Z,2028,2032,2026,2026,56.1425
2023-12-25T08:00:00.000Z,2027,2030,2021,2028,94.2273
2023-12-25T12:00:00.000Z,2028,2029,2016,2028,222.1422
2023-12-25T16:00:00.000Z,2028,2030,2021,2023,87.9599
2023-12-25T20:00:00.000Z,2023,2033,2021,2031,144.8944
2023-12-26T00:00:00.000Z,2030,2035,2026,2034,148.1894
2023-12-26T04:00:00.000Z,2034,2037,2027,2032,130.4325
2023-12-26T08:00:00.000Z,2033,2039,2026,2037,239.5737
2023-12-26T12:00:00.000Z,2039,2039,2024,2031,158.8548
2023-12-26T16:00:00.000Z,2031,2038,2025,2036,274.2739
2023-12-26T20:00:00.000Z,2036,2039,2028,2036,147.9778
2023-12-27T00:00:00.000Z,2035,2039,2035,2037,64.4761
2023-12-27T04:00:00.000Z,2037,2040,2034,2037,61.0427
2023-12-27T08:00:00.000Z,2037,2044,2035,2040,113.9354
2023-12-27T12:00:00.000Z,2041,2049,2036,2046,267.544
2023-12-27T16:00:00.000Z,2046,2055,2044,2053,263.2047
2023-12-27T20:00:00.000Z,2052,2058,2043,2053,163.3233
2023-12-28T00:00:00.000Z,2052,2067,2051,2062,112.6239
2023-12-28T04:00:00.000Z,2059,2068,2057,2065,96.6924
2023-12-28T08:00:00.000Z,2062,2065,2050,2054,77.1487
2023-12-28T12:00:00.000Z,2054,2069,2047,2064,233.8297
2023-12-28T16:00:00.000Z,2062,2068,2044,2044,106.9112
2023-12-28T20:00:00.000Z,2044,2051,2040,2047,45.1797
2023-12-29T00:00:00.000Z,2047,2053,2040,2048,98.5945
2023-12-29T04:00:00.000Z,2047,2052,2042,2047,89.5198
2023-12-29T08:00:00.000Z,2047,2054,2040,2044,126.516
2023-12-29T12:00:00.000Z,2043,2049,2030,2033,247.3916
2023-12-29T16:00:00.000Z,2034,2053,2030,2039,278.2891
2023-12-29T20:00:00.000Z,2037,2044,2032,2035,90.488
2023-12-30T00:00:00.000Z,2034,2040,2022,2029,123.3298
2023-12-30T04:00:00.000Z,2029,2035,2027,2029,33.0373
2023-12-30T08:00:00.000Z,2030,2044,2027,2032,89.575
2023-12-30T12:00:00.000Z,2031,2033,2025,2033,89.1442
2023-12-30T16:00:00.000Z,2032,2033,2028,2029,55.1385
2023-12-30T20:00:00.000Z,2029,2032,2027,2029,43.3156
2023-12-31T00:00:00.000Z,2028,2032,2027,2029,23.4179
2023-12-31T04:00:00.000Z,2029,2032,2028,2030,14.5552
2023-12-31T08:00:00.000Z,2030,2035,2027,2029,69.7349
2023-12-31T12:00:00.000Z,2029,2036,2027,2031,86.6402
2023-12-31T16:00:00.000Z,2031,2035,2028,2033,53.6694
2023-12-31T20:00:00.000Z,2032,2034,2024,2028,127.75
2024-01-01T00:00:00.000Z,2027,2034,2027,2028,24.8618
2024-01-01T04:00:00.000Z,2028,2030,2026,2028,33.7643
2024-01-01T08:00:00.000Z,2028,2034,2026,2034,90.9954
2024-01-01T12:00:00.000Z,2034,2034,2024,2031,80.0836
2024-01-01T16:00:00.000Z,2030,2038,2028,2031,71.8874
2024-01-01T20:00:00.000Z,2030,2036,2028,2029,75.2345
2024-01-02T00:00:00.000Z,2029,2040,2025,2038,256.3651
2024-01-02T04:00:00.000Z,2037,2051,2037,2041,117.6811
2024-01-02T08:00:00.000Z,2041,2048,2006,2039,329.6661
2024-01-02T12:00:00.000Z,2039,2045,2029,2036,220.9098
2024-01-02T16:00:00.000Z,2035,2047,2031,2037,125.5624
2024-01-02T20:00:00.000Z,2037,2039,2029,2035,87.3221
2024-01-03T00:00:00.000Z,2033,2039,2030,2035,68.5958
2024-01-03T04:00:00.000Z,2035,2041,2032,2038,53.8927
2024-01-03T08:00:00.000Z,2038,2043,2019,2022,192.3737
2024-01-03T12:00:00.000Z,2022,2031,2000,2009,576.8406
2024-01-03T16:00:00.000Z,2007,2030,2001,2011,219.7098
2024-01-03T20:00:00.000Z,2011,2020,2009,2018,86.9877
2024-01-04T00:00:00.000Z,2018,2025,2017,2022,38.9545
2024-01-04T04:00:00.000Z,2021,2028,2019,2022,48.1457
2024-01-04T08:00:00.000Z,2022,2028,2020,2022,92.0829
2024-01-04T12:00:00.000Z,2021,2027,2010,2019,196.2557
2024-01-04T16:00:00.000Z,2019,2023,2013,2021,155.8511
2024-01-04T20:00:00.000Z,2021,2023,2019,2021,72.6465
2024-01-05T00:00:00.000Z,2021,2026,2020,2023,136.1581
2024-01-05T04:00:00.000Z,2022,2028,2020,2021,117.4339
2024-01-05T08:00:00.000Z,2022,2028,2018,2019,80.393
2024-01-05T12:00:00.000Z,2019,2037,2011,2033,268.5728
2024-01-05T16:00:00.000Z,2033,2040,2014,2023,151.6517
2024-01-05T20:00:00.000Z,2022,2026,2017,2020,52.1859
2024-01-06T00:00:00.000Z,2021,2022,2016,2019,31.0473
2024-01-06T04:00:00.000Z,2018,2021,2017,2018,35.5807
2024-01-06T08:00:00.000Z,2018,2021,2017,2020,45.7162
2024-01-06T12:00:00.000Z,2020,2022,2004,2015,213.7081
2024-01-06T16:00:00.000Z,2015,2021,2012,2013,58.8804
2024-01-06T20:00:00.000Z,2013,2021,2011,2016,26.1539
2024-01-07T00:00:00.000Z,2017,2021,2014,2017,23.6872
2024-01-07T04:00:00.000Z,2016,2018,2013,2014,11.3015
2024-01-07T08:00:00.000Z,2014,2019,2011,2015,28.0481
2024-01-07T12:00:00.000Z,2015,2017,2012,2013,28.9155
2024-01-07T16:00:00.000Z,2013,2020,2009,2017,122.6698
2024-01-07T20:00:00.000Z,2017,2020,2012,2015,56.9996
2024-01-08T00:00:00.000Z,2014,2025,2010,2018,164.1645
2024-01-08T04:00:00.000Z,2017,2018,2004,2009,58.8608
2024-01-08T08:00:00.000Z,2009,2024,2005,2012,218.3434
2024-01-08T12:00:00.000Z,2012,2015,2004,2009,163.9695
2024-01-08T16:00:00.000Z,2010,2016,2000,2006,282.6669
2024-01-08T20:00:00.000Z,2008,2010,2003,2007,82.4824
2024-01-09T00:00:00.000Z,2008,2014,2008,2012,72.1608
2024-01-09T04:00:00.000Z,2011,2016,2008,2013,70.2526
2024-01-09T08:00:00.000Z,2014,2019,2009,2014,72.0152
2024-01-09T12:00:00.000Z,2015,2021,2008,2013,115.1056
2024-01-09T16:00:00.000Z,2013,2022,2007,2013,95.9613
2024-01-09T20:00:00.000Z,2014,2020,2006,2015,117.8952
2024-01-10T00:00:00.000Z,2014,2023,2014,2016,53.1227
2024-01-10T04:00:00.000Z,2015,2028,2010,2014,80.9598
2024-01-10T08:00:00.000Z,2016,2021,2008,2015,148.6871
2024-01-10T12:00:00.000Z,2014,2020,2007,2016,220.5136
2024-01-10T16:00:00.000Z,2016,2016,2001,2005,156.8819
2024-01-10T20:00:00.000Z,2004,2012,1994,2000,833.5927
2024-01-11T00:00:00.000Z,1999,2005,1991,2001,524.1811
2024-01-11T04:00:00.000Z,2000,2011,1998,2009,238.1588
2024-01-11T08:00:00.000Z,2009,2011,2002,2007,219.9948
2024-01-11T12:00:00.000Z,2007,2010,1999,2000,292.8121
2024-01-11T16:00:00.000Z,1999,2006,1990,2003,283.2898
2024-01-11T20:00:00.000Z,2004,2015,1999,2012,124.655
2024-01-12T00:00:00.000Z,2011,2014,2004,2008,85.6096
2024-01-12T04:00:00.000Z,2007,2016,2005,2015,159.9481
2024-01-12T08:00:00.000Z,2015,2028,2012,2024,324.6426
2024-01-12T12:00:00.000Z,2025,2034,2018,2030,375.0369
2024-01-12T16:00:00.000Z,2029,2032,2012,2022,278.1894
2024-01-12T20:00:00.000Z,2023,2029,2014,2022,252.3435
2024-01-13T00:00:00.000Z,2021,2023,2018,2021,116.5725
2024-01-13T04:00:00.000Z,2021,2024,2019,2023,62.7768
2024-01-13T08:00:00.000Z,2023,2024,2019,2023,81.5535
2024-01-13T12:00:00.000Z,2022,2027,2016,2022,183.9429
2024-01-13T16:00:00.000Z,2021,2026,2018,2021,110.1871
2024-01-13T20:00:00.000Z,2021,2024,2017,2018,69.844
2024-01-14T00:00:00.000Z,2018,2019,2015,2017,48.9754
2024-01-14T04:00:00.000Z,2016,2021,2015,2017,13.7387
2024-01-14T08:00:00.000Z,2017,2025,2015,2023,60.9064
2024-01-14T12:00:00.000Z,2021,2024,2017,2019,39.7111
2024-01-14T16:00:00.000Z,2018,2024,2016,2018,55.7081
2024-01-14T20:00:00.000Z,2018,2025,2016,2022,124.3414
2024-01-15T00:00:00.000Z,2022,2047,2022,2033,282.9517
2024-01-15T04:00:00.000Z,2034,2042,2030,2041,122.3073
2024-01-15T08:00:00.000Z,2041,2050,2040,2041,95.2025
2024-01-15T12:00:00.000Z,2041,2042,2040,2040,75.345
2024-01-15T16:00:00.000Z,2041,2049,2033,2037,197.1319
2024-01-15T20:00:00.000Z,2039,2043,2034,2040,57.781
2024-01-16T00:00:00.000Z,2040,2047,2026,2038,84.508
2024-01-16T04:00:00.000Z,2037,2039,2028,2031,23.3692
2024-01-16T08:00:00.000Z,2030,2035,2022,2028,94.3345
2024-01-16T12:00:00.000Z,2027,2032,2016,2028,96.2172
2024-01-16T16:00:00.000Z,2030,2032,2011,2019,82.1967
2024-01-16T20:00:00.000Z,2018,2027,2017,2018,62.5058
2024-01-17T00:00:00.000Z,2019,2026,2017,2019,50.9074
2024-01-17T04:00:00.000Z,2019,2021,2011,2018,50.1603
2024-01-17T08:00:00.000Z,2016,2019,2005,2009,126.0955
2024-01-17T12:00:00.000Z,2010,2017,2001,2005,186.2617
2024-01-17T16:00:00.000Z,2005,2008,2000,2007,159.8337
2024-01-17T20:00:00.000Z,2007,2012,2002,2005,90.0317
2024-01-18T00:00:00.000Z,2005,2011,2004,2008,38.6275
2024-01-18T04:00:00.000Z,2008,2011,2003,2010,39.047
2024-01-18T08:00:00.000Z,2010,2011,2001,2009,83.4245
2024-01-18T12:00:00.000Z,2009,2011,2002,2009,108.7422
2024-01-18T16:00:00.000Z,2008,2018,2004,2012,203.8543
2024-01-18T20:00:00.000Z,2011,2020,2004,2016,134.8421
2024-01-19T00:00:00.000Z,2015,2020,2013,2019,58.0035
2024-01-19T04:00:00.000Z,2018,2020,2015,2019,72.8496
2024-01-19T08:00:00.000Z,2019,2022,2014,2019,45.9229
2024-01-19T12:00:00.000Z,2020,2022,2005,2016,213.5642
2024-01-19T16:00:00.000Z,2016,2020,2005,2014,269.1788
2024-01-19T20:00:00.000Z,2014,2017,2008,2010,49.0467
2024-01-20T00:00:00.000Z,2010,2011,2008,2008,38.56
2024-01-20T04:00:00.000Z,2008,2015,2007,2010,47.4552
2024-01-20T08:00:00.000Z,2010,2017,2007,2009,57.7498
2024-01-20T12:00:00.000Z,2010,2014,2009,2011,15.5449
2024-01-20T16:00:00.000Z,2011,2012,2009,2011,36.1414
2024-01-20T20:00:00.000Z,2011,2014,2009,2014,16.1798
2024-01-21T00:00:00.000Z,2013,2016,2011,2013,13.6603
2024-01-21T04:00:00.000Z,2012,2013,2007,2012,22.8536
2024-01-21T08:00:00.000Z,2011,2013,2007,2009,97.0655
2024-01-21T12:00:00.000Z,2009,2013,2006,2012,55.6658
2024-01-21T16:00:00.000Z,2012,2014,2008,2009,38.3019
2024-01-21T20:00:00.000Z,2008,2012,2006,2008,53.0267
2024-01-22T00:00:00.000Z,2008,2012,2006,2007,33.7165
2024-01-22T04:00:00.000Z,2007,2009,2004,2007,30.332
2024-01-22T08:00:00.000Z,2007,2010,2003,2006,78.8304
2024-01-22T12:00:00.000Z,2006,2011,2002,2005,239.4108
2024-01-22T16:00:00.000Z,2005,2011,2000,2003,402.5942
2024-01-22T20:00:00.000Z,2002,2007,2000,2001,77.224
2024-01-23T00:00:00.000Z,2002,2008,2000,2008,28.2134
2024-01-23T04:00:00.000Z,2007,2016,2007,2011,66.9113
2024-01-23T08:00:00.000Z,2011,2014,2003,2006,244.3998
2024-01-23T12:00:00.000Z,2006,2010,2002,2005,129.34
2024-01-23T16:00:00.000Z,2004,2011,2002,2009,170.3332
2024-01-23T20:00:00.000Z,2009,2012,2005,2009,124.8925
2024-01-24T00:00:00.000Z,2009,2010,2005,2006,19.7509
2024-01-24T04:00:00.000Z,2006,2011,2005,2010,23.9991
2024-01-24T08:00:00.000Z,2010,2015,2009,2012,103.9471
2024-01-24T12:00:00.000Z,2012,2015,2002,2003,84.4448
2024-01-24T16:00:00.000Z,2005,2009,2000,2003,140.9152
2024-01-24T20:00:00.000Z,2003,2006,2000,2004,98.6035
2024-01-25T00:00:00.000Z,2004,2006,1999,1999,49.7405
2024-01-25T04:00:00.000Z,1999,2007,1994,2003,169.9609
2024-01-25T08:00:00.000Z,2004,2004,1996,2000,61.2272
2024-01-25T12:00:00.000Z,2000,2010,1997,2006,317.4498
2024-01-25T16:00:00.000Z,2006,2012,2004,2009,128.7205
2024-01-25T20:00:00.000Z,2008,2009,2000,2003,59.4147
2024-01-26T00:00:00.000Z,2004,2007,2000,2003,40.7499
2024-01-26T04:00:00.000Z,2004,2010,2001,2004,113.3265
2024-01-26T08:00:00.000Z,2003,2010,2002,2006,81.4177
2024-01-26T12:00:00.000Z,2005,2008,2002,2004,95.8642
2024-01-26T16:00:00.000Z,2005,2007,1999,2000,145.1561
2024-01-26T20:00:00.000Z,2000,2004,1998,1999,61.2383
2024-01-27T00:00:00.000Z,1999,2004,1997,1999,32.9962
2024-01-27T04:00:00.000Z,1999,2003,1997,1999,27.5839
2024-01-27T08:00:00.000Z,1999,2002,1993,2000,129.0432
2024-01-27T12:00:00.000Z,1999,2001,1997,2001,23.7294
2024-01-27T16:00:00.000Z,2000,2003,1996,2000,112.069
2024-01-27T20:00:00.000Z,2000,2002,1997,1998,41.6597
2024-01-28T00:00:00.000Z,1998,2002,1997,2000,60.1392
2024-01-28T04:00:00.000Z,1999,2003,1998,1999,26.9859
2024-01-28T08:00:00.000Z,1999,2004,1994,1999,118.7139
2024-01-28T12:00:00.000Z,1999,2002,1998,2000,51.6984
2024-01-28T16:00:00.000Z,1999,2006,1997,2003,124.8329
2024-01-28T20:00:00.000Z,2003,2008,2003,2007,164.6173
2024-01-29T00:00:00.000Z,2007,2009,2006,2007,29.2563
2024-01-29T04:00:00.000Z,2006,2012,2005,2011,101.2945
2024-01-29T08:00:00.000Z,2011,2013,2005,2007,55.0106
2024-01-29T12:00:00.000Z,2007,2016,2005,2012,160.3803
2024-01-29T16:00:00.000Z,2012,2015,2008,2010,73.6106
2024-01-29T20:00:00.000Z,2010,2015,2001,2009,806.3913
2024-01-30T00:00:00.000Z,2009,2010,2007,2008,98.5879
2024-01-30T04:00:00.000Z,2008,2010,2002,2006,212.7852
2024-01-30T08:00:00.000Z,2006,2010,2003,2010,226.8652
2024-01-30T12:00:00.000Z,2010,2014,2003,2009,379.0498
2024-01-30T16:00:00.000Z,2008,2015,2008,2014,118.8212
2024-01-30T20:00:00.000Z,2014,2016,2013,2015,110.8904
2024-01-31T00:00:00.000Z,2015,2017,2012,2014,55.093
2024-01-31T04:00:00.000Z,2014,2018,2013,2017,80.2416
2024-01-31T08:00:00.000Z,2017,2019,2014,2016,150.6102
2024-01-31T12:00:00.000Z,2017,2036,2014,2030,455.8614
2024-01-31T16:00:00.000Z,2031,2034,2021,2026,168.9969
2024-01-31T20:00:00.000Z,2026,2027,2012,2023,184.9015
2024-02-01T00:00:00.000Z,2023,2031,2020,2027,55.0957
2024-02-01T04:00:00.000Z,2027,2029,2022,2025,40.8718
2024-02-01T08:00:00.000Z,2024,2030,2017,2020,251.6096
2024-02-01T12:00:00.000Z,2020,2032,2017,2032,207.9908
2024-02-01T16:00:00.000Z,2033,2044,2032,2037,216.763
2024-02-01T20:00:00.000Z,2037,2039,2030,2036,84.3115
2024-02-02T00:00:00.000Z,2036,2040,2033,2035,24.858
2024-02-02T04:00:00.000Z,2035,2040,2035,2036,44.2001
2024-02-02T08:00:00.000Z,2036,2040,2034,2038,32.9909
2024-02-02T12:00:00.000Z,2037,2039,2016,2025,170.8961
2024-02-02T16:00:00.000Z,2024,2032,2020,2028,72.7765
2024-02-02T20:00:00.000Z,2026,2032,2020,2025,86.2406
2024-02-03T00:00:00.000Z,2022,2025,2018,2021,35.2841
2024-02-03T04:00:00.000Z,2020,2027,2019,2023,21.4591
2024-02-03T08:00:00.000Z,2025,2029,2022,2027,16.8946
2024-02-03T12:00:00.000Z,2025,2027,2021,2022,21.9675
2024-02-03T16:00:00.000Z,2022,2049,2021,2023,101.8397
2024-02-03T20:00:00.000Z,2022,2023,2018,2019,47.6857
2024-02-04T00:00:00.000Z,2019,2021,2016,2019,53.722
2024-02-04T04:00:00.000Z,2018,2021,2017,2020,18.3416
2024-02-04T08:00:00.000Z,2020,2021,2019,2020,10.7504
2024-02-04T12:00:00.000Z,2021,2025,2019,2019,53.7152
2024-02-04T16:00:00.000Z,2019,2021,2017,2018,71.6886
2024-02-04T20:00:00.000Z,2018,2027,2016,2019,142.7961
2024-02-05T00:00:00.000Z,2021,2021,2015,2017,22.5637
2024-02-05T04:00:00.000Z,2016,2019,2013,2014,43.3479
2024-02-05T08:00:00.000Z,2014,2016,2008,2013,123.4966
2024-02-05T12:00:00.000Z,2014,2014,2005,2005,76.6713
2024-02-05T16:00:00.000Z,2005,2015,2004,2009,42.3566
2024-02-05T20:00:00.000Z,2009,2010,2003,2008,69.7013
2024-02-06T00:00:00.000Z,2008,2012,2008,2009,16.5093
2024-02-06T04:00:00.000Z,2008,2012,2007,2008,34.5697
2024-02-06T08:00:00.000Z,2008,2012,2005,2010,56.0565
2024-02-06T12:00:00.000Z,2010,2019,2006,2018,75.476
2024-02-06T16:00:00.000Z,2017,2026,2014,2021,188.2799
2024-02-06T20:00:00.000Z,2021,2025,2015,2016,39.6727
2024-02-07T00:00:00.000Z,2016,2021,2016,2021,18.3573
2024-02-07T04:00:00.000Z,2021,2021,2013,2017,36.208
2024-02-07T08:00:00.000Z,2017,2025,2014,2020,52.7987
2024-02-07T12:00:00.000Z,2020,2025,2017,2020,91.711
2024-02-07T16:00:00.000Z,2020,2023,2013,2018,170.7416
2024-02-07T20:00:00.000Z,2018,2021,2010,2017,157.2027
2024-02-08T00:00:00.000Z,2016,2021,2012,2013,177.5787
2024-02-08T04:00:00.000Z,2012,2015,2010,2011,78.4825
2024-02-08T08:00:00.000Z,2011,2020,2011,2012,40.7691
2024-02-08T12:00:00.000Z,2012,2019,1975,2011,343.7853
2024-02-08T16:00:00.000Z,2011,2014,2007,2012,137.5887
2024-02-08T20:00:00.000Z,2012,2015,2009,2013,147.6186
2024-02-09T00:00:00.000Z,2012,2016,2010,2013,62.711
2024-02-09T04:00:00.000Z,2012,2014,2008,2013,107.0873
2024-02-09T08:00:00.000Z,2012,2015,2007,2012,185.7919
2024-02-09T12:00:00.000Z,2012,2015,2001,2006,370.7866
2024-02-09T16:00:00.000Z,2006,2011,2001,2006,274.5462
2024-02-09T20:00:00.000Z,2007,2010,1998,2002,230.9444
2024-02-10T00:00:00.000Z,2001,2007,2000,2007,131.9376
2024-02-10T04:00:00.000Z,2006,2009,2003,2003,24.9311
2024-02-10T08:00:00.000Z,2003,2006,2000,2003,47.728
2024-02-10T12:00:00.000Z,2002,2007,1997,1999,266.7446
2024-02-10T16:00:00.000Z,1999,2003,1996,2000,111.5519
2024-02-10T20:00:00.000Z,2000,2002,1984,1999,144.6995
2024-02-11T00:00:00.000Z,1999,2003,1996,1998,48.9773
2024-02-11T04:00:00.000Z,1999,2002,1997,1997,53.555
2024-02-11T08:00:00.000Z,1997,2002,1997,2000,58.024
2024-02-11T12:00:00.000Z,2001,2002,1996,1997,78.979
2024-02-11T16:00:00.000Z,1997,2006,1996,2005,49.7353
2024-02-11T20:00:00.000Z,2005,2007,1999,2005,49.0852
2024-02-12T00:00:00.000Z,2004,2007,1998,2004,1051.6383
2024-02-12T04:00:00.000Z,2003,2004,1998,2003,25.3969
2024-02-12T08:00:00.000Z,2003,2010,1998,1999,89.73
2024-02-12T12:00:00.000Z,1999,2006,1996,1998,155.0131
2024-02-12T16:00:00.000Z,1998,2010,1994,2004,321.2923
2024-02-12T20:00:00.000Z,2003,2009,1997,2001,129.8216
2024-02-13T00:00:00.000Z,2000,2006,1997,1998,44.6245
2024-02-13T04:00:00.000Z,1998,2005,1998,2005,97.7624
2024-02-13T08:00:00.000Z,2004,2009,2004,2007,101.1122
2024-02-13T12:00:00.000Z,2007,2009,1990,1993,256.0372
2024-02-13T16:00:00.000Z,1992,1995,1981,1985,218.471
2024-02-13T20:00:00.000Z,1985,1994,1984,1987,52.7488
2024-02-14T00:00:00.000Z,1988,1994,1982,1990,57.7553
2024-02-14T04:00:00.000Z,1990,1994,1985,1989,86.8085
2024-02-14T08:00:00.000Z,1989,1994,1980,1989,375.9113
2024-02-14T12:00:00.000Z,1988,1989,1968,1979,512.126
2024-02-14T16:00:00.000Z,1978,1982,1973,1978,226.8266
2024-02-14T20:00:00.000Z,1979,1982,1976,1980,157.9435
2024-02-15T00:00:00.000Z,1980,1989,1977,1983,139.9312
2024-02-15T04:00:00.000Z,1983,1986,1971,1981,196.669
2024-02-15T08:00:00.000Z,1981,1982,1976,1980,77.8198
2024-02-15T12:00:00.000Z,1980,1988,1977,1981,222.2134
2024-02-15T16:00:00.000Z,1981,1987,1978,1985,133.0397
2024-02-15T20:00:00.000Z,1985,1988,1978,1982,332.3298
2024-02-16T00:00:00.000Z,1982,1991,1979,1986,135.6074
2024-02-16T04:00:00.000Z,1985,1990,1982,1986,70.6003
2024-02-16T08:00:00.000Z,1985,1990,1982,1986,136.9512
2024-02-16T12:00:00.000Z,1986,1988,1974,1983,279.1592
2024-02-16T16:00:00.000Z,1984,1996,1983,1987,204.7946
2024-02-16T20:00:00.000Z,1987,1994,1985,1986,177.1556
2024-02-17T00:00:00.000Z,1985,1989,1985,1988,78.6106
2024-02-17T04:00:00.000Z,1987,1992,1985,1988,53.9545
2024-02-17T08:00:00.000Z,1989,1999,1986,1991,158.7737
2024-02-17T12:00:00.000Z,1991,1997,1989,1990,116.9992
2024-02-17T16:00:00.000Z,1991,1994,1988,1989,52.9455
2024-02-17T20:00:00.000Z,1988,1995,1987,1991,108.7735
2024-02-18T00:00:00.000Z,1990,1991,1982,1986,224.0419
2024-02-18T04:00:00.000Z,1985,1991,1985,1988,50.7932
2024-02-18T08:00:00.000Z,1988,1994,1986,1989,55.5124
2024-02-18T12:00:00.000Z,1989,1993,1986,1991,71.0323
2024-02-18T16:00:00.000Z,1990,1992,1985,1989,169.3172
2024-02-18T20:00:00.000Z,1989,1994,1986,1991,91.3736
2024-02-19T00:00:00.000Z,1990,2000,1986,1997,101.8492
2024-02-19T04:00:00.000Z,1996,1999,1993,1999,167.8758
2024-02-19T08:00:00.000Z,1998,1999,1992,1994,184.9052
2024-02-19T12:00:00.000Z,1994,1997,1992,1995,100.6564
2024-02-19T16:00:00.000Z,1996,1996,1982,1992,198.9538
2024-02-19T20:00:00.000Z,1993,1997,1988,1989,125.4767
2024-02-20T00:00:00.000Z,1989,1995,1981,1993,152.1171
2024-02-20T04:00:00.000Z,1993,1995,1992,1995,26.1616
2024-02-20T08:00:00.000Z,1994,2000,1993,2000,138.5204
2024-02-20T12:00:00.000Z,2000,2009,1994,2003,344.4889
2024-02-20T16:00:00.000Z,2004,2009,2002,2004,260.797
2024-02-20T20:00:00.000Z,2004,2008,1999,2004,95.5751
2024-02-21T00:00:00.000Z,2004,2008,2002,2007,39.7032
2024-02-21T04:00:00.000Z,2006,2009,2003,2006,77.2402
2024-02-21T08:00:00.000Z,2006,2008,2001,2004,168.6765
2024-02-21T12:00:00.000Z,2005,2009,2003,2006,98.6045
2024-02-21T16:00:00.000Z,2005,2008,2000,2004,95.6501
2024-02-21T20:00:00.000Z,2005,2007,2000,2002,123.2742
2024-02-22T00:00:00.000Z,2002,2005,2001,2005,90.0965
2024-02-22T04:00:00.000Z,2004,2009,2000,2008,152.2796
2024-02-22T08:00:00.000Z,2007,2010,2003,2005,270.351
2024-02-22T12:00:00.000Z,2005,2006,1998,1999,132.5105
2024-02-22T16:00:00.000Z,1999,2003,1997,2002,37.5322
2024-02-22T20:00:00.000Z,2002,2004,1998,2001,117.3015
2024-02-23T00:00:00.000Z,2001,2006,1996,2002,106.9995
2024-02-23T04:00:00.000Z,2002,2006,1995,1997,77.2828
2024-02-23T08:00:00.000Z,1997,2001,1994,2001,48.5736
2024-02-23T12:00:00.000Z,2000,2006,1998,2004,196.8981
2024-02-23T16:00:00.000Z,2004,2015,2002,2010,320.4184
2024-02-23T20:00:00.000Z,2010,2013,2008,2008,43.8001
2024-02-24T00:00:00.000Z,2008,2011,2006,2010,33.4013
2024-02-24T04:00:00.000Z,2009,2011,2006,2009,55.9239
2024-02-24T08:00:00.000Z,2008,2012,2007,2007,101.4399
2024-02-24T12:00:00.000Z,2008,2011,2006,2007,23.8262
2024-02-24T16:00:00.000Z,2007,2011,2006,2007,43.8618
2024-02-24T20:00:00.000Z,2007,2012,2007,2008,58.0408
2024-02-25T00:00:00.000Z,2008,2011,2007,2008,23.92
2024-02-25T04:00:00.000Z,2008,2010,2007,2008,26.9781
2024-02-25T08:00:00.000Z,2007,2008,2006,2007,58.878
2024-02-25T12:00:00.000Z,2007,2010,2000,2002,106.5388
2024-02-25T16:00:00.000Z,2001,2010,1999,2008,87.9101
2024-02-25T20:00:00.000Z,2008,2010,2006,2008,50.7764
2024-02-26T00:00:00.000Z,2008,2010,2005,2008,59.2374
2024-02-26T04:00:00.000Z,2008,2012,2005,2011,181.8826
2024-02-26T08:00:00.000Z,2011,2014,2008,2009,122.8107
2024-02-26T12:00:00.000Z,2010,2012,2002,2007,148.8694
2024-02-26T16:00:00.000Z,2006,2012,2001,2007,272.0465
2024-02-26T20:00:00.000Z,2006,2011,2003,2005,168.9165
2024-02-27T00:00:00.000Z,2005,2008,2002,2004,266.6542
2024-02-27T04:00:00.000Z,2005,2008,2003,2006,114.9313
2024-02-27T08:00:00.000Z,2006,2008,2001,2007,294.7523
2024-02-27T12:00:00.000Z,2008,2008,2001,2005,184.8708
2024-02-27T16:00:00.000Z,2006,2008,2000,2002,219.7239
2024-02-27T20:00:00.000Z,2001,2008,2001,2005,112.9832
2024-02-28T00:00:00.000Z,2005,2010,2001,2004,187.9675
2024-02-28T04:00:00.000Z,2004,2022,2004,2011,537.9508
2024-02-28T08:00:00.000Z,2012,2019,2002,2005,334.0723
2024-02-28T12:00:00.000Z,2005,2019,2003,2009,354.8928
2024-02-28T16:00:00.000Z,2009,2020,2005,2011,561.1625
2024-02-28T20:00:00.000Z,2010,2021,2008,2019,218.802
2024-02-29T00:00:00.000Z,2018,2023,2012,2013,159.8594
2024-02-29T04:00:00.000Z,2014,2020,2012,2018,143.8177
2024-02-29T08:00:00.000Z,2018,2019,2006,2009,244.7006
2024-02-29T12:00:00.000Z,2010,2029,2004,2024,431.562
2024-02-29T16:00:00.000Z,2024,2026,2017,2021,280.1754
2024-02-29T20:00:00.000Z,2023,2023,1989,1995,926.3999
2024-03-01T00:00:00.000Z,1996,2000,1995,2000,499.648
2024-03-01T04:00:00.000Z,2000,2000,1996,1997,433.2281
2024-03-01T08:00:00.000Z,1997,2003,1996,2000,814.3271
2024-03-01T12:00:00.000Z,1999,2016,1992,2014,935.3059
2024-03-01T16:00:00.000Z,2014,2039,2002,2012,1248.2737
2024-03-01T20:00:00.000Z,2011,2033,2008,2019,784.9987
2024-03-02T00:00:00.000Z,2019,2033,2018,2032,315.3357
2024-03-02T04:00:00.000Z,2031,2034,2027,2029,111.7709
2024-03-02T08:00:00.000Z,2030,2034,2027,2032,79.9777
2024-03-02T12:00:00.000Z,2032,2034,2016,2026,368.8406
2024-03-02T16:00:00.000Z,2027,2028,2023,2026,54.4569
2024-03-02T20:00:00.000Z,2026,2031,2024,2031,84.804
2024-03-03T00:00:00.000Z,2030,2035,2025,2033,122.221
2024-03-03T04:00:00.000Z,2032,2039,2025,2031,185.1871
2024-03-03T08:00:00.000Z,2032,2039,2029,2031,171.8664
2024-03-03T12:00:00.000Z,2032,2035,2016,2022,550.1539
2024-03-03T16:00:00.000Z,2022,2028,2016,2018,161.0116
2024-03-03T20:00:00.000Z,2018,2029,2016,2023,405.8414
2024-03-04T00:00:00.000Z,2024,2030,2016,2019,404.7862
2024-03-04T04:00:00.000Z,2019,2020,2003,2013,340.9553
2024-03-04T08:00:00.000Z,2013,2026,2007,2024,650.6415
2024-03-04T12:00:00.000Z,2024,2063,2020,2061,1152.5916
2024-03-04T16:00:00.000Z,2062,2070,2046,2059,870.5078
2024-03-04T20:00:00.000Z,2059,2076,2052,2065,455.6265
2024-03-05T00:00:00.000Z,2065,2077,2057,2073,200.2695
2024-03-05T04:00:00.000Z,2073,2077,2059,2066,980.8167
2024-03-05T08:00:00.000Z,2065,2098,2062,2091,911.1183
2024-03-05T12:00:00.000Z,2091,2094,2057,2078,901.2296
2024-03-05T16:00:00.000Z,2079,2095,2066,2078,1408.4163
2024-03-05T20:00:00.000Z,2078,2093,2070,2089,568.6578
2024-03-06T00:00:00.000Z,2089,2095,2087,2091,186.0136
2024-03-06T04:00:00.000Z,2091,2100,2087,2095,395.0733
2024-03-06T08:00:00.000Z,2094,2107,2088,2103,391.786352
2024-03-06T12:00:00.000Z,2104,2107,2081,2101,543.7958
2024-03-06T16:00:00.000Z,2101,2119,2098,2110,448.6293
2024-03-06T20:00:00.000Z,2109,2118,2107,2111,159.792
2024-03-07T00:00:00.000Z,2110,2125,2110,2121,221.0124
2024-03-07T04:00:00.000Z,2122,2134,2118,2126,482.3794
2024-03-07T08:00:00.000Z,2125,2136,2125,2128,512.8562
2024-03-07T12:00:00.000Z,2128,2140,2121,2124,372.134
2024-03-07T16:00:00.000Z,2124,2134,2106,2133,356.6589
2024-03-07T20:00:00.000Z,2134,2136,2124,2131,165.8961
2024-03-08T00:00:00.000Z,2131,2167,2125,2139,190.3213
2024-03-08T04:00:00.000Z,2138,2144,2130,2139,95.3361
2024-03-08T08:00:00.000Z,2140,2152,2136,2151,193.2841
2024-03-08T12:00:00.000Z,2151,2160,2135,2151,589.2927
2024-03-08T16:00:00.000Z,2151,2163,2141,2144,527.9882
2024-03-08T20:00:00.000Z,2145,2148,2120,2131,518.7887
2024-03-09T00:00:00.000Z,2131,2138,2127,2135,79.4309
2024-03-09T04:00:00.000Z,2135,2140,2130,2137,118.5183
2024-03-09T08:00:00.000Z,2137,2140,2131,2134,115.9846
2024-03-09T12:00:00.000Z,2134,2140,2132,2136,143.6083
2024-03-09T16:00:00.000Z,2135,2141,2133,2133,112.8454
2024-03-09T20:00:00.000Z,2134,2139,2126,2130,346.6739
2024-03-10T00:00:00.000Z,2130,2131,2127,2129,387.471
2024-03-10T04:00:00.000Z,2128,2136,2126,2134,180.5733
2024-03-10T08:00:00.000Z,2134,2139,2125,2134,123.6965
2024-03-10T12:00:00.000Z,2133,2137,2116,2127,297.5835
2024-03-10T16:00:00.000Z,2127,2137,2122,2132,153.7096
2024-03-10T20:00:00.000Z,2132,2141,2129,2141,130.9915
2024-03-11T00:00:00.000Z,2139,2166,2130,2163,469.2198
2024-03-11T04:00:00.000Z,2162,2174,2160,2166,335.8668
2024-03-11T08:00:00.000Z,2167,2168,2150,2151,293.446
2024-03-11T12:00:00.000Z,2152,2167,2145,2156,455.8993
2024-03-11T16:00:00.000Z,2157,2165,2151,2158,288.4304
2024-03-11T20:00:00.000Z,2158,2162,2156,2160,99.1828
2024-03-12T00:00:00.000Z,2161,2164,2152,2152,150.5456
2024-03-12T04:00:00.000Z,2152,2158,2149,2154,141.9998
2024-03-12T08:00:00.000Z,2154,2160,2146,2150,244.3181
2024-03-12T12:00:00.000Z,2150,2159,2131,2141,458.7364
2024-03-12T16:00:00.000Z,2141,2146,2132,2140,331.7286
2024-03-12T20:00:00.000Z,2140,2146,2129,2144,172.8952
2024-03-13T00:00:00.000Z,2144,2154,2140,2151,78.4406
2024-03-13T04:00:00.000Z,2150,2154,2143,2145,78.0336
2024-03-13T08:00:00.000Z,2144,2154,2137,2141,222.3264
2024-03-13T12:00:00.000Z,2142,2155,2138,2151,259.1139
2024-03-13T16:00:00.000Z,2152,2162,2148,2156,145.9773
2024-03-13T20:00:00.000Z,2156,2160,2150,2153,101.2283
2024-03-14T00:00:00.000Z,2154,2159,2148,2153,89.3693
2024-03-14T04:00:00.000Z,2153,2160,2148,2153,81.9853
2024-03-14T08:00:00.000Z,2153,2165,2140,2150,360.6361
2024-03-14T12:00:00.000Z,2150,2160,2140,2148,272.8588
2024-03-14T16:00:00.000Z,2147,2149,2138,2142,223.7947
2024-03-14T20:00:00.000Z,2143,2153,2142,2145,170.7638
2024-03-15T00:00:00.000Z,2145,2151,2130,2143,327.0432
2024-03-15T04:00:00.000Z,2143,2155,2138,2147,257.7492
2024-03-15T08:00:00.000Z,2147,2155,2136,2145,646.6993
2024-03-15T12:00:00.000Z,2145,2147,2136,2139,199.2391
2024-03-15T16:00:00.000Z,2140,2147,2127,2131,325.7933
2024-03-15T20:00:00.000Z,2130,2141,2124,2134,245.9482
2024-03-16T00:00:00.000Z,2133,2141,2129,2129,143.7984
2024-03-16T04:00:00.000Z,2130,2135,2124,2129,139.8281
2024-03-16T08:00:00.000Z,2129,2131,2110,2118,295.2659
2024-03-16T12:00:00.000Z,2117,2121,2109,2111,192.7864
2024-03-16T16:00:00.000Z,2111,2126,2110,2123,191.5383
2024-03-16T20:00:00.000Z,2121,2131,2112,2118,302.3693
2024-03-17T00:00:00.000Z,2118,2124,2114,2119,57.8271
2024-03-17T04:00:00.000Z,2119,2122,2111,2117,173.7369
2024-03-17T08:00:00.000Z,2117,2132,2116,2122,229.8605
2024-03-17T12:00:00.000Z,2122,2129,2118,2127,126.9528
2024-03-17T16:00:00.000Z,2127,2129,2118,2120,135.4727
2024-03-17T20:00:00.000Z,2121,2126,2112,2122,227.6029
2024-03-18T00:00:00.000Z,2122,2124,2117,2121,130.166
2024-03-18T04:00:00.000Z,2121,2129,2120,2128,71.2418
2024-03-18T08:00:00.000Z,2129,2138,2125,2135,179.2045
2024-03-18T12:00:00.000Z,2136,2143,2123,2135,236.4161
2024-03-18T16:00:00.000Z,2136,2141,2132,2138,188.6022
2024-03-18T20:00:00.000Z,2138,2144,2135,2142,97.5276
2024-03-19T00:00:00.000Z,2142,2147,2130,2140,192.8726
2024-03-19T04:00:00.000Z,2139,2142,2131,2140,334.8057
2024-03-19T08:00:00.000Z,2140,2143,2127,2134,476.9899
2024-03-19T12:00:00.000Z,2135,2138,2126,2135,337.7496
2024-03-19T16:00:00.000Z,2135,2140,2128,2135,302.9129
2024-03-19T20:00:00.000Z,2136,2142,2129,2132,275.8128
2024-03-20T00:00:00.000Z,2132,2141,2128,2135,192.6707
2024-03-20T04:00:00.000Z,2135,2147,2132,2143,370.3181
2024-03-20T08:00:00.000Z,2143,2148,2133,2143,200.3729
2024-03-20T12:00:00.000Z,2143,2149,2131,2134,282.97
2024-03-20T16:00:00.000Z,2133,2170,2125,2159,641.2559
2024-03-20T20:00:00.000Z,2160,2196,2158,2185,481.6103
2024-03-21T00:00:00.000Z,2185,2190,2175,2181,150.8831
2024-03-21T04:00:00.000Z,2181,2192,2178,2186,259.2656
2024-03-21T08:00:00.000Z,2185,2201,2177,2194,307.5592
2024-03-21T12:00:00.000Z,2194,2198,2156,2164,270.1248
2024-03-21T16:00:00.000Z,2164,2172,2160,2167,192.933
2024-03-21T20:00:00.000Z,2167,2188,2163,2174,145.4731
2024-03-22T00:00:00.000Z,2174,2181,2164,2169,94.3529
2024-03-22T04:00:00.000Z,2168,2181,2152,2158,163.6015
2024-03-22T08:00:00.000Z,2159,2166,2150,2154,196.3107
2024-03-22T12:00:00.000Z,2154,2162,2147,2153,216.0106
2024-03-22T16:00:00.000Z,2152,2154,2142,2151,127.5821
2024-03-22T20:00:00.000Z,2152,2153,2139,2150,119.2429
2024-03-23T00:00:00.000Z,2149,2158,2143,2150,54.4594
2024-03-23T04:00:00.000Z,2149,2164,2148,2159,64.2326
2024-03-23T08:00:00.000Z,2159,2161,2151,2152,46.9558
2024-03-23T12:00:00.000Z,2153,2163,2148,2154,121.7185
2024-03-23T16:00:00.000Z,2155,2158,2146,2151,86.6593
2024-03-23T20:00:00.000Z,2151,2153,2146,2146,62.9836
2024-03-24T00:00:00.000Z,2149,2152,2142,2143,56.7787
2024-03-24T04:00:00.000Z,2142,2150,2139,2147,60.8439
2024-03-24T08:00:00.000Z,2148,2159,2145,2155,101.1558
2024-03-24T12:00:00.000Z,2155,2158,2147,2155,95.3758
2024-03-24T16:00:00.000Z,2154,2158,2148,2156,120.6354
2024-03-24T20:00:00.000Z,2156,2163,2152,2163,131.7979
2024-03-25T00:00:00.000Z,2160,2168,2154,2161,118.1655
2024-03-25T04:00:00.000Z,2161,2168,2150,2153,127.5517
2024-03-25T08:00:00.000Z,2153,2157,2150,2155,99.8866
2024-03-25T12:00:00.000Z,2154,2172,2154,2167,265.4258
2024-03-25T16:00:00.000Z,2166,2180,2162,2175,355.3199
2024-03-25T20:00:00.000Z,2175,2176,2153,2171,216.2063
2024-03-26T00:00:00.000Z,2172,2175,2162,2165,103.4437
2024-03-26T04:00:00.000Z,2165,2178,2159,2160,159.1545
2024-03-26T08:00:00.000Z,2159,2182,2154,2179,377.48
2024-03-26T12:00:00.000Z,2178,2184,2160,2161,191.0892
2024-03-26T16:00:00.000Z,2161,2166,2158,2163,116.1268
2024-03-26T20:00:00.000Z,2163,2172,2160,2166,102.9435
2024-03-27T00:00:00.000Z,2165,2170,2160,2160,43.4572
2024-03-27T04:00:00.000Z,2160,2166,2156,2161,112.2212
2024-03-27T08:00:00.000Z,2162,2177,2159,2173,176.2141
2024-03-27T12:00:00.000Z,2173,2177,2164,2166,335.0723
2024-03-27T16:00:00.000Z,2166,2176,2164,2172,185.3884
2024-03-27T20:00:00.000Z,2171,2175,2168,2172,47.9638
2024-03-28T00:00:00.000Z,2172,2174,2165,2173,81.6523
2024-03-28T04:00:00.000Z,2173,2181,2172,2174,74.6025
2024-03-28T08:00:00.000Z,2176,2190,2167,2189,209.3146
2024-03-28T12:00:00.000Z,2188,2195,2184,2192,253.8932
2024-03-28T16:00:00.000Z,2192,2200,2190,2199,164.1691
2024-03-28T20:00:00.000Z,2199,2218,2197,2212,215.028
2024-03-29T00:00:00.000Z,2213,2217,2211,2213,23.919
2024-03-29T04:00:00.000Z,2213,2219,2200,2206,135.2941
2024-03-29T08:00:00.000Z,2206,2216,2204,2210,132.2565
2024-03-29T12:00:00.000Z,2211,2219,2209,2213,131.3825
2024-03-29T16:00:00.000Z,2213,2217,2207,2215,83.4677
2024-03-29T20:00:00.000Z,2215,2220,2208,2218,72.926
2024-03-30T00:00:00.000Z,2219,2227,2211,2212,135.1627
2024-03-30T04:00:00.000Z,2213,2215,2203,2206,90.6789
2024-03-30T08:00:00.000Z,2206,2211,2201,2210,75.422
2024-03-30T12:00:00.000Z,2210,2212,2203,2208,68.5834
2024-03-30T16:00:00.000Z,2209,2212,2203,2205,53.8438
2024-03-30T20:00:00.000Z,2205,2212,2203,2205,53.2013
2024-03-31T00:00:00.000Z,2205,2213,2204,2208,40.5638
2024-03-31T04:00:00.000Z,2208,2217,2207,2214,82.0555
2024-03-31T08:00:00.000Z,2214,2215,2207,2212,44.4809
2024-03-31T12:00:00.000Z,2212,2215,2204,2210,108.2725
2024-03-31T16:00:00.000Z,2209,2215,2209,2213,84.756
2024-03-31T20:00:00.000Z,2214,2224,2207,2222,82.164
2024-04-01T00:00:00.000Z,2221,2243,2220,2242,177.0711
2024-04-01T04:00:00.000Z,2241,2245,2230,2242,231.8357
2024-04-01T08:00:00.000Z,2243,2245,2230,2232,163.7073
2024-04-01T12:00:00.000Z,2232,2238,2211,2219,231.8897
2024-04-01T16:00:00.000Z,2219,2226,2214,2226,146.1012
2024-04-01T20:00:00.000Z,2226,2239,2221,2230,166.1368
2024-04-02T00:00:00.000Z,2230,2237,2223,2231,145.9962
2024-04-02T04:00:00.000Z,2231,2237,2229,2232,114.1442
2024-04-02T08:00:00.000Z,2232,2247,2227,2232,374.2795
2024-04-02T12:00:00.000Z,2233,2245,2226,2232,261.0977
2024-04-02T16:00:00.000Z,2231,2257,2225,2256,282.4649
2024-04-02T20:00:00.000Z,2256,2268,2252,2262,272.1429
2024-04-03T00:00:00.000Z,2262,2298,2258,2282,589.9416
2024-04-03T04:00:00.000Z,2283,2283,2265,2265,141.2452
2024-04-03T08:00:00.000Z,2265,2273,2253,2259,194.0149
2024-04-03T12:00:00.000Z,2259,2270,2248,2266,219.9965
2024-04-03T16:00:00.000Z,2266,2287,2266,2286,152.4704
2024-04-03T20:00:00.000Z,2286,2330,2283,2300,665.2756
2024-04-04T00:00:00.000Z,2301,2303,2291,2295,98.4915
2024-04-04T04:00:00.000Z,2296,2299,2288,2294,138.0049
2024-04-04T08:00:00.000Z,2291,2297,2283,2288,136.6335
2024-04-04T12:00:00.000Z,2288,2291,2283,2287,160.5658
2024-04-04T16:00:00.000Z,2288,2294,2275,2275,311.3169
2024-04-04T20:00:00.000Z,2276,2283,2265,2269,261.1302
2024-04-05T00:00:00.000Z,2268,2274,2250,2258,121.0793
2024-04-05T04:00:00.000Z,2258,2270,2254,2268,142.1614
2024-04-05T08:00:00.000Z,2269,2287,2266,2282,238.0264
2024-04-05T12:00:00.000Z,2282,2316,2270,2309,404.9774
2024-04-05T16:00:00.000Z,2309,2320,2300,2303,245.9046
2024-04-05T20:00:00.000Z,2303,2324,2303,2317,182.225
2024-04-06T00:00:00.000Z,2316,2317,2302,2315,92.4513
2024-04-06T04:00:00.000Z,2314,2315,2305,2311,50.919
2024-04-06T08:00:00.000Z,2311,2312,2303,2305,102.7132
2024-04-06T12:00:00.000Z,2304,2313,2300,2305,141.5277
2024-04-06T16:00:00.000Z,2305,2310,2300,2306,108.7937
2024-04-06T20:00:00.000Z,2306,2310,2303,2304,58.337
2024-04-07T00:00:00.000Z,2303,2311,2303,2310,46.5679
2024-04-07T04:00:00.000Z,2310,2313,2292,2301,196.087
2024-04-07T08:00:00.000Z,2301,2308,2297,2301,120.2096
2024-04-07T12:00:00.000Z,2301,2307,2298,2303,93.0058
2024-04-07T16:00:00.000Z,2303,2305,2294,2299,143.9693
2024-04-07T20:00:00.000Z,2299,2303,2286,2291,194.2928
2024-04-08T00:00:00.000Z,2289,2314,2286,2313,169.7353
2024-04-08T04:00:00.000Z,2313,2319,2305,2313,206.5523
2024-04-08T08:00:00.000Z,2313,2329,2311,2323,491.5873
2024-04-08T12:00:00.000Z,2324,2328,2312,2312,197.2961
2024-04-08T16:00:00.000Z,2312,2328,2308,2319,196.5369
2024-04-08T20:00:00.000Z,2319,2326,2316,2320,78.4931
2024-04-09T00:00:00.000Z,2319,2331,2317,2325,97.0314
2024-04-09T04:00:00.000Z,2325,2340,2321,2336,179.9419
2024-04-09T08:00:00.000Z,2336,2353,2329,2336,272.9068
2024-04-09T12:00:00.000Z,2336,2343,2323,2329,377.0173
2024-04-09T16:00:00.000Z,2329,2337,2316,2332,192.7509
2024-04-09T20:00:00.000Z,2332,2337,2329,2333,64.9371
2024-04-10T00:00:00.000Z,2333,2340,2327,2334,145.0437
2024-04-10T04:00:00.000Z,2334,2344,2332,2334,152.5035
2024-04-10T08:00:00.000Z,2333,2340,2319,2329,224.0991
2024-04-10T12:00:00.000Z,2326,2330,2305,2317,476.7661
2024-04-10T16:00:00.000Z,2315,2327,2302,2314,323.5509
2024-04-10T20:00:00.000Z,2314,2325,2300,2324,209.3584
2024-04-11T00:00:00.000Z,2324,2334,2320,2331,65.5091
2024-04-11T04:00:00.000Z,2331,2332,2320,2322,99.4148
2024-04-11T08:00:00.000Z,2324,2328,2316,2318,104.1659
2024-04-11T12:00:00.000Z,2319,2330,2318,2330,171.5505
2024-04-11T16:00:00.000Z,2330,2354,2323,2354,302.9331
2024-04-11T20:00:00.000Z,2354,2375,2352,2365,213.4013
2024-04-12T00:00:00.000Z,2364,2384,2361,2374,92.6471
2024-04-12T04:00:00.000Z,2374,2393,2365,2390,228.6549
2024-04-12T08:00:00.000Z,2391,2409,2382,2401,320.2054
2024-04-12T12:00:00.000Z,2402,2429,2385,2388,596.6887
2024-04-12T16:00:00.000Z,2387,2394,2289,2323,1327.1093
2024-04-12T20:00:00.000Z,2323,2372,2321,2355,424.6792
2024-04-13T00:00:00.000Z,2354,2415,2323,2360,591.8971
2024-04-13T04:00:00.000Z,2361,2371,2336,2357,202.6807
2024-04-13T08:00:00.000Z,2360,2399,2343,2362,533.1669
2024-04-13T12:00:00.000Z,2363,2475,2361,2382,907.3489
2024-04-13T16:00:00.000Z,2382,2399,2368,2390,715.6368
2024-04-13T20:00:00.000Z,2389,3295,2360,2452,14464.670016
2024-04-14T00:00:00.000Z,2452,2522,2401,2513,1590.6466
2024-04-14T04:00:00.000Z,2516,2539,2386,2390,1302.7536
2024-04-14T08:00:00.000Z,2392,2497,2387,2479,1849.5733
2024-04-14T12:00:00.000Z,2479,2490,2416,2418,1162.7545
2024-04-14T16:00:00.000Z,2421,2453,2400,2425,1208.3325
2024-04-14T20:00:00.000Z,2425,2460,2366,2391,1590.2538
2024-04-15T00:00:00.000Z,2388,2400,2370,2370,354.1683
2024-04-15T04:00:00.000Z,2371,2382,2366,2370,771.0662
2024-04-15T08:00:00.000Z,2368,2383,2350,2364,572.5306
2024-04-15T12:00:00.000Z,2364,2379,2335,2358,715.292
2024-04-15T16:00:00.000Z,2358,2448,2346,2415,1640.343
2024-04-15T20:00:00.000Z,2414,2487,2398,2432,1337.7613
2024-04-16T00:00:00.000Z,2431,2446,2415,2446,357.8885
2024-04-16T04:00:00.000Z,2445,2447,2387,2390,820.7309
2024-04-16T08:00:00.000Z,2390,2424,2381,2413,928.8055
2024-04-16T12:00:00.000Z,2412,2415,2382,2408,891.9257
2024-04-16T16:00:00.000Z,2406,2439,2396,2412,766.9633
2024-04-16T20:00:00.000Z,2412,2419,2394,2404,338.9637
2024-04-17T00:00:00.000Z,2403,2404,2385,2391,218.0178
2024-04-17T04:00:00.000Z,2391,2407,2386,2404,301.1506
2024-04-17T08:00:00.000Z,2405,2418,2398,2399,338.0065
2024-04-17T12:00:00.000Z,2399,2413,2393,2396,609.7779
2024-04-17T16:00:00.000Z,2395,2408,2384,2394,416.2443
2024-04-17T20:00:00.000Z,2394,2398,2381,2396,245.7425
2024-04-18T00:00:00.000Z,2396,2399,2383,2391,104.9481
2024-04-18T04:00:00.000Z,2391,2401,2387,2397,137.2641
2024-04-18T08:00:00.000Z,2396,2402,2384,2397,226.9741
2024-04-18T12:00:00.000Z,2397,2404,2385,2395,412.3139
2024-04-18T16:00:00.000Z,2395,2397,2386,2395,259.4191
2024-04-18T20:00:00.000Z,2395,2396,2382,2384,203.2874
2024-04-19T00:00:00.000Z,2385,2469,2374,2412,1899.8578
2024-04-19T04:00:00.000Z,2410,2413,2390,2399,724.6779
2024-04-19T08:00:00.000Z,2400,2405,2383,2391,630.4492
2024-04-19T12:00:00.000Z,2391,2399,2382,2393,420.8681
2024-04-19T16:00:00.000Z,2393,2410,2387,2403,467.276
2024-04-19T20:00:00.000Z,2403,2404,2387,2394,153.3569
2024-04-20T00:00:00.000Z,2394,2402,2389,2396,153.4964
2024-04-20T04:00:00.000Z,2397,2399,2375,2391,268.3329
2024-04-20T08:00:00.000Z,2388,2394,2381,2388,182.6426
2024-04-20T12:00:00.000Z,2389,2398,2382,2395,214.321
2024-04-20T16:00:00.000Z,2395,2398,2380,2385,449.0053
2024-04-20T20:00:00.000Z,2385,2394,2381,2390,187.1485
2024-04-21T00:00:00.000Z,2389,2392,2381,2385,168.0506
2024-04-21T04:00:00.000Z,2385,2388,2381,2382,126.3002
2024-04-21T08:00:00.000Z,2382,2389,2380,2384,154.0106
2024-04-21T12:00:00.000Z,2384,2385,2370,2384,173.1359
2024-04-21T16:00:00.000Z,2380,2390,2377,2378,160.0287
2024-04-21T20:00:00.000Z,2378,2385,2370,2377,170.4437
2024-04-22T00:00:00.000Z,2377,2385,2370,2375,160.8839
2024-04-22T04:00:00.000Z,2375,2377,2352,2355,259.1105
2024-04-22T08:00:00.000Z,2355,2359,2340,2342,321.0136
2024-04-22T12:00:00.000Z,2342,2349,2325,2328,348.1016
2024-04-22T16:00:00.000Z,2327,2341,2311,2327,404.9778
2024-04-22T20:00:00.000Z,2330,2337,2319,2322,114.5691
2024-04-23T00:00:00.000Z,2323,2324,2311,2320,147.1328
2024-04-23T04:00:00.000Z,2320,2341,2304,2308,235.0099
2024-04-23T08:00:00.000Z,2309,2311,2281,2297,388.741
2024-04-23T12:00:00.000Z,2297,2325,2295,2308,461.2145
2024-04-23T16:00:00.000Z,2308,2323,2307,2312,170.7256
2024-04-23T20:00:00.000Z,2312,2315,2299,2309,136.4858
2024-04-24T00:00:00.000Z,2309,2317,2306,2312,66.4179
2024-04-24T04:00:00.000Z,2311,2318,2307,2308,117.5578
2024-04-24T08:00:00.000Z,2308,2311,2303,2307,109.043
2024-04-24T12:00:00.000Z,2307,2322,2299,2305,301.9147
2024-04-24T16:00:00.000Z,2305,2309,2292,2299,205.1349
2024-04-24T20:00:00.000Z,2298,2303,2293,2296,102.3614
2024-04-25T00:00:00.000Z,2296,2307,2291,2301,118.7233
2024-04-25T04:00:00.000Z,2301,2307,2293,2305,95.3155
2024-04-25T08:00:00.000Z,2305,2318,2301,2309,237.6564
2024-04-25T12:00:00.000Z,2308,2367,2297,2333,561.3076
2024-04-25T16:00:00.000Z,2337,2342,2314,2322,171.7477
2024-04-25T20:00:00.000Z,2322,2332,2319,2327,64.3945
2024-04-26T00:00:00.000Z,2327,2332,2318,2323,56.1251
2024-04-26T04:00:00.000Z,2323,2333,2317,2330,68.1823
2024-04-26T08:00:00.000Z,2330,2339,2328,2337,94.734
2024-04-26T12:00:00.000Z,2335,2345,2330,2336,209.2526
2024-04-26T16:00:00.000Z,2335,2348,2332,2343,131.3539
2024-04-26T20:00:00.000Z,2342,2348,2334,2345,71.7781
2024-04-27T00:00:00.000Z,2344,2348,2332,2335,155.516
2024-04-27T04:00:00.000Z,2334,2338,2332,2335,45.4478
2024-04-27T08:00:00.000Z,2336,2344,2333,2342,138.4231
2024-04-27T12:00:00.000Z,2342,2348,2338,2347,98.7081
2024-04-27T16:00:00.000Z,2347,2371,2342,2347,217.0097
2024-04-27T20:00:00.000Z,2347,2363,2344,2357,87.2403
2024-04-28T00:00:00.000Z,2356,2368,2353,2362,114.9875
2024-04-28T04:00:00.000Z,2361,2383,2354,2357,215.609
2024-04-28T08:00:00.000Z,2356,2361,2351,2354,84.036
2024-04-28T12:00:00.000Z,2354,2357,2350,2356,136.316
2024-04-28T16:00:00.000Z,2356,2362,2350,2350,90.6121
2024-04-28T20:00:00.000Z,2350,2362,2350,2356,152.7666
2024-04-29T00:00:00.000Z,2355,2356,2333,2335,182.4842
2024-04-29T04:00:00.000Z,2334,2343,2333,2339,125.2752
2024-04-29T08:00:00.000Z,2340,2349,2336,2345,127.5106
2024-04-29T12:00:00.000Z,2345,2349,2332,2347,422.2121
2024-04-29T16:00:00.000Z,2347,2363,2343,2356,173.816
2024-04-29T20:00:00.000Z,2356,2359,2341,2344,130.3437
2024-04-30T00:00:00.000Z,2344,2355,2334,2341,102.1499
2024-04-30T04:00:00.000Z,2340,2345,2331,2331,119.2317
2024-04-30T08:00:00.000Z,2331,2333,2313,2318,297.4982
2024-04-30T12:00:00.000Z,2319,2323,2300,2305,391.01
2024-04-30T16:00:00.000Z,2303,2308,2288,2293,208.8577
2024-04-30T20:00:00.000Z,2293,2304,2286,2302,338.0964
2024-05-01T00:00:00.000Z,2302,2305,2292,2296,85.4732
2024-05-01T04:00:00.000Z,2295,2300,2286,2290,274.4526
2024-05-01T08:00:00.000Z,2290,2301,2281,2297,578.7487
2024-05-01T12:00:00.000Z,2297,2316,2292,2311,298.3302
2024-05-01T16:00:00.000Z,2308,2323,2287,2303,469.7838
2024-05-01T20:00:00.000Z,2301,2316,2295,2310,153.2656
2024-05-02T00:00:00.000Z,2311,2313,2297,2301,96.5818
2024-05-02T04:00:00.000Z,2300,2304,2290,2292,155.37
2024-05-02T08:00:00.000Z,2292,2295,2280,2286,137.6149
2024-05-02T12:00:00.000Z,2286,2308,2282,2296,242.1293
2024-05-02T16:00:00.000Z,2296,2305,2293,2297,87.5916
2024-05-02T20:00:00.000Z,2296,2305,2290,2291,99.1192
2024-05-03T00:00:00.000Z,2291,2299,2282,2284,144.3162
2024-05-03T04:00:00.000Z,2285,2298,2283,2289,98.2557
2024-05-03T08:00:00.000Z,2289,2293,2283,2287,61.685
2024-05-03T12:00:00.000Z,2287,2305,2280,2291,390.5592
2024-05-03T16:00:00.000Z,2291,2294,2285,2289,74.3414
2024-05-03T20:00:00.000Z,2288,2294,2284,2289,139.9487
2024-05-04T00:00:00.000Z,2289,2292,2280,2284,105.8337
2024-05-04T04:00:00.000Z,2285,2291,2281,2286,73.4019
2024-05-04T08:00:00.000Z,2287,2290,2280,2281,270.2453
2024-05-04T12:00:00.000Z,2281,2287,2280,2281,267.4286
2024-05-04T16:00:00.000Z,2281,2289,2276,2286,118.8628
2024-05-04T20:00:00.000Z,2285,2290,2280,2286,87.9882
2024-05-05T00:00:00.000Z,2286,2288,2274,2280,68.4872
2024-05-05T04:00:00.000Z,2280,2283,2265,2281,66.7962
2024-05-05T08:00:00.000Z,2281,2284,2274,2284,55.3295
2024-05-05T12:00:00.000Z,2284,2288,2275,2287,55.7726
2024-05-05T16:00:00.000Z,2287,2289,2281,2286,115.4358
2024-05-05T20:00:00.000Z,2286,2289,2282,2284,72.4306
2024-05-06T00:00:00.000Z,2285,2295,2283,2293,108.7289
2024-05-06T04:00:00.000Z,2293,2303,2289,2303,171.3501
2024-05-06T08:00:00.000Z,2302,2309,2291,2296,291.2708
2024-05-06T12:00:00.000Z,2298,2314,2292,2306,358.8808
2024-05-06T16:00:00.000Z,2306,2313,2294,2301,212.2322
2024-05-06T20:00:00.000Z,2301,2308,2297,2303,75.2504
2024-05-07T00:00:00.000Z,2303,2308,2298,2302,59.2034
2024-05-07T04:00:00.000Z,2302,2308,2297,2303,67.3313
2024-05-07T08:00:00.000Z,2303,2304,2291,2291,177.5922
2024-05-07T12:00:00.000Z,2291,2304,2291,2295,153.8574
2024-05-07T16:00:00.000Z,2295,2312,2289,2296,221.1668
2024-05-07T20:00:00.000Z,2297,2299,2287,2288,86.8091
2024-05-08T00:00:00.000Z,2289,2299,2289,2294,76.0407
2024-05-08T04:00:00.000Z,2294,2306,2288,2291,205.3211
2024-05-08T08:00:00.000Z,2291,2299,2282,2297,198.84
2024-05-08T12:00:00.000Z,2297,2308,2286,2303,259.0537
2024-05-08T16:00:00.000Z,2304,2307,2295,2296,108.8908
2024-05-08T20:00:00.000Z,2296,2299,2287,2297,153.1572
2024-05-09T00:00:00.000Z,2297,2300,2290,2292,132.6711
2024-05-09T04:00:00.000Z,2292,2322,2288,2312,593.2388
2024-05-09T08:00:00.000Z,2312,2320,2303,2312,193.8406
2024-05-09T12:00:00.000Z,2313,2332,2311,2323,236.0766
2024-05-09T16:00:00.000Z,2323,2338,2321,2336,175.1571
2024-05-09T20:00:00.000Z,2336,2344,2333,2340,133.1174
2024-05-10T00:00:00.000Z,2342,2351,2325,2336,298.9079
2024-05-10T04:00:00.000Z,2337,2350,2318,2347,377.4731
2024-05-10T08:00:00.000Z,2347,2355,2340,2353,190.1452
2024-05-10T12:00:00.000Z,2352,2361,2331,2341,368.8047
2024-05-10T16:00:00.000Z,2342,2354,2330,2349,201.9247
2024-05-10T20:00:00.000Z,2348,2352,2325,2332,148.0882
2024-05-11T00:00:00.000Z,2332,2346,2325,2344,115.0362
2024-05-11T04:00:00.000Z,2344,2350,2340,2343,23.793
2024-05-11T08:00:00.000Z,2343,2347,2336,2341,50.5796
2024-05-11T12:00:00.000Z,2342,2351,2334,2341,91.3507
2024-05-11T16:00:00.000Z,2343,2345,2337,2339,63.2883
2024-05-11T20:00:00.000Z,2339,2342,2334,2340,36.5602
2024-05-12T00:00:00.000Z,2340,2343,2337,2340,19.2097
2024-05-12T04:00:00.000Z,2339,2349,2335,2342,72.177
2024-05-12T08:00:00.000Z,2342,2348,2336,2340,55.222
2024-05-12T12:00:00.000Z,2339,2345,2338,2339,45.0757
2024-05-12T16:00:00.000Z,2340,2344,2336,2338,51.8239
2024-05-12T20:00:00.000Z,2337,2347,2335,2343,76.7128
2024-05-13T00:00:00.000Z,2344,2350,2336,2349,171.6653
2024-05-13T04:00:00.000Z,2350,2350,2336,2342,236.2606
2024-05-13T08:00:00.000Z,2342,2345,2322,2333,177.7489
2024-05-13T12:00:00.000Z,2333,2338,2323,2325,174.1237
2024-05-13T16:00:00.000Z,2327,2334,2321,2322,93.1289
2024-05-13T20:00:00.000Z,2322,2330,2320,2320,59.0117
2024-05-14T00:00:00.000Z,2320,2336,2320,2332,62.6604
2024-05-14T04:00:00.000Z,2332,2340,2322,2325,89.5196
2024-05-14T08:00:00.000Z,2324,2334,2321,2333,78.1575
2024-05-14T12:00:00.000Z,2332,2340,2325,2332,173.6322
2024-05-14T16:00:00.000Z,2332,2344,2328,2338,126.5795
2024-05-14T20:00:00.000Z,2338,2344,2338,2340,60.5096
2024-05-15T00:00:00.000Z,2340,2348,2338,2348,72.3175
2024-05-15T04:00:00.000Z,2348,2349,2340,2344,78.8538
2024-05-15T08:00:00.000Z,2343,2356,2342,2349,84.4547
2024-05-15T12:00:00.000Z,2349,2368,2341,2362,426.1276
2024-05-15T16:00:00.000Z,2361,2375,2359,2371,254.0183
2024-05-15T20:00:00.000Z,2372,2387,2367,2380,373.5862
2024-05-16T00:00:00.000Z,2380,2392,2378,2380,112.7678
2024-05-16T04:00:00.000Z,2380,2382,2366,2374,183.1361
2024-05-16T08:00:00.000Z,2374,2374,2361,2367,116.4674
2024-05-16T12:00:00.000Z,2367,2369,2353,2366,182.7841
2024-05-16T16:00:00.000Z,2367,2369,2358,2364,103.2724
2024-05-16T20:00:00.000Z,2363,2365,2357,2361,25.0276
2024-05-17T00:00:00.000Z,2362,2366,2357,2363,34.5052
2024-05-17T04:00:00.000Z,2362,2378,2358,2371,159.2645
2024-05-17T08:00:00.000Z,2371,2374,2364,2373,134.5226
2024-05-17T12:00:00.000Z,2372,2397,2370,2386,551.2857
2024-05-17T16:00:00.000Z,2386,2394,2382,2387,171.3839
2024-05-17T20:00:00.000Z,2386,2397,2385,2390,133.8721
2024-05-18T00:00:00.000Z,2390,2394,2385,2386,74.9891
2024-05-18T04:00:00.000Z,2387,2392,2380,2385,64.1173
2024-05-18T08:00:00.000Z,2386,2393,2385,2387,88.7173
2024-05-18T12:00:00.000Z,2386,2392,2383,2387,71.8312
2024-05-18T16:00:00.000Z,2386,2392,2383,2384,57.5327
2024-05-18T20:00:00.000Z,2384,2389,2382,2385,54.7827
2024-05-19T00:00:00.000Z,2386,2391,2375,2380,88.6148
2024-05-19T04:00:00.000Z,2380,2390,2378,2387,159.3354
2024-05-19T08:00:00.000Z,2387,2389,2382,2388,47.0966
2024-05-19T12:00:00.000Z,2387,2392,2382,2390,106.1369
2024-05-19T16:00:00.000Z,2391,2418,2389,2411,439.4411
2024-05-19T20:00:00.000Z,2411,2415,2403,2405,247.7669
2024-05-20T00:00:00.000Z,2405,2427,2401,2412,338.8773
2024-05-20T04:00:00.000Z,2412,2423,2405,2408,583.4149
2024-05-20T08:00:00.000Z,2408,2422,2405,2407,231.1174
2024-05-20T12:00:00.000Z,2408,2408,2392,2403,176.6558
2024-05-20T16:00:00.000Z,2403,2422,2400,2411,670.6318
2024-05-20T20:00:00.000Z,2411,2416,2397,2414,482.9802
2024-05-21T00:00:00.000Z,2414,2423,2399,2405,421.3443
2024-05-21T04:00:00.000Z,2405,2416,2400,2413,347.5312
2024-05-21T08:00:00.000Z,2414,2421,2410,2414,292.3278
2024-05-21T12:00:00.000Z,2413,2418,2409,2412,207.2876
2024-05-21T16:00:00.000Z,2412,2419,2410,2410,159.2165
2024-05-21T20:00:00.000Z,2410,2417,2400,2413,200.6709
2024-05-22T00:00:00.000Z,2413,2414,2404,2407,362.3668
2024-05-22T04:00:00.000Z,2407,2412,2400,2403,179.8631
2024-05-22T08:00:00.000Z,2402,2408,2394,2394,80.9687
2024-05-22T12:00:00.000Z,2395,2401,2370,2385,421.4936
2024-05-22T16:00:00.000Z,2385,2390,2372,2376,120.3295
2024-05-22T20:00:00.000Z,2376,2396,2374,2385,283.9538
2024-05-23T00:00:00.000Z,2385,2395,2372,2372,132.7561
2024-05-23T04:00:00.000Z,2373,2389,2366,2366,225.141
2024-05-23T08:00:00.000Z,2366,2381,2363,2377,176.1635
2024-05-23T12:00:00.000Z,2378,2379,2353,2357,456.8554
2024-05-23T16:00:00.000Z,2357,2359,2334,2343,334.6844
2024-05-23T20:00:00.000Z,2343,2363,2331,2343,350.963
2024-05-24T00:00:00.000Z,2343,2353,2341,2348,58.5204
2024-05-24T04:00:00.000Z,2348,2349,2341,2346,152.7728
2024-05-24T08:00:00.000Z,2346,2400,2341,2346,913.7954
2024-05-24T12:00:00.000Z,2346,2351,2341,2342,161.7885
2024-05-24T16:00:00.000Z,2342,2352,2341,2345,94.8803
2024-05-24T20:00:00.000Z,2345,2348,2342,2346,34.8928
2024-05-25T00:00:00.000Z,2347,2349,2344,2349,28.8764
2024-05-25T04:00:00.000Z,2349,2353,2342,2345,84.0535
2024-05-25T08:00:00.000Z,2346,2352,2341,2346,152.9174
2024-05-25T12:00:00.000Z,2346,2349,2337,2342,113.565
2024-05-25T16:00:00.000Z,2342,2343,2337,2341,18.9839
2024-05-25T20:00:00.000Z,2341,2348,2336,2346,41.8091
2024-05-26T00:00:00.000Z,2346,2348,2342,2346,31.6602
2024-05-26T04:00:00.000Z,2346,2355,2346,2350,89.3536
2024-05-26T08:00:00.000Z,2349,2355,2344,2349,71.7985
2024-05-26T12:00:00.000Z,2347,2355,2343,2346,56.7234
2024-05-26T16:00:00.000Z,2347,2355,2346,2350,42.0623
2024-05-26T20:00:00.000Z,2350,2355,2346,2351,47.5851
2024-05-27T00:00:00.000Z,2351,2364,2348,2358,108.3711
2024-05-27T04:00:00.000Z,2359,2363,2342,2351,220.3887
2024-05-27T08:00:00.000Z,2350,2355,2347,2353,92.804
2024-05-27T12:00:00.000Z,2353,2370,2353,2361,216.4948
2024-05-27T16:00:00.000Z,2361,2366,2355,2356,131.0134
2024-05-27T20:00:00.000Z,2356,2361,2355,2357,85.3331
2024-05-28T00:00:00.000Z,2358,2361,2354,2355,81.9308
2024-05-28T04:00:00.000Z,2356,2360,2326,2348,331.8264
2024-05-28T08:00:00.000Z,2348,2356,2334,2351,278.0394
2024-05-28T12:00:00.000Z,2351,2361,2347,2354,113.3458
2024-05-28T16:00:00.000Z,2354,2356,2344,2354,93.8023
2024-05-28T20:00:00.000Z,2353,2355,2346,2350,49.4092
2024-05-29T00:00:00.000Z,2351,2356,2348,2354,33.7175
2024-05-29T04:00:00.000Z,2354,2358,2343,2347,50.3474
2024-05-29T08:00:00.000Z,2346,2348,2341,2342,105.2654
2024-05-29T12:00:00.000Z,2342,2343,2331,2336,158.757
2024-05-29T16:00:00.000Z,2337,2340,2328,2334,161.2864
2024-05-29T20:00:00.000Z,2334,2340,2325,2325,62.6121
2024-05-30T00:00:00.000Z,2328,2334,2324,2334,63.5527
2024-05-30T04:00:00.000Z,2334,2337,2331,2331,88.0962
2024-05-30T08:00:00.000Z,2332,2337,2320,2332,276.7353
2024-05-30T12:00:00.000Z,2332,2350,2318,2341,201.3015
2024-05-30T16:00:00.000Z,2342,2347,2335,2338,91.5908
2024-05-30T20:00:00.000Z,2338,2344,2335,2338,68.6301
2024-05-31T00:00:00.000Z,2338,2344,2336,2341,23.4933
2024-05-31T04:00:00.000Z,2341,2344,2334,2336,38.3026
2024-05-31T08:00:00.000Z,2336,2344,2332,2342,115.3024
2024-05-31T12:00:00.000Z,2341,2355,2333,2333,202.3515
2024-05-31T16:00:00.000Z,2335,2338,2325,2330,396.9628
2024-05-31T20:00:00.000Z,2331,2335,2327,2332,39.2481
2024-06-01T00:00:00.000Z,2333,2334,2331,2333,17.1283
2024-06-01T04:00:00.000Z,2334,2335,2331,2334,59.158
2024-06-01T08:00:00.000Z,2334,2335,2326,2334,68.5684
2024-06-01T12:00:00.000Z,2333,2346,2331,2342,151.7362
2024-06-01T16:00:00.000Z,2341,2345,2332,2344,69.2013
2024-06-01T20:00:00.000Z,2344,2349,2338,2344,60.4306
2024-06-02T00:00:00.000Z,2344,2348,2339,2341,31.202
2024-06-02T04:00:00.000Z,2341,2344,2333,2335,81.9239
2024-06-02T08:00:00.000Z,2336,2345,2334,2342,77.5039
2024-06-02T12:00:00.000Z,2342,2351,2336,2350,74.0343
2024-06-02T16:00:00.000Z,2348,2351,2337,2339,63.1755
2024-06-02T20:00:00.000Z,2339,2348,2333,2335,91.6052
2024-06-03T00:00:00.000Z,2335,2342,2331,2335,34.7137
2024-06-03T04:00:00.000Z,2334,2353,2325,2329,237.3618
2024-06-03T08:00:00.000Z,2331,2336,2327,2334,62.961
2024-06-03T12:00:00.000Z,2334,2343,2334,2340,122.1696
2024-06-03T16:00:00.000Z,2340,2350,2340,2349,89.6803
2024-06-03T20:00:00.000Z,2349,2352,2342,2347,117.7185
2024-06-04T00:00:00.000Z,2347,2352,2342,2346,60.2914
2024-06-04T04:00:00.000Z,2346,2353,2345,2349,82.7464
2024-06-04T08:00:00.000Z,2349,2350,2334,2336,91.4916
2024-06-04T12:00:00.000Z,2336,2344,2325,2336,186.9742
2024-06-04T16:00:00.000Z,2336,2342,2326,2332,178.826
2024-06-04T20:00:00.000Z,2332,2338,2330,2335,46.1659
2024-06-05T00:00:00.000Z,2336,2341,2332,2340,72.7922
2024-06-05T04:00:00.000Z,2340,2342,2334,2336,65.5841
2024-06-05T08:00:00.000Z,2337,2345,2331,2339,146.5151
2024-06-05T12:00:00.000Z,2339,2357,2334,2355,191.026
2024-06-05T16:00:00.000Z,2356,2357,2342,2354,107.1456
2024-06-05T20:00:00.000Z,2354,2359,2348,2359,62.0569
2024-06-06T00:00:00.000Z,2359,2363,2357,2359,63.8104
2024-06-06T04:00:00.000Z,2360,2363,2349,2359,72.5258
2024-06-06T08:00:00.000Z,2359,2362,2352,2359,52.3719
2024-06-06T12:00:00.000Z,2359,2364,2354,2362,109.5077
2024-06-06T16:00:00.000Z,2362,2369,2359,2359,157.0266
2024-06-06T20:00:00.000Z,2359,2369,2352,2365,88.9156
2024-06-07T00:00:00.000Z,2365,2369,2359,2362,30.3012
2024-06-07T04:00:00.000Z,2364,2371,2364,2370,61.1649
2024-06-07T08:00:00.000Z,2369,2370,2336,2342,247.5038
2024-06-07T12:00:00.000Z,2342,2344,2311,2316,802.6766
2024-06-07T16:00:00.000Z,2315,2322,2301,2305,566.9946
2024-06-07T20:00:00.000Z,2306,2318,2292,2310,213.7852
2024-06-08T00:00:00.000Z,2311,2316,2301,2306,51.1461
2024-06-08T04:00:00.000Z,2307,2313,2302,2308,54.5117
2024-06-08T08:00:00.000Z,2308,2310,2295,2302,82.4913
2024-06-08T12:00:00.000Z,2303,2308,2296,2307,55.305
2024-06-08T16:00:00.000Z,2306,2310,2303,2305,39.2235
2024-06-08T20:00:00.000Z,2305,2309,2301,2301,33.5924
2024-06-09T00:00:00.000Z,2302,2318,2301,2311,55.6388
2024-06-09T04:00:00.000Z,2311,2316,2306,2308,51.8653
2024-06-09T08:00:00.000Z,2307,2308,2305,2307,29.3792
2024-06-09T12:00:00.000Z,2308,2312,2305,2310,54.5156
2024-06-09T16:00:00.000Z,2311,2315,2310,2311,84.1362
2024-06-09T20:00:00.000Z,2312,2316,2307,2312,81.0018
2024-06-10T00:00:00.000Z,2312,2316,2304,2306,96.69
2024-06-10T04:00:00.000Z,2306,2311,2304,2305,47.8427
2024-06-10T08:00:00.000Z,2305,2313,2304,2309,32.2029
2024-06-10T12:00:00.000Z,2309,2319,2309,2314,65.3859
2024-06-10T16:00:00.000Z,2315,2325,2312,2312,90.9601
2024-06-10T20:00:00.000Z,2313,2321,2309,2316,55.6146
2024-06-11T00:00:00.000Z,2316,2317,2306,2314,120.7273
2024-06-11T04:00:00.000Z,2314,2317,2310,2313,98.2656
2024-06-11T08:00:00.000Z,2313,2319,2310,2315,141.3511
2024-06-11T12:00:00.000Z,2315,2323,2311,2314,186.3536
2024-06-11T16:00:00.000Z,2313,2321,2310,2311,175.5909
2024-06-11T20:00:00.000Z,2311,2319,2310,2314,70.6703
2024-06-12T00:00:00.000Z,2314,2321,2310,2318,110.1522
2024-06-12T04:00:00.000Z,2317,2322,2313,2320,65.3141
2024-06-12T08:00:00.000Z,2319,2324,2314,2320,81.2419
2024-06-12T12:00:00.000Z,2320,2344,2316,2326,647.7866
2024-06-12T16:00:00.000Z,2327,2332,2311,2316,412.297
2024-06-12T20:00:00.000Z,2316,2321,2312,2314,63.5966
2024-06-13T00:00:00.000Z,2315,2318,2305,2311,108.2368
2024-06-13T04:00:00.000Z,2311,2314,2305,2311,32.3969
2024-06-13T08:00:00.000Z,2311,2315,2304,2306,57.7296
2024-06-13T12:00:00.000Z,2307,2316,2297,2299,188.9043
2024-06-13T16:00:00.000Z,2298,2308,2295,2305,107.1391
2024-06-13T20:00:00.000Z,2305,2306,2292,2297,90.7282
2024-06-14T00:00:00.000Z,2297,2313,2297,2308,143.9493
2024-06-14T04:00:00.000Z,2308,2315,2305,2311,47.5815
2024-06-14T08:00:00.000Z,2312,2323,2307,2321,101.4799
2024-06-14T12:00:00.000Z,2322,2329,2314,2320,178.521
2024-06-14T16:00:00.000Z,2320,2329,2309,2320,322.898
2024-06-14T20:00:00.000Z,2320,2330,2314,2321,169.535
2024-06-15T00:00:00.000Z,2321,2329,2319,2327,68.6637
2024-06-15T04:00:00.000Z,2327,2336,2324,2332,91.6829
2024-06-15T08:00:00.000Z,2332,2335,2326,2334,73.2718
2024-06-15T12:00:00.000Z,2334,2337,2327,2335,98.1845
2024-06-15T16:00:00.000Z,2335,2337,2329,2331,91.9038
2024-06-15T20:00:00.000Z,2331,2337,2329,2333,84.8782
2024-06-16T00:00:00.000Z,2333,2337,2331,2336,38.1352
2024-06-16T04:00:00.000Z,2337,2342,2335,2340,80.9017
2024-06-16T08:00:00.000Z,2340,2370,2330,2333,270.4473
2024-06-16T12:00:00.000Z,2334,2344,2330,2334,38.0053
2024-06-16T16:00:00.000Z,2336,2336,2327,2329,69.8801
2024-06-16T20:00:00.000Z,2330,2334,2323,2326,85.5771
2024-06-17T00:00:00.000Z,2326,2327,2320,2320,43.874
2024-06-17T04:00:00.000Z,2320,2324,2311,2314,54.5145
2024-06-17T08:00:00.000Z,2315,2321,2307,2311,123.0882
2024-06-17T12:00:00.000Z,2311,2317,2305,2305,80.9956
2024-06-17T16:00:00.000Z,2306,2317,2304,2314,111.1324
2024-06-17T20:00:00.000Z,2314,2322,2308,2314,118.5351
2024-06-18T00:00:00.000Z,2314,2320,2305,2314,163.6686
2024-06-18T04:00:00.000Z,2314,2322,2307,2312,79.7233
2024-06-18T08:00:00.000Z,2312,2312,2304,2309,81.8899
2024-06-18T12:00:00.000Z,2310,2318,2305,2315,171.8651
2024-06-18T16:00:00.000Z,2314,2330,2314,2322,262.9108
2024-06-18T20:00:00.000Z,2322,2328,2311,2319,139.4577
2024-06-19T00:00:00.000Z,2320,2328,2313,2321,160.9849
2024-06-19T04:00:00.000Z,2320,2320,2312,2315,40.2111
2024-06-19T08:00:00.000Z,2315,2324,2311,2322,102.5591
2024-06-19T12:00:00.000Z,2323,2325,2313,2317,51.689
2024-06-19T16:00:00.000Z,2317,2323,2315,2318,33.7696
2024-06-19T20:00:00.000Z,2317,2321,2313,2316,22.7484
2024-06-20T00:00:00.000Z,2317,2323,2313,2322,44.1571
2024-06-20T04:00:00.000Z,2322,2336,2319,2333,88.92
2024-06-20T08:00:00.000Z,2332,2336,2323,2331,70.5439
2024-06-20T12:00:00.000Z,2332,2347,2324,2336,203.0788
2024-06-20T16:00:00.000Z,2337,2342,2329,2340,88.1151
2024-06-20T20:00:00.000Z,2340,2348,2330,2346,157.9646
2024-06-21T00:00:00.000Z,2347,2348,2343,2346,42.7244
2024-06-21T04:00:00.000Z,2346,2349,2340,2343,74.0995
2024-06-21T08:00:00.000Z,2343,2349,2338,2347,167.1872
2024-06-21T12:00:00.000Z,2347,2349,2317,2322,280.9579
2024-06-21T16:00:00.000Z,2322,2323,2311,2318,111.5207
2024-06-21T20:00:00.000Z,2318,2326,2315,2321,39.1057
2024-06-22T00:00:00.000Z,2321,2327,2319,2321,20.2198
2024-06-22T04:00:00.000Z,2321,2328,2320,2321,17.4092
2024-06-22T08:00:00.000Z,2321,2324,2319,2320,44.3935
2024-06-22T12:00:00.000Z,2321,2326,2319,2321,33.0905
2024-06-22T16:00:00.000Z,2320,2324,2319,2321,29.0806
2024-06-22T20:00:00.000Z,2321,2321,2315,2317,42.5443
2024-06-23T00:00:00.000Z,2318,2319,2317,2318,8.0508
2024-06-23T04:00:00.000Z,2318,2319,2316,2318,19.4484
2024-06-23T08:00:00.000Z,2318,2320,2315,2317,39.0644
2024-06-23T12:00:00.000Z,2317,2318,2312,2314,30.5225
2024-06-23T16:00:00.000Z,2315,2316,2313,2315,22.4757
2024-06-23T20:00:00.000Z,2315,2318,2310,2313,82.378
2024-06-24T00:00:00.000Z,2315,2319,2310,2315,50.1412
2024-06-24T04:00:00.000Z,2315,2321,2306,2314,180.9538
2024-06-24T08:00:00.000Z,2315,2320,2303,2312,336.5748
2024-06-24T12:00:00.000Z,2312,2321,2306,2308,136.9298
2024-06-24T16:00:00.000Z,2308,2319,2306,2309,169.0702
2024-06-24T20:00:00.000Z,2310,2318,2308,2311,125.5276
2024-06-25T00:00:00.000Z,2311,2319,2304,2311,69.9296
2024-06-25T04:00:00.000Z,2310,2316,2305,2307,74.876
2024-06-25T08:00:00.000Z,2308,2316,2303,2309,137.06
2024-06-25T12:00:00.000Z,2308,2314,2303,2310,124.3087
2024-06-25T16:00:00.000Z,2309,2312,2296,2303,197.1136
2024-06-25T20:00:00.000Z,2301,2304,2300,2302,47.6464
2024-06-26T00:00:00.000Z,2302,2305,2298,2302,40.5061
2024-06-26T04:00:00.000Z,2301,2304,2296,2302,27.618
2024-06-26T08:00:00.000Z,2300,2305,2295,2298,54.2689
2024-06-26T12:00:00.000Z,2298,2304,2286,2290,165.817
2024-06-26T16:00:00.000Z,2291,2298,2290,2297,87.8324
2024-06-26T20:00:00.000Z,2296,2299,2292,2293,117.3542
2024-06-27T00:00:00.000Z,2294,2296,2290,2293,52.394
2024-06-27T04:00:00.000Z,2293,2299,2290,2291,32.7843
2024-06-27T08:00:00.000Z,2293,2304,2291,2303,78.1642
2024-06-27T12:00:00.000Z,2303,2315,2303,2312,183.5246
2024-06-27T16:00:00.000Z,2312,2314,2305,2309,54.6103
2024-06-27T20:00:00.000Z,2309,2312,2306,2308,31.635
2024-06-28T00:00:00.000Z,2308,2311,2306,2310,15.0387
2024-06-28T04:00:00.000Z,2309,2310,2306,2309,31.6997
2024-06-28T08:00:00.000Z,2309,2317,2308,2314,103.6911
2024-06-28T12:00:00.000Z,2314,2320,2307,2315,117.5485
2024-06-28T16:00:00.000Z,2314,2315,2307,2308,55.4624
2024-06-28T20:00:00.000Z,2308,2313,2307,2309,41.0345
2024-06-29T00:00:00.000Z,2309,2311,2305,2307,35.4795
2024-06-29T04:00:00.000Z,2308,2313,2305,2308,38.552
2024-06-29T08:00:00.000Z,2309,2312,2308,2311,27.8975
2024-06-29T12:00:00.000Z,2311,2312,2309,2311,28.0509
2024-06-29T16:00:00.000Z,2312,2314,2306,2309,19.4481
2024-06-29T20:00:00.000Z,2309,2311,2306,2308,24.2286
2024-06-30T00:00:00.000Z,2309,2313,2305,2306,28.8498
2024-06-30T04:00:00.000Z,2306,2315,2305,2311,30.0427
2024-06-30T08:00:00.000Z,2311,2313,2308,2310,33.6721
2024-06-30T12:00:00.000Z,2311,2315,2306,2311,50.8565
2024-06-30T16:00:00.000Z,2311,2316,2310,2312,42.9334
2024-06-30T20:00:00.000Z,2311,2315,2306,2312,72.4767
2024-07-01T00:00:00.000Z,2313,2319,2308,2311,165.2747
2024-07-01T04:00:00.000Z,2313,2314,2308,2313,69.002
2024-07-01T08:00:00.000Z,2312,2319,2308,2319,119.007
2024-07-01T12:00:00.000Z,2319,2320,2308,2315,155.2566
2024-07-01T16:00:00.000Z,2314,2319,2311,2314,105.6942
2024-07-01T20:00:00.000Z,2314,2318,2312,2314,73.5615
2024-07-02T00:00:00.000Z,2315,2319,2314,2316,25.3486
2024-07-02T04:00:00.000Z,2316,2328,2313,2317,142.6808
2024-07-02T08:00:00.000Z,2318,2325,2315,2318,106.4651
2024-07-02T12:00:00.000Z,2318,2323,2313,2319,62.1263
2024-07-02T16:00:00.000Z,2320,2324,2318,2321,33.8974
2024-07-02T20:00:00.000Z,2321,2327,2318,2323,65.6279
2024-07-03T00:00:00.000Z,2322,2329,2316,2317,65.205
2024-07-03T04:00:00.000Z,2319,2328,2315,2326,52.3272
2024-07-03T08:00:00.000Z,2326,2334,2325,2327,114.8707
2024-07-03T12:00:00.000Z,2327,2345,2325,2344,304.7118
2024-07-03T16:00:00.000Z,2343,2347,2331,2334,170.0173
2024-07-03T20:00:00.000Z,2335,2345,2326,2341,130.6654
2024-07-04T00:00:00.000Z,2342,2347,2331,2333,238.2879
2024-07-04T04:00:00.000Z,2332,2340,2323,2334,182.7711
2024-07-04T08:00:00.000Z,2335,2346,2329,2336,192.0078
2024-07-04T12:00:00.000Z,2336,2340,2328,2337,312.9244
2024-07-04T16:00:00.000Z,2337,2342,2329,2333,150.4153
2024-07-04T20:00:00.000Z,2333,2338,2324,2326,135.7793
2024-07-05T00:00:00.000Z,2327,2344,2313,2324,412.5886
2024-07-05T04:00:00.000Z,2321,2337,2318,2327,390.8818
2024-07-05T08:00:00.000Z,2327,2345,2322,2334,565.6985
2024-07-05T12:00:00.000Z,2334,2350,2326,2344,409.9496
2024-07-05T16:00:00.000Z,2344,2358,2343,2353,274.121
2024-07-05T20:00:00.000Z,2354,2361,2351,2354,156.5298
2024-07-06T00:00:00.000Z,2355,2363,2352,2355,92.608
2024-07-06T04:00:00.000Z,2356,2357,2348,2351,58.3824
2024-07-06T08:00:00.000Z,2351,2352,2337,2348,117.2637
2024-07-06T12:00:00.000Z,2348,2354,2345,2351,153.6916
2024-07-06T16:00:00.000Z,2351,2357,2337,2353,163.8308
2024-07-06T20:00:00.000Z,2353,2358,2350,2354,69.3843
2024-07-07T00:00:00.000Z,2353,2359,2351,2358,70.9744
2024-07-07T04:00:00.000Z,2358,2360,2349,2355,80.4016
2024-07-07T08:00:00.000Z,2356,2368,2351,2356,203.5852
2024-07-07T12:00:00.000Z,2358,2361,2347,2352,224.696
2024-07-07T16:00:00.000Z,2353,2358,2348,2357,65.8403
2024-07-07T20:00:00.000Z,2358,2362,2351,2355,146.7757
2024-07-08T00:00:00.000Z,2355,2362,2346,2354,248.9473
2024-07-08T04:00:00.000Z,2356,2360,2348,2355,145.7615
2024-07-08T08:00:00.000Z,2355,2364,2349,2353,297.4247
2024-07-08T12:00:00.000Z,2353,2355,2335,2335,278.6221
2024-07-08T16:00:00.000Z,2336,2342,2327,2342,150.966
2024-07-08T20:00:00.000Z,2342,2347,2338,2345,266.3699
2024-07-09T00:00:00.000Z,2345,2350,2341,2348,99.1665
2024-07-09T04:00:00.000Z,2348,2349,2342,2344,64.6759
2024-07-09T08:00:00.000Z,2345,2349,2338,2341,83.5963
2024-07-09T12:00:00.000Z,2340,2349,2336,2342,139.1803
2024-07-09T16:00:00.000Z,2341,2345,2337,2343,46.4505
2024-07-09T20:00:00.000Z,2343,2345,2341,2343,26.2722
2024-07-10T00:00:00.000Z,2344,2348,2339,2347,103.4809
2024-07-10T04:00:00.000Z,2347,2352,2346,2351,91.6339
2024-07-10T08:00:00.000Z,2352,2354,2350,2354,75.2959
2024-07-10T12:00:00.000Z,2353,2362,2349,2359,184.6028
2024-07-10T16:00:00.000Z,2358,2362,2353,2354,67.1308
2024-07-10T20:00:00.000Z,2354,2357,2351,2354,44.8155
2024-07-11T00:00:00.000Z,2354,2359,2352,2357,76.2041
2024-07-11T04:00:00.000Z,2356,2363,2356,2358,44.8271
2024-07-11T08:00:00.000Z,2359,2371,2358,2367,152.766
2024-07-11T12:00:00.000Z,2367,2399,2361,2394,448.8626
2024-07-11T16:00:00.000Z,2394,2398,2386,2391,273.7916
2024-07-11T20:00:00.000Z,2390,2392,2385,2391,62.596
2024-07-12T00:00:00.000Z,2392,2392,2381,2385,91.2853
2024-07-12T04:00:00.000Z,2386,2386,2372,2379,93.5864
2024-07-12T08:00:00.000Z,2379,2383,2377,2381,165.3696
2024-07-12T12:00:00.000Z,2381,2391,2374,2391,78.5271
2024-07-12T16:00:00.000Z,2390,2400,2389,2390,122.0875
2024-07-12T20:00:00.000Z,2392,2392,2385,2390,33.6008
2024-07-13T00:00:00.000Z,2390,2394,2388,2390,22.5015
2024-07-13T04:00:00.000Z,2389,2393,2379,2384,102.3931
2024-07-13T08:00:00.000Z,2384,2401,2380,2393,110.5639
2024-07-13T12:00:00.000Z,2393,2400,2383,2387,57.88
2024-07-13T16:00:00.000Z,2388,2396,2383,2387,41.1583
2024-07-13T20:00:00.000Z,2387,2393,2382,2390,93.2999
2024-07-14T00:00:00.000Z,2389,2399,2387,2396,46.6232
2024-07-14T04:00:00.000Z,2396,2400,2390,2392,77.8675
2024-07-14T08:00:00.000Z,2392,2400,2387,2394,72.2887
2024-07-14T12:00:00.000Z,2393,2411,2392,2403,151.7998
2024-07-14T16:00:00.000Z,2404,2408,2397,2399,50.3935
2024-07-14T20:00:00.000Z,2399,2402,2383,2391,254.6286
2024-07-15T00:00:00.000Z,2392,2401,2386,2398,82.3104
2024-07-15T04:00:00.000Z,2397,2402,2379,2387,197.079
2024-07-15T08:00:00.000Z,2389,2397,2387,2396,153.7752
2024-07-15T12:00:00.000Z,2397,2412,2390,2410,134.9442
2024-07-15T16:00:00.000Z,2410,2413,2396,2398,109.17
2024-07-15T20:00:00.000Z,2399,2409,2396,2403,182.9299
2024-07-16T00:00:00.000Z,2403,2421,2397,2413,389.1896
2024-07-16T04:00:00.000Z,2414,2450,2407,2420,400.0263
2024-07-16T08:00:00.000Z,2418,2432,2416,2428,205.8105
2024-07-16T12:00:00.000Z,2428,2450,2421,2447,237.1196
2024-07-16T16:00:00.000Z,2447,2453,2437,2445,341.1144
2024-07-16T20:00:00.000Z,2446,2453,2443,2446,136.8618
2024-07-17T00:00:00.000Z,2447,2467,2445,2454,162.4411
2024-07-17T04:00:00.000Z,2454,2460,2445,2455,91.8637
2024-07-17T08:00:00.000Z,2455,2462,2450,2453,225.0217
2024-07-17T12:00:00.000Z,2453,2463,2442,2442,135.5095
2024-07-17T16:00:00.000Z,2442,2447,2432,2440,137.2884
2024-07-17T20:00:00.000Z,2440,2443,2434,2442,53.9443
2024-07-18T00:00:00.000Z,2442,2447,2439,2447,36.6478
2024-07-18T04:00:00.000Z,2447,2457,2441,2452,89.2727
2024-07-18T08:00:00.000Z,2451,2460,2440,2445,72.6891
2024-07-18T12:00:00.000Z,2445,2453,2441,2442,140.0496
2024-07-18T16:00:00.000Z,2443,2443,2411,2423,233.0405
2024-07-18T20:00:00.000Z,2423,2431,2423,2425,57.8284
2024-07-19T00:00:00.000Z,2425,2425,2405,2413,109.3867
2024-07-19T04:00:00.000Z,2414,2424,2405,2420,286.1566
2024-07-19T08:00:00.000Z,2421,2427,2415,2420,682.5694
2024-07-19T12:00:00.000Z,2420,2420,2387,2399,1305.9919
2024-07-19T16:00:00.000Z,2401,2410,2391,2398,324.4536
2024-07-19T20:00:00.000Z,2400,2418,2391,2409,139.057
2024-07-20T00:00:00.000Z,2407,2418,2407,2410,48.9353
2024-07-20T04:00:00.000Z,2408,2417,2407,2413,45.3745
2024-07-20T08:00:00.000Z,2413,2418,2408,2408,36.8396
2024-07-20T12:00:00.000Z,2408,2411,2407,2407,78.5565
2024-07-20T16:00:00.000Z,2407,2416,2388,2407,276.2579
2024-07-20T20:00:00.000Z,2406,2408,2396,2399,67.9993
2024-07-21T00:00:00.000Z,2399,2413,2398,2406,25.5477
2024-07-21T04:00:00.000Z,2406,2408,2399,2403,22.5355
2024-07-21T08:00:00.000Z,2403,2410,2398,2404,37.3621
2024-07-21T12:00:00.000Z,2405,2418,2398,2402,85.7882
2024-07-21T16:00:00.000Z,2401,2416,2398,2409,163.737
2024-07-21T20:00:00.000Z,2410,2417,2404,2410,105.7244
2024-07-22T00:00:00.000Z,2410,2416,2407,2408,117.4644
2024-07-22T04:00:00.000Z,2407,2410,2397,2399,88.7113
2024-07-22T08:00:00.000Z,2400,2407,2396,2399,101.1888
2024-07-22T12:00:00.000Z,2399,2438,2387,2391,269.5377
2024-07-22T16:00:00.000Z,2390,2402,2387,2401,78.382
2024-07-22T20:00:00.000Z,2400,2400,2385,2391,68.1568
2024-07-23T00:00:00.000Z,2391,2403,2390,2402,64.6354
2024-07-23T04:00:00.000Z,2402,2403,2383,2390,223.3418
2024-07-23T08:00:00.000Z,2389,2406,2387,2403,147.4832
2024-07-23T12:00:00.000Z,2402,2405,2390,2394,115.1989
2024-07-23T16:00:00.000Z,2395,2399,2388,2395,105.326
2024-07-23T20:00:00.000Z,2395,2402,2391,2399,46.5595
2024-07-24T00:00:00.000Z,2400,2404,2390,2401,270.9622
2024-07-24T04:00:00.000Z,2401,2409,2401,2405,137.8794
2024-07-24T08:00:00.000Z,2404,2414,2404,2408,92.7111
2024-07-24T12:00:00.000Z,2408,2418,2408,2414,121.9514
2024-07-24T16:00:00.000Z,2412,2419,2394,2396,196.5462
2024-07-24T20:00:00.000Z,2396,2396,2385,2390,96.23
2024-07-25T00:00:00.000Z,2389,2393,2360,2364,199.9467
2024-07-25T04:00:00.000Z,2364,2376,2361,2370,125.9661
2024-07-25T08:00:00.000Z,2371,2376,2355,2361,166.0021
2024-07-25T12:00:00.000Z,2361,2374,2356,2364,169.6622
2024-07-25T16:00:00.000Z,2367,2372,2361,2363,407.2603
2024-07-25T20:00:00.000Z,2363,2374,2361,2370,66.1101
2024-07-26T00:00:00.000Z,2369,2383,2363,2377,137.8367
2024-07-26T04:00:00.000Z,2375,2381,2369,2379,73.3339
2024-07-26T08:00:00.000Z,2378,2410,2374,2385,211.4236
2024-07-26T12:00:00.000Z,2385,2392,2376,2388,97.3905
2024-07-26T16:00:00.000Z,2387,2392,2383,2390,26.3865
2024-07-26T20:00:00.000Z,2390,2391,2383,2387,25.3175
2024-07-27T00:00:00.000Z,2387,2390,2383,2385,12.0614
2024-07-27T04:00:00.000Z,2386,2394,2383,2389,29.8304
2024-07-27T08:00:00.000Z,2390,2394,2386,2393,47.7495
2024-07-27T12:00:00.000Z,2393,2404,2391,2392,74.6726
2024-07-27T16:00:00.000Z,2392,2399,2380,2388,135.6245
2024-07-27T20:00:00.000Z,2388,2392,2375,2384,65.1277
2024-07-28T00:00:00.000Z,2383,2389,2379,2381,12.5016
2024-07-28T04:00:00.000Z,2382,2390,2378,2387,45.9773
2024-07-28T08:00:00.000Z,2387,2398,2384,2394,83.9832
2024-07-28T12:00:00.000Z,2393,2395,2383,2394,24.3745
2024-07-28T16:00:00.000Z,2393,2398,2378,2388,52.2886
2024-07-28T20:00:00.000Z,2388,2396,2386,2392,30.4109
2024-07-29T00:00:00.000Z,2392,2408,2392,2403,110.2527
2024-07-29T04:00:00.000Z,2404,2411,2396,2401,94.2825
2024-07-29T08:00:00.000Z,2401,2403,2393,2395,57.6328
2024-07-29T12:00:00.000Z,2395,2402,2371,2381,131.4034
2024-07-29T16:00:00.000Z,2381,2393,2372,2389,113.776
2024-07-29T20:00:00.000Z,2388,2394,2385,2385,39.2958
2024-07-30T00:00:00.000Z,2385,2386,2382,2385,26.4633
2024-07-30T04:00:00.000Z,2386,2394,2382,2391,58.5081
2024-07-30T08:00:00.000Z,2391,2399,2389,2392,65.0733
2024-07-30T12:00:00.000Z,2392,2398,2386,2391,92.6236
2024-07-30T16:00:00.000Z,2391,2405,2389,2400,93.5381
2024-07-30T20:00:00.000Z,2401,2410,2389,2400,104.1483
2024-07-31T00:00:00.000Z,2401,2414,2397,2413,51.2604
2024-07-31T04:00:00.000Z,2413,2416,2407,2413,99.6419
2024-07-31T08:00:00.000Z,2414,2421,2413,2420,140.0275
2024-07-31T12:00:00.000Z,2420,2424,2413,2417,110.0259
2024-07-31T16:00:00.000Z,2418,2437,2409,2436,282.2424
2024-07-31T20:00:00.000Z,2436,2452,2426,2434,379.2821
2024-08-01T00:00:00.000Z,2435,2453,2427,2432,155.1077
2024-08-01T04:00:00.000Z,2433,2440,2423,2426,145.5756
2024-08-01T08:00:00.000Z,2426,2434,2416,2433,195.8768
2024-08-01T12:00:00.000Z,2433,2448,2429,2436,233.0576
2024-08-01T16:00:00.000Z,2434,2436,2421,2428,249.2946
2024-08-01T20:00:00.000Z,2429,2437,2425,2430,173.2684
2024-08-02T00:00:00.000Z,2430,2444,2425,2444,140.1898
2024-08-02T04:00:00.000Z,2445,2455,2439,2450,162.2816
2024-08-02T08:00:00.000Z,2449,2455,2445,2445,77.8378
2024-08-02T12:00:00.000Z,2446,2464,2405,2422,589.7017
2024-08-02T16:00:00.000Z,2423,2455,2411,2444,268.9024
2024-08-02T20:00:00.000Z,2443,2484,2435,2458,845.8445
2024-08-03T00:00:00.000Z,2458,2459,2428,2438,176.0492
2024-08-03T04:00:00.000Z,2439,2458,2430,2444,194.6702
2024-08-03T08:00:00.000Z,2443,2464,2436,2454,175.4475
2024-08-03T12:00:00.000Z,2454,2456,2437,2440,135.9618
2024-08-03T16:00:00.000Z,2442,2476,2437,2458,457.253
2024-08-03T20:00:00.000Z,2457,2473,2454,2467,190.4706
2024-08-04T00:00:00.000Z,2467,2484,2465,2473,151.58
2024-08-04T04:00:00.000Z,2473,2475,2463,2474,122.3734
2024-08-04T08:00:00.000Z,2474,2479,2469,2474,264.1288
2024-08-04T12:00:00.000Z,2475,2485,2466,2485,413.0194
2024-08-04T16:00:00.000Z,2484,2510,2450,2460,741.491
2024-08-04T20:00:00.000Z,2459,2484,2443,2452,349.5929
2024-08-05T00:00:00.000Z,2452,2469,2400,2424,954.4063
2024-08-05T04:00:00.000Z,2424,2447,2390,2416,1413.91
2024-08-05T08:00:00.000Z,2416,2430,2366,2374,800.3078
2024-08-05T12:00:00.000Z,2374,2397,2339,2383,1339.9606
2024-08-05T16:00:00.000Z,2384,2399,2377,2396,684.2676
2024-08-05T20:00:00.000Z,2395,2399,2385,2395,200.9945
2024-08-06T00:00:00.000Z,2395,2409,2391,2395,301.1313
2024-08-06T04:00:00.000Z,2395,2410,2384,2397,184.1694
2024-08-06T08:00:00.000Z,2396,2402,2389,2396,210.8806
2024-08-06T12:00:00.000Z,2395,2418,2391,2398,544.6167
2024-08-06T16:00:00.000Z,2398,2410,2388,2396,162.1186
2024-08-06T20:00:00.000Z,2397,2401,2380,2384,190.6012
2024-08-07T00:00:00.000Z,2386,2391,2375,2383,257.2192
2024-08-07T04:00:00.000Z,2383,2392,2374,2390,285.4827
2024-08-07T08:00:00.000Z,2389,2392,2376,2384,227.6948
2024-08-07T12:00:00.000Z,2385,2392,2384,2389,278.0693
2024-08-07T16:00:00.000Z,2390,2391,2377,2377,177.8368
2024-08-07T20:00:00.000Z,2377,2387,2370,2374,190.6478
2024-08-08T00:00:00.000Z,2373,2389,2371,2383,222.3833
2024-08-08T04:00:00.000Z,2383,2390,2381,2388,50.4079
2024-08-08T08:00:00.000Z,2387,2404,2386,2402,115.942
2024-08-08T12:00:00.000Z,2403,2413,2395,2411,324.0915
2024-08-08T16:00:00.000Z,2411,2422,2405,2415,209.0453
2024-08-08T20:00:00.000Z,2415,2427,2414,2417,278.0369
2024-08-09T00:00:00.000Z,2417,2418,2411,2412,68.1366
2024-08-09T04:00:00.000Z,2413,2416,2410,2413,105.1609
2024-08-09T08:00:00.000Z,2414,2424,2409,2417,116.6982
2024-08-09T12:00:00.000Z,2418,2425,2416,2418,287.2819
2024-08-09T16:00:00.000Z,2418,2425,2417,2422,73.4123
2024-08-09T20:00:00.000Z,2421,2424,2413,2419,64.2014
2024-08-10T00:00:00.000Z,2419,2426,2413,2418,56.6559
2024-08-10T04:00:00.000Z,2419,2427,2415,2425,30.6323
2024-08-10T08:00:00.000Z,2425,2429,2423,2429,47.5461
2024-08-10T12:00:00.000Z,2428,2429,2423,2427,43.8056
2024-08-10T16:00:00.000Z,2426,2427,2423,2425,55.4195
2024-08-10T20:00:00.000Z,2426,2427,2425,2427,30.6048
2024-08-11T00:00:00.000Z,2428,2432,2426,2432,61.6946
2024-08-11T04:00:00.000Z,2431,2432,2425,2428,35.5321
2024-08-11T08:00:00.000Z,2428,2432,2423,2426,76.6128
2024-08-11T12:00:00.000Z,2426,2432,2421,2424,87.6738
2024-08-11T16:00:00.000Z,2424,2436,2424,2432,154.1792
2024-08-11T20:00:00.000Z,2435,2437,2426,2431,203.1117
2024-08-12T00:00:00.000Z,2432,2432,2421,2425,60.5895
2024-08-12T04:00:00.000Z,2425,2435,2424,2434,101.5704
2024-08-12T08:00:00.000Z,2435,2441,2430,2437,164.7263
2024-08-12T12:00:00.000Z,2437,2452,2437,2449,418.5362
2024-08-12T16:00:00.000Z,2450,2468,2449,2465,165.9453
2024-08-12T20:00:00.000Z,2465,2469,2452,2465,229.2639
2024-08-13T00:00:00.000Z,2466,2469,2450,2453,165.2116
2024-08-13T04:00:00.000Z,2455,2456,2449,2453,62.796
2024-08-13T08:00:00.000Z,2455,2471,2450,2463,419.8392
2024-08-13T12:00:00.000Z,2465,2469,2456,2467,228.2073
2024-08-13T16:00:00.000Z,2467,2469,2407,2450,615.295
2024-08-13T20:00:00.000Z,2450,2477,2447,2454,344.573
2024-08-14T00:00:00.000Z,2454,2461,2440,2453,111.4245
2024-08-14T04:00:00.000Z,2452,2464,2452,2462,93.9749
2024-08-14T08:00:00.000Z,2464,2474,2460,2471,254.3765
2024-08-14T12:00:00.000Z,2471,2474,2439,2440,350.7541
2024-08-14T16:00:00.000Z,2441,2447,2438,2445,113.2912
2024-08-14T20:00:00.000Z,2445,2455,2440,2443,55.3684
2024-08-15T00:00:00.000Z,2444,2450,2443,2447,43.2629
2024-08-15T04:00:00.000Z,2449,2454,2441,2447,82.3324
2024-08-15T08:00:00.000Z,2448,2456,2445,2454,53.0401
2024-08-15T12:00:00.000Z,2454,2468,2439,2456,371.7985
2024-08-15T16:00:00.000Z,2457,2460,2446,2450,242.2504
2024-08-15T20:00:00.000Z,2450,2453,2442,2451,109.4287
2024-08-16T00:00:00.000Z,2451,2456,2447,2450,82.4882
2024-08-16T04:00:00.000Z,2450,2461,2445,2458,127.385
2024-08-16T08:00:00.000Z,2458,2468,2427,2465,443.1163
2024-08-16T12:00:00.000Z,2465,2498,2463,2490,722.2486
2024-08-16T16:00:00.000Z,2490,2499,2488,2496,427.1278
2024-08-16T20:00:00.000Z,2495,2499,2486,2491,121.5639
2024-08-17T00:00:00.000Z,2492,2499,2489,2497,78.3364
2024-08-17T04:00:00.000Z,2497,2514,2495,2507,94.5332
2024-08-17T08:00:00.000Z,2506,2530,2496,2513,300.5839
2024-08-17T12:00:00.000Z,2515,2521,2495,2500,169.7412
2024-08-17T16:00:00.000Z,2500,2525,2491,2515,219.5345
2024-08-17T20:00:00.000Z,2516,2524,2513,2517,85.9709
2024-08-18T00:00:00.000Z,2517,2520,2507,2509,54.2776
2024-08-18T04:00:00.000Z,2510,2512,2501,2510,79.2184
2024-08-18T08:00:00.000Z,2508,2519,2503,2512,112.9465
2024-08-18T12:00:00.000Z,2512,2517,2504,2508,132.0331
2024-08-18T16:00:00.000Z,2508,2512,2502,2507,55.8062
2024-08-18T20:00:00.000Z,2508,2510,2500,2505,61.4636
2024-08-19T00:00:00.000Z,2505,2508,2494,2505,83.5593
2024-08-19T04:00:00.000Z,2505,2508,2492,2504,197.12
2024-08-19T08:00:00.000Z,2504,2509,2486,2495,250.0252
2024-08-19T12:00:00.000Z,2496,2503,2488,2502,149.5627
2024-08-19T16:00:00.000Z,2502,2504,2496,2502,82.5734
2024-08-19T20:00:00.000Z,2501,2511,2500,2509,75.0323
2024-08-20T00:00:00.000Z,2505,2512,2491,2499,104.1479
2024-08-20T04:00:00.000Z,2499,2510,2497,2510,70.8131
2024-08-20T08:00:00.000Z,2511,2517,2508,2515,267.6326
2024-08-20T12:00:00.000Z,2516,2521,2496,2501,322.6661
2024-08-20T16:00:00.000Z,2500,2511,2495,2504,107.5762
2024-08-20T20:00:00.000Z,2504,2511,2500,2506,45.3376
2024-08-21T00:00:00.000Z,2507,2514,2497,2505,152.3553
2024-08-21T04:00:00.000Z,2505,2510,2500,2500,74.8832
2024-08-21T08:00:00.000Z,2501,2509,2497,2503,100.9386
2024-08-21T12:00:00.000Z,2503,2508,2490,2504,162.004
2024-08-21T16:00:00.000Z,2503,2513,2499,2507,185.4756
2024-08-21T20:00:00.000Z,2506,2508,2496,2502,95.6075
2024-08-22T00:00:00.000Z,2504,2505,2493,2495,43.7246
2024-08-22T04:00:00.000Z,2495,2504,2493,2502,62.6966
2024-08-22T08:00:00.000Z,2504,2504,2494,2497,149.1195
2024-08-22T12:00:00.000Z,2495,2498,2476,2485,329.9615
2024-08-22T16:00:00.000Z,2483,2489,2479,2482,61.3573
2024-08-22T20:00:00.000Z,2482,2488,2481,2486,42.4014
2024-08-23T00:00:00.000Z,2488,2493,2485,2489,88.2872
2024-08-23T04:00:00.000Z,2492,2496,2488,2491,77.5466
2024-08-23T08:00:00.000Z,2491,2500,2488,2497,153.2245
2024-08-23T12:00:00.000Z,2499,2517,2491,2507,355.486
2024-08-23T16:00:00.000Z,2507,2520,2499,2509,288.6294
2024-08-23T20:00:00.000Z,2509,2514,2503,2511,148.0765
2024-08-24T00:00:00.000Z,2511,2517,2505,2515,56.2105
2024-08-24T04:00:00.000Z,2515,2518,2504,2511,60.8919
2024-08-24T08:00:00.000Z,2511,2519,2506,2511,89.9675
2024-08-24T12:00:00.000Z,2509,2515,2505,2505,64.7608
2024-08-24T16:00:00.000Z,2505,2515,2504,2511,71.8705
2024-08-24T20:00:00.000Z,2511,2518,2504,2510,131.413
2024-08-25T00:00:00.000Z,2512,2524,2507,2512,46.4712
2024-08-25T04:00:00.000Z,2512,2525,2510,2516,46.7119
2024-08-25T08:00:00.000Z,2516,2527,2507,2516,226.005
2024-08-25T12:00:00.000Z,2519,2520,2512,2513,79.5468
2024-08-25T16:00:00.000Z,2513,2518,2508,2511,83.8494
2024-08-25T20:00:00.000Z,2514,2517,2506,2512,120.3588
2024-08-26T00:00:00.000Z,2513,2516,2509,2509,72.4215
2024-08-26T04:00:00.000Z,2509,2518,2505,2518,102.0872
2024-08-26T08:00:00.000Z,2518,2524,2506,2519,247.3087
2024-08-26T12:00:00.000Z,2519,2522,2504,2511,281.605
2024-08-26T16:00:00.000Z,2509,2517,2482,2511,310.8062
2024-08-26T20:00:00.000Z,2511,2514,2506,2508,72.0558
2024-08-27T00:00:00.000Z,2508,2509,2498,2500,59.2957
2024-08-27T04:00:00.000Z,2502,2509,2499,2499,69.9724
2024-08-27T08:00:00.000Z,2498,2507,2494,2501,170.6567
2024-08-27T12:00:00.000Z,2501,2507,2491,2500,226.0057
2024-08-27T16:00:00.000Z,2500,2510,2492,2507,127.9895
2024-08-27T20:00:00.000Z,2507,2520,2490,2508,433.6163
2024-08-28T00:00:00.000Z,2509,2512,2500,2503,116.9961
2024-08-28T04:00:00.000Z,2503,2503,2486,2494,176.7377
2024-08-28T08:00:00.000Z,2494,2503,2489,2492,144.8
2024-08-28T12:00:00.000Z,2493,2499,2484,2496,192.5903
2024-08-28T16:00:00.000Z,2496,2501,2485,2496,105.479
2024-08-28T20:00:00.000Z,2497,2503,2495,2499,70.1796
2024-08-29T00:00:00.000Z,2500,2506,2499,2505,32.0961
2024-08-29T04:00:00.000Z,2506,2513,2505,2509,62.1289
2024-08-29T08:00:00.000Z,2509,2515,2505,2512,51.8373
2024-08-29T12:00:00.000Z,2512,2516,2499,2513,198.7088
2024-08-29T16:00:00.000Z,2513,2516,2506,2510,238.8395
2024-08-29T20:00:00.000Z,2509,2511,2505,2509,59.4319
2024-08-30T00:00:00.000Z,2509,2512,2502,2504,72.0868
2024-08-30T04:00:00.000Z,2504,2512,2503,2510,71.4428
2024-08-30T08:00:00.000Z,2509,2515,2507,2511,187.3219
2024-08-30T12:00:00.000Z,2510,2515,2491,2495,238.1939
2024-08-30T16:00:00.000Z,2494,2499,2487,2496,188.1728
2024-08-30T20:00:00.000Z,2496,2500,2490,2496,48.6617
2024-08-31T00:00:00.000Z,2496,2498,2489,2496,39.1143
2024-08-31T04:00:00.000Z,2493,2500,2493,2494,31.0869
2024-08-31T08:00:00.000Z,2494,2500,2491,2495,59.4403
2024-08-31T12:00:00.000Z,2495,2500,2493,2496,42.3628
2024-08-31T16:00:00.000Z,2498,2501,2493,2501,40.8215
2024-08-31T20:00:00.000Z,2501,2503,2493,2496,48.8406
2024-09-01T00:00:00.000Z,2496,2500,2492,2497,53.4218
2024-09-01T04:00:00.000Z,2497,2506,2492,2493,95.5052
2024-09-01T08:00:00.000Z,2493,2500,2491,2494,78.4292
2024-09-01T12:00:00.000Z,2494,2499,2491,2498,66.6161
2024-09-01T16:00:00.000Z,2497,2515,2494,2496,174.1534
2024-09-01T20:00:00.000Z,2496,2500,2490,2493,150.0059
2024-09-02T00:00:00.000Z,2492,2524,2480,2490,321.2471
2024-09-02T04:00:00.000Z,2490,2496,2488,2494,99.0441
2024-09-02T08:00:00.000Z,2493,2503,2491,2496,166.8989
2024-09-02T12:00:00.000Z,2497,2501,2492,2498,116.3896
2024-09-02T16:00:00.000Z,2498,2501,2495,2500,37.8827
2024-09-02T20:00:00.000Z,2500,2508,2494,2497,75.9345
2024-09-03T00:00:00.000Z,2497,2503,2491,2499,115.3201
2024-09-03T04:00:00.000Z,2499,2502,2490,2499,68.7564
2024-09-03T08:00:00.000Z,2501,2505,2487,2490,131.936
2024-09-03T12:00:00.000Z,2490,2500,2479,2488,252.9606
2024-09-03T16:00:00.000Z,2488,2493,2483,2492,71.3748
2024-09-03T20:00:00.000Z,2492,2498,2491,2493,43.4999
2024-09-04T00:00:00.000Z,2493,2502,2481,2494,275.1263
2024-09-04T04:00:00.000Z,2494,2498,2485,2487,75.4359
2024-09-04T08:00:00.000Z,2487,2497,2473,2493,156.7286
2024-09-04T12:00:00.000Z,2494,2500,2489,2499,96.5177
2024-09-04T16:00:00.000Z,2499,2503,2490,2494,67.8017
2024-09-04T20:00:00.000Z,2494,2503,2493,2501,32.5312
2024-09-05T00:00:00.000Z,2501,2503,2493,2500,60.4494
2024-09-05T04:00:00.000Z,2500,2512,2493,2512,200.5241
2024-09-05T08:00:00.000Z,2512,2515,2505,2510,155.8799
2024-09-05T12:00:00.000Z,2510,2516,2500,2503,262.1802
2024-09-05T16:00:00.000Z,2503,2513,2502,2509,217.2671
2024-09-05T20:00:00.000Z,2509,2513,2506,2510,89.3532
2024-09-06T00:00:00.000Z,2509,2514,2508,2514,54.3417
2024-09-06T04:00:00.000Z,2514,2523,2512,2521,340.8162
2024-09-06T08:00:00.000Z,2521,2528,2520,2524,168.4243
2024-09-06T12:00:00.000Z,2524,2533,2508,2513,1254.1753
2024-09-06T16:00:00.000Z,2513,2515,2493,2502,182.6053
2024-09-06T20:00:00.000Z,2501,2502,2493,2502,180.7434
2024-09-07T00:00:00.000Z,2502,2511,2493,2500,77.7623
2024-09-07T04:00:00.000Z,2501,2515,2495,2499,129.0015
2024-09-07T08:00:00.000Z,2497,2506,2497,2502,39.7783
2024-09-07T12:00:00.000Z,2503,2507,2502,2505,41.8485
2024-09-07T16:00:00.000Z,2503,2507,2497,2500,39.0776
2024-09-07T20:00:00.000Z,2500,2505,2493,2493,94.6287
2024-09-08T00:00:00.000Z,2493,2500,2493,2500,36.6758
2024-09-08T04:00:00.000Z,2500,2503,2495,2497,28.802
2024-09-08T08:00:00.000Z,2497,2503,2495,2501,41.8562
2024-09-08T12:00:00.000Z,2502,2505,2497,2500,54.4676
2024-09-08T16:00:00.000Z,2499,2503,2497,2502,19.3669
2024-09-08T20:00:00.000Z,2503,2507,2497,2497,95.4169
2024-09-09T00:00:00.000Z,2498,2507,2496,2505,36.0306
2024-09-09T04:00:00.000Z,2506,2507,2496,2503,165.0638
2024-09-09T08:00:00.000Z,2503,2509,2496,2503,127.1517
2024-09-09T12:00:00.000Z,2502,2511,2501,2504,113.8586
2024-09-09T16:00:00.000Z,2504,2512,2503,2506,158.35
2024-09-09T20:00:00.000Z,2507,2518,2502,2507,84.3437
2024-09-10T00:00:00.000Z,2507,2511,2504,2508,32.9049
2024-09-10T04:00:00.000Z,2507,2512,2502,2510,53.3798
2024-09-10T08:00:00.000Z,2510,2515,2507,2509,154.0345
2024-09-10T12:00:00.000Z,2511,2523,2503,2514,330.6624
2024-09-10T16:00:00.000Z,2513,2520,2512,2516,140.2264
2024-09-10T20:00:00.000Z,2516,2519,2506,2518,103.1523
2024-09-11T00:00:00.000Z,2518,2522,2515,2521,54.5571
2024-09-11T04:00:00.000Z,2521,2527,2516,2523,150.8566
2024-09-11T08:00:00.000Z,2523,2524,2514,2520,82.8632
2024-09-11T12:00:00.000Z,2520,2520,2500,2513,376.6477
2024-09-11T16:00:00.000Z,2512,2519,2509,2512,161.9983
2024-09-11T20:00:00.000Z,2511,2514,2509,2513,65.4805
2024-09-12T00:00:00.000Z,2513,2522,2509,2520,345.4393
2024-09-12T04:00:00.000Z,2521,2525,2520,2520,65.436
2024-09-12T08:00:00.000Z,2521,2525,2520,2523,94.2093
2024-09-12T12:00:00.000Z,2523,2554,2522,2548,651.906
2024-09-12T16:00:00.000Z,2548,2555,2538,2553,262.8768
2024-09-12T20:00:00.000Z,2553,2555,2546,2553,62.1284
2024-09-13T00:00:00.000Z,2554,2565,2553,2562,117.8935
2024-09-13T04:00:00.000Z,2562,2566,2560,2565,76.0484
2024-09-13T08:00:00.000Z,2566,2569,2552,2563,142.5614
2024-09-13T12:00:00.000Z,2563,2580,2562,2579,305.5821
2024-09-13T16:00:00.000Z,2579,2583,2575,2577,105.3527
2024-09-13T20:00:00.000Z,2576,2585,2573,2578,134.9999
2024-09-14T00:00:00.000Z,2578,2581,2573,2575,53.0597
2024-09-14T04:00:00.000Z,2576,2578,2569,2571,57.1365
2024-09-14T08:00:00.000Z,2571,2578,2571,2578,58.6174
2024-09-14T12:00:00.000Z,2578,2580,2574,2576,69.9977
2024-09-14T16:00:00.000Z,2575,2579,2570,2574,86.2025
2024-09-14T20:00:00.000Z,2574,2580,2574,2577,43.7307
2024-09-15T00:00:00.000Z,2577,2580,2572,2577,77.676
2024-09-15T04:00:00.000Z,2578,2580,2571,2577,62.7643
2024-09-15T08:00:00.000Z,2576,2579,2575,2578,31.4634
2024-09-15T12:00:00.000Z,2577,2578,2576,2577,44.1648
2024-09-15T16:00:00.000Z,2576,2600,2570,2576,213.0136
2024-09-15T20:00:00.000Z,2576,2585,2575,2579,146.5728
2024-09-16T00:00:00.000Z,2579,2586,2576,2583,148.1475
2024-09-16T04:00:00.000Z,2583,2598,2581,2585,235.5429
2024-09-16T08:00:00.000Z,2586,2596,2580,2587,201.7804
2024-09-16T12:00:00.000Z,2587,2591,2580,2583,137.0879
2024-09-16T16:00:00.000Z,2584,2595,2582,2588,142.1785
2024-09-16T20:00:00.000Z,2589,2609,2588,2592,276.9545
2024-09-17T00:00:00.000Z,2592,2601,2586,2589,60.81
2024-09-17T04:00:00.000Z,2588,2596,2585,2594,93.4301
2024-09-17T08:00:00.000Z,2594,2618,2587,2594,463.3149
2024-09-17T12:00:00.000Z,2594,2594,2571,2575,623.5184
2024-09-17T16:00:00.000Z,2576,2583,2572,2579,180.287
2024-09-17T20:00:00.000Z,2579,2583,2576,2582,96.2215
2024-09-18T00:00:00.000Z,2581,2584,2577,2582,99.5963
2024-09-18T04:00:00.000Z,2582,2589,2577,2580,106.3548
2024-09-18T08:00:00.000Z,2580,2594,2579,2588,112.7822
2024-09-18T12:00:00.000Z,2588,2593,2581,2583,115.2557
2024-09-18T16:00:00.000Z,2582,2608,2562,2568,794.0949
2024-09-18T20:00:00.000Z,2568,2581,2560,2578,238.3895
2024-09-19T00:00:00.000Z,2577,2578,2553,2571,593.2133
2024-09-19T04:00:00.000Z,2571,2587,2566,2587,264.7257
2024-09-19T08:00:00.000Z,2586,2597,2584,2591,160.4269
2024-09-19T12:00:00.000Z,2590,2596,2575,2590,220.4776
2024-09-19T16:00:00.000Z,2590,2595,2587,2591,152.7974
2024-09-19T20:00:00.000Z,2591,2593,2585,2590,103.1146
2024-09-20T00:00:00.000Z,2589,2598,2587,2598,123.4314
2024-09-20T04:00:00.000Z,2598,2610,2593,2609,184.0434
2024-09-20T08:00:00.000Z,2609,2615,2601,2614,145.9365
2024-09-20T12:00:00.000Z,2614,2620,2604,2619,316.6907
2024-09-20T16:00:00.000Z,2620,2630,2619,2623,293.6073
2024-09-20T20:00:00.000Z,2624,2629,2621,2625,53.3623
2024-09-21T00:00:00.000Z,2625,2630,2614,2620,94.874
2024-09-21T04:00:00.000Z,2620,2624,2613,2621,86.6709
2024-09-21T08:00:00.000Z,2620,2626,2614,2624,48.8799
2024-09-21T12:00:00.000Z,2624,2631,2615,2617,139.2306
2024-09-21T16:00:00.000Z,2617,2625,2617,2623,37.8346
2024-09-21T20:00:00.000Z,2622,2633,2622,2631,71.9891
2024-09-22T00:00:00.000Z,2631,2632,2614,2618,79.3691
2024-09-22T04:00:00.000Z,2616,2623,2611,2622,87.871
2024-09-22T08:00:00.000Z,2622,2622,2613,2620,61.4491
2024-09-22T12:00:00.000Z,2620,2622,2611,2620,83.9143
2024-09-22T16:00:00.000Z,2620,2631,2612,2620,171.864
2024-09-22T20:00:00.000Z,2620,2631,2617,2622,135.6346
2024-09-23T00:00:00.000Z,2621,2636,2617,2633,198.2135
2024-09-23T04:00:00.000Z,2632,2633,2611,2616,239.1213
2024-09-23T08:00:00.000Z,2617,2622,2615,2621,106.6156
2024-09-23T12:00:00.000Z,2621,2632,2619,2625,130.9954
2024-09-23T16:00:00.000Z,2626,2630,2624,2627,85.8625
2024-09-23T20:00:00.000Z,2627,2631,2626,2627,47.0778
2024-09-24T00:00:00.000Z,2627,2634,2622,2632,92.9236
2024-09-24T04:00:00.000Z,2632,2640,2624,2631,152.6589
2024-09-24T08:00:00.000Z,2631,2643,2627,2629,140.8781
2024-09-24T12:00:00.000Z,2628,2648,2628,2644,203.4471
2024-09-24T16:00:00.000Z,2643,2660,2643,2659,253.2726
2024-09-24T20:00:00.000Z,2658,2660,2650,2652,137.6966
2024-09-25T00:00:00.000Z,2652,2665,2650,2658,169.2486
2024-09-25T04:00:00.000Z,2658,2658,2648,2651,73.3678
2024-09-25T08:00:00.000Z,2652,2659,2648,2656,125.8927
2024-09-25T12:00:00.000Z,2656,2667,2655,2655,156.0846
2024-09-25T16:00:00.000Z,2655,2661,2653,2654,406.0401
2024-09-25T20:00:00.000Z,2654,2656,2650,2653,61.5805
2024-09-26T00:00:00.000Z,2652,2663,2650,2659,88.6636
2024-09-26T04:00:00.000Z,2658,2666,2655,2664,113.8192
2024-09-26T08:00:00.000Z,2664,2678,2655,2672,233.9995
2024-09-26T12:00:00.000Z,2672,2674,2650,2661,397.3766
2024-09-26T16:00:00.000Z,2661,2664,2648,2658,221.1687
2024-09-26T20:00:00.000Z,2658,2664,2655,2660,98.0191
2024-09-27T00:00:00.000Z,2661,2662,2655,2662,48.9025
2024-09-27T04:00:00.000Z,2662,2662,2650,2658,158.9911
2024-09-27T08:00:00.000Z,2659,2664,2652,2660,200.5517
2024-09-27T12:00:00.000Z,2661,2673,2647,2649,470.1958
2024-09-27T16:00:00.000Z,2648,2659,2645,2652,146.459
2024-09-27T20:00:00.000Z,2652,2659,2649,2651,134.5695
2024-09-28T00:00:00.000Z,2650,2657,2648,2650,57.9731
2024-09-28T04:00:00.000Z,2649,2658,2649,2658,32.8088
2024-09-28T08:00:00.000Z,2658,2659,2651,2654,67.7893
2024-09-28T12:00:00.000Z,2655,2660,2650,2660,105.396
2024-09-28T16:00:00.000Z,2660,2663,2651,2659,74.3575
2024-09-28T20:00:00.000Z,2659,2663,2657,2659,44.6322
2024-09-29T00:00:00.000Z,2659,2670,2656,2667,69.7533
2024-09-29T04:00:00.000Z,2667,2668,2653,2657,68.4293
2024-09-29T08:00:00.000Z,2658,2664,2654,2660,37.8269
2024-09-29T12:00:00.000Z,2660,2667,2656,2663,105.259
2024-09-29T16:00:00.000Z,2663,2669,2655,2659,68.1828
2024-09-29T20:00:00.000Z,2659,2664,2656,2662,79.2848
2024-09-30T00:00:00.000Z,2663,2665,2650,2651,135.2883
2024-09-30T04:00:00.000Z,2652,2654,2640,2647,441.056
2024-09-30T08:00:00.000Z,2647,2652,2632,2641,205.6245
2024-09-30T12:00:00.000Z,2642,2658,2630,2637,334.9532
2024-09-30T16:00:00.000Z,2637,2643,2619,2632,353.3472
2024-09-30T20:00:00.000Z,2632,2642,2628,2636,127.5276
2024-10-01T00:00:00.000Z,2637,2642,2637,2640,47.8618
2024-10-01T04:00:00.000Z,2641,2646,2635,2645,131.3673
2024-10-01T08:00:00.000Z,2645,2648,2640,2647,134.7216
2024-10-01T12:00:00.000Z,2647,2668,2645,2661,863.761
2024-10-01T16:00:00.000Z,2662,2693,2657,2668,1761.4603
2024-10-01T20:00:00.000Z,2668,2700,2665,2678,710.777
2024-10-02T00:00:00.000Z,2681,2699,2667,2667,376.1017
2024-10-02T04:00:00.000Z,2670,2676,2650,2658,372.3667
2024-10-02T08:00:00.000Z,2658,2665,2651,2658,205.5185
2024-10-02T12:00:00.000Z,2656,2670,2653,2662,306.4567
2024-10-02T16:00:00.000Z,2661,2673,2657,2662,266.1231
2024-10-02T20:00:00.000Z,2664,2677,2659,2669,349.1949
2024-10-03T00:00:00.000Z,2669,2677,2661,2663,160.9874
2024-10-03T04:00:00.000Z,2666,2669,2652,2652,127.8039
2024-10-03T08:00:00.000Z,2652,2657,2649,2656,150.414
2024-10-03T12:00:00.000Z,2655,2665,2651,2657,333.5476
2024-10-03T16:00:00.000Z,2657,2677,2654,2664,268.382
2024-10-03T20:00:00.000Z,2664,2672,2660,2666,143.8318
2024-10-04T00:00:00.000Z,2663,2672,2663,2670,69.7851
2024-10-04T04:00:00.000Z,2672,2675,2667,2667,81.1214
2024-10-04T08:00:00.000Z,2669,2672,2664,2669,87.3723
2024-10-04T12:00:00.000Z,2671,2691,2648,2665,719.1401
2024-10-04T16:00:00.000Z,2665,2672,2655,2661,329.2773
2024-10-04T20:00:00.000Z,2663,2664,2653,2661,101.0423
2024-10-05T00:00:00.000Z,2661,2665,2656,2656,25.1942
2024-10-05T04:00:00.000Z,2656,2663,2656,2659,41.869
2024-10-05T08:00:00.000Z,2659,2711,2654,2698,834.1759
2024-10-05T12:00:00.000Z,2697,2698,2669,2679,363.8937
2024-10-05T16:00:00.000Z,2679,2687,2672,2677,239.0123
2024-10-05T20:00:00.000Z,2676,2687,2674,2684,120.1716
2024-10-06T00:00:00.000Z,2685,2686,2671,2678,49.2646
2024-10-06T04:00:00.000Z,2681,2692,2678,2687,103.0911
2024-10-06T08:00:00.000Z,2687,2690,2681,2685,79.1025
2024-10-06T12:00:00.000Z,2688,2688,2679,2683,93.3453
2024-10-06T16:00:00.000Z,2684,2687,2675,2677,75.2693
2024-10-06T20:00:00.000Z,2680,2683,2673,2678,105.7806
2024-10-07T00:00:00.000Z,2679,2691,2674,2677,310.1469
2024-10-07T04:00:00.000Z,2677,2683,2661,2667,427.0529
2024-10-07T08:00:00.000Z,2667,2675,2665,2673,204.3698
2024-10-07T12:00:00.000Z,2674,2675,2658,2659,311.3784
2024-10-07T16:00:00.000Z,2660,2670,2658,2661,176.2195
2024-10-07T20:00:00.000Z,2661,2668,2653,2657,97.3425
2024-10-08T00:00:00.000Z,2657,2665,2655,2657,50.2238
2024-10-08T04:00:00.000Z,2657,2665,2656,2657,151.0029
2024-10-08T08:00:00.000Z,2658,2668,2653,2664,124.8824
2024-10-08T12:00:00.000Z,2664,2668,2611,2628,843.3371
2024-10-08T16:00:00.000Z,2628,2636,2624,2634,218.7909
2024-10-08T20:00:00.000Z,2634,2637,2628,2633,72.4531
2024-10-09T00:00:00.000Z,2635,2641,2626,2627,44.7119
2024-10-09T04:00:00.000Z,2628,2644,2624,2633,140.7144
2024-10-09T08:00:00.000Z,2633,2639,2630,2635,117.1851
2024-10-09T12:00:00.000Z,2634,2639,2622,2631,174.2559
2024-10-09T16:00:00.000Z,2631,2633,2621,2626,77.7511
2024-10-09T20:00:00.000Z,2626,2627,2617,2622,99.3463
2024-10-10T00:00:00.000Z,2624,2630,2616,2625,106.602
2024-10-10T04:00:00.000Z,2626,2629,2624,2628,31.8121
2024-10-10T08:00:00.000Z,2628,2629,2621,2627,182.5345
2024-10-10T12:00:00.000Z,2626,2639,2624,2636,180.7824
2024-10-10T16:00:00.000Z,2636,2647,2626,2642,293.8857
2024-10-10T20:00:00.000Z,2641,2647,2639,2644,94.9752
2024-10-11T00:00:00.000Z,2645,2660,2643,2655,111.7992
2024-10-11T04:00:00.000Z,2656,2662,2654,2660,130.22
2024-10-11T08:00:00.000Z,2660,2660,2650,2653,90.8699
2024-10-11T12:00:00.000Z,2654,2669,2654,2666,201.8976
2024-10-11T16:00:00.000Z,2664,2672,2663,2666,208.5356
2024-10-11T20:00:00.000Z,2667,2672,2662,2670,117.8896
2024-10-12T00:00:00.000Z,2670,2676,2665,2666,39.7508
2024-10-12T04:00:00.000Z,2668,2672,2662,2667,73.9883
2024-10-12T08:00:00.000Z,2666,2672,2662,2664,61.3558
2024-10-12T12:00:00.000Z,2665,2671,2661,2665,84.9049
2024-10-12T16:00:00.000Z,2665,2673,2659,2660,94.4102
2024-10-12T20:00:00.000Z,2660,2664,2657,2659,35.4629
2024-10-13T00:00:00.000Z,2660,2665,2658,2663,34.6209
2024-10-13T04:00:00.000Z,2665,2674,2661,2669,107.8675
2024-10-13T08:00:00.000Z,2669,2677,2663,2668,55.12
2024-10-13T12:00:00.000Z,2669,2676,2660,2661,93.9715
2024-10-13T16:00:00.000Z,2660,2672,2660,2670,92.5978
2024-10-13T20:00:00.000Z,2670,2672,2661,2661,131.1861
2024-10-14T00:00:00.000Z,2662,2676,2660,2670,89.7729
2024-10-14T04:00:00.000Z,2672,2678,2666,2670,198.079
2024-10-14T08:00:00.000Z,2671,2677,2666,2667,119.4445
2024-10-14T12:00:00.000Z,2666,2674,2661,2664,276.8921
2024-10-14T16:00:00.000Z,2664,2666,2659,2663,120.8549
2024-10-14T20:00:00.000Z,2663,2668,2659,2660,76.3625
2024-10-15T00:00:00.000Z,2660,2662,2655,2656,79.9237
2024-10-15T04:00:00.000Z,2656,2665,2651,2659,109.5771
2024-10-15T08:00:00.000Z,2659,2664,2654,2655,176.5567
2024-10-15T12:00:00.000Z,2655,2671,2655,2670,380.3904
2024-10-15T16:00:00.000Z,2671,2673,2663,2669,176.2724
2024-10-15T20:00:00.000Z,2670,2672,2666,2671,70.2745
2024-10-16T00:00:00.000Z,2671,2680,2668,2675,150.8826
2024-10-16T04:00:00.000Z,2676,2683,2674,2682,115.2151
2024-10-16T08:00:00.000Z,2682,2688,2679,2686,193.704
2024-10-16T12:00:00.000Z,2686,2688,2674,2676,200.4884
2024-10-16T16:00:00.000Z,2676,2683,2673,2678,213.2527
2024-10-16T20:00:00.000Z,2678,2680,2675,2678,113.1586
2024-10-17T00:00:00.000Z,2679,2695,2678,2684,192.2103
2024-10-17T04:00:00.000Z,2685,2696,2684,2691,196.3833
2024-10-17T08:00:00.000Z,2691,2699,2685,2693,200.9518
2024-10-17T12:00:00.000Z,2693,2704,2685,2701,254.691
2024-10-17T16:00:00.000Z,2700,2710,2691,2696,305.1444
2024-10-17T20:00:00.000Z,2696,2707,2695,2705,176.8083
2024-10-18T00:00:00.000Z,2705,2717,2700,2715,224.4523
2024-10-18T04:00:00.000Z,2716,2726,2707,2708,189.6637
2024-10-18T08:00:00.000Z,2708,2726,2706,2718,198.0842
2024-10-18T12:00:00.000Z,2719,2740,2713,2723,372.4144
2024-10-18T16:00:00.000Z,2724,2735,2723,2726,285.2247
2024-10-18T20:00:00.000Z,2726,2731,2725,2727,74.0881
2024-10-19T00:00:00.000Z,2726,2731,2725,2726,89.017
2024-10-19T04:00:00.000Z,2728,2737,2725,2735,104.7917
2024-10-19T08:00:00.000Z,2735,2740,2732,2732,86.5716
2024-10-19T12:00:00.000Z,2732,2736,2731,2732,85.7364
2024-10-19T16:00:00.000Z,2733,2745,2732,2742,158.3093
2024-10-19T20:00:00.000Z,2743,2749,2738,2738,103.6231
2024-10-20T00:00:00.000Z,2739,2741,2736,2739,61.8847
2024-10-20T04:00:00.000Z,2740,2748,2737,2744,90.5156
2024-10-20T08:00:00.000Z,2745,2749,2743,2748,94.0246
2024-10-20T12:00:00.000Z,2748,2751,2742,2746,150.0023
2024-10-20T16:00:00.000Z,2746,2749,2742,2747,87.3283
2024-10-20T20:00:00.000Z,2747,2750,2741,2741,255.3845
2024-10-21T00:00:00.000Z,2741,2747,2741,2745,118.8432
2024-10-21T04:00:00.000Z,2746,2747,2741,2741,93.1465
2024-10-21T08:00:00.000Z,2742,2752,2741,2751,219.7409
2024-10-21T12:00:00.000Z,2752,2755,2738,2742,487.5866
2024-10-21T16:00:00.000Z,2742,2749,2730,2735,248.5264
2024-10-21T20:00:00.000Z,2735,2737,2732,2735,59.0127
2024-10-22T00:00:00.000Z,2735,2750,2733,2750,126.0509
2024-10-22T04:00:00.000Z,2749,2756,2745,2750,248.6202
2024-10-22T08:00:00.000Z,2750,2761,2749,2753,229.4093
2024-10-22T12:00:00.000Z,2753,2759,2750,2752,291.8211
2024-10-22T16:00:00.000Z,2753,2764,2751,2759,344.923
2024-10-22T20:00:00.000Z,2759,2765,2757,2760,143.452
2024-10-23T00:00:00.000Z,2761,2761,2747,2756,159.0475
2024-10-23T04:00:00.000Z,2757,2775,2756,2766,206.1185
2024-10-23T08:00:00.000Z,2766,2783,2765,2771,429.3706
2024-10-23T12:00:00.000Z,2771,2774,2731,2734,667.0636
2024-10-23T16:00:00.000Z,2735,2739,2727,2737,255.6412
2024-10-23T20:00:00.000Z,2737,2745,2735,2740,88.1356
2024-10-24T00:00:00.000Z,2741,2758,2737,2747,186.8621
2024-10-24T04:00:00.000Z,2748,2758,2746,2754,67.9075
2024-10-24T08:00:00.000Z,2755,2762,2753,2757,182.5733
2024-10-24T12:00:00.000Z,2757,2763,2738,2751,628.75
2024-10-24T16:00:00.000Z,2749,2756,2740,2754,127.7933
2024-10-24T20:00:00.000Z,2754,2756,2750,2756,102.0797
2024-10-25T00:00:00.000Z,2756,2756,2745,2748,164.669
2024-10-25T04:00:00.000Z,2749,2751,2736,2743,347.9197
2024-10-25T08:00:00.000Z,2743,2754,2740,2752,502.4671
2024-10-25T12:00:00.000Z,2752,2760,2743,2753,389.267
2024-10-25T16:00:00.000Z,2754,2765,2748,2755,470.0123
2024-10-25T20:00:00.000Z,2754,2769,2750,2764,394.774
2024-10-26T00:00:00.000Z,2764,2769,2754,2759,244.8772
2024-10-26T04:00:00.000Z,2759,2767,2755,2755,241.1492
2024-10-26T08:00:00.000Z,2756,2763,2748,2754,268.3788
2024-10-26T12:00:00.000Z,2755,2765,2752,2765,147.638
2024-10-26T16:00:00.000Z,2765,2766,2762,2762,61.5885
2024-10-26T20:00:00.000Z,2762,2765,2756,2761,87.21
2024-10-27T00:00:00.000Z,2761,2766,2756,2763,93.6952
2024-10-27T04:00:00.000Z,2764,2766,2758,2762,39.8444
2024-10-27T08:00:00.000Z,2762,2767,2758,2765,98.803
2024-10-27T12:00:00.000Z,2766,2769,2759,2764,129.9167
2024-10-27T16:00:00.000Z,2764,2771,2763,2769,128.2581
2024-10-27T20:00:00.000Z,2768,2770,2750,2750,261.0702
2024-10-28T00:00:00.000Z,2751,2755,2747,2752,164.7431
2024-10-28T04:00:00.000Z,2753,2768,2752,2761,136.6654
2024-10-28T08:00:00.000Z,2761,2763,2752,2755,210.6221
2024-10-28T12:00:00.000Z,2756,2762,2755,2757,202.7555
2024-10-28T16:00:00.000Z,2757,2761,2757,2760,80.745
2024-10-28T20:00:00.000Z,2760,2760,2748,2753,244.9201
2024-10-29T00:00:00.000Z,2753,2768,2752,2760,184.9135
2024-10-29T04:00:00.000Z,2761,2765,2759,2763,125.8978
2024-10-29T08:00:00.000Z,2763,2764,2751,2752,186.5475
2024-10-29T12:00:00.000Z,2752,2765,2745,2758,458.7097
2024-10-29T16:00:00.000Z,2759,2774,2755,2758,599.8835
2024-10-29T20:00:00.000Z,2758,2767,2758,2766,119.0127
2024-10-30T00:00:00.000Z,2766,2777,2763,2769,284.2449
2024-10-30T04:00:00.000Z,2769,2782,2768,2777,232.1426
2024-10-30T08:00:00.000Z,2778,2784,2775,2775,161.0139
2024-10-30T12:00:00.000Z,2775,2783,2770,2782,212.1193
2024-10-30T16:00:00.000Z,2783,2785,2779,2780,142.9926
2024-10-30T20:00:00.000Z,2780,2786,2780,2785,82.8274
2024-10-31T00:00:00.000Z,2785,2786,2781,2783,31.5736
2024-10-31T04:00:00.000Z,2784,2785,2775,2777,88.0517
2024-10-31T08:00:00.000Z,2777,2783,2774,2778,107.6997
2024-10-31T12:00:00.000Z,2778,2785,2751,2755,1017.4751
2024-10-31T16:00:00.000Z,2754,2762,2750,2760,238.8242
2024-10-31T20:00:00.000Z,2760,2760,2754,2754,99.7475
2024-11-01T00:00:00.000Z,2754,2759,2751,2754,161.797
2024-11-01T04:00:00.000Z,2755,2759,2752,2754,159.8102
2024-11-01T08:00:00.000Z,2754,2761,2754,2760,188.6105
2024-11-01T12:00:00.000Z,2760,2768,2749,2749,342.8389
2024-11-01T16:00:00.000Z,2749,2754,2744,2746,127.7384
2024-11-01T20:00:00.000Z,2745,2746,2740,2745,94.9396
2024-11-02T00:00:00.000Z,2746,2747,2740,2742,66.4293
2024-11-02T04:00:00.000Z,2742,2748,2736,2746,77.3466
2024-11-02T08:00:00.000Z,2747,2748,2737,2746,97.5148
2024-11-02T12:00:00.000Z,2745,2749,2741,2747,69.0298
2024-11-02T16:00:00.000Z,2747,2756,2741,2753,116.1511
2024-11-02T20:00:00.000Z,2754,2754,2748,2751,57.6176
2024-11-03T00:00:00.000Z,2753,2755,2738,2744,237.9526
2024-11-03T04:00:00.000Z,2744,2753,2741,2743,75.7091
2024-11-03T08:00:00.000Z,2743,2755,2740,2750,124.5655
2024-11-03T12:00:00.000Z,2751,2754,2738,2742,136.5434
2024-11-03T16:00:00.000Z,2742,2750,2737,2743,100.1023
2024-11-03T20:00:00.000Z,2743,2754,2741,2746,103.9372
2024-11-04T00:00:00.000Z,2746,2754,2745,2750,55.6582
2024-11-04T04:00:00.000Z,2750,2752,2745,2746,62.9494
2024-11-04T08:00:00.000Z,2747,2755,2745,2750,98.5915
2024-11-04T12:00:00.000Z,2751,2754,2742,2742,124.8918
2024-11-04T16:00:00.000Z,2744,2748,2741,2744,112.1381
2024-11-04T20:00:00.000Z,2745,2750,2740,2743,125.6623
2024-11-05T00:00:00.000Z,2743,2745,2734,2743,151.5147
2024-11-05T04:00:00.000Z,2743,2748,2735,2740,147.322
2024-11-05T08:00:00.000Z,2739,2749,2737,2743,87.8579
2024-11-05T12:00:00.000Z,2743,2750,2734,2741,242.8827
2024-11-05T16:00:00.000Z,2741,2745,2733,2738,188.9811
2024-11-05T20:00:00.000Z,2738,2740,2734,2736,89.3916
2024-11-06T00:00:00.000Z,2737,2741,2722,2724,623.3442
2024-11-06T04:00:00.000Z,2724,2734,2697,2711,963.8755
2024-11-06T08:00:00.000Z,2710,2719,2686,2686,820.0516
2024-11-06T12:00:00.000Z,2686,2695,2639,2666,1173.1507
2024-11-06T16:00:00.000Z,2667,2673,2660,2667,346.9933
2024-11-06T20:00:00.000Z,2667,2672,2650,2654,488.6372
2024-11-07T00:00:00.000Z,2655,2669,2648,2665,416.8047
2024-11-07T04:00:00.000Z,2665,2667,2652,2665,243.9853
2024-11-07T08:00:00.000Z,2665,2667,2658,2665,132.801
2024-11-07T12:00:00.000Z,2665,2696,2663,2692,454.5472
2024-11-07T16:00:00.000Z,2691,2696,2682,2690,504.294
2024-11-07T20:00:00.000Z,2690,2711,2689,2708,500.052
2024-11-08T00:00:00.000Z,2707,2715,2688,2689,220.1065
2024-11-08T04:00:00.000Z,2690,2691,2671,2676,150.9895
2024-11-08T08:00:00.000Z,2676,2684,2673,2681,172.6865
2024-11-08T12:00:00.000Z,2680,2694,2676,2682,281.9546
2024-11-08T16:00:00.000Z,2682,2684,2672,2676,209.1378
2024-11-08T20:00:00.000Z,2677,2677,2668,2671,124.9187
2024-11-09T00:00:00.000Z,2671,2677,2668,2671,52.9461
2024-11-09T04:00:00.000Z,2672,2684,2668,2670,193.4869
2024-11-09T08:00:00.000Z,2671,2678,2663,2667,197.4116
2024-11-09T12:00:00.000Z,2667,2670,2664,2668,79.1179
2024-11-09T16:00:00.000Z,2668,2672,2662,2670,136.1028
2024-11-09T20:00:00.000Z,2671,2676,2662,2664,138.5512
2024-11-10T00:00:00.000Z,2665,2675,2662,2664,124.3365
2024-11-10T04:00:00.000Z,2665,2668,2655,2666,286.6805
2024-11-10T08:00:00.000Z,2666,2669,2656,2660,264.7282
2024-11-10T12:00:00.000Z,2661,2665,2654,2655,394.6462
2024-11-10T16:00:00.000Z,2656,2659,2643,2655,810.1475
2024-11-10T20:00:00.000Z,2655,2664,2644,2664,344.5367
2024-11-11T00:00:00.000Z,2663,2667,2648,2651,213.3783
2024-11-11T04:00:00.000Z,2653,2657,2642,2651,237.9906
2024-11-11T08:00:00.000Z,2650,2652,2641,2644,203.6432
2024-11-11T12:00:00.000Z,2644,2644,2593,2596,729.6278
2024-11-11T16:00:00.000Z,2596,2604,2585,2596,815.8602
2024-11-11T20:00:00.000Z,2597,2608,2591,2608,625.1519
2024-11-12T00:00:00.000Z,2607,2608,2592,2602,329.7056
2024-11-12T04:00:00.000Z,2603,2604,2576,2584,658.0051
2024-11-12T08:00:00.000Z,2583,2583,2542,2557,1570.6938
2024-11-12T12:00:00.000Z,2556,2633,2544,2569,1753.2957
2024-11-12T16:00:00.000Z,2570,2578,2562,2565,401.6985
2024-11-12T20:00:00.000Z,2566,2579,2550,2559,380.0839
2024-11-13T00:00:00.000Z,2559,2584,2559,2571,236.6354
2024-11-13T04:00:00.000Z,2571,2585,2566,2572,320.2459
2024-11-13T08:00:00.000Z,2572,2590,2569,2584,306.6616
2024-11-13T12:00:00.000Z,2584,2610,2578,2590,799.9062
2024-11-13T16:00:00.000Z,2590,2598,2561,2570,612.9468
2024-11-13T20:00:00.000Z,2570,2574,2557,2563,382.7168
2024-11-14T00:00:00.000Z,2564,2581,2563,2569,305.3963
2024-11-14T04:00:00.000Z,2570,2575,2557,2566,233.1002
2024-11-14T08:00:00.000Z,2564,2569,2548,2557,277.4783
2024-11-14T12:00:00.000Z,2557,2570,2545,2564,738.9535
2024-11-14T16:00:00.000Z,2563,2575,2558,2568,430.4601
2024-11-14T20:00:00.000Z,2567,2570,2553,2558,225.9587
2024-11-15T00:00:00.000Z,2558,2567,2557,2562,141.2619
2024-11-15T04:00:00.000Z,2563,2564,2554,2557,183.1029
2024-11-15T08:00:00.000Z,2558,2584,2557,2571,260.9257
2024-11-15T12:00:00.000Z,2572,2580,2565,2571,385.9702
2024-11-15T16:00:00.000Z,2572,2581,2563,2568,305.874
2024-11-15T20:00:00.000Z,2569,2582,2564,2570,296.2626
2024-11-16T00:00:00.000Z,2573,2574,2540,2567,573.4675
2024-11-16T04:00:00.000Z,2569,2571,2560,2569,69.5139
2024-11-16T08:00:00.000Z,2570,2580,2561,2577,150.8217
2024-11-16T12:00:00.000Z,2576,2579,2561,2561,197.3417
2024-11-16T16:00:00.000Z,2565,2574,2561,2569,166.0197
2024-11-16T20:00:00.000Z,2569,2574,2558,2562,137.8825
2024-11-17T00:00:00.000Z,2564,2568,2550,2560,215.8975
2024-11-17T04:00:00.000Z,2560,2572,2555,2564,94.4848
2024-11-17T08:00:00.000Z,2566,2569,2554,2558,110.9667
2024-11-17T12:00:00.000Z,2558,2564,2551,2556,142.2103
2024-11-17T16:00:00.000Z,2558,2570,2555,2567,117.1421
2024-11-17T20:00:00.000Z,2568,2584,2565,2579,286.2518
2024-11-18T00:00:00.000Z,2580,2602,2578,2597,178.4212
2024-11-18T04:00:00.000Z,2598,2599,2577,2583,189.2034
2024-11-18T08:00:00.000Z,2584,2602,2583,2599,319.5608
2024-11-18T12:00:00.000Z,2600,2628,2584,2612,695.0436
2024-11-18T16:00:00.000Z,2613,2623,2609,2613,342.3269
2024-11-18T20:00:00.000Z,2613,2624,2613,2621,241.8648
2024-11-19T00:00:00.000Z,2621,2629,2618,2628,246.9137
2024-11-19T04:00:00.000Z,2628,2630,2622,2622,141.5417
2024-11-19T08:00:00.000Z,2624,2649,2620,2637,349.7712
2024-11-19T12:00:00.000Z,2637,2648,2635,2638,442.6752
2024-11-19T16:00:00.000Z,2640,2649,2621,2639,456.7323
2024-11-19T20:00:00.000Z,2640,2648,2637,2643,219.7361
2024-11-20T00:00:00.000Z,2644,2650,2642,2649,114.0666
2024-11-20T04:00:00.000Z,2648,2650,2632,2635,144.0303
2024-11-20T08:00:00.000Z,2635,2639,2628,2631,225.464
2024-11-20T12:00:00.000Z,2631,2660,2630,2655,376.2529
2024-11-20T16:00:00.000Z,2656,2662,2650,2654,366.6817
2024-11-20T20:00:00.000Z,2654,2660,2643,2651,241.5236
2024-11-21T00:00:00.000Z,2651,2658,2650,2656,195.3067
2024-11-21T04:00:00.000Z,2655,2680,2653,2666,300.9518
2024-11-21T08:00:00.000Z,2666,2681,2665,2681,336.6939
2024-11-21T12:00:00.000Z,2681,2686,2671,2678,640.716
2024-11-21T16:00:00.000Z,2679,2690,2676,2682,370.8412
2024-11-21T20:00:00.000Z,2683,2687,2667,2669,473.4263
2024-11-22T00:00:00.000Z,2669,2688,2665,2680,423.5996
2024-11-22T04:00:00.000Z,2680,2691,2677,2689,227.9204
2024-11-22T08:00:00.000Z,2690,2708,2688,2696,408.6275
2024-11-22T12:00:00.000Z,2695,2706,2684,2703,381.4419
2024-11-22T16:00:00.000Z,2704,2719,2702,2709,280.2143
2024-11-22T20:00:00.000Z,2707,2724,2705,2721,187.3889
2024-11-23T00:00:00.000Z,2722,2736,2717,2723,215.8732
2024-11-23T04:00:00.000Z,2723,2736,2718,2731,191.9657
2024-11-23T08:00:00.000Z,2731,2745,2721,2727,278.7935
2024-11-23T12:00:00.000Z,2729,2744,2726,2728,287.9094
2024-11-23T16:00:00.000Z,2729,2736,2718,2731,270.1645
2024-11-23T20:00:00.000Z,2731,2733,2720,2722,165.0281
2024-11-24T00:00:00.000Z,2722,2732,2720,2722,132.6074
2024-11-24T04:00:00.000Z,2721,2731,2720,2724,166.1682
2024-11-24T08:00:00.000Z,2725,2732,2713,2716,329.5019
2024-11-24T12:00:00.000Z,2717,2724,2708,2716,250.0685
2024-11-24T16:00:00.000Z,2715,2732,2714,2723,257.6212
2024-11-24T20:00:00.000Z,2724,2737,2720,2730,265.5879
2024-11-25T00:00:00.000Z,2730,2730,2679,2688,322.8749
2024-11-25T04:00:00.000Z,2688,2694,2670,2677,386.3769
2024-11-25T08:00:00.000Z,2676,2697,2670,2695,498.9619
2024-11-25T12:00:00.000Z,2696,2696,2639,2642,828.8905
2024-11-25T16:00:00.000Z,2643,2658,2631,2645,700.8341
2024-11-25T20:00:00.000Z,2646,2650,2628,2630,363.3902
2024-11-26T00:00:00.000Z,2631,2656,2625,2646,156.4357
2024-11-26T04:00:00.000Z,2646,2652,2630,2633,194.1737
2024-11-26T08:00:00.000Z,2634,2645,2623,2641,429.0868
2024-11-26T12:00:00.000Z,2642,2658,2631,2639,337.4591
2024-11-26T16:00:00.000Z,2638,2646,2626,2638,233.032
2024-11-26T20:00:00.000Z,2638,2643,2630,2637,239.0544
2024-11-27T00:00:00.000Z,2636,2645,2633,2639,207.9601
2024-11-27T04:00:00.000Z,2640,2657,2639,2655,273.6171
2024-11-27T08:00:00.000Z,2654,2665,2640,2649,355.5853
2024-11-27T12:00:00.000Z,2650,2669,2640,2640,396.3056
2024-11-27T16:00:00.000Z,2641,2649,2632,2640,277.282
2024-11-27T20:00:00.000Z,2640,2651,2638,2645,215.2971
2024-11-28T00:00:00.000Z,2646,2649,2625,2629,272.8966
2024-11-28T04:00:00.000Z,2631,2645,2623,2636,82.8388
2024-11-28T08:00:00.000Z,2638,2653,2636,2649,155.9923
2024-11-28T12:00:00.000Z,2648,2650,2640,2643,223.518
2024-11-28T16:00:00.000Z,2644,2649,2635,2640,133.5816
2024-11-28T20:00:00.000Z,2641,2643,2635,2637,64.0746
2024-11-29T00:00:00.000Z,2638,2659,2633,2652,145.2881
2024-11-29T04:00:00.000Z,2653,2663,2649,2651,186.9674
2024-11-29T08:00:00.000Z,2652,2662,2651,2655,132.5393
2024-11-29T12:00:00.000Z,2656,2657,2644,2647,293.4203
2024-11-29T16:00:00.000Z,2648,2650,2634,2645,300.0998
2024-11-29T20:00:00.000Z,2644,2650,2632,2638,263.7091
2024-11-30T00:00:00.000Z,2639,2650,2636,2650,66.7884
2024-11-30T04:00:00.000Z,2650,2654,2640,2651,120.9573
2024-11-30T08:00:00.000Z,2650,2653,2637,2638,133.145
2024-11-30T12:00:00.000Z,2639,2648,2637,2639,122.8853
2024-11-30T16:00:00.000Z,2639,2644,2637,2637,70.2611
2024-11-30T20:00:00.000Z,2638,2645,2637,2637,88.3732
2024-12-01T00:00:00.000Z,2637,2647,2636,2642,124.9198
2024-12-01T04:00:00.000Z,2642,2645,2638,2643,65.4142
2024-12-01T08:00:00.000Z,2643,2647,2637,2644,170.1245
2024-12-01T12:00:00.000Z,2643,2660,2643,2652,182.4912
2024-12-01T16:00:00.000Z,2652,2659,2648,2658,219.8713
2024-12-01T20:00:00.000Z,2659,2660,2653,2655,325.6181
2024-12-02T00:00:00.000Z,2655,2657,2635,2637,416.5628
2024-12-02T04:00:00.000Z,2638,2640,2628,2632,203.0574
2024-12-02T08:00:00.000Z,2633,2641,2627,2637,277.7233
2024-12-02T12:00:00.000Z,2637,2647,2632,2643,269.4962
2024-12-02T16:00:00.000Z,2644,2645,2633,2637,222.5606
2024-12-02T20:00:00.000Z,2636,2642,2631,2637,205.3555
2024-12-03T00:00:00.000Z,2637,2639,2631,2637,99.7103
2024-12-03T04:00:00.000Z,2637,2643,2635,2639,162.4474
2024-12-03T08:00:00.000Z,2639,2642,2631,2632,286.4213
2024-12-03T12:00:00.000Z,2632,2642,2631,2635,695.4649
2024-12-03T16:00:00.000Z,2635,2642,2632,2636,179.7592
2024-12-03T20:00:00.000Z,2636,2644,2634,2635,226.3137
2024-12-04T00:00:00.000Z,2635,2643,2632,2642,203.9358
2024-12-04T04:00:00.000Z,2641,2644,2637,2638,194.3301
2024-12-04T08:00:00.000Z,2638,2644,2632,2639,253.5887
2024-12-04T12:00:00.000Z,2638,2644,2632,2641,631.2164
2024-12-04T16:00:00.000Z,2641,2644,2631,2642,370.8683
2024-12-04T20:00:00.000Z,2641,2643,2632,2637,414.1683
2024-12-05T00:00:00.000Z,2637,2642,2632,2635,356.6972
2024-12-05T04:00:00.000Z,2636,2648,2632,2637,415.6576
2024-12-05T08:00:00.000Z,2638,2647,2629,2642,434.3311
2024-12-05T12:00:00.000Z,2643,2645,2629,2637,509.336
2024-12-05T16:00:00.000Z,2636,2640,2625,2625,578.1146
2024-12-05T20:00:00.000Z,2625,2629,2605,2625,507.4165
2024-12-06T00:00:00.000Z,2625,2634,2612,2633,535.1606
2024-12-06T04:00:00.000Z,2633,2635,2624,2629,106.203
2024-12-06T08:00:00.000Z,2630,2634,2625,2626,200.4201
2024-12-06T12:00:00.000Z,2627,2629,2619,2629,294.672
2024-12-06T16:00:00.000Z,2629,2640,2622,2630,347.1223
2024-12-06T20:00:00.000Z,2631,2635,2623,2627,197.9172
2024-12-07T00:00:00.000Z,2627,2629,2624,2626,62.8933
2024-12-07T04:00:00.000Z,2626,2632,2623,2626,163.4759
2024-12-07T08:00:00.000Z,2627,2634,2620,2623,211.9683
2024-12-07T12:00:00.000Z,2625,2627,2621,2624,74.0614
2024-12-07T16:00:00.000Z,2622,2628,2621,2626,121.3451
2024-12-07T20:00:00.000Z,2627,2628,2620,2624,167.3788
2024-12-08T00:00:00.000Z,2624,2627,2622,2626,37.4075
2024-12-08T04:00:00.000Z,2627,2632,2619,2627,174.7983
2024-12-08T08:00:00.000Z,2627,2629,2619,2625,112.8448
2024-12-08T12:00:00.000Z,2626,2631,2619,2630,125.1672
2024-12-08T16:00:00.000Z,2630,2631,2622,2626,85.0147
2024-12-08T20:00:00.000Z,2627,2635,2622,2629,172.5317
2024-12-09T00:00:00.000Z,2629,2636,2625,2628,108.0162
2024-12-09T04:00:00.000Z,2629,2636,2622,2635,186.476
2024-12-09T08:00:00.000Z,2635,2656,2632,2649,670.3175
2024-12-09T12:00:00.000Z,2649,2658,2642,2648,656.2274
2024-12-09T16:00:00.000Z,2648,2657,2647,2650,383.4466
2024-12-09T20:00:00.000Z,2650,2658,2626,2648,1326.3051
2024-12-10T00:00:00.000Z,2649,2666,2641,2657,647.0143
2024-12-10T04:00:00.000Z,2657,2667,2651,2657,418.7917
2024-12-10T08:00:00.000Z,2656,2661,2651,2658,250.6464
2024-12-10T12:00:00.000Z,2658,2676,2654,2671,614.7379
2024-12-10T16:00:00.000Z,2672,2755,2665,2675,1855.8907
2024-12-10T20:00:00.000Z,2675,2695,2671,2684,579.0863
2024-12-11T00:00:00.000Z,2684,2695,2672,2686,495.9689
2024-12-11T04:00:00.000Z,2685,2687,2670,2676,247.2277
2024-12-11T08:00:00.000Z,2676,2688,2674,2685,357.6083
2024-12-11T12:00:00.000Z,2685,2700,2675,2693,1006.6114
2024-12-11T16:00:00.000Z,2693,2704,2685,2695,515.1565
2024-12-11T20:00:00.000Z,2695,2705,2689,2701,249.5665
2024-12-12T00:00:00.000Z,2703,2711,2691,2702,408.869
2024-12-12T04:00:00.000Z,2702,2710,2699,2705,322.6517
2024-12-12T08:00:00.000Z,2705,2712,2700,2702,186.8522
2024-12-12T12:00:00.000Z,2703,2706,2681,2686,815.8937
2024-12-12T16:00:00.000Z,2687,2691,2678,2683,337.3755
2024-12-12T20:00:00.000Z,2683,2686,2674,2678,283.7223
2024-12-13T00:00:00.000Z,2679,2688,2672,2686,188.3303
2024-12-13T04:00:00.000Z,2687,2687,2681,2684,164.99
2024-12-13T08:00:00.000Z,2685,2686,2665,2671,266.4255
2024-12-13T12:00:00.000Z,2670,2680,2660,2660,264.5254
2024-12-13T16:00:00.000Z,2662,2666,2656,2659,389.1218
2024-12-13T20:00:00.000Z,2659,2665,2657,2663,133.3782
2024-12-14T00:00:00.000Z,2663,2678,2660,2664,170.4998
2024-12-14T04:00:00.000Z,2663,2669,2658,2668,103.6746
2024-12-14T08:00:00.000Z,2668,2670,2657,2657,172.4916
2024-12-14T12:00:00.000Z,2658,2666,2648,2666,133.9701
2024-12-14T16:00:00.000Z,2664,2667,2647,2650,73.9544
2024-12-14T20:00:00.000Z,2650,2657,2647,2650,77.5922
2024-12-15T00:00:00.000Z,2650,2660,2648,2658,39.8364
2024-12-15T04:00:00.000Z,2659,2663,2652,2657,96.035
2024-12-15T08:00:00.000Z,2657,2662,2651,2659,82.1092
2024-12-15T12:00:00.000Z,2659,2664,2653,2656,132.5084
2024-12-15T16:00:00.000Z,2654,2657,2649,2649,101.1119
2024-12-15T20:00:00.000Z,2650,2662,2648,2658,213.673
2024-12-16T00:00:00.000Z,2658,2664,2651,2655,148.2183
2024-12-16T04:00:00.000Z,2655,2659,2647,2657,126.7379
2024-12-16T08:00:00.000Z,2657,2666,2656,2664,206.5728
2024-12-16T12:00:00.000Z,2664,2669,2652,2657,213.9243
2024-12-16T16:00:00.000Z,2657,2675,2652,2665,405.0241
2024-12-16T20:00:00.000Z,2665,2668,2653,2656,160.2182
2024-12-17T00:00:00.000Z,2654,2662,2652,2661,110.4887
2024-12-17T04:00:00.000Z,2660,2669,2657,2663,117.4802
2024-12-17T08:00:00.000Z,2663,2670,2652,2653,540.0393
2024-12-17T12:00:00.000Z,2654,2665,2643,2651,364.2253
2024-12-17T16:00:00.000Z,2651,2661,2648,2654,182.4805
2024-12-17T20:00:00.000Z,2653,2660,2650,2654,150.1325
2024-12-18T00:00:00.000Z,2655,2659,2649,2655,213.2931
2024-12-18T04:00:00.000Z,2656,2660,2650,2653,178.855
2024-12-18T08:00:00.000Z,2653,2661,2650,2657,136.1618
2024-12-18T12:00:00.000Z,2656,2661,2650,2655,426.2711
2024-12-18T16:00:00.000Z,2655,2661,2627,2627,639.1925
2024-12-18T20:00:00.000Z,2626,2629,2597,2601,758.2035
2024-12-19T00:00:00.000Z,2602,2636,2600,2630,506.4957
2024-12-19T04:00:00.000Z,2630,2640,2626,2632,193.3671
2024-12-19T08:00:00.000Z,2632,2641,2628,2638,166.1771
2024-12-19T12:00:00.000Z,2638,2647,2607,2608,767.0364
2024-12-19T16:00:00.000Z,2609,2625,2601,2612,674.9452
2024-12-19T20:00:00.000Z,2614,2658,2607,2610,537.3312
2024-12-20T00:00:00.000Z,2608,2622,2605,2615,125.678
2024-12-20T04:00:00.000Z,2615,2630,2613,2617,213.06
2024-12-20T08:00:00.000Z,2617,2625,2603,2610,649.7026
2024-12-20T12:00:00.000Z,2610,2635,2603,2634,1017.0911
2024-12-20T16:00:00.000Z,2634,2639,2625,2633,292.5557
2024-12-20T20:00:00.000Z,2632,2634,2621,2630,265.6044
2024-12-21T00:00:00.000Z,2630,2637,2624,2630,103.7023
2024-12-21T04:00:00.000Z,2631,2640,2627,2633,162.7434
2024-12-21T08:00:00.000Z,2633,2633,2625,2627,138.9014
2024-12-21T12:00:00.000Z,2627,2634,2621,2627,227.7561
2024-12-21T16:00:00.000Z,2627,2627,2620,2623,126.297
2024-12-21T20:00:00.000Z,2622,2627,2621,2624,74.1462
2024-12-22T00:00:00.000Z,2624,2629,2621,2621,127.1481
2024-12-22T04:00:00.000Z,2622,2629,2619,2625,63.4102
2024-12-22T08:00:00.000Z,2626,2630,2621,2624,106.4603
2024-12-22T12:00:00.000Z,2624,2630,2610,2617,167.7418
2024-12-22T16:00:00.000Z,2617,2624,2611,2613,156.8138
2024-12-22T20:00:00.000Z,2612,2626,2612,2626,99.7661
2024-12-23T00:00:00.000Z,2626,2638,2616,2633,290.0931
2024-12-23T04:00:00.000Z,2634,2654,2632,2647,364.2342
2024-12-23T08:00:00.000Z,2647,2649,2631,2631,230.7101
2024-12-23T12:00:00.000Z,2631,2640,2618,2620,242.3946
2024-12-23T16:00:00.000Z,2620,2635,2619,2621,211.1536
2024-12-23T20:00:00.000Z,2622,2633,2608,2622,520.9479
2024-12-24T00:00:00.000Z,2622,2636,2619,2630,137.8963
2024-12-24T04:00:00.000Z,2629,2637,2624,2630,83.5621
2024-12-24T08:00:00.000Z,2631,2633,2622,2626,77.846
2024-12-24T12:00:00.000Z,2625,2636,2624,2630,329.3379
2024-12-24T16:00:00.000Z,2629,2637,2627,2630,173.0826
2024-12-24T20:00:00.000Z,2630,2631,2623,2630,82.1393
2024-12-25T00:00:00.000Z,2630,2634,2627,2631,17.9734
2024-12-25T04:00:00.000Z,2631,2636,2624,2625,43.1024
2024-12-25T08:00:00.000Z,2626,2644,2623,2627,169.4987
2024-12-25T12:00:00.000Z,2627,2633,2626,2633,46.6946
2024-12-25T16:00:00.000Z,2633,2644,2628,2644,179.9996
2024-12-25T20:00:00.000Z,2643,2648,2632,2633,151.89
2024-12-26T00:00:00.000Z,2633,2648,2631,2640,184.8109
2024-12-26T04:00:00.000Z,2640,2643,2636,2639,87.8746
2024-12-26T08:00:00.000Z,2639,2647,2635,2642,271.9385
2024-12-26T12:00:00.000Z,2641,2654,2636,2648,273.3138
2024-12-26T16:00:00.000Z,2649,2654,2640,2654,155.9892
2024-12-26T20:00:00.000Z,2653,2656,2645,2654,105.6037
2024-12-27T00:00:00.000Z,2654,2655,2646,2648,86.9536
2024-12-27T04:00:00.000Z,2648,2651,2645,2649,88.6739
2024-12-27T08:00:00.000Z,2649,2651,2638,2648,242.2754
2024-12-27T12:00:00.000Z,2647,2650,2630,2634,190.2655
2024-12-27T16:00:00.000Z,2633,2643,2630,2640,142.5171
2024-12-27T20:00:00.000Z,2640,2644,2627,2643,243.8803
2024-12-28T00:00:00.000Z,2643,2650,2641,2646,63.4332
2024-12-28T04:00:00.000Z,2645,2648,2637,2644,72.6368
2024-12-28T08:00:00.000Z,2643,2651,2641,2644,144.2438
2024-12-28T12:00:00.000Z,2644,2659,2644,2654,173.1596
2024-12-28T16:00:00.000Z,2655,2659,2646,2653,156.0896
2024-12-28T20:00:00.000Z,2652,2660,2650,2656,174.5628
2024-12-29T00:00:00.000Z,2657,2660,2652,2654,85.898
2024-12-29T04:00:00.000Z,2655,2658,2651,2655,46.0452
2024-12-29T08:00:00.000Z,2656,2657,2652,2655,66.9687
2024-12-29T12:00:00.000Z,2656,2657,2650,2653,80.9149
2024-12-29T16:00:00.000Z,2653,2657,2650,2656,131.9219
2024-12-29T20:00:00.000Z,2656,2657,2647,2651,191.2034
2024-12-30T00:00:00.000Z,2651,2660,2648,2657,94.5376
2024-12-30T04:00:00.000Z,2658,2659,2644,2644,121.7492
2024-12-30T08:00:00.000Z,2645,2650,2631,2639,279.8934
2024-12-30T12:00:00.000Z,2639,2645,2625,2626,243.1612
2024-12-30T16:00:00.000Z,2627,2631,2620,2629,126.9274
2024-12-30T20:00:00.000Z,2631,2631,2618,2621,123.3501
2024-12-31T00:00:00.000Z,2621,2630,2620,2625,61.8789
2024-12-31T04:00:00.000Z,2625,2633,2621,2632,43.4977
2024-12-31T08:00:00.000Z,2632,2637,2618,2632,273.7436
2024-12-31T12:00:00.000Z,2631,2634,2619,2633,191.9261
2024-12-31T16:00:00.000Z,2634,2641,2632,2637,177.4869
2024-12-31T20:00:00.000Z,2638,2641,2632,2633,73.9357
2025-01-01T00:00:00.000Z,2633,2660,2632,2638,131.6922
2025-01-01T04:00:00.000Z,2638,2639,2634,2636,24.7911
2025-01-01T08:00:00.000Z,2636,2639,2632,2634,55.0953
2025-01-01T12:00:00.000Z,2635,2638,2631,2631,51.9425
2025-01-01T16:00:00.000Z,2631,2633,2627,2631,117.505
2025-01-01T20:00:00.000Z,2630,2635,2627,2629,53.8075
2025-01-02T00:00:00.000Z,2631,2655,2630,2641,90.5805
2025-01-02T04:00:00.000Z,2641,2646,2636,2642,153.8141
2025-01-02T08:00:00.000Z,2640,2651,2638,2647,126.1847
2025-01-02T12:00:00.000Z,2649,2654,2640,2652,336.2817
2025-01-02T16:00:00.000Z,2654,2655,2648,2652,116.5319
2025-01-02T20:00:00.000Z,2653,2657,2651,2656,128.7109
2025-01-03T00:00:00.000Z,2657,2664,2656,2661,60.0614
2025-01-03T04:00:00.000Z,2661,2662,2659,2660,134.7521
2025-01-03T08:00:00.000Z,2660,2664,2647,2660,220.4008
2025-01-03T12:00:00.000Z,2660,2661,2650,2656,410.1287
2025-01-03T16:00:00.000Z,2655,2659,2648,2649,152.0531
2025-01-03T20:00:00.000Z,2650,2653,2647,2648,67.7405
2025-01-04T00:00:00.000Z,2649,2651,2647,2648,26.9619
2025-01-04T04:00:00.000Z,2649,2651,2648,2649,25.03
2025-01-04T08:00:00.000Z,2649,2651,2644,2647,44.2025
2025-01-04T12:00:00.000Z,2647,2653,2643,2644,90.3103
2025-01-04T16:00:00.000Z,2644,2649,2644,2645,36.3287
2025-01-04T20:00:00.000Z,2645,2655,2645,2647,111.6349
2025-01-05T00:00:00.000Z,2648,2655,2645,2653,59.2689
2025-01-05T04:00:00.000Z,2654,2656,2645,2650,57.6104
2025-01-05T08:00:00.000Z,2650,2653,2644,2646,49.3712
2025-01-05T12:00:00.000Z,2644,2655,2644,2653,43.5403
2025-01-05T16:00:00.000Z,2653,2653,2647,2649,26.5888
2025-01-05T20:00:00.000Z,2649,2649,2644,2645,20.4
2025-01-06T00:00:00.000Z,2646,2656,2644,2654,65.2108
2025-01-06T04:00:00.000Z,2654,2654,2644,2646,61.4372
2025-01-06T08:00:00.000Z,2646,2654,2641,2654,105.516
2025-01-06T12:00:00.000Z,2654,2656,2639,2648,266.6816
2025-01-06T16:00:00.000Z,2648,2653,2641,2647,157.3211
2025-01-06T20:00:00.000Z,2647,2660,2643,2655,120.8211
2025-01-07T00:00:00.000Z,2655,2655,2648,2651,25.6723
2025-01-07T04:00:00.000Z,2651,2655,2649,2650,58.8637
2025-01-07T08:00:00.000Z,2651,2659,2650,2657,77.1681
2025-01-07T12:00:00.000Z,2657,2669,2647,2655,420.0878
2025-01-07T16:00:00.000Z,2654,2667,2648,2653,222.347
2025-01-07T20:00:00.000Z,2652,2666,2641,2652,296.8381
2025-01-08T00:00:00.000Z,2653,2666,2645,2650,166.2953
2025-01-08T04:00:00.000Z,2649,2661,2648,2658,182.5735
2025-01-08T08:00:00.000Z,2658,2659,2649,2655,144.0198
2025-01-08T12:00:00.000Z,2657,2672,2651,2671,265.8224
2025-01-08T16:00:00.000Z,2671,2680,2654,2663,578.4065
2025-01-08T20:00:00.000Z,2663,2670,2660,2665,119.7247
2025-01-09T00:00:00.000Z,2666,2674,2663,2669,101.0283
2025-01-09T04:00:00.000Z,2668,2681,2662,2677,237.8496
2025-01-09T08:00:00.000Z,2677,2680,2659,2678,177.9754
2025-01-09T12:00:00.000Z,2678,2683,2673,2673,296.7745
2025-01-09T16:00:00.000Z,2673,2681,2670,2677,133.3974
2025-01-09T20:00:00.000Z,2679,2680,2669,2670,162.0656
2025-01-10T00:00:00.000Z,2672,2682,2669,2675,94.9495
2025-01-10T04:00:00.000Z,2676,2683,2670,2676,148.6897
2025-01-10T08:00:00.000Z,2676,2692,2672,2681,224.9791
2025-01-10T12:00:00.000Z,2681,2694,2666,2690,297.449
2025-01-10T16:00:00.000Z,2690,2694,2685,2688,113.2783
2025-01-10T20:00:00.000Z,2687,2694,2685,2686,108.8002
2025-01-11T00:00:00.000Z,2688,2688,2681,2685,59.5437
2025-01-11T04:00:00.000Z,2684,2686,2682,2683,31.9343
2025-01-11T08:00:00.000Z,2683,2694,2681,2692,129.4125
2025-01-11T12:00:00.000Z,2692,2699,2690,2694,193.1637
2025-01-11T16:00:00.000Z,2694,2699,2692,2698,129.1132
2025-01-11T20:00:00.000Z,2699,2700,2692,2697,129.8323
2025-01-12T00:00:00.000Z,2698,2702,2696,2698,61.4897
2025-01-12T04:00:00.000Z,2698,2700,2697,2698,27.2406
2025-01-12T08:00:00.000Z,2699,2702,2696,2698,85.9837
2025-01-12T12:00:00.000Z,2697,2702,2696,2698,94.5774
2025-01-12T16:00:00.000Z,2698,2702,2696,2699,52.5082
2025-01-12T20:00:00.000Z,2698,2712,2692,2697,252.5552
2025-01-13T00:00:00.000Z,2698,2710,2690,2692,182.1943
2025-01-13T04:00:00.000Z,2692,2696,2680,2683,252.9168
2025-01-13T08:00:00.000Z,2683,2700,2674,2677,796.3744
2025-01-13T12:00:00.000Z,2675,2679,2664,2668,399.0848
2025-01-13T16:00:00.000Z,2668,2671,2660,2666,233.2264
2025-01-13T20:00:00.000Z,2667,2676,2659,2670,226.2083
2025-01-14T00:00:00.000Z,2670,2675,2661,2670,162.9504
2025-01-14T04:00:00.000Z,2671,2677,2666,2670,58.5649
2025-01-14T08:00:00.000Z,2670,2681,2663,2669,295.9392
2025-01-14T12:00:00.000Z,2670,2673,2660,2671,197.8846
2025-01-14T16:00:00.000Z,2670,2673,2660,2668,170.6286
2025-01-14T20:00:00.000Z,2669,2676,2667,2674,85.0026
2025-01-15T00:00:00.000Z,2676,2680,2668,2680,157.4353
2025-01-15T04:00:00.000Z,2680,2695,2679,2691,244.1975
2025-01-15T08:00:00.000Z,2691,2697,2687,2693,232.5113
2025-01-15T12:00:00.000Z,2693,2705,2686,2688,385.9943
2025-01-15T16:00:00.000Z,2687,2705,2686,2699,538.8868
2025-01-15T20:00:00.000Z,2700,2706,2690,2693,226.5232
2025-01-16T00:00:00.000Z,2693,2708,2687,2701,224.1907
2025-01-16T04:00:00.000Z,2700,2704,2693,2697,81.7663
2025-01-16T08:00:00.000Z,2697,2710,2691,2706,233.8155
2025-01-16T12:00:00.000Z,2706,2719,2697,2717,329.5973
2025-01-16T16:00:00.000Z,2717,2724,2710,2715,189.5047
2025-01-16T20:00:00.000Z,2715,2718,2709,2716,82.7453
2025-01-17T00:00:00.000Z,2717,2720,2709,2719,149.1204
2025-01-17T04:00:00.000Z,2718,2720,2706,2714,94.2052
2025-01-17T08:00:00.000Z,2714,2717,2700,2704,284.7066
2025-01-17T12:00:00.000Z,2704,2714,2700,2713,175.0006
2025-01-17T16:00:00.000Z,2713,2716,2705,2707,153.7667
2025-01-17T20:00:00.000Z,2707,2711,2699,2701,195.744
2025-01-18T00:00:00.000Z,2702,2708,2695,2698,68.2296
2025-01-18T04:00:00.000Z,2698,2706,2690,2692,156.3912
2025-01-18T08:00:00.000Z,2690,2700,2684,2699,216.0726
2025-01-18T12:00:00.000Z,2698,2701,2691,2700,91.7276
2025-01-18T16:00:00.000Z,2699,2700,2689,2696,104.0511
2025-01-18T20:00:00.000Z,2696,2708,2693,2696,285.5217
2025-01-19T00:00:00.000Z,2696,2705,2692,2700,77.0638
2025-01-19T04:00:00.000Z,2700,2700,2691,2691,98.6112
2025-01-19T08:00:00.000Z,2692,2698,2684,2688,283.7393
2025-01-19T12:00:00.000Z,2689,2700,2676,2679,464.8201
2025-01-19T16:00:00.000Z,2679,2691,2678,2686,182.3402
2025-01-19T20:00:00.000Z,2686,2691,2664,2682,454.6324
2025-01-20T00:00:00.000Z,2683,2699,2679,2698,412.8897
2025-01-20T04:00:00.000Z,2698,2718,2692,2699,497.8959
2025-01-20T08:00:00.000Z,2701,2708,2692,2703,372.0817
2025-01-20T12:00:00.000Z,2703,2711,2697,2702,313.7925
2025-01-20T16:00:00.000Z,2702,2713,2697,2709,364.6207
2025-01-20T20:00:00.000Z,2709,2711,2699,2701,151.0425
2025-01-21T00:00:00.000Z,2701,2720,2696,2717,212.7663
2025-01-21T04:00:00.000Z,2717,2729,2715,2728,299.7157
2025-01-21T08:00:00.000Z,2728,2728,2716,2720,312.1831
2025-01-21T12:00:00.000Z,2721,2739,2717,2738,273.9654
2025-01-21T16:00:00.000Z,2739,2747,2730,2741,426.5007
2025-01-21T20:00:00.000Z,2741,2742,2733,2739,184.5662
2025-01-22T00:00:00.000Z,2739,2745,2738,2740,115.2105
2025-01-22T04:00:00.000Z,2740,2748,2740,2742,197.6648
2025-01-22T08:00:00.000Z,2743,2758,2741,2758,285.6802
2025-01-22T12:00:00.000Z,2758,2777,2746,2768,928.5162
2025-01-22T16:00:00.000Z,2767,2767,2755,2758,213.8813
2025-01-22T20:00:00.000Z,2759,2761,2753,2754,78.9496
2025-01-23T00:00:00.000Z,2755,2763,2748,2749,104.1765
2025-01-23T04:00:00.000Z,2749,2762,2746,2751,163.7342
2025-01-23T08:00:00.000Z,2751,2753,2741,2751,131.021
2025-01-23T12:00:00.000Z,2751,2752,2736,2739,225.9678
2025-01-23T16:00:00.000Z,2739,2757,2739,2750,140.7624
2025-01-23T20:00:00.000Z,2751,2758,2742,2749,254.2494
2025-01-24T00:00:00.000Z,2749,2766,2736,2765,507.0406
2025-01-24T04:00:00.000Z,2765,2766,2754,2765,114.9503
2025-01-24T08:00:00.000Z,2765,2770,2761,2763,94.2531
2025-01-24T12:00:00.000Z,2764,2771,2756,2770,263.1053
2025-01-24T16:00:00.000Z,2769,2771,2758,2763,245.8961
2025-01-24T20:00:00.000Z,2763,2770,2758,2760,80.6288
2025-01-25T00:00:00.000Z,2761,2767,2757,2765,71.7676
2025-01-25T04:00:00.000Z,2766,2770,2763,2767,61.8019
2025-01-25T08:00:00.000Z,2768,2769,2763,2765,63.9281
2025-01-25T12:00:00.000Z,2764,2768,2760,2764,38.8105
2025-01-25T16:00:00.000Z,2765,2770,2764,2770,51.0595
2025-01-25T20:00:00.000Z,2770,2770,2766,2769,62.5228
2025-01-26T00:00:00.000Z,2769,2769,2766,2769,33.7313
2025-01-26T04:00:00.000Z,2767,2770,2766,2766,42.9158
2025-01-26T08:00:00.000Z,2767,2768,2763,2766,24.4957
2025-01-26T12:00:00.000Z,2768,2769,2763,2766,43.1836
2025-01-26T16:00:00.000Z,2766,2775,2765,2772,83.0961
2025-01-26T20:00:00.000Z,2771,2772,2758,2762,77.3948
2025-01-27T00:00:00.000Z,2761,2764,2750,2754,220.4605
2025-01-27T04:00:00.000Z,2754,2754,2730,2735,211.3683
2025-01-27T08:00:00.000Z,2734,2760,2730,2759,370.76
2025-01-27T12:00:00.000Z,2759,2760,2738,2743,284.3566
2025-01-27T16:00:00.000Z,2742,2748,2731,2741,200.0212
2025-01-27T20:00:00.000Z,2740,2761,2734,2742,326.1429
2025-01-28T00:00:00.000Z,2743,2750,2737,2739,100.8501
2025-01-28T04:00:00.000Z,2738,2743,2736,2739,71.0784
2025-01-28T08:00:00.000Z,2738,2748,2736,2746,97.0357
2025-01-28T12:00:00.000Z,2746,2758,2744,2756,145.8369
2025-01-28T16:00:00.000Z,2756,2763,2735,2761,328.8248
2025-01-28T20:00:00.000Z,2760,2772,2754,2763,334.0868
2025-01-29T00:00:00.000Z,2763,2769,2762,2766,78.7281
2025-01-29T04:00:00.000Z,2766,2797,2757,2761,255.9841
2025-01-29T08:00:00.000Z,2760,2770,2760,2766,147.1949
2025-01-29T12:00:00.000Z,2766,2769,2757,2760,196.0677
2025-01-29T16:00:00.000Z,2760,2765,2746,2759,157.0902
2025-01-29T20:00:00.000Z,2760,2767,2754,2762,148.8791
2025-01-30T00:00:00.000Z,2762,2767,2761,2766,67.1171
2025-01-30T04:00:00.000Z,2766,2768,2761,2767,102.4168
2025-01-30T08:00:00.000Z,2766,2775,2766,2775,142.2138
2025-01-30T12:00:00.000Z,2774,2789,2769,2789,427.6388
2025-01-30T16:00:00.000Z,2789,2800,2786,2790,299.1344
2025-01-30T20:00:00.000Z,2790,2796,2786,2794,109.9311
2025-01-31T00:00:00.000Z,2794,2806,2794,2802,266.7833
2025-01-31T04:00:00.000Z,2802,2803,2793,2796,84.7062
2025-01-31T08:00:00.000Z,2797,2806,2790,2805,402.3513
2025-01-31T12:00:00.000Z,2804,2819,2803,2816,414.6914
2025-01-31T16:00:00.000Z,2814,2817,2799,2804,486.0299
2025-01-31T20:00:00.000Z,2804,2810,2798,2805,98.5612
2025-02-01T00:00:00.000Z,2805,2812,2804,2810,115.3814
2025-02-01T04:00:00.000Z,2811,2815,2809,2812,81.5559
2025-02-01T08:00:00.000Z,2812,2823,2807,2811,202.1173
2025-02-01T12:00:00.000Z,2811,2830,2802,2807,180.0936
2025-02-01T16:00:00.000Z,2807,2814,2800,2805,160.8428
2025-02-01T20:00:00.000Z,2805,2830,2801,2819,380.7572
2025-02-02T00:00:00.000Z,2819,2840,2817,2826,585.3513
2025-02-02T04:00:00.000Z,2825,2840,2820,2837,301.369
2025-02-02T08:00:00.000Z,2838,2870,2832,2861,1123.4263
2025-02-02T12:00:00.000Z,2861,2890,2850,2883,1152.3276
2025-02-02T16:00:00.000Z,2882,2946,2851,2892,2772.7692
2025-02-02T20:00:00.000Z,2894,2939,2808,2818,2247.7439
2025-02-03T00:00:00.000Z,2816,2819,2772,2780,1548.9913
2025-02-03T04:00:00.000Z,2780,2821,2774,2803,977.5119
2025-02-03T08:00:00.000Z,2803,2829,2800,2823,698.7481
2025-02-03T12:00:00.000Z,2823,2850,2811,2840,1475.0878
2025-02-03T16:00:00.000Z,2839,2844,2828,2833,905.0963
2025-02-03T20:00:00.000Z,2830,2836,2821,2832,325.0068
2025-02-04T00:00:00.000Z,2832,2838,2821,2831,251.2777
2025-02-04T04:00:00.000Z,2831,2832,2812,2815,297.8941
2025-02-04T08:00:00.000Z,2816,2840,2814,2829,244.0496
2025-02-04T12:00:00.000Z,2828,2851,2828,2841,456.1399
2025-02-04T16:00:00.000Z,2842,2852,2838,2845,265.0392
2025-02-04T20:00:00.000Z,2843,2855,2838,2854,572.2456
2025-02-05T00:00:00.000Z,2854,2887,2852,2871,381.2597
2025-02-05T04:00:00.000Z,2872,2887,2869,2885,431.1099
2025-02-05T08:00:00.000Z,2885,2902,2883,2895,733.5276
2025-02-05T12:00:00.000Z,2896,2908,2887,2896,1235.3465
2025-02-05T16:00:00.000Z,2896,2915,2881,2883,929.8972
2025-02-05T20:00:00.000Z,2883,2928,2878,2917,731.3535
2025-02-06T00:00:00.000Z,2917,2922,2885,2893,528.6654
2025-02-06T04:00:00.000Z,2893,2927,2888,2897,773.0652
2025-02-06T08:00:00.000Z,2897,2921,2869,2894,708.3663
2025-02-06T12:00:00.000Z,2895,2904,2866,2876,603.5079
2025-02-06T16:00:00.000Z,2876,2900,2867,2893,804.4345
2025-02-06T20:00:00.000Z,2893,2895,2875,2878,291.4261
2025-02-07T00:00:00.000Z,2879,2885,2878,2883,174.4704
2025-02-07T04:00:00.000Z,2883,2893,2881,2888,138.6782
2025-02-07T08:00:00.000Z,2889,2926,2888,2901,512.4736
2025-02-07T12:00:00.000Z,2901,2906,2880,2901,1210.7001
2025-02-07T16:00:00.000Z,2902,2902,2883,2884,425.1338
2025-02-07T20:00:00.000Z,2884,2886,2869,2877,367.9983
2025-02-08T00:00:00.000Z,2879,2886,2871,2885,107.7071
2025-02-08T04:00:00.000Z,2884,2886,2873,2885,114.669
2025-02-08T08:00:00.000Z,2885,2887,2856,2872,223.4827
2025-02-08T12:00:00.000Z,2873,2874,2860,2870,126.4645
2025-02-08T16:00:00.000Z,2869,2877,2868,2872,111.177
2025-02-08T20:00:00.000Z,2873,2879,2865,2877,92.3433
2025-02-09T00:00:00.000Z,2878,2882,2875,2881,38.0192
2025-02-09T04:00:00.000Z,2881,2887,2877,2882,97.0976
2025-02-09T08:00:00.000Z,2882,2889,2879,2883,111.7388
2025-02-09T12:00:00.000Z,2882,2898,2881,2889,171.52
2025-02-09T16:00:00.000Z,2887,2893,2881,2889,96.126
2025-02-09T20:00:00.000Z,2888,2908,2876,2901,364.5408
2025-02-10T00:00:00.000Z,2901,2921,2892,2910,476.1368
2025-02-10T04:00:00.000Z,2910,2926,2902,2923,334.3866
2025-02-10T08:00:00.000Z,2923,2933,2915,2932,316.4775
2025-02-10T12:00:00.000Z,2931,2934,2917,2925,540.6226
2025-02-10T16:00:00.000Z,2926,2926,2911,2918,251.8803
2025-02-10T20:00:00.000Z,2919,2932,2918,2931,130.0511
2025-02-11T00:00:00.000Z,2932,2947,2929,2938,516.1084
2025-02-11T04:00:00.000Z,2937,2947,2930,2936,264.6405
2025-02-11T08:00:00.000Z,2936,2938,2909,2931,782.1683
2025-02-11T12:00:00.000Z,2931,2932,2910,2926,751.2393
2025-02-11T16:00:00.000Z,2926,2950,2915,2922,748.8596
2025-02-11T20:00:00.000Z,2922,2924,2908,2915,291.9612
2025-02-12T00:00:00.000Z,2916,2923,2908,2910,266.5575
2025-02-12T04:00:00.000Z,2911,2918,2906,2913,263.0846
2025-02-12T08:00:00.000Z,2914,2914,2901,2905,303.4696
2025-02-12T12:00:00.000Z,2905,2920,2890,2916,725.4021
2025-02-12T16:00:00.000Z,2916,2930,2906,2916,396.5124
2025-02-12T20:00:00.000Z,2917,2926,2908,2926,478.7781
2025-02-13T00:00:00.000Z,2926,2929,2907,2928,216.8935
2025-02-13T04:00:00.000Z,2929,2935,2921,2932,266.8836
2025-02-13T08:00:00.000Z,2932,2942,2926,2939,362.5185
2025-02-13T12:00:00.000Z,2939,2939,2924,2933,313.0878
2025-02-13T16:00:00.000Z,2933,2940,2926,2939,245.293
2025-02-13T20:00:00.000Z,2938,2950,2936,2948,299.5746
2025-02-14T00:00:00.000Z,2949,2950,2940,2944,194.8986
2025-02-14T04:00:00.000Z,2945,2955,2940,2952,282.675
2025-02-14T08:00:00.000Z,2952,2957,2948,2950,254.7987
2025-02-14T12:00:00.000Z,2950,2952,2918,2925,956.7029
2025-02-14T16:00:00.000Z,2925,2926,2900,2902,711.0362
2025-02-14T20:00:00.000Z,2901,2916,2898,2913,228.4241
2025-02-15T00:00:00.000Z,2913,2913,2901,2909,129.5751
2025-02-15T04:00:00.000Z,2908,2914,2907,2907,45.4281
2025-02-15T08:00:00.000Z,2908,2909,2898,2901,205.8764
2025-02-15T12:00:00.000Z,2902,2908,2901,2905,127.4205
2025-02-15T16:00:00.000Z,2905,2908,2899,2906,91.6578
2025-02-15T20:00:00.000Z,2906,2908,2903,2907,61.6977
2025-02-16T00:00:00.000Z,2906,2908,2901,2907,127.7371
2025-02-16T04:00:00.000Z,2907,2908,2903,2904,25.2401
2025-02-16T08:00:00.000Z,2905,2906,2900,2900,68.4399
2025-02-16T12:00:00.000Z,2901,2904,2892,2900,292.3313
2025-02-16T16:00:00.000Z,2901,2904,2893,2901,91.9254
2025-02-16T20:00:00.000Z,2900,2908,2895,2900,198.6276
2025-02-17T00:00:00.000Z,2901,2921,2898,2919,274.9573
2025-02-17T04:00:00.000Z,2920,2932,2911,2917,271.8977
2025-02-17T08:00:00.000Z,2918,2930,2912,2921,297.236
2025-02-17T12:00:00.000Z,2922,2927,2915,2916,181.348
2025-02-17T16:00:00.000Z,2916,2928,2910,2916,239.0244
2025-02-17T20:00:00.000Z,2916,2919,2909,2913,165.2344
2025-02-18T00:00:00.000Z,2914,2924,2910,2921,80.8128
2025-02-18T04:00:00.000Z,2922,2944,2917,2931,235.478
2025-02-18T08:00:00.000Z,2931,2934,2921,2931,226.957
2025-02-18T12:00:00.000Z,2929,2945,2929,2942,268.4247
2025-02-18T16:00:00.000Z,2942,2949,2935,2943,418.579
2025-02-18T20:00:00.000Z,2942,2960,2937,2948,252.3471
2025-02-19T00:00:00.000Z,2948,2956,2942,2947,310.6545
2025-02-19T04:00:00.000Z,2947,2951,2944,2949,202.6903
2025-02-19T08:00:00.000Z,2949,2960,2948,2952,302.6777
2025-02-19T12:00:00.000Z,2953,2985,2946,2947,455.8826
2025-02-19T16:00:00.000Z,2946,2948,2927,2944,481.3817
2025-02-19T20:00:00.000Z,2942,2949,2935,2947,120.9211
2025-02-20T00:00:00.000Z,2947,2959,2944,2954,192.1746
2025-02-20T04:00:00.000Z,2952,2959,2945,2955,287.0246
2025-02-20T08:00:00.000Z,2955,2965,2955,2961,217.9367
2025-02-20T12:00:00.000Z,2961,2965,2942,2954,548.625
2025-02-20T16:00:00.000Z,2954,2961,2952,2956,349.7334
2025-02-20T20:00:00.000Z,2956,2957,2931,2953,471.2359
2025-02-21T00:00:00.000Z,2953,2955,2941,2947,109.1739
2025-02-21T04:00:00.000Z,2947,2951,2943,2947,118.0466
2025-02-21T08:00:00.000Z,2947,2949,2937,2946,290.2719
2025-02-21T12:00:00.000Z,2947,2950,2935,2938,321.0366
2025-02-21T16:00:00.000Z,2939,2957,2938,2947,514.4102
2025-02-21T20:00:00.000Z,2947,2953,2942,2950,206.3882
2025-02-22T00:00:00.000Z,2950,2958,2937,2943,204.4236
2025-02-22T04:00:00.000Z,2943,2948,2934,2944,130.1217
2025-02-22T08:00:00.000Z,2946,2954,2943,2951,101.9494
2025-02-22T12:00:00.000Z,2951,2953,2948,2952,95.7304
2025-02-22T16:00:00.000Z,2951,2955,2950,2951,65.7559
2025-02-22T20:00:00.000Z,2951,2956,2948,2955,47.4746
2025-02-23T00:00:00.000Z,2954,2956,2952,2953,56.6359
2025-02-23T04:00:00.000Z,2953,2969,2944,2963,543.4226
2025-02-23T08:00:00.000Z,2963,2970,2960,2964,196.405
2025-02-23T12:00:00.000Z,2964,2969,2962,2964,138.4458
2025-02-23T16:00:00.000Z,2963,2968,2961,2962,192.8096
2025-02-23T20:00:00.000Z,2962,2964,2960,2963,127.1334
2025-02-24T00:00:00.000Z,2963,2967,2952,2961,255.1715
2025-02-24T04:00:00.000Z,2961,2964,2953,2961,244.6342
2025-02-24T08:00:00.000Z,2961,2966,2955,2962,165.188
2025-02-24T12:00:00.000Z,2962,2972,2951,2959,578.4627
2025-02-24T16:00:00.000Z,2959,2991,2958,2967,630.9426
2025-02-24T20:00:00.000Z,2965,2989,2961,2988,584.2612
2025-02-25T00:00:00.000Z,2988,3000,2978,2984,469.5102
2025-02-25T04:00:00.000Z,2984,2984,2961,2962,585.5944
2025-02-25T08:00:00.000Z,2964,2981,2960,2972,677.2618
2025-02-25T12:00:00.000Z,2972,2979,2934,2937,1005.9522
2025-02-25T16:00:00.000Z,2937,2953,2919,2935,1030.5543
2025-02-25T20:00:00.000Z,2936,2941,2924,2940,521.0006
2025-02-26T00:00:00.000Z,2940,2944,2931,2931,189.1447
2025-02-26T04:00:00.000Z,2931,2939,2924,2931,196.6795
2025-02-26T08:00:00.000Z,2931,2937,2922,2927,212.3616
2025-02-26T12:00:00.000Z,2928,2929,2910,2925,471.7833
2025-02-26T16:00:00.000Z,2925,2933,2908,2928,633.6475
2025-02-26T20:00:00.000Z,2928,2935,2922,2934,437.7611
2025-02-27T00:00:00.000Z,2935,2935,2920,2924,140.1719
2025-02-27T04:00:00.000Z,2924,2925,2907,2916,480.1116
2025-02-27T08:00:00.000Z,2916,2918,2896,2900,623.3033
2025-02-27T12:00:00.000Z,2900,2911,2890,2893,400.7171
2025-02-27T16:00:00.000Z,2892,2900,2888,2896,339.5529
2025-02-27T20:00:00.000Z,2896,2896,2877,2888,337.7608
2025-02-28T00:00:00.000Z,2889,2893,2869,2872,350.0927
2025-02-28T04:00:00.000Z,2874,2874,2821,2865,938.5447
2025-02-28T08:00:00.000Z,2865,2871,2847,2863,830.3062
2025-02-28T12:00:00.000Z,2863,2867,2831,2843,709.1968
2025-02-28T16:00:00.000Z,2845,2871,2843,2853,380.506
2025-02-28T20:00:00.000Z,2853,2867,2849,2861,148.0756
2025-03-01T00:00:00.000Z,2862,2870,2860,2864,140.4975
2025-03-01T04:00:00.000Z,2864,2893,2858,2862,162.1421
2025-03-01T08:00:00.000Z,2862,2865,2855,2862,107.0737
2025-03-01T12:00:00.000Z,2861,2865,2853,2857,174.7841
2025-03-01T16:00:00.000Z,2857,2869,2855,2865,168.8732
2025-03-01T20:00:00.000Z,2866,2869,2838,2855,325.6846
2025-03-02T00:00:00.000Z,2855,2862,2852,2859,100.5505
2025-03-02T04:00:00.000Z,2858,2863,2856,2858,62.3954
2025-03-02T08:00:00.000Z,2858,2864,2856,2861,94.8399
2025-03-02T12:00:00.000Z,2861,2866,2852,2854,364.5927
2025-03-02T16:00:00.000Z,2854,2893,2850,2860,1517.4926
2025-03-02T20:00:00.000Z,2861,2876,2859,2876,293.1891
2025-03-03T00:00:00.000Z,2876,2878,2861,2865,178.5639
2025-03-03T04:00:00.000Z,2866,2871,2862,2867,216.4936
2025-03-03T08:00:00.000Z,2866,2880,2863,2875,284.051
2025-03-03T12:00:00.000Z,2875,2893,2872,2888,357.4718
2025-03-03T16:00:00.000Z,2889,2898,2870,2876,578.8502
2025-03-03T20:00:00.000Z,2874,2895,2871,2888,352.4277
2025-03-04T00:00:00.000Z,2888,2895,2877,2884,363.5199
2025-03-04T04:00:00.000Z,2884,2914,2881,2901,437.0103
2025-03-04T08:00:00.000Z,2901,2927,2899,2926,560.2784
2025-03-04T12:00:00.000Z,2925,2945,2916,2922,747.6208
2025-03-04T16:00:00.000Z,2923,2931,2912,2931,425.0204
2025-03-04T20:00:00.000Z,2930,2939,2923,2928,277.0825
2025-03-05T00:00:00.000Z,2929,2938,2922,2928,227.5612
2025-03-05T04:00:00.000Z,2927,2934,2920,2931,107.3411
2025-03-05T08:00:00.000Z,2933,2938,2922,2923,409.8045
2025-03-05T12:00:00.000Z,2924,2933,2912,2931,406.0069
2025-03-05T16:00:00.000Z,2930,2938,2925,2935,248.4755
2025-03-05T20:00:00.000Z,2936,2949,2928,2933,249.5102
2025-03-06T00:00:00.000Z,2933,2938,2930,2936,168.9549
2025-03-06T04:00:00.000Z,2936,2938,2917,2921,487.594
2025-03-06T08:00:00.000Z,2921,2922,2905,2919,279.1899
2025-03-06T12:00:00.000Z,2919,2936,2908,2927,468.3603
2025-03-06T16:00:00.000Z,2929,2938,2925,2929,296.9105
2025-03-06T20:00:00.000Z,2929,2931,2921,2925,126.5341
2025-03-07T00:00:00.000Z,2926,2928,2911,2918,249.4835
2025-03-07T04:00:00.000Z,2920,2928,2917,2928,93.9466
2025-03-07T08:00:00.000Z,2928,2944,2927,2941,394.4823
2025-03-07T12:00:00.000Z,2941,2944,2928,2930,520.9436
2025-03-07T16:00:00.000Z,2930,2934,2922,2926,324.4341
2025-03-07T20:00:00.000Z,2927,2933,2921,2928,242.5914
2025-03-08T00:00:00.000Z,2928,2931,2926,2929,52.5675
2025-03-08T04:00:00.000Z,2929,2931,2927,2928,84.7219
2025-03-08T08:00:00.000Z,2927,2934,2927,2934,99.3135
2025-03-08T12:00:00.000Z,2934,2937,2928,2936,151.4119
2025-03-08T16:00:00.000Z,2936,2942,2934,2939,159.5197
2025-03-08T20:00:00.000Z,2940,2940,2933,2936,86.195
2025-03-09T00:00:00.000Z,2937,2941,2936,2939,71.9446
2025-03-09T04:00:00.000Z,2938,2942,2937,2940,36.4948
2025-03-09T08:00:00.000Z,2941,2945,2936,2944,294.1466
2025-03-09T12:00:00.000Z,2944,2944,2926,2938,333.483
2025-03-09T16:00:00.000Z,2940,2940,2923,2927,449.5037
2025-03-09T20:00:00.000Z,2926,2936,2922,2933,261.5311
2025-03-10T00:00:00.000Z,2934,2936,2919,2919,295.2098
2025-03-10T04:00:00.000Z,2920,2923,2906,2912,888.7916
2025-03-10T08:00:00.000Z,2913,2926,2906,2918,475.0739
2025-03-10T12:00:00.000Z,2918,2918,2904,2911,431.775
2025-03-10T16:00:00.000Z,2911,2914,2883,2894,512.8563
2025-03-10T20:00:00.000Z,2892,2899,2892,2895,180.0537
2025-03-11T00:00:00.000Z,2894,2907,2887,2902,343.753
2025-03-11T04:00:00.000Z,2902,2912,2898,2907,235.5633
2025-03-11T08:00:00.000Z,2908,2924,2906,2913,278.657
2025-03-11T12:00:00.000Z,2915,2927,2912,2926,374.0815
2025-03-11T16:00:00.000Z,2925,2928,2917,2926,242.3494
2025-03-11T20:00:00.000Z,2927,2927,2917,2924,126.8948
2025-03-12T00:00:00.000Z,2924,2928,2912,2925,164.0191
2025-03-12T04:00:00.000Z,2925,2930,2905,2913,652.1152
2025-03-12T08:00:00.000Z,2913,2949,2911,2935,1522.2334
2025-03-12T12:00:00.000Z,2936,2948,2922,2947,611.4058
2025-03-12T16:00:00.000Z,2947,2949,2941,2944,243.4992
2025-03-12T20:00:00.000Z,2944,2947,2941,2946,99.7061
2025-03-13T00:00:00.000Z,2947,2956,2944,2955,149.1486
2025-03-13T04:00:00.000Z,2955,2971,2945,2945,241.0404
2025-03-13T08:00:00.000Z,2946,2970,2946,2964,285.3763
2025-03-13T12:00:00.000Z,2965,2987,2959,2985,627.869
2025-03-13T16:00:00.000Z,2985,2998,2983,2998,612.5074
2025-03-13T20:00:00.000Z,2997,3006,2994,3003,378.5362
2025-03-14T00:00:00.000Z,3003,3010,3001,3010,200.5362
2025-03-14T04:00:00.000Z,3010,3012,2999,3001,251.8881
2025-03-14T08:00:00.000Z,3001,3030,3001,3017,408.8066
2025-03-14T12:00:00.000Z,3017,3026,2990,3002,1099.5747
2025-03-14T16:00:00.000Z,3002,3004,2991,2992,284.7601
2025-03-14T20:00:00.000Z,2992,2996,2987,2996,143.3903
2025-03-15T00:00:00.000Z,2996,2996,2988,2989,102.4532
2025-03-15T04:00:00.000Z,2991,3000,2982,2998,345.1014
2025-03-15T08:00:00.000Z,2998,3001,2987,2990,287.3156
2025-03-15T12:00:00.000Z,2990,2995,2986,2988,114.2901
2025-03-15T16:00:00.000Z,2987,2999,2987,2997,158.7568
2025-03-15T20:00:00.000Z,2999,3002,2992,3002,103.1346
2025-03-16T00:00:00.000Z,3002,3002,2995,2999,37.1966
2025-03-16T04:00:00.000Z,2999,2999,2996,2998,19.4693
2025-03-16T08:00:00.000Z,2998,3000,2990,2993,83.2517
2025-03-16T12:00:00.000Z,2992,3002,2982,2995,186.1804
2025-03-16T16:00:00.000Z,2995,2999,2989,2995,104.2156
2025-03-16T20:00:00.000Z,2995,3002,2993,3001,114.1444
2025-03-17T00:00:00.000Z,3002,3005,2997,3000,138.9675
2025-03-17T04:00:00.000Z,3000,3004,3000,3003,119.011
2025-03-17T08:00:00.000Z,3003,3005,2997,3002,332.2148
2025-03-17T12:00:00.000Z,3002,3017,2990,3017,747.6353
2025-03-17T16:00:00.000Z,3016,3017,3005,3011,316.3809
2025-03-17T20:00:00.000Z,3011,3014,3008,3011,87.2489
2025-03-18T00:00:00.000Z,3011,3026,3005,3025,351.0891
2025-03-18T04:00:00.000Z,3025,3163,3019,3043,2068.4197
2025-03-18T08:00:00.000Z,3043,3075,3041,3050,613.4968
2025-03-18T12:00:00.000Z,3049,3065,3044,3058,731.9003
2025-03-18T16:00:00.000Z,3058,3069,3051,3065,476.9235
2025-03-18T20:00:00.000Z,3065,3073,3058,3067,314.8473
2025-03-19T00:00:00.000Z,3067,3069,3060,3068,217.1645
2025-03-19T04:00:00.000Z,3067,3081,3060,3071,444.568
2025-03-19T08:00:00.000Z,3071,3078,3056,3065,592.7188
2025-03-19T12:00:00.000Z,3066,3066,3056,3062,794.3306
2025-03-19T16:00:00.000Z,3062,3069,3044,3067,504.9575
2025-03-19T20:00:00.000Z,3069,3069,3050,3064,508.3578
2025-03-20T00:00:00.000Z,3065,3070,3058,3061,260.5915
2025-03-20T04:00:00.000Z,3061,3072,3061,3061,209.2498
2025-03-20T08:00:00.000Z,3063,3064,3047,3050,309.8831
2025-03-20T12:00:00.000Z,3049,3065,3048,3065,326.626
2025-03-20T16:00:00.000Z,3065,3068,3049,3059,162.6406
2025-03-20T20:00:00.000Z,3061,3064,3054,3057,153.3047
2025-03-21T00:00:00.000Z,3059,3100,3053,3062,1409.9343
2025-03-21T04:00:00.000Z,3062,3074,3050,3054,1211.3251
2025-03-21T08:00:00.000Z,3055,3069,3053,3055,420.4917
2025-03-21T12:00:00.000Z,3054,3058,3031,3039,700.9314
2025-03-21T16:00:00.000Z,3038,3043,3034,3042,180.7486
2025-03-21T20:00:00.000Z,3042,3043,3036,3039,217.0029
2025-03-22T00:00:00.000Z,3039,3043,3039,3042,73.2583
2025-03-22T04:00:00.000Z,3042,3043,3039,3042,114.4272
2025-03-22T08:00:00.000Z,3042,3051,3039,3041,248.9226
2025-03-22T12:00:00.000Z,3041,3044,3040,3043,114.3458
2025-03-22T16:00:00.000Z,3042,3047,3041,3046,84.9379
2025-03-22T20:00:00.000Z,3046,3051,3044,3050,102.7331
2025-03-23T00:00:00.000Z,3051,3054,3042,3047,104.8134
2025-03-23T04:00:00.000Z,3047,3052,3046,3049,138.4119
2025-03-23T08:00:00.000Z,3049,3051,3045,3049,115.762
2025-03-23T12:00:00.000Z,3049,3057,3045,3054,218.3796
2025-03-23T16:00:00.000Z,3054,3058,3046,3053,158.2931
2025-03-23T20:00:00.000Z,3053,3062,3045,3054,369.93
2025-03-24T00:00:00.000Z,3054,3058,3040,3044,129.6136
2025-03-24T04:00:00.000Z,3046,3054,3041,3047,210.0712
2025-03-24T08:00:00.000Z,3047,3054,3038,3038,290.0634
2025-03-24T12:00:00.000Z,3038,3045,3025,3027,586.8736
2025-03-24T16:00:00.000Z,3026,3027,3002,3008,865.1521
2025-03-24T20:00:00.000Z,3009,3021,3008,3019,307.173
2025-03-25T00:00:00.000Z,3019,3027,3015,3020,221.4893
2025-03-25T04:00:00.000Z,3020,3029,3018,3024,236.3316
2025-03-25T08:00:00.000Z,3024,3031,3022,3029,172.274
2025-03-25T12:00:00.000Z,3027,3046,3023,3032,675.4364
2025-03-25T16:00:00.000Z,3032,3032,3023,3028,296.9911
2025-03-25T20:00:00.000Z,3028,3030,3027,3028,63.8982
2025-03-26T00:00:00.000Z,3028,3037,3023,3027,324.4352
2025-03-26T04:00:00.000Z,3027,3036,3020,3035,86.0052
2025-03-26T08:00:00.000Z,3036,3036,3027,3034,180.242
2025-03-26T12:00:00.000Z,3035,3037,3017,3022,240.4521
2025-03-26T16:00:00.000Z,3022,3024,3018,3021,98.8102
2025-03-26T20:00:00.000Z,3021,3026,3020,3023,122.1181
2025-03-27T00:00:00.000Z,3024,3036,3024,3035,117.3427
2025-03-27T04:00:00.000Z,3036,3044,3035,3044,240.2583
2025-03-27T08:00:00.000Z,3043,3068,3043,3062,784.2589
2025-03-27T12:00:00.000Z,3062,3064,3042,3062,823.0139
2025-03-27T16:00:00.000Z,3061,3063,3050,3059,251.4002
2025-03-27T20:00:00.000Z,3059,3062,3057,3059,94.3154
2025-03-28T00:00:00.000Z,3059,3077,3059,3073,577.7316
2025-03-28T04:00:00.000Z,3073,3089,3065,3082,699.0706
2025-03-28T08:00:00.000Z,3081,3086,3074,3082,762.7981
2025-03-28T12:00:00.000Z,3082,3098,3075,3088,862.9169
2025-03-28T16:00:00.000Z,3088,3091,3084,3088,416.0991
2025-03-28T20:00:00.000Z,3088,3098,3088,3093,231.5287
2025-03-29T00:00:00.000Z,3092,3114,3090,3100,455.1245
2025-03-29T04:00:00.000Z,3100,3110,3094,3097,318.984
2025-03-29T08:00:00.000Z,3096,3110,3092,3109,396.6487
2025-03-29T12:00:00.000Z,3109,3116,3103,3111,482.7376
2025-03-29T16:00:00.000Z,3111,3113,3104,3111,277.6699
2025-03-29T20:00:00.000Z,3110,3121,3108,3119,313.2988
2025-03-30T00:00:00.000Z,3119,3128,3117,3124,367.2529
2025-03-30T04:00:00.000Z,3123,3127,3117,3118,155.717
2025-03-30T08:00:00.000Z,3118,3129,3115,3128,231.3117
2025-03-30T12:00:00.000Z,3128,3137,3123,3132,366.8049
2025-03-30T16:00:00.000Z,3132,3145,3116,3118,688.1484
2025-03-30T20:00:00.000Z,3117,3126,3108,3109,534.4533
2025-03-31T00:00:00.000Z,3110,3136,3106,3127,984.9542
2025-03-31T04:00:00.000Z,3127,3157,3119,3153,1109.73
2025-03-31T08:00:00.000Z,3155,3162,3134,3144,988.4428
2025-03-31T12:00:00.000Z,3142,3166,3135,3148,1920.7606
2025-03-31T16:00:00.000Z,3149,3154,3140,3148,628.9045
2025-03-31T20:00:00.000Z,3147,3158,3142,3149,329.5565
2025-04-01T00:00:00.000Z,3148,3165,3146,3164,586.4455
2025-04-01T04:00:00.000Z,3163,3181,3152,3155,908.5252
2025-04-01T08:00:00.000Z,3154,3165,3143,3151,526.3443
2025-04-01T12:00:00.000Z,3150,3155,3135,3135,710.7649
2025-04-01T16:00:00.000Z,3136,3146,3125,3133,1221.9331
2025-04-01T20:00:00.000Z,3134,3139,3130,3132,321.7633
2025-04-02T00:00:00.000Z,3132,3150,3124,3137,635.6522
2025-04-02T04:00:00.000Z,3137,3142,3120,3131,392.6949
2025-04-02T08:00:00.000Z,3132,3147,3125,3130,396.5657
2025-04-02T12:00:00.000Z,3133,3144,3129,3134,457.4212
2025-04-02T16:00:00.000Z,3133,3147,3132,3144,444.0974
2025-04-02T20:00:00.000Z,3144,3193,3126,3192,2178.4013
2025-04-03T00:00:00.000Z,3191,3195,3161,3168,1393.891
2025-04-03T04:00:00.000Z,3169,3170,3131,3149,1705.8139
2025-04-03T08:00:00.000Z,3149,3152,3098,3105,1881.8299
2025-04-03T12:00:00.000Z,3106,3149,3078,3120,2573.3536
2025-04-03T16:00:00.000Z,3119,3141,3113,3123,767.8003
2025-04-03T20:00:00.000Z,3122,3129,3120,3127,456.803
2025-04-04T00:00:00.000Z,3127,3129,3104,3110,384.6098
2025-04-04T04:00:00.000Z,3110,3123,3106,3109,331.6685
2025-04-04T08:00:00.000Z,3108,3158,3097,3128,1660.1521
2025-04-04T12:00:00.000Z,3127,3127,3053,3057,1556.3744
2025-04-04T16:00:00.000Z,3057,3065,3043,3062,1082.9274
2025-04-04T20:00:00.000Z,3062,3067,3045,3055,501.2015
2025-04-05T00:00:00.000Z,3055,3061,3050,3058,231.0694
2025-04-05T04:00:00.000Z,3057,3061,3055,3055,123.6607
2025-04-05T08:00:00.000Z,3055,3066,3047,3064,416.5071
2025-04-05T12:00:00.000Z,3064,3069,3058,3059,373.8995
2025-04-05T16:00:00.000Z,3059,3071,3058,3060,282.8117
2025-04-05T20:00:00.000Z,3061,3072,3058,3068,237.0181
2025-04-06T00:00:00.000Z,3068,3069,3058,3064,199.1679
2025-04-06T04:00:00.000Z,3063,3070,3061,3064,193.8922
2025-04-06T08:00:00.000Z,3064,3071,3056,3067,310.4597
2025-04-06T12:00:00.000Z,3066,3072,3060,3069,402.1986
2025-04-06T16:00:00.000Z,3068,3070,3048,3053,727.599
2025-04-06T20:00:00.000Z,3054,3054,2987,3004,2104.8842
2025-04-07T00:00:00.000Z,3003,3066,2988,3041,2643.331
2025-04-07T04:00:00.000Z,3042,3069,3039,3039,1594.2828
2025-04-07T08:00:00.000Z,3039,3066,3033,3047,1726.6703
2025-04-07T12:00:00.000Z,3047,3059,3006,3010,1785.9705
2025-04-07T16:00:00.000Z,3011,3011,2990,2995,1045.9718
2025-04-07T20:00:00.000Z,2995,3019,2994,3005,524.2976
2025-04-08T00:00:00.000Z,3005,3027,3001,3016,730.7715
2025-04-08T04:00:00.000Z,3017,3033,3005,3025,419.0634
2025-04-08T08:00:00.000Z,3025,3033,3017,3032,501.6295
2025-04-08T12:00:00.000Z,3032,3039,3019,3021,639.9619
2025-04-08T16:00:00.000Z,3021,3023,2990,3005,850.785
2025-04-08T20:00:00.000Z,3005,3012,2996,3001,391.3463
2025-04-09T00:00:00.000Z,3000,3024,2995,3019,749.9641
2025-04-09T04:00:00.000Z,3019,3065,3017,3058,821.5093
2025-04-09T08:00:00.000Z,3058,3091,3052,3086,1634.8915
2025-04-09T12:00:00.000Z,3085,3110,3067,3101,1725.7507
2025-04-09T16:00:00.000Z,3102,3116,3072,3109,1979.2565
2025-04-09T20:00:00.000Z,3109,3113,3089,3099,653.5699
2025-04-10T00:00:00.000Z,3100,3142,3096,3140,1012.5627
2025-04-10T04:00:00.000Z,3141,3146,3125,3129,832.6635
2025-04-10T08:00:00.000Z,3129,3145,3123,3145,442.3744
2025-04-10T12:00:00.000Z,3143,3199,3137,3173,1592.3952
2025-04-10T16:00:00.000Z,3172,3199,3168,3191,1155.8687
2025-04-10T20:00:00.000Z,3191,3220,3190,3216,777.9451
2025-04-11T00:00:00.000Z,3215,3264,3214,3245,1847.7916
2025-04-11T04:00:00.000Z,3245,3246,3213,3238,1893.5811
2025-04-11T08:00:00.000Z,3239,3264,3234,3244,2304.3187
2025-04-11T12:00:00.000Z,3244,3270,3240,3260,2912.0258
2025-04-11T16:00:00.000Z,3260,3271,3244,3256,1123.8434
2025-04-11T20:00:00.000Z,3256,3265,3255,3265,584.1008
2025-04-12T00:00:00.000Z,3265,3294,3256,3284,760.5125
2025-04-12T04:00:00.000Z,3285,3300,3275,3288,1185.9101
2025-04-12T08:00:00.000Z,3289,3291,3256,3266,741.235
2025-04-12T12:00:00.000Z,3266,3268,3234,3258,1501.3962
2025-04-12T16:00:00.000Z,3259,3262,3244,3247,350.1849
2025-04-12T20:00:00.000Z,3248,3254,3241,3242,420.5721
2025-04-13T00:00:00.000Z,3243,3252,3241,3246,312.1941
2025-04-13T04:00:00.000Z,3247,3260,3244,3251,213.3157
2025-04-13T08:00:00.000Z,3251,3256,3243,3244,555.9673
2025-04-13T12:00:00.000Z,3245,3267,3239,3266,1091.0105
2025-04-13T16:00:00.000Z,3266,3272,3254,3262,652.8613
2025-04-13T20:00:00.000Z,3261,3267,3242,3247,1026.9315
2025-04-14T00:00:00.000Z,3248,3272,3240,3260,1253.2781
2025-04-14T04:00:00.000Z,3259,3262,3242,3252,1183.3834
2025-04-14T08:00:00.000Z,3252,3253,3221,3242,743.0495
2025-04-14T12:00:00.000Z,3242,3246,3211,3215,806.8382
2025-04-14T16:00:00.000Z,3216,3236,3215,3234,412.4014
2025-04-14T20:00:00.000Z,3235,3238,3227,3238,208.8988
2025-04-15T00:00:00.000Z,3237,3248,3232,3242,742.8086
2025-04-15T04:00:00.000Z,3243,3249,3235,3239,797.2114
2025-04-15T08:00:00.000Z,3239,3253,3236,3239,428.1706
2025-04-15T12:00:00.000Z,3239,3244,3230,3239,451.7677
2025-04-15T16:00:00.000Z,3239,3250,3239,3247,400.3657
2025-04-15T20:00:00.000Z,3247,3268,3247,3266,1118.8881
2025-04-16T00:00:00.000Z,3267,3306,3266,3304,1253.4601
2025-04-16T04:00:00.000Z,3304,3319,3289,3317,1598.0016
2025-04-16T08:00:00.000Z,3316,3336,3307,3330,1442.3824
2025-04-16T12:00:00.000Z,3329,3350,3321,3348,1659.4675
2025-04-16T16:00:00.000Z,3348,3366,3342,3359,1298.418
2025-04-16T20:00:00.000Z,3359,3381,3356,3378,672.0599
2025-04-17T00:00:00.000Z,3377,3385,3345,3365,2085.9183
2025-04-17T04:00:00.000Z,3366,3366,3331,3342,1169.2344
2025-04-17T08:00:00.000Z,3343,3357,3333,3350,625.3682
2025-04-17T12:00:00.000Z,3350,3360,3309,3317,1239.3555
2025-04-17T16:00:00.000Z,3317,3342,3316,3338,662.4446
2025-04-17T20:00:00.000Z,3339,3349,3335,3347,499.6862
2025-04-18T00:00:00.000Z,3346,3350,3337,3342,535.7188
2025-04-18T04:00:00.000Z,3341,3355,3341,3349,609.3082
2025-04-18T08:00:00.000Z,3350,3355,3346,3350,300.5675
2025-04-18T12:00:00.000Z,3351,3364,3350,3357,886.6551
2025-04-18T16:00:00.000Z,3356,3360,3355,3356,215.0386
2025-04-18T20:00:00.000Z,3357,3362,3347,3353,764.8512
2025-04-19T00:00:00.000Z,3353,3357,3344,3348,537.9648
2025-04-19T04:00:00.000Z,3348,3355,3346,3355,415.4607
2025-04-19T08:00:00.000Z,3356,3356,3341,3345,325.5725
2025-04-19T12:00:00.000Z,3346,3353,3343,3348,200.197
2025-04-19T16:00:00.000Z,3348,3355,3347,3354,185.1477
2025-04-19T20:00:00.000Z,3354,3355,3348,3348,146.0863
2025-04-20T00:00:00.000Z,3348,3351,3342,3346,350.6859
2025-04-20T04:00:00.000Z,3347,3351,3344,3349,207.1309
2025-04-20T08:00:00.000Z,3350,3361,3348,3356,359.3353
2025-04-20T12:00:00.000Z,3357,3361,3353,3355,285.4259
2025-04-20T16:00:00.000Z,3355,3355,3348,3349,230.0928
2025-04-20T20:00:00.000Z,3349,3375,3348,3370,626.1305
2025-04-21T00:00:00.000Z,3370,3409,3369,3406,1497.3191
2025-04-21T04:00:00.000Z,3406,3432,3392,3421,1291.5406
2025-04-21T08:00:00.000Z,3421,3434,3414,3431,1276.7426
2025-04-21T12:00:00.000Z,3431,3453,3426,3443,2559.3429
2025-04-21T16:00:00.000Z,3442,3454,3425,3445,1662.826
2025-04-21T20:00:00.000Z,3445,3471,3441,3462,627.8462
2025-04-22T00:00:00.000Z,3463,3516,3442,3507,3707.6429
2025-04-22T04:00:00.000Z,3507,3523,3486,3492,2312.1371
2025-04-22T08:00:00.000Z,3491,3498,3460,3478,1710.3882
2025-04-22T12:00:00.000Z,3478,3486,3428,3436,4094.0823
2025-04-22T16:00:00.000Z,3436,3439,3391,3399,2290.8319
2025-04-22T20:00:00.000Z,3399,3407,3332,3349,3165.6265
2025-04-23T00:00:00.000Z,3349,3404,3349,3361,2182.5881
2025-04-23T04:00:00.000Z,3362,3375,3315,3339,2907.2685
2025-04-23T08:00:00.000Z,3339,3360,3328,3340,1454.1061
2025-04-23T12:00:00.000Z,3341,3349,3280,3301,2718.0254
2025-04-23T16:00:00.000Z,3301,3320,3298,3313,827.0019
2025-04-23T20:00:00.000Z,3313,3335,3300,3335,785.1669
2025-04-24T00:00:00.000Z,3335,3384,3333,3343,1746.7291
2025-04-24T04:00:00.000Z,3342,3359,3333,3355,928.4178
2025-04-24T08:00:00.000Z,3356,3365,3347,3358,1337.4074
2025-04-24T12:00:00.000Z,3358,3367,3324,3343,1205.1023
2025-04-24T16:00:00.000Z,3344,3360,3342,3356,578.6338
2025-04-24T20:00:00.000Z,3356,3383,3352,3365,902.1544
2025-04-25T00:00:00.000Z,3365,3375,3336,3336,1068.1159
2025-04-25T04:00:00.000Z,3336,3340,3295,3321,1105.4297
2025-04-25T08:00:00.000Z,3321,3324,3303,3307,702.6263
2025-04-25T12:00:00.000Z,3307,3315,3260,3286,3465.116
2025-04-25T16:00:00.000Z,3287,3310,3280,3305,831.511
2025-04-25T20:00:00.000Z,3305,3319,3301,3313,689.3225
2025-04-26T00:00:00.000Z,3313,3322,3305,3314,578.7604
2025-04-26T04:00:00.000Z,3315,3320,3309,3311,277.0237
2025-04-26T08:00:00.000Z,3310,3315,3301,3311,490.0849
2025-04-26T12:00:00.000Z,3312,3316,3303,3312,444.3056
2025-04-26T16:00:00.000Z,3312,3315,3305,3313,238.6832
2025-04-26T20:00:00.000Z,3313,3319,3311,3312,180.8518
2025-04-27T00:00:00.000Z,3313,3320,3311,3313,177.2686
2025-04-27T04:00:00.000Z,3314,3322,3309,3314,530.1797
2025-04-27T08:00:00.000Z,3315,3319,3313,3314,157.4969
2025-04-27T12:00:00.000Z,3314,3326,3313,3321,369.7068
2025-04-27T16:00:00.000Z,3321,3332,3319,3326,344.6051
2025-04-27T20:00:00.000Z,3326,3331,3306,3308,313.4867
2025-04-28T00:00:00.000Z,3309,3322,3278,3296,901.0972
2025-04-28T04:00:00.000Z,3295,3303,3281,3288,701.5877
2025-04-28T08:00:00.000Z,3287,3300,3277,3294,402.1969
2025-04-28T12:00:00.000Z,3295,3346,3293,3329,1623.8071
2025-04-28T16:00:00.000Z,3329,3355,3327,3354,1244.5632
2025-04-28T20:00:00.000Z,3355,3355,3335,3339,443.6783
2025-04-29T00:00:00.000Z,3338,3339,3312,3316,880.0174
2025-04-29T04:00:00.000Z,3316,3325,3309,3323,457.0834
2025-04-29T08:00:00.000Z,3322,3325,3307,3313,760.8518
2025-04-29T12:00:00.000Z,3314,3323,3306,3320,920.5959
2025-04-29T16:00:00.000Z,3321,3331,3317,3320,877.9278
2025-04-29T20:00:00.000Z,3320,3323,3312,3317,214.9507
2025-04-30T00:00:00.000Z,3317,3325,3307,3310,287.6077
2025-04-30T04:00:00.000Z,3310,3316,3305,3311,232.8829
2025-04-30T08:00:00.000Z,3310,3310,3280,3282,733.1566
2025-04-30T12:00:00.000Z,3283,3331,3280,3316,1696.9353
2025-04-30T16:00:00.000Z,3317,3320,3296,3299,369.0328
2025-04-30T20:00:00.000Z,3300,3301,3282,3282,449.5468
2025-05-01T00:00:00.000Z,3283,3287,3246,3248,1293.8561
2025-05-01T04:00:00.000Z,3248,3260,3240,3245,535.5229
2025-05-01T08:00:00.000Z,3246,3254,3219,3223,1323.7625
2025-05-01T12:00:00.000Z,3222,3248,3218,3235,1384.5743
2025-05-01T16:00:00.000Z,3236,3243,3228,3241,537.3693
2025-05-01T20:00:00.000Z,3241,3288,3241,3250,762.3053
2025-05-02T00:00:00.000Z,3250,3269,3243,3265,507.7082
2025-05-02T04:00:00.000Z,3266,3282,3257,3278,1336.4684
2025-05-02T08:00:00.000Z,3277,3282,3258,3279,691.7394
2025-05-02T12:00:00.000Z,3279,3280,3248,3250,1355.8213
2025-05-02T16:00:00.000Z,3251,3256,3242,3250,456.6214
2025-05-02T20:00:00.000Z,3250,3261,3245,3253,257.4492
2025-05-03T00:00:00.000Z,3253,3262,3247,3259,288.466
2025-05-03T04:00:00.000Z,3260,3261,3253,3257,100.8842
2025-05-03T08:00:00.000Z,3258,3264,3254,3261,180.0627
2025-05-03T12:00:00.000Z,3261,3268,3255,3262,331.587
2025-05-03T16:00:00.000Z,3262,3264,3256,3262,190.3699
2025-05-03T20:00:00.000Z,3261,3262,3257,3258,115.6067
2025-05-04T00:00:00.000Z,3258,3259,3252,3253,168.8148
2025-05-04T04:00:00.000Z,3252,3256,3247,3255,265.0227
2025-05-04T08:00:00.000Z,3255,3261,3249,3259,338.7145
2025-05-04T12:00:00.000Z,3259,3264,3254,3255,241.722
2025-05-04T16:00:00.000Z,3255,3256,3250,3255,172.8816
2025-05-04T20:00:00.000Z,3255,3267,3252,3263,437.4174
2025-05-05T00:00:00.000Z,3263,3290,3259,3271,662.2508
2025-05-05T04:00:00.000Z,3272,3280,3271,3278,383.893
2025-05-05T08:00:00.000Z,3279,3331,3277,3326,1311.7623
2025-05-05T12:00:00.000Z,3326,3340,3323,3327,983.3776
2025-05-05T16:00:00.000Z,3327,3351,3317,3344,809.7898
2025-05-05T20:00:00.000Z,3344,3366,3341,3348,651.6581
2025-05-06T00:00:00.000Z,3347,3396,3341,3372,1733.1849
2025-05-06T04:00:00.000Z,3373,3390,3364,3383,947.6758
2025-05-06T08:00:00.000Z,3384,3399,3381,3390,730.2206
2025-05-06T12:00:00.000Z,3390,3413,3385,3400,1656.3006
2025-05-06T16:00:00.000Z,3401,3430,3401,3428,1016.7235
2025-05-06T20:00:00.000Z,3429,3456,3386,3409,1797.8604
2025-05-07T00:00:00.000Z,3409,3410,3366,3382,1820.8096
2025-05-07T04:00:00.000Z,3383,3402,3381,3388,1099.7673
2025-05-07T08:00:00.000Z,3388,3394,3366,3389,949.0523
2025-05-07T12:00:00.000Z,3389,3400,3380,3392,877.1151
2025-05-07T16:00:00.000Z,3392,3406,3371,3379,923.4289
2025-05-07T20:00:00.000Z,3379,3386,3368,3383,383.5851
2025-05-08T00:00:00.000Z,3383,3418,3380,3395,1689.1019
2025-05-08T04:00:00.000Z,3395,3397,3327,3348,2428.9496
2025-05-08T08:00:00.000Z,3349,3354,3338,3353,760.8063
2025-05-08T12:00:00.000Z,3353,3373,3333,3336,1532.6497
2025-05-08T16:00:00.000Z,3336,3336,3258,3318,2265.5921
2025-05-08T20:00:00.000Z,3318,3329,3312,3322,1187.0115
2025-05-09T00:00:00.000Z,3322,3329,3287,3313,922.1087
2025-05-09T04:00:00.000Z,3314,3337,3314,3334,797.9377
2025-05-09T08:00:00.000Z,3333,3340,3324,3337,764.4892
2025-05-09T12:00:00.000Z,3338,3349,3327,3349,824.6507
2025-05-09T16:00:00.000Z,3349,3352,3332,3337,436.3807
2025-05-09T20:00:00.000Z,3337,3338,3327,3335,290.8792
2025-05-10T00:00:00.000Z,3335,3345,3334,3338,382.2993
2025-05-10T04:00:00.000Z,3339,3341,3332,3340,263.0448
2025-05-10T08:00:00.000Z,3340,3341,3332,3338,474.9476
2025-05-10T12:00:00.000Z,3338,3339,3327,3331,441.0122
2025-05-10T16:00:00.000Z,3330,3333,3324,3332,257.8239
2025-05-10T20:00:00.000Z,3332,3336,3325,3327,359.3991
2025-05-11T00:00:00.000Z,3327,3330,3322,3327,478.2056
2025-05-11T04:00:00.000Z,3327,3331,3322,3324,257.1564
2025-05-11T08:00:00.000Z,3325,3332,3322,3323,306.9365
2025-05-11T12:00:00.000Z,3324,3328,3319,3323,332.81
2025-05-11T16:00:00.000Z,3323,3326,3312,3312,445.8318
2025-05-11T20:00:00.000Z,3313,3313,3276,3294,1184.0048
2025-05-12T00:00:00.000Z,3295,3296,3269,3290,972.9496
2025-05-12T04:00:00.000Z,3290,3291,3226,3232,1990.49
2025-05-12T08:00:00.000Z,3233,3246,3223,3237,1964.8888
2025-05-12T12:00:00.000Z,3237,3263,3235,3257,1637.0157
2025-05-12T16:00:00.000Z,3257,3259,3234,3251,746.9778
2025-05-12T20:00:00.000Z,3251,3253,3239,3245,468.8588
2025-05-13T00:00:00.000Z,3246,3252,3228,3250,579.0704
2025-05-13T04:00:00.000Z,3249,3273,3246,3267,635.557
2025-05-13T08:00:00.000Z,3267,3274,3258,3261,586.8217
2025-05-13T12:00:00.000Z,3261,3266,3240,3265,668.4923
2025-05-13T16:00:00.000Z,3265,3268,3252,3258,585.8323
2025-05-13T20:00:00.000Z,3258,3265,3246,3261,576.8524
2025-05-14T00:00:00.000Z,3261,3262,3234,3236,558.8267
2025-05-14T04:00:00.000Z,3236,3247,3232,3246,513.0152
2025-05-14T08:00:00.000Z,3246,3250,3229,3230,621.8118
2025-05-14T12:00:00.000Z,3230,3233,3188,3194,2914.5858
2025-05-14T16:00:00.000Z,3195,3202,3183,3195,766.2082
2025-05-14T20:00:00.000Z,3194,3198,3184,3196,318.7141
2025-05-15T00:00:00.000Z,3197,3202,3166,3168,827.6193
2025-05-15T04:00:00.000Z,3167,3172,3142,3162,1443.3993
2025-05-15T08:00:00.000Z,3161,3201,3156,3195,1473.107
2025-05-15T12:00:00.000Z,3195,3233,3193,3232,1213.2064
2025-05-15T16:00:00.000Z,3232,3242,3221,3241,1111.3486
2025-05-15T20:00:00.000Z,3241,3261,3241,3246,748.639
2025-05-16T00:00:00.000Z,3247,3253,3219,3224,739.8974
2025-05-16T04:00:00.000Z,3224,3242.53,3215.92,3219.3,938.3637
2025-05-16T08:00:00.000Z,3219.29,3224.92,3169.34,3179.12,1992.7279
2025-05-16T12:00:00.000Z,3179.15,3204.7,3172.47,3203.48,989.1428
2025-05-16T16:00:00.000Z,3203.67,3216.35,3199,3213.53,584.4483
2025-05-16T20:00:00.000Z,3213.55,3223.84,3213.11,3221,322.9283
2025-05-17T00:00:00.000Z,3221.01,3224.97,3206.08,3224.01,747.9913
2025-05-17T04:00:00.000Z,3224.17,3225.69,3212.97,3215.03,391.4923
2025-05-17T08:00:00.000Z,3215.01,3220.58,3209.01,3217.05,355.404
2025-05-17T12:00:00.000Z,3217.06,3229.99,3213.75,3224.48,484.3242
2025-05-17T16:00:00.000Z,3224.48,3225.99,3216,3216.33,281.6042
2025-05-17T20:00:00.000Z,3216.17,3228,3216.17,3225.66,427.945
2025-05-18T00:00:00.000Z,3225.66,3231.01,3220.79,3230.88,535.5234
2025-05-18T04:00:00.000Z,3230.89,3237.62,3220.39,3225,426.2604
2025-05-18T08:00:00.000Z,3225,3225.29,3215.33,3219.08,256.4498
2025-05-18T12:00:00.000Z,3219.08,3227.48,3215.63,3222.87,448.2382
2025-05-18T16:00:00.000Z,3222.87,3230.15,3210.98,3212.2,658.5388
2025-05-18T20:00:00.000Z,3212,3257,3210,3245.99,809.3103
2025-05-19T00:00:00.000Z,3246,3263.62,3227,3228,924.7362
2025-05-19T04:00:00.000Z,3228.26,3249.99,3225,3247.09,1076.8639
2025-05-19T08:00:00.000Z,3247.08,3270.14,3246.16,3266.85,707.6768
2025-05-19T12:00:00.000Z,3266.86,3267.26,3240.8,3249.01,768.802
2025-05-19T16:00:00.000Z,3249,3251,3242.54,3249.53,571.8844
2025-05-19T20:00:00.000Z,3249.53,3249.71,3235.08,3235.96,215.3855
2025-05-20T00:00:00.000Z,3235.73,3244.54,3219,3226.31,1311.9681
2025-05-20T04:00:00.000Z,3226.62,3242.08,3225.05,3240.52,460.0097
2025-05-20T08:00:00.000Z,3240.52,3262.04,3235.34,3261.34,1109.4755
2025-05-20T12:00:00.000Z,3261.25,3299.99,3250.98,3291,1341.3397
2025-05-20T16:00:00.000Z,3290.82,3305.75,3289.14,3304.27,1222.2008
2025-05-20T20:00:00.000Z,3304.27,3313.86,3296,3303.02,891.8065
2025-05-21T00:00:00.000Z,3303.02,3324,3299,3318.1,622.8152
2025-05-21T04:00:00.000Z,3318.09,3327.55,3306.81,3317.69,673.8289
2025-05-21T08:00:00.000Z,3317.7,3327.26,3313.66,3318.79,375.7052
2025-05-21T12:00:00.000Z,3318.79,3321.99,3300,3318.75,1032.6699
2025-05-21T16:00:00.000Z,3319,3333.59,3277.35,3325.96,1286.7556
2025-05-21T20:00:00.000Z,3326.06,3327,3318.51,3322.47,395.692
2025-05-22T00:00:00.000Z,3322.48,3349.78,3321.95,3340.63,1028.8154
2025-05-22T04:00:00.000Z,3340.63,3345.4,3333.03,3337,524.1337
2025-05-22T08:00:00.000Z,3336.6,3339.62,3293.69,3321.32,1313.6693
2025-05-22T12:00:00.000Z,3321.32,3325,3292.69,3302.93,812.8064
2025-05-22T16:00:00.000Z,3302.93,3314,3300.39,3302.8,602.5158
2025-05-22T20:00:00.000Z,3303.26,3312.52,3300.88,3308.78,249.2578
2025-05-23T00:00:00.000Z,3309.27,3318.65,3300,3312.07,684.7067
2025-05-23T04:00:00.000Z,3312.22,3339.72,3311.99,3334.61,1027.5094
2025-05-23T08:00:00.000Z,3334.81,3353.22,3326.05,3349.23,739.1736
2025-05-23T12:00:00.000Z,3349.32,3366.99,3337.44,3359.56,1497.4817
2025-05-23T16:00:00.000Z,3359.97,3371,3356.4,3363.76,730.9396
2025-05-23T20:00:00.000Z,3363.76,3370,3353.34,3360.8,653.5284
2025-05-24T00:00:00.000Z,3360.97,3368.4,3354.98,3362.59,281.2925
2025-05-24T04:00:00.000Z,3362.6,3379.97,3361.04,3368.29,460.0728
2025-05-24T08:00:00.000Z,3368.3,3371.41,3359.32,3359.32,220.7902
2025-05-24T12:00:00.000Z,3359.48,3368.14,3359.45,3365.47,92.3554
2025-05-24T16:00:00.000Z,3365.45,3366.65,3360,3362.68,200.3388
2025-05-24T20:00:00.000Z,3362.67,3365.43,3358.31,3361.57,124.234
2025-05-25T00:00:00.000Z,3361.57,3368.24,3358.76,3366.54,240.4481
2025-05-25T04:00:00.000Z,3366.53,3368.26,3362.57,3365.25,177.1986
2025-05-25T08:00:00.000Z,3365.25,3374,3362.6,3368.37,490.1961
2025-05-25T12:00:00.000Z,3368.36,3377.54,3368.36,3372.8,456.9807
2025-05-25T16:00:00.000Z,3372.81,3380,3370.84,3377.21,292.9363
2025-05-25T20:00:00.000Z,3377.22,3377.27,3343.88,3347.64,490.4546
2025-05-26T00:00:00.000Z,3347.65,3359.24,3337.27,3350.77,322.8334
2025-05-26T04:00:00.000Z,3350.76,3360,3340.12,3344.33,459.3218
2025-05-26T08:00:00.000Z,3344.42,3348.78,3334.83,3339.53,377.4392
2025-05-26T12:00:00.000Z,3339.53,3352.32,3334.21,3343.64,797.8458
2025-05-26T16:00:00.000Z,3343.68,3371.5,3343.5,3355.16,592.3618
2025-05-26T20:00:00.000Z,3355.12,3360.5,3351.89,3357.58,250.0452
2025-05-27T00:00:00.000Z,3357.58,3361.21,3344.34,3354.34,195.2276
2025-05-27T04:00:00.000Z,3354.35,3354.56,3310,3313.69,558.7619
2025-05-27T08:00:00.000Z,3313.7,3325.22,3302,3303.21,753.2832
2025-05-27T12:00:00.000Z,3303.21,3315.82,3302,3308.35,939.1876
2025-05-27T16:00:00.000Z,3308.36,3328,3306.13,3318.62,835.9168
2025-05-27T20:00:00.000Z,3318.27,3323.69,3310.67,3321.28,134.4129
2025-05-28T00:00:00.000Z,3321.79,3328,3305.74,3311,356.6381
2025-05-28T04:00:00.000Z,3310.99,3337.88,3305.08,3329.93,689.6887
2025-05-28T08:00:00.000Z,3330,3336.11,3321,3323.58,383.9877
2025-05-28T12:00:00.000Z,3323.66,3328.78,3306.35,3310.28,703.9522
2025-05-28T16:00:00.000Z,3310.13,3317.93,3304.59,3311.15,429.6003
2025-05-28T20:00:00.000Z,3311.69,3312.34,3268.41,3276.02,838.202
2025-05-29T00:00:00.000Z,3275.74,3293.17,3262.56,3288.7,575.59
2025-05-29T04:00:00.000Z,3288.8,3300.65,3281.21,3299.99,308.9284
2025-05-29T08:00:00.000Z,3299.64,3318.24,3291.11,3313.64,468.6523
2025-05-29T12:00:00.000Z,3313.63,3331.92,3312.25,3330.89,632.7686
2025-05-29T16:00:00.000Z,3330.9,3339.78,3323.03,3324.81,316.8807
2025-05-29T20:00:00.000Z,3324.82,3335,3324,3326.45,251.131
2025-05-30T00:00:00.000Z,3326.45,3333.37,3302.94,3306.17,433.898
2025-05-30T04:00:00.000Z,3305.85,3318.37,3302.18,3306.8,546.5879
2025-05-30T08:00:00.000Z,3306.45,3313.48,3302.06,3306.4,406.5756
2025-05-30T12:00:00.000Z,3306.42,3324.39,3288.2,3303.18,659.5689
2025-05-30T16:00:00.000Z,3302.81,3306.63,3297.74,3304.65,735.0164
2025-05-30T20:00:00.000Z,3304.66,3308.46,3297.05,3302.25,281.0112
2025-05-31T00:00:00.000Z,3302.28,3309.76,3295.36,3306.72,365.1874
2025-05-31T04:00:00.000Z,3306.72,3309.18,3302.41,3302.91,109.7093
2025-05-31T08:00:00.000Z,3302.91,3306.56,3298.01,3300.81,346.8735
2025-05-31T12:00:00.000Z,3300.82,3304.4,3298.3,3301.67,160.7695
2025-05-31T16:00:00.000Z,3301.67,3302.94,3296.5,3302.39,110.6228
2025-05-31T20:00:00.000Z,3302.39,3304,3296.52,3296.52,109.3291
2025-06-01T00:00:00.000Z,3296.52,3303.03,3293,3302.97,233.6118
2025-06-01T04:00:00.000Z,3302.98,3304.8,3300.5,3304.55,93.195
2025-06-01T08:00:00.000Z,3304.43,3307.81,3301.3,3307.5,145.2286
2025-06-01T12:00:00.000Z,3307.49,3309.4,3303.77,3308.84,142.9029
2025-06-01T16:00:00.000Z,3308.84,3314.03,3301.7,3306.54,432.5141
2025-06-01T20:00:00.000Z,3306.54,3325.14,3306.47,3319.57,278.6414
2025-06-02T00:00:00.000Z,3319.71,3323.93,3312,3319.82,250.3968
2025-06-02T04:00:00.000Z,3319.82,3370.75,3319.82,3363.05,912.7076
2025-06-02T08:00:00.000Z,3362.61,3372.11,3354.81,3368.01,686.7632
2025-06-02T12:00:00.000Z,3368.36,3391.01,3361.52,3385.74,1499.1155
2025-06-02T16:00:00.000Z,3385.75,3393.52,3381.65,3392.64,462.5565
2025-06-02T20:00:00.000Z,3392.65,3403.9,3389,3396.98,648.5727
2025-06-03T00:00:00.000Z,3396.99,3397.57,3370.46,3370.49,659.1646
2025-06-03T04:00:00.000Z,3370.45,3377.27,3363.67,3368.49,247.833
2025-06-03T08:00:00.000Z,3368.9,3374.4,3366.06,3369.03,275.5381
2025-06-03T12:00:00.000Z,3369.02,3374.24,3346.85,3361.98,924.722
2025-06-03T16:00:00.000Z,3361.98,3365.4,3353.76,3361.77,805.5156
2025-06-03T20:00:00.000Z,3361.8,3371.52,3361.76,3369.43,225.8836
2025-06-04T00:00:00.000Z,3369.43,3383.96,3358.51,3372.16,399.8264
2025-06-04T04:00:00.000Z,3372.16,3376,3361,3367.54,254.8379
2025-06-04T08:00:00.000Z,3367.37,3376.99,3358.97,3359.55,515.4178
2025-06-04T12:00:00.000Z,3359.55,3394.95,3358.55,3382.65,725.5451
2025-06-04T16:00:00.000Z,3382.73,3393.2,3382.73,3385.35,220.7153
2025-06-04T20:00:00.000Z,3385.34,3391.2,3382.47,3391.2,209.468
2025-06-05T00:00:00.000Z,3391.22,3396.4,3382.6,3383.7,198.817
2025-06-05T04:00:00.000Z,3383.71,3388.5,3375.61,3385.27,217.2337
2025-06-05T08:00:00.000Z,3385.32,3418.53,3383.81,3406.59,727.7995
2025-06-05T12:00:00.000Z,3406.59,3415.81,3361,3365,1526.4864
2025-06-05T16:00:00.000Z,3364.99,3378.21,3361,3376.8,709.5632
2025-06-05T20:00:00.000Z,3376.8,3382.31,3366.6,3381.55,1125.1144
2025-06-06T00:00:00.000Z,3381.55,3418,3376.88,3387.13,941.3615
2025-06-06T04:00:00.000Z,3387.12,3399.94,3370.4,3376.42,615.8073
2025-06-06T08:00:00.000Z,3376.91,3383.21,3370.82,3377,291.8726
2025-06-06T12:00:00.000Z,3376.94,3379.7,3336.06,3352.56,1271.272
2025-06-06T16:00:00.000Z,3352.47,3353.54,3334.32,3334.33,475.7457
2025-06-06T20:00:00.000Z,3334.58,3337.92,3328,3333.88,316.043
2025-06-07T00:00:00.000Z,3333.89,3336.03,3332.2,3333.2,159.0646
2025-06-07T04:00:00.000Z,3333.2,3335.5,3329.18,3334.32,194.6222
2025-06-07T08:00:00.000Z,3334.32,3338.47,3333.4,3335,133.3925
2025-06-07T12:00:00.000Z,3335,3337.01,3332.42,3334.41,155.1115
2025-06-07T16:00:00.000Z,3334.41,3337.28,3331.81,3332.63,124.7935
2025-06-07T20:00:00.000Z,3332.62,3335.9,3330.39,3332.4,105.4525
2025-06-08T00:00:00.000Z,3332.4,3335.81,3330.23,3335.6,192.3529
2025-06-08T04:00:00.000Z,3335.6,3342.5,3333.87,3339.04,215.0595
2025-06-08T08:00:00.000Z,3339.04,3342.2,3331.32,3334.33,399.2248
2025-06-08T12:00:00.000Z,3334.31,3352.2,3334.3,3338.66,560.5837
2025-06-08T16:00:00.000Z,3338.71,3342,3335.3,3336.53,148.4576
2025-06-08T20:00:00.000Z,3336.53,3342.58,3334.48,3340.75,253.1968
2025-06-09T00:00:00.000Z,3340.76,3340.76,3316.87,3331.7,616.7142
2025-06-09T04:00:00.000Z,3331.61,3347.58,3329.16,3347.5,252.6035
2025-06-09T08:00:00.000Z,3347.5,3349,3334.37,3338.75,262.1828
2025-06-09T12:00:00.000Z,3338.75,3350.31,3333.47,3347.96,581.6897
2025-06-09T16:00:00.000Z,3347.95,3356.99,3339.99,3343.88,501.7874
2025-06-09T20:00:00.000Z,3344.16,3347.49,3337.01,3346.45,710.3547
2025-06-10T00:00:00.000Z,3346.45,3346.45,3324.39,3328.76,637.9911
2025-06-10T04:00:00.000Z,3328.76,3347.79,3320.82,3345.58,479.7746
2025-06-10T08:00:00.000Z,3345.58,3355,3341.1,3346.6,490.4958
2025-06-10T12:00:00.000Z,3346.98,3362.01,3338,3341.59,716.1186
2025-06-10T16:00:00.000Z,3341.58,3346.19,3328,3341.81,711.6721
2025-06-10T20:00:00.000Z,3341.81,3341.81,3331.65,3340.18,273.7778
2025-06-11T00:00:00.000Z,3340.33,3355.45,3338.24,3352.56,353.7091
2025-06-11T04:00:00.000Z,3352.56,3360.3,3346.99,3358.64,368.8932
2025-06-11T08:00:00.000Z,3358.63,3360.21,3345,3346.69,674.9227
2025-06-11T12:00:00.000Z,3346.7,3371.52,3343.33,3347.13,791.0192
2025-06-11T16:00:00.000Z,3347.13,3363.35,3337.6,3360.52,510.3574
2025-06-11T20:00:00.000Z,3360.52,3387.23,3360.52,3379.4,914.2258
2025-06-12T00:00:00.000Z,3379.4,3409.3,3377.33,3387.15,779.9485
2025-06-12T04:00:00.000Z,3387.16,3428.61,3357.52,3364.02,881.5693
2025-06-12T08:00:00.000Z,3364.4,3404.64,3364.37,3397.02,712.0591
2025-06-12T12:00:00.000Z,3396.62,3412.55,3393.52,3402.01,953.2857
2025-06-12T16:00:00.000Z,3401.75,3405.68,3391.1,3399.8,1971.707
2025-06-12T20:00:00.000Z,3399.8,3408.88,3393.55,3408.42,727.7147
2025-06-13T00:00:00.000Z,3408.42,3600,3405.42,3450.8,5804.9806
2025-06-13T04:00:00.000Z,3450.99,3467.83,3430,3442.69,2697.0716
2025-06-13T08:00:00.000Z,3442.69,3454.71,3440.16,3449.69,1154.2585
2025-06-13T12:00:00.000Z,3449.69,3475.96,3443.62,3447.28,1614.1689
2025-06-13T16:00:00.000Z,3447.29,3462.77,3441,3456.4,1545.8628
2025-06-13T20:00:00.000Z,3456.22,3480,3452.7,3461.98,930.9975
2025-06-14T00:00:00.000Z,3461.98,3467.66,3454.71,3456.42,714.4097
2025-06-14T04:00:00.000Z,3456.43,3461.76,3452.02,3452.71,344.7163
2025-06-14T08:00:00.000Z,3452.72,3462.63,3452.72,3459.7,232.3824
2025-06-14T12:00:00.000Z,3459.71,3468.11,3454.2,3465.45,525.7627
2025-06-14T16:00:00.000Z,3465.46,3494.4,3463.33,3482.43,1107.3785
2025-06-14T20:00:00.000Z,3482.95,3497,3476,3487.6,792.2681
2025-06-15T00:00:00.000Z,3487.6,3496.01,3475.62,3485,352.5948
2025-06-15T04:00:00.000Z,3484.82,3489.78,3473.42,3482.47,346.6093
2025-06-15T08:00:00.000Z,3483.07,3495.41,3472,3493.33,590.3223
2025-06-15T12:00:00.000Z,3493.33,3495.65,3474,3478.92,705.5835
2025-06-15T16:00:00.000Z,3479.2,3488.86,3467.26,3486.75,944.0961
2025-06-15T20:00:00.000Z,3486.75,3491.99,3465,3476.97,850.6645
2025-06-16T00:00:00.000Z,3476.94,3485.12,3458.03,3460.07,1054.0956
2025-06-16T04:00:00.000Z,3459.68,3460.53,3433,3435.32,1211.7261
2025-06-16T08:00:00.000Z,3435.32,3449.41,3430,3440.75,914.4614
2025-06-16T12:00:00.000Z,3440.75,3443.75,3413.97,3426.44,1430.4092
2025-06-16T16:00:00.000Z,3426.43,3426.99,3405,3408.08,1508.1878
2025-06-16T20:00:00.000Z,3408.03,3432.41,3401,3432.41,1442.8587
2025-06-17T00:00:00.000Z,3432.4,3436.04,3405.03,3411.94,1302.0611
2025-06-17T04:00:00.000Z,3411.94,3423.31,3406.82,3413.25,1291.3252
2025-06-17T08:00:00.000Z,3412.6,3430.55,3403.6,3418.8,1054.4482
2025-06-17T12:00:00.000Z,3418.8,3424.65,3392.2,3402.95,1786.2128
2025-06-17T16:00:00.000Z,3402.95,3416.19,3399.13,3409.38,1461.9533
2025-06-17T20:00:00.000Z,3409.37,3422.21,3407,3413.75,788.8591
2025-06-18T00:00:00.000Z,3413.76,3415.61,3397.39,3411.43,1128.4567
2025-06-18T04:00:00.000Z,3411.44,3418.79,3402.14,3408.85,1023.374
2025-06-18T08:00:00.000Z,3408.85,3411.4,3399.31,3403.59,1009.7493
2025-06-18T12:00:00.000Z,3403.99,3418,3397,3412.88,1505.262
2025-06-18T16:00:00.000Z,3412.75,3414.38,3386.57,3389.21,920.1799
2025-06-18T20:00:00.000Z,3389.21,3397.38,3384.36,3395.4,542.6138
2025-06-19T00:00:00.000Z,3395.4,3405.12,3388,3393.36,552.639
2025-06-19T04:00:00.000Z,3393.36,3393.96,3370,3386.06,1117.4125
2025-06-19T08:00:00.000Z,3386.1,3396.51,3379.31,3392.19,543.7892
2025-06-19T12:00:00.000Z,3392.15,3392.99,3382.1,3390.2,540.4352
2025-06-19T16:00:00.000Z,3390.21,3397.59,3387.75,3394.8,392.6127
2025-06-19T20:00:00.000Z,3394.81,3396.75,3385.34,3389.8,251.563
2025-06-20T00:00:00.000Z,3389.8,3392.6,3369.2,3377.85,781.2578
2025-06-20T04:00:00.000Z,3377.86,3378.91,3363.5,3370.2,1085.8475
2025-06-20T08:00:00.000Z,3370.21,3378.57,3369,3369,1189.8642
2025-06-20T12:00:00.000Z,3369.01,3390.35,3362.75,3386.51,1688.3267
2025-06-20T16:00:00.000Z,3386.41,3389.73,3382.2,3385.36,542.6548
2025-06-20T20:00:00.000Z,3385.36,3395.89,3385.07,3394.69,430.8576
2025-06-21T00:00:00.000Z,3394.69,3394.69,3387,3390.19,257.607
2025-06-21T04:00:00.000Z,3390.18,3395.8,3389.6,3392.99,375.1624
2025-06-21T08:00:00.000Z,3392.96,3395.35,3390,3392.77,342.2763
2025-06-21T12:00:00.000Z,3392.79,3398.75,3391.66,3393.21,617.8098
2025-06-21T16:00:00.000Z,3393.2,3404.73,3389.03,3404.72,1289.5282
2025-06-21T20:00:00.000Z,3404.72,3410.66,3385.13,3395.84,1217.5247
2025-06-22T00:00:00.000Z,3395.83,3426.01,3395.33,3421.39,1502.6747
2025-06-22T04:00:00.000Z,3421.4,3429,3410.22,3421.86,667.3193
2025-06-22T08:00:00.000Z,3421.86,3427,3414.22,3425.61,870.8809
2025-06-22T12:00:00.000Z,3425.61,3460.42,3416.34,3454.4,3096.4387
2025-06-22T16:00:00.000Z,3454.42,3459.46,3434.76,3448.17,2072.3406
2025-06-22T20:00:00.000Z,3448.18,3483.2,3401.95,3402,3091.1573
2025-06-23T00:00:00.000Z,3401.99,3409.99,3385.82,3386.6,1633.1192
2025-06-23T04:00:00.000Z,3386.6,3394.02,3370.6,3377,1525.5621
2025-06-23T08:00:00.000Z,3376.81,3400.6,3376.81,3399.51,1295.3214
2025-06-23T12:00:00.000Z,3399.41,3410.4,3378,3405.78,887.2533
2025-06-23T16:00:00.000Z,3405.66,3416.32,3390.83,3391.28,2290.179
2025-06-23T20:00:00.000Z,3391.28,3431.6,3367.39,3368.74,10176.6512
2025-06-24T00:00:00.000Z,3368.74,3386.02,3356.33,3381.65,6830.6599
2025-06-24T04:00:00.000Z,3381.66,3383.59,3340,3350.13,3434.6712
2025-06-24T08:00:00.000Z,3350.13,3356,3342,3344.54,3072.8452
2025-06-24T12:00:00.000Z,3344.54,3344.55,3322,3332.73,2107.105
2025-06-24T16:00:00.000Z,3332.55,3346.4,3329.49,3343.4,1297.6911
2025-06-24T20:00:00.000Z,3343.4,3378,3338.47,3344.64,580.0078
2025-06-25T00:00:00.000Z,3344.6,3353.97,3344.34,3345.17,749.773
2025-06-25T04:00:00.000Z,3345.18,3351.05,3341.42,3343.75,1360.9693
2025-06-25T08:00:00.000Z,3343.75,3349.15,3334.83,3334.95,1356.4183
2025-06-25T12:00:00.000Z,3334.95,3340.91,3323.87,3339,1287.9208
2025-06-25T16:00:00.000Z,3339.01,3346.96,3337.55,3345.35,595.7214
2025-06-25T20:00:00.000Z,3345.36,3353,3343.72,3352.99,256.0997
2025-06-26T00:00:00.000Z,3352.99,3354.35,3343.41,3348.41,815.8843
2025-06-26T04:00:00.000Z,3348.33,3356.97,3343.27,3354.77,692.7824
2025-06-26T08:00:00.000Z,3354.77,3359,3343.6,3343.6,900.5864
2025-06-26T12:00:00.000Z,3343.61,3353.28,3327.7,3338.18,1659.2468
2025-06-26T16:00:00.000Z,3338.18,3350.6,3337.33,3345.49,431.1046
2025-06-26T20:00:00.000Z,3345.65,3346.62,3332.02,3332.97,327.8477
2025-06-27T00:00:00.000Z,3333,3335.87,3309.2,3309.8,1134.3492
2025-06-27T04:00:00.000Z,3309.61,3313.98,3300,3300,1470.0575
2025-06-27T08:00:00.000Z,3300.01,3303.53,3291.01,3294.39,1380.1635
2025-06-27T12:00:00.000Z,3294.39,3294.88,3274.97,3290.8,1870.3207
2025-06-27T16:00:00.000Z,3290.84,3297.2,3285.8,3288.89,1014.8478
2025-06-27T20:00:00.000Z,3288.9,3296.59,3288.18,3296.15,509.797
2025-06-28T00:00:00.000Z,3296.2,3298.35,3293.26,3293.27,238.1775
2025-06-28T04:00:00.000Z,3293.27,3297.76,3286.84,3287.86,232.4113
2025-06-28T08:00:00.000Z,3287.86,3292.31,3286.86,3286.92,144.0129
2025-06-28T12:00:00.000Z,3286.92,3296,3286.92,3291.52,332.2557
2025-06-28T16:00:00.000Z,3291.53,3295.29,3289.41,3291.75,199.2661
2025-06-28T20:00:00.000Z,3291.75,3295.9,3289.04,3289.58,155.6885
2025-06-29T00:00:00.000Z,3289.58,3293.41,3289.21,3292.67,115.1361
2025-06-29T04:00:00.000Z,3292.68,3295.06,3292.67,3293.6,95.8487
2025-06-29T08:00:00.000Z,3293.6,3294.71,3290.07,3290.09,251.2783
2025-06-29T12:00:00.000Z,3290.09,3290.22,3281.95,3282.17,255.4137
2025-06-29T16:00:00.000Z,3282.18,3285.39,3282.06,3282.66,140.2098
2025-06-29T20:00:00.000Z,3282.66,3289.57,3265.62,3277.01,854.3416
2025-06-30T00:00:00.000Z,3277,3293.99,3273.34,3289.5,800.7858
2025-06-30T04:00:00.000Z,3289.55,3307.77,3286.79,3302.91,1036.3144
2025-06-30T08:00:00.000Z,3302.9,3306.57,3284.8,3286.93,861.5164
2025-06-30T12:00:00.000Z,3286.93,3299.64,3286.93,3298.42,811.4191
2025-06-30T16:00:00.000Z,3298.44,3316.46,3297.6,3315.85,539.5463
2025-06-30T20:00:00.000Z,3315.95,3321.77,3310,3319.99,511.6663
2025-07-01T00:00:00.000Z,3319.99,3330,3319,3328.21,632.5694
2025-07-01T04:00:00.000Z,3328.21,3345.39,3327.2,3345.39,621.1881
2025-07-01T08:00:00.000Z,3345.39,3360,3342.7,3355.59,1362.4513
2025-07-01T12:00:00.000Z,3355.59,3363,3342.8,3344.58,1134.8853
2025-07-01T16:00:00.000Z,3344.59,3348.96,3340.56,3346.44,555.6975
2025-07-01T20:00:00.000Z,3346.44,3350,3340,3346.83,292.2103
2025-07-02T00:00:00.000Z,3346.83,3351.35,3337,3346.6,306.5269
2025-07-02T04:00:00.000Z,3346.18,3349.28,3335.03,3339.81,470.8106
2025-07-02T08:00:00.000Z,3339.81,3352.04,3335,3348.39,500.2445
2025-07-02T12:00:00.000Z,3348.4,3356.78,3340,3345.87,712.7169
2025-07-02T16:00:00.000Z,3345.87,3359.8,3340,3358.8,1355.0277
2025-07-02T20:00:00.000Z,3358.99,3364.5,3351.66,3351.67,420.4705
2025-07-03T00:00:00.000Z,3351.66,3354.2,3345,3350.38,196.9098
2025-07-03T04:00:00.000Z,3350.39,3362.6,3350.37,3354.19,480.4504
2025-07-03T08:00:00.000Z,3354.19,3359.91,3345.43,3349.32,472.7541
2025-07-03T12:00:00.000Z,3349,3353.59,3320,3331.5,1503.1669
2025-07-03T16:00:00.000Z,3331.54,3338.49,3329.59,3332.19,175.7973
2025-07-03T20:00:00.000Z,3332.18,3335.52,3329.12,3335.52,158.9957
2025-07-04T00:00:00.000Z,3335.51,3341.2,3330.84,3340.6,202.7063
2025-07-04T04:00:00.000Z,3341.23,3346.75,3338.45,3344.14,335.3344
2025-07-04T08:00:00.000Z,3344.14,3347.53,3336.41,3340.1,259.6641
2025-07-04T12:00:00.000Z,3340.09,3342.23,3335.96,3337.3,426.4596
2025-07-04T16:00:00.000Z,3337.3,3346.15,3336,3344.25,348.7182
2025-07-04T20:00:00.000Z,3344.26,3344.58,3342.6,3342.65,134.8237
2025-07-05T00:00:00.000Z,3342.65,3344.8,3342.64,3343,105.2817
2025-07-05T04:00:00.000Z,3343.01,3344.56,3341.27,3341.66,288.0783
2025-07-05T08:00:00.000Z,3341.67,3343.59,3341.62,3343.22,86.0609
2025-07-05T12:00:00.000Z,3343.22,3347.63,3342.26,3347.4,227.1954
2025-07-05T16:00:00.000Z,3347.4,3350,3343.85,3343.99,259.9664
2025-07-05T20:00:00.000Z,3343.99,3347.59,3343,3343.44,101.7397
2025-07-06T00:00:00.000Z,3343.46,3343.47,3340,3342.34,101.999
2025-07-06T04:00:00.000Z,3342.34,3346.03,3342.34,3345.94,59.3543
2025-07-06T08:00:00.000Z,3345.94,3348.65,3344.4,3346.6,80.6773
2025-07-06T12:00:00.000Z,3346.59,3346.6,3318.31,3340.6,624.2099
2025-07-06T16:00:00.000Z,3340.65,3347.6,3339.06,3346,119.8153
2025-07-06T20:00:00.000Z,3346,3348.39,3333.23,3334.76,217.8258
2025-07-07T00:00:00.000Z,3334.77,3335,3312.11,3318.8,667.5367
2025-07-07T04:00:00.000Z,3318.8,3324.2,3311.11,3311.41,490.2161
2025-07-07T08:00:00.000Z,3311.41,3322.28,3306.2,3311.81,673.0355
2025-07-07T12:00:00.000Z,3311.81,3327.93,3311.4,3327.51,550.3292
2025-07-07T16:00:00.000Z,3327.5,3342.57,3326.81,3338.8,613.3188
2025-07-07T20:00:00.000Z,3338.8,3347.37,3335.78,3335.91,307.7027
2025-07-08T00:00:00.000Z,3335.9,3342.6,3334,3336.51,268.6276
2025-07-08T04:00:00.000Z,3336.51,3343.77,3332.23,3339.61,212.5788
2025-07-08T08:00:00.000Z,3339.6,3339.6,3326.21,3328.88,372.508
2025-07-08T12:00:00.000Z,3328.96,3333.56,3297.8,3308,1415.9499
2025-07-08T16:00:00.000Z,3308,3315.75,3304.44,3308.85,527.3268
2025-07-08T20:00:00.000Z,3308.85,3312.8,3304.5,3309.2,279.2089
2025-07-09T00:00:00.000Z,3309.74,3314.64,3295.8,3303.48,348.9648
2025-07-09T04:00:00.000Z,3303.48,3306.89,3296.8,3299.29,472.057
2025-07-09T08:00:00.000Z,3299.33,3303.78,3292.58,3294.35,471.2789
2025-07-09T12:00:00.000Z,3294.36,3318,3294.36,3315.36,780.8233
2025-07-09T16:00:00.000Z,3315.36,3323.84,3314.05,3320.02,733.0322
2025-07-09T20:00:00.000Z,3320.02,3323,3300.75,3318.48,1049.0371
2025-07-10T00:00:00.000Z,3318.48,3326.8,3317.57,3317.57,343.6452
2025-07-10T04:00:00.000Z,3317.3,3329.35,3316.93,3322.17,372.0295
2025-07-10T08:00:00.000Z,3322.17,3329.6,3320.59,3322.02,373.018
2025-07-10T12:00:00.000Z,3322.03,3329.57,3312.21,3320.42,416.5756
2025-07-10T16:00:00.000Z,3320.41,3329.81,3313.42,3324.72,1170.6213
2025-07-10T20:00:00.000Z,3324.72,3327.44,3315.93,3322.24,936.3565
2025-07-11T00:00:00.000Z,3322.25,3335.35,3320.11,3333.89,1109.5418
2025-07-11T04:00:00.000Z,3333.89,3339.15,3327.52,3336.6,1189.9222
2025-07-11T08:00:00.000Z,3336.68,3345.96,3328.26,3343.8,558.5145
2025-07-11T12:00:00.000Z,3343.81,3362.3,3342.41,3355.65,1141.5732
2025-07-11T16:00:00.000Z,3355.66,3355.76,3343.1,3350.02,691.0327
2025-07-11T20:00:00.000Z,3350.01,3350.01,3341.29,3348.49,313.8091
2025-07-12T00:00:00.000Z,3348.49,3352.6,3341,3348.57,191.0441
2025-07-12T04:00:00.000Z,3348.46,3349.62,3341.76,3344.2,264.2354
2025-07-12T08:00:00.000Z,3344.19,3349.89,3342,3348.99,174.7587
2025-07-12T12:00:00.000Z,3348.93,3349.66,3340.93,3346.5,354.0126
2025-07-12T16:00:00.000Z,3346.51,3350.8,3344.2,3349.53,231.4462
2025-07-12T20:00:00.000Z,3349.53,3351.97,3345.89,3351.45,191.9981
2025-07-13T00:00:00.000Z,3351.51,3353.65,3343.74,3349.97,252.4422
2025-07-13T04:00:00.000Z,3349.97,3351.65,3347.66,3350.81,158.5864
2025-07-13T08:00:00.000Z,3350.81,3352.32,3347.52,3349.56,238.7551
2025-07-13T12:00:00.000Z,3349.57,3351.99,3344,3348.03,427.4795
2025-07-13T16:00:00.000Z,3348.04,3350,3343.45,3344.59,279.59
2025-07-13T20:00:00.000Z,3344.6,3360.13,3343.37,3354.18,671.4317
2025-07-14T00:00:00.000Z,3354.17,3358.8,3343.37,3347.79,485.5853
2025-07-14T04:00:00.000Z,3347.59,3365.14,3344.3,3364.73,924.6373
2025-07-14T08:00:00.000Z,3364.73,3370.4,3358.2,3360.37,811.3895
2025-07-14T12:00:00.000Z,3360.36,3370.75,3350.23,3351.82,6737.2781
2025-07-14T16:00:00.000Z,3351.82,3355.9,3348.82,3348.82,306.116
2025-07-14T20:00:00.000Z,3348.82,3350.39,3345.29,3349.21,249.6282
2025-07-15T00:00:00.000Z,3349.22,3360.01,3349.21,3360,505.3701
2025-07-15T04:00:00.000Z,3360.01,3369,3359.99,3367.8,754.3523
2025-07-15T08:00:00.000Z,3367.81,3368.8,3358,3358.24,738.5155
2025-07-15T12:00:00.000Z,3358.24,3363.2,3335.3,3338.16,2553.6756
2025-07-15T16:00:00.000Z,3338.01,3341.59,3329.9,3339,1029.5351
2025-07-15T20:00:00.000Z,3339.01,3339.37,3334.2,3338.51,389.9067
2025-07-16T00:00:00.000Z,3338.52,3340.72,3333.41,3340.4,522.9847
2025-07-16T04:00:00.000Z,3340.4,3349.77,3338.6,3342.59,429.3504
2025-07-16T08:00:00.000Z,3342.59,3350,3341.4,3346.81,469.8264
2025-07-16T12:00:00.000Z,3346.81,3375,3328,3346.82,2033.4834
2025-07-16T16:00:00.000Z,3346.72,3361.07,3343.44,3352.01,651.091
2025-07-16T20:00:00.000Z,3352,3356.65,3350,3351.41,349.6927
2025-07-17T00:00:00.000Z,3351.6,3352.34,3343.96,3349.22,631.8211
2025-07-17T04:00:00.000Z,3349.23,3352.29,3334.76,3334.98,455.6475
2025-07-17T08:00:00.000Z,3334.99,3339.88,3332.52,3334.16,658.8357
2025-07-17T12:00:00.000Z,3334.16,3343.78,3321.41,3342.8,1350.7075
2025-07-17T16:00:00.000Z,3342.79,3346.2,3341.11,3344.67,672.5999
2025-07-17T20:00:00.000Z,3344.68,3348.07,3335.94,3340.67,956.1767
2025-07-18T00:00:00.000Z,3340.68,3342.99,3334.08,3334.85,469.2633
2025-07-18T04:00:00.000Z,3334.85,3349.07,3332.47,3348.6,1176.9908
2025-07-18T08:00:00.000Z,3348.61,3359.23,3344.19,3356.6,948.185
2025-07-18T12:00:00.000Z,3356.6,3366.8,3356.45,3357.22,1160.1213
2025-07-18T16:00:00.000Z,3357.22,3362.6,3352.31,3352.43,273.9259
2025-07-18T20:00:00.000Z,3352.44,3356.41,3347.35,3347.84,226.018
2025-07-19T00:00:00.000Z,3347.84,3352.88,3345.63,3352.19,113.7338
2025-07-19T04:00:00.000Z,3352.19,3360.31,3352.18,3360,401.9139
2025-07-19T08:00:00.000Z,3360,3360.9,3360,3360,230.5801
2025-07-19T12:00:00.000Z,3360,3360.01,3355.17,3356.81,231.722
2025-07-19T16:00:00.000Z,3356.81,3361.5,3356.63,3359.61,173.8243
2025-07-19T20:00:00.000Z,3359.6,3359.6,3357.07,3357.3,213.4368
2025-07-20T00:00:00.000Z,3357.31,3361,3357.31,3360.09,315.0166
2025-07-20T04:00:00.000Z,3360.08,3360.16,3358.4,3359.4,102.8555
2025-07-20T08:00:00.000Z,3359.39,3359.4,3351.72,3354.68,411.1889
2025-07-20T12:00:00.000Z,3354.68,3358.23,3353.02,3353.13,259.2203
2025-07-20T16:00:00.000Z,3353.13,3358.38,3351.15,3351.58,245.5016
2025-07-20T20:00:00.000Z,3351.58,3354.17,3351.2,3351.63,179.932
2025-07-21T00:00:00.000Z,3351.63,3361,3351.62,3357.63,433.1502
2025-07-21T04:00:00.000Z,3357.62,3372.22,3356.17,3367,600.7116
2025-07-21T08:00:00.000Z,3366.62,3377.01,3360.55,3375.5,855.8548
2025-07-21T12:00:00.000Z,3375.5,3399.37,3374.85,3397.19,1458.3419
2025-07-21T16:00:00.000Z,3397.2,3399.23,3389.66,3399.23,834.6571
2025-07-21T20:00:00.000Z,3399.23,3400.86,3390.59,3395.4,462.9391
2025-07-22T00:00:00.000Z,3395.4,3396.2,3387.21,3390.82,470.5073
2025-07-22T04:00:00.000Z,3390.82,3391.65,3385.2,3389.93,498.7168
2025-07-22T08:00:00.000Z,3389.61,3392.02,3388.33,3391.33,485.3158
2025-07-22T12:00:00.000Z,3391.34,3427.88,3391.34,3423.23,1033.8042
2025-07-22T16:00:00.000Z,3423.1,3429.99,3423.09,3428.01,599.7453
2025-07-22T20:00:00.000Z,3428.01,3430.56,3424.36,3424.79,277.9618
2025-07-23T00:00:00.000Z,3424.79,3434.52,3416.3,3421.92,399.4246
2025-07-23T04:00:00.000Z,3421.93,3429.67,3417.78,3421.6,376.5958
2025-07-23T08:00:00.000Z,3421.61,3432.44,3421.61,3428.98,506.7641
2025-07-23T12:00:00.000Z,3428.98,3429.85,3400,3400.21,1189.029
2025-07-23T16:00:00.000Z,3400.2,3400.2,3386.11,3393.54,651.0427
2025-07-23T20:00:00.000Z,3393.55,3395.47,3388.14,3393.79,224.4512
2025-07-24T00:00:00.000Z,3393.79,3396.34,3380,3386.81,501.9093
2025-07-24T04:00:00.000Z,3386.8,3387.35,3372.01,3373.22,434.9537
2025-07-24T08:00:00.000Z,3373.23,3379.28,3367.35,3367.79,629.0149
2025-07-24T12:00:00.000Z,3367.79,3379.86,3359.33,3376.61,941.3233
2025-07-24T16:00:00.000Z,3376.61,3377.7,3372.03,3374.76,190.3789
2025-07-24T20:00:00.000Z,3374.76,3378.47,3368.79,3375.74,297.7503
2025-07-25T00:00:00.000Z,3375.62,3378.93,3364.36,3365,370.2735
2025-07-25T04:00:00.000Z,3365,3369.81,3358.33,3360.59,616.9258
2025-07-25T08:00:00.000Z,3360.01,3362.15,3351.15,3351.26,749.3442
2025-07-25T12:00:00.000Z,3351.25,3357.25,3336.03,3339.52,1051.98
2025-07-25T16:00:00.000Z,3339.53,3350,3337.67,3347.47,380.7757
2025-07-25T20:00:00.000Z,3347.48,3358.44,3345.6,3348.69,381.6505
2025-07-26T00:00:00.000Z,3348.69,3357.57,3346.35,3354.6,376.1761
2025-07-26T04:00:00.000Z,3354.59,3356.81,3351.05,3356.11,217.4958
2025-07-26T08:00:00.000Z,3356.1,3357.96,3351.03,3355.62,209.9781
2025-07-26T12:00:00.000Z,3355.63,3356.3,3349.67,3354.34,180.7667
2025-07-26T16:00:00.000Z,3354.34,3355.61,3351.42,3355.6,160.1217
2025-07-26T20:00:00.000Z,3355.6,3358,3353.94,3354.45,83.0714
2025-07-27T00:00:00.000Z,3354.45,3356.42,3353.17,3354.71,154.8769
2025-07-27T04:00:00.000Z,3354.71,3355.99,3354.2,3355.61,123.0089
2025-07-27T08:00:00.000Z,3355.61,3359.25,3350.41,3359.25,238.3902
2025-07-27T12:00:00.000Z,3359.24,3359.45,3350,3350.52,291.0132
2025-07-27T16:00:00.000Z,3350.53,3356.47,3348.78,3348.91,297.5771
2025-07-27T20:00:00.000Z,3348.91,3353,3340,3345.45,702.5463
2025-07-28T00:00:00.000Z,3345.46,3351.53,3339,3347.44,1509.3057
2025-07-28T04:00:00.000Z,3347.58,3351.01,3343,3343.38,448.3829
2025-07-28T08:00:00.000Z,3343.39,3348.84,3334.76,3339.14,1778.5182
2025-07-28T12:00:00.000Z,3339.31,3340.6,3312,3324.2,1276.5599
2025-07-28T16:00:00.000Z,3324.21,3325.26,3315,3322.81,621.8785
2025-07-28T20:00:00.000Z,3322.81,3328,3320.21,3320.59,150.0002
2025-07-29T00:00:00.000Z,3320.34,3329.91,3318.39,3322.02,229.4478
2025-07-29T04:00:00.000Z,3322.01,3329.61,3320,3325.08,376.2002
2025-07-29T08:00:00.000Z,3325.19,3335,3322.85,3323.6,423.513
2025-07-29T12:00:00.000Z,3323.6,3337.27,3320.53,3325.73,382.3046
2025-07-29T16:00:00.000Z,3325.95,3338.09,3325,3333.4,220.6507
2025-07-29T20:00:00.000Z,3333.39,3338.23,3332.52,3335.13,240.8233
2025-07-30T00:00:00.000Z,3335.29,3340.28,3331.39,3336.6,552.5074
2025-07-30T04:00:00.000Z,3336.4,3338.58,3330.22,3335.01,241.7532
2025-07-30T08:00:00.000Z,3335.01,3339.42,3331.17,3336.83,264.1982
2025-07-30T12:00:00.000Z,3336.83,3337.75,3302.66,3304.57,1317.7309
2025-07-30T16:00:00.000Z,3304.57,3317.49,3283,3285.01,1313.5338
2025-07-30T20:00:00.000Z,3285.01,3299.46,3285.01,3299.01,412.6271
2025-07-31T00:00:00.000Z,3299.01,3310.05,3298.8,3305.05,691.1921
2025-07-31T04:00:00.000Z,3305.04,3316.19,3302.83,3311.86,615.2499
2025-07-31T08:00:00.000Z,3312.01,3321.34,3303.19,3314.74,380.9082
2025-07-31T12:00:00.000Z,3314.6,3317.8,3299.07,3304.57,787.4994
2025-07-31T16:00:00.000Z,3304.59,3308.32,3294.4,3298.41,865.3934
2025-07-31T20:00:00.000Z,3298.41,3302.21,3294.11,3294.12,404.707
2025-08-01T00:00:00.000Z,3294.12,3302.99,3289.05,3299.2,553.889
2025-08-01T04:00:00.000Z,3299.2,3306.39,3290,3292.78,475.8789
2025-08-01T08:00:00.000Z,3292.78,3307.58,3290.6,3304.87,515.6964
2025-08-01T12:00:00.000Z,3304.87,3360,3303.01,3349.6,3173.3189
2025-08-01T16:00:00.000Z,3349.59,3357.83,3338.68,3355.21,662.5649
2025-08-01T20:00:00.000Z,3355.22,3365.97,3355.21,3364.79,919.2198
2025-08-02T00:00:00.000Z,3364.8,3369.98,3357.97,3359.51,298.6723
2025-08-02T04:00:00.000Z,3359.51,3364.6,3355.58,3364.27,393.226
2025-08-02T08:00:00.000Z,3364.2,3365.96,3362.6,3364.94,300.8929
2025-08-02T12:00:00.000Z,3364.95,3367.26,3359.25,3360.36,292.6346
2025-08-02T16:00:00.000Z,3360.37,3364.12,3358.34,3359.87,351.752
2025-08-02T20:00:00.000Z,3359.87,3366.56,3358.8,3362.05,255.5893
2025-08-03T00:00:00.000Z,3362.05,3364.74,3356.14,3361.98,357.5895
2025-08-03T04:00:00.000Z,3361.98,3364.95,3359.56,3360.25,182.3388
2025-08-03T08:00:00.000Z,3360.25,3362.44,3358.54,3360.93,189.9259
2025-08-03T12:00:00.000Z,3360.93,3364.78,3359.73,3364.68,170.3065
2025-08-03T16:00:00.000Z,3364.69,3364.7,3343,3362.03,423.7338
2025-08-03T20:00:00.000Z,3362.03,3371,3358,3365.68,459.9982
2025-08-04T00:00:00.000Z,3365.69,3365.69,3348.8,3361.21,424.2261
2025-08-04T04:00:00.000Z,3361.21,3365.21,3356.12,3358.41,371.4357
2025-08-04T08:00:00.000Z,3358.41,3372,3357.4,3371.2,295.632
2025-08-04T12:00:00.000Z,3371.2,3384.39,3366,3376.39,828.6422
2025-08-04T16:00:00.000Z,3376.39,3380.43,3372.05,3380,349.4658
2025-08-04T20:00:00.000Z,3379.99,3381.15,3368.97,3377.6,640.8212
2025-08-05T00:00:00.000Z,3377.6,3389.58,3373.91,3375.63,371.3491
2025-08-05T04:00:00.000Z,3375.63,3376.87,3368.26,3373.82,233.6964
2025-08-05T08:00:00.000Z,3373.81,3374.2,3353.8,3355.26,555.6599
2025-08-05T12:00:00.000Z,3354.92,3393.62,3354.05,3388.6,791.4554
2025-08-05T16:00:00.000Z,3388.6,3389,3377,3378.09,277.5128
2025-08-05T20:00:00.000Z,3378.09,3385.25,3376.52,3384.32,223.9113
2025-08-06T00:00:00.000Z,3384.32,3384.8,3375.8,3376.59,207.7194
2025-08-06T04:00:00.000Z,3376.59,3381.35,3369.44,3376.4,317.3224
2025-08-06T08:00:00.000Z,3376.4,3376.73,3362.51,3369.39,332.7514
2025-08-06T12:00:00.000Z,3369.39,3381.27,3364.7,3377.4,368.8153
2025-08-06T16:00:00.000Z,3377.4,3379.09,3370.21,3372.8,521.4543
2025-08-06T20:00:00.000Z,3372.8,3374.5,3368.36,3370.99,218.644
2025-08-07T00:00:00.000Z,3371.15,3383.24,3368.8,3378.79,220.1379
2025-08-07T04:00:00.000Z,3378.79,3394.98,3375,3393,368.5859
2025-08-07T08:00:00.000Z,3393,3393.2,3374.16,3377.61,587.1198
2025-08-07T12:00:00.000Z,3377.71,3387.93,3376.1,3384.41,504.6582
2025-08-07T16:00:00.000Z,3384.6,3392.98,3381.84,3392.92,260.3397
2025-08-07T20:00:00.000Z,3392.92,3397.81,3382.99,3393.46,946.5077
2025-08-08T00:00:00.000Z,3393.46,3394.86,3380.69,3390.6,582.695
2025-08-08T04:00:00.000Z,3390.59,3394.62,3386.67,3394.4,272.6413
2025-08-08T08:00:00.000Z,3394.6,3394.99,3377.77,3380.07,1279.9447
2025-08-08T12:00:00.000Z,3380,3392.46,3377.28,3384.13,472.7944
2025-08-08T16:00:00.000Z,3384.13,3390,3375.19,3388.92,990.076
2025-08-08T20:00:00.000Z,3388.92,3388.93,3383.35,3385.75,602.4732
2025-08-09T00:00:00.000Z,3385.76,3393.8,3384.61,3387.55,267.3704
2025-08-09T04:00:00.000Z,3387.55,3389.59,3375,3383.75,1421.4471
2025-08-09T08:00:00.000Z,3383.75,3390,3380.11,3387.45,302.4539
2025-08-09T12:00:00.000Z,3387.45,3392.12,3386.48,3387.73,352.0146
2025-08-09T16:00:00.000Z,3387.73,3389.9,3382.79,3384.06,292.7403
2025-08-09T20:00:00.000Z,3384.05,3387.01,3382.07,3383.62,227.1192
2025-08-10T00:00:00.000Z,3383.62,3388.1,3382.77,3387.36,166.2179
2025-08-10T04:00:00.000Z,3387.37,3388.11,3383.37,3383.37,153.1981
2025-08-10T08:00:00.000Z,3383.37,3388,3382,3387.98,182.589
2025-08-10T12:00:00.000Z,3387.98,3390,3384.11,3387.96,248.456
2025-08-10T16:00:00.000Z,3387.96,3390.73,3382.96,3390.26,402.9233
2025-08-10T20:00:00.000Z,3390.27,3391.7,3382.52,3382.52,201.4466
2025-08-11T00:00:00.000Z,3382.53,3385.04,3365.56,3374.38,844.9181
2025-08-11T04:00:00.000Z,3374.38,3375.18,3352.61,3356.15,719.9595
2025-08-11T08:00:00.000Z,3356.2,3360.96,3343.24,3349.62,968.7862
2025-08-11T12:00:00.000Z,3349.62,3358.92,3340.4,3346.04,493.87
2025-08-11T16:00:00.000Z,3346.04,3373.85,3339.63,3352.1,1796.5044
2025-08-11T20:00:00.000Z,3351.7,3351.7,3338.72,3345.71,659.9061
2025-08-12T00:00:00.000Z,3345.71,3357.09,3344.15,3346.65,609.5071
2025-08-12T04:00:00.000Z,3346.66,3357.52,3339.33,3350.73,471.5593
2025-08-12T08:00:00.000Z,3350.74,3353.04,3338.51,3344.9,1030.2409
2025-08-12T12:00:00.000Z,3344.9,3357.21,3332,3347.79,1217.6967
2025-08-12T16:00:00.000Z,3347.8,3352.28,3341.16,3342.33,514.1079
2025-08-12T20:00:00.000Z,3342.38,3351.42,3337.78,3340.96,843.2624
2025-08-13T00:00:00.000Z,3340.96,3348.07,3335.55,3340.56,822.5065
2025-08-13T04:00:00.000Z,3340.56,3351.34,3340.36,3346.04,416.3948
2025-08-13T08:00:00.000Z,3346.04,3355,3343.65,3351.38,919.7593
2025-08-13T12:00:00.000Z,3351.39,3358.6,3344.27,3348.33,799.2569
2025-08-13T16:00:00.000Z,3348.33,3355.84,3345,3351.44,428.066
2025-08-13T20:00:00.000Z,3351.44,3357.68,3348.61,3353.91,470.4953
2025-08-14T00:00:00.000Z,3353.91,3361,3348.72,3351.37,695.5566
2025-08-14T04:00:00.000Z,3351.38,3356.08,3340,3340.72,452.7481
2025-08-14T08:00:00.000Z,3340.73,3350,3338.18,3345.32,366.1292
2025-08-14T12:00:00.000Z,3345.32,3347.49,3330,3335.01,977.9777
2025-08-14T16:00:00.000Z,3335.01,3335.61,3324.39,3331.59,456.9288
2025-08-14T20:00:00.000Z,3331.59,3331.59,3326.01,3329.67,267.3563
2025-08-15T00:00:00.000Z,3329.67,3335.5,3327.01,3335.5,229.9651
2025-08-15T04:00:00.000Z,3335.5,3339.62,3334.08,3339.2,209.3821
2025-08-15T08:00:00.000Z,3339.43,3341.09,3332.88,3338.87,339.3635
2025-08-15T12:00:00.000Z,3338.73,3339.51,3329.72,3333.4,488.3041
2025-08-15T16:00:00.000Z,3333.4,3333.9,3328.2,3331.84,270.6842
2025-08-15T20:00:00.000Z,3331.84,3335,3328.96,3330.31,135.14
2025-08-16T00:00:00.000Z,3330.3,3336.01,3330.3,3332.28,104.4522
2025-08-16T04:00:00.000Z,3332.26,3334.97,3331.41,3333.8,98.9601
2025-08-16T08:00:00.000Z,3333.8,3333.8,3327.21,3329.03,155.2119
2025-08-16T12:00:00.000Z,3329.02,3331.72,3327,3328.96,211.4115
2025-08-16T16:00:00.000Z,3328.96,3329.6,3327,3327.47,121.157
2025-08-16T20:00:00.000Z,3327.46,3329.99,3327.46,3329.49,82.7013
2025-08-17T00:00:00.000Z,3329.57,3331.43,3328.25,3330.13,51.3238
2025-08-17T04:00:00.000Z,3330.13,3334.05,3327,3331.94,186.7609
2025-08-17T08:00:00.000Z,3331.93,3333.99,3328,3329.91,165.9687
2025-08-17T12:00:00.000Z,3329.91,3331.62,3327,3330.57,159.1642
2025-08-17T16:00:00.000Z,3330.57,3330.72,3327.09,3328.3,116.109
2025-08-17T20:00:00.000Z,3328.3,3330.79,3322,3323.69,143.8982
2025-08-18T00:00:00.000Z,3323.7,3342.46,3323.7,3340.01,497.0576
2025-08-18T04:00:00.000Z,3340.01,3380,3340.01,3344.16,1275.4803
2025-08-18T08:00:00.000Z,3344.26,3353.2,3340.39,3342,349.5109
2025-08-18T12:00:00.000Z,3342,3343.21,3331,3333.28,355.1921
2025-08-18T16:00:00.000Z,3333.27,3333.27,3326.63,3331.6,264.2996
2025-08-18T20:00:00.000Z,3331.55,3336.57,3330.47,3330.97,156.7633
2025-08-19T00:00:00.000Z,3330.96,3337.98,3326.51,3335.35,255.9607
2025-08-19T04:00:00.000Z,3335.35,3337.96,3331.51,3336.16,197.7125
2025-08-19T08:00:00.000Z,3336.17,3339.95,3332.4,3334.81,225.1846
2025-08-19T12:00:00.000Z,3334.71,3342.06,3317,3319.32,497.3607
2025-08-19T16:00:00.000Z,3319.33,3321.54,3308.01,3314.35,368.6466
2025-08-19T20:00:00.000Z,3314.35,3317.24,3307.58,3312.7,226.734
2025-08-20T00:00:00.000Z,3312.71,3316.2,3301.77,3307.44,1309.3071
2025-08-20T04:00:00.000Z,3307.36,3319.11,3307.32,3318.06,237.0662
2025-08-20T08:00:00.000Z,3318.05,3324.23,3314.41,3324.18,348.8248
2025-08-20T12:00:00.000Z,3324.18,3338.19,3324.02,3331.01,650.8729
2025-08-20T16:00:00.000Z,3331.01,3338.62,3331,3338.62,303.033
2025-08-20T20:00:00.000Z,3338.63,3342.56,3337.79,3339.92,143.4281
2025-08-21T00:00:00.000Z,3339.92,3339.93,3334.32,3334.33,190.4417
2025-08-21T04:00:00.000Z,3334.32,3334.99,3330,3334.36,183.5237
2025-08-21T08:00:00.000Z,3334.36,3336.32,3318.25,3327.65,363.7889
2025-08-21T12:00:00.000Z,3327.66,3338.38,3327.65,3335.84,210.3582
2025-08-21T16:00:00.000Z,3335.84,3336.25,3331,3332.07,102.9819
2025-08-21T20:00:00.000Z,3332.08,3335.28,3330.54,3331.5,80.9073
2025-08-22T00:00:00.000Z,3331.5,3333.16,3327.02,3328.54,147.0863
2025-08-22T04:00:00.000Z,3328.55,3332.38,3323.28,3323.99,298.0776
2025-08-22T08:00:00.000Z,3324,3328.02,3323.06,3324.32,211.3461
2025-08-22T12:00:00.000Z,3324.32,3363.43,3318.28,3351.95,922.6544
2025-08-22T16:00:00.000Z,3352.19,3363.35,3352.01,3361.37,485.7232
2025-08-22T20:00:00.000Z,3361.36,3365.5,3359.53,3364.74,367.6398
2025-08-23T00:00:00.000Z,3364.74,3366.18,3358.58,3360.17,250.0183
2025-08-23T04:00:00.000Z,3360.11,3360.11,3345.51,3358.31,186.826
2025-08-23T08:00:00.000Z,3358.3,3360.69,3357.87,3360.67,106.6933
2025-08-23T12:00:00.000Z,3360.68,3360.69,3353.56,3356.12,318.2477
2025-08-23T16:00:00.000Z,3356.12,3360.44,3356.11,3358.87,116.9393
2025-08-23T20:00:00.000Z,3358.88,3361.47,3358.8,3360.64,66.5288
2025-08-24T00:00:00.000Z,3360.65,3360.65,3358.48,3358.53,74.1123
2025-08-24T04:00:00.000Z,3358.53,3361.57,3358.53,3361.1,130.3916
2025-08-24T08:00:00.000Z,3361.1,3361.64,3357.36,3361.17,177.0378
2025-08-24T12:00:00.000Z,3361.17,3364.62,3358.35,3363.36,154.8666
2025-08-24T16:00:00.000Z,3363.37,3364.52,3357.05,3358.81,306.7664
2025-08-24T20:00:00.000Z,3358.9,3361.5,3354.12,3360.81,232.9466
2025-08-25T00:00:00.000Z,3360.81,3360.81,3352.54,3358.87,163.2808
2025-08-25T04:00:00.000Z,3358.88,3358.88,3355.16,3356,123.1101
2025-08-25T08:00:00.000Z,3356,3361.5,3351.99,3361.24,270.0759
2025-08-25T12:00:00.000Z,3361.24,3363.18,3355.48,3361.37,465.6286
2025-08-25T16:00:00.000Z,3361.22,3363.3,3353.96,3353.96,434.5595
2025-08-25T20:00:00.000Z,3353.97,3355,3336,3343.11,824.7007
2025-08-26T00:00:00.000Z,3343.04,3370.66,3339.64,3360.73,617.2232
2025-08-26T04:00:00.000Z,3360.73,3369.06,3358.48,3364.03,298.585
2025-08-26T08:00:00.000Z,3364.52,3367.35,3357.69,3364.6,232.9463
2025-08-26T12:00:00.000Z,3364.5,3374.03,3358.17,3371.56,468.9443
2025-08-26T16:00:00.000Z,3371.55,3376.84,3368.44,3374.29,333.7164
2025-08-26T20:00:00.000Z,3374.3,3382.93,3374.3,3378,280.9448
2025-08-27T00:00:00.000Z,3378,3382.75,3373.51,3373.52,467.4829
2025-08-27T04:00:00.000Z,3373.52,3377.5,3365,3371.83,445.1363
2025-08-27T08:00:00.000Z,3371.83,3375.66,3367.15,3369.79,262.4726
2025-08-27T12:00:00.000Z,3369.79,3378.23,3366.67,3376.84,393.9694
2025-08-27T16:00:00.000Z,3377.07,3388.12,3376.92,3387.58,288.3481
2025-08-27T20:00:00.000Z,3387.58,3390.77,3384.83,3387.82,242.9427
2025-08-28T00:00:00.000Z,3387.82,3390,3380.34,3383.67,591.3531
2025-08-28T04:00:00.000Z,3383.67,3390.83,3378,3390.62,689.8381
2025-08-28T08:00:00.000Z,3390.62,3399.76,3388.6,3397.87,810.1413
2025-08-28T12:00:00.000Z,3397.88,3408.85,3392.2,3406.99,665.8386
2025-08-28T16:00:00.000Z,3407,3423.25,3406.56,3421.23,875.7868
2025-08-28T20:00:00.000Z,3421.22,3421.23,3414.03,3415.8,468.725
2025-08-29T00:00:00.000Z,3415.81,3416.99,3407.99,3414.07,383.8998
2025-08-29T04:00:00.000Z,3414.01,3419.96,3408.69,3411.36,297.6465
2025-08-29T08:00:00.000Z,3411.4,3426.91,3407.8,3413.4,795.0176
2025-08-29T12:00:00.000Z,3412.99,3453,3410.56,3451.08,2002.5463
2025-08-29T16:00:00.000Z,3451.07,3463,3445.98,3460.81,1405.3688
2025-08-29T20:00:00.000Z,3460.82,3464.7,3448.23,3461.84,590.2298
2025-08-30T00:00:00.000Z,3461.83,3463,3452.66,3463,514.0943
2025-08-30T04:00:00.000Z,3463,3463,3454.83,3461.04,301.3047
2025-08-30T08:00:00.000Z,3461.05,3466.73,3456.3,3457.16,363.8271
2025-08-30T12:00:00.000Z,3457.16,3465.03,3456.9,3457.12,445.0985
2025-08-30T16:00:00.000Z,3457.13,3461.77,3456.3,3461.41,132.0082
2025-08-30T20:00:00.000Z,3461.4,3465.02,3461.2,3462.72,256.0878
2025-08-31T00:00:00.000Z,3462.72,3464.55,3458.67,3460.46,329.792
2025-08-31T04:00:00.000Z,3460.4,3465.81,3460.16,3462.82,134.8651
2025-08-31T08:00:00.000Z,3462.83,3464.8,3456,3460.86,415.1596
2025-08-31T12:00:00.000Z,3460.86,3471.76,3456.38,3467.26,693.9174
2025-08-31T16:00:00.000Z,3467.25,3469.72,3462.96,3467.03,328.6447
2025-08-31T20:00:00.000Z,3467.05,3471.16,3456.3,3460.4,483.6434
2025-09-01T00:00:00.000Z,3460.41,3498.02,3451.13,3492,2164.9268
2025-09-01T04:00:00.000Z,3492,3502,3486.81,3492.5,1606.761
2025-09-01T08:00:00.000Z,3492.5,3495.96,3481,3482.63,1432.7234
2025-09-01T12:00:00.000Z,3482.64,3492.68,3480,3488.21,1144.0293
2025-09-01T16:00:00.000Z,3488.22,3494.45,3486.36,3488.86,590.6995
2025-09-01T20:00:00.000Z,3488.85,3505.03,3488.77,3503.19,612.9799
2025-09-02T00:00:00.000Z,3502.92,3540,3501.45,3518.1,1717.4332
2025-09-02T04:00:00.000Z,3518.01,3521.79,3490.6,3494.72,1110.5173
2025-09-02T08:00:00.000Z,3494.61,3504,3486.35,3504,1320.0984
2025-09-02T12:00:00.000Z,3504,3538.42,3490.02,3534.52,1718.8012
2025-09-02T16:00:00.000Z,3534.53,3556.69,3532,3554,1108.4971
2025-09-02T20:00:00.000Z,3554.01,3555.41,3543.21,3548.15,869.4339
2025-09-03T00:00:00.000Z,3548.15,3562.3,3542.4,3544.91,958.613
2025-09-03T04:00:00.000Z,3544.9,3553.74,3544.78,3550.66,839.5225
2025-09-03T08:00:00.000Z,3550.45,3564.9,3549,3564.9,664.0363
2025-09-03T12:00:00.000Z,3564.22,3577.26,3558.49,3574.38,1089.2652
2025-09-03T16:00:00.000Z,3574.38,3587.5,3573.2,3574.76,744.1763
2025-09-03T20:00:00.000Z,3574.76,3578.25,3569.57,3574.99,421.8708
2025-09-04T00:00:00.000Z,3574.99,3577.09,3527.55,3541.99,1417.3031
2025-09-04T04:00:00.000Z,3541.99,3554.77,3534.03,3553.04,2264.5507
2025-09-04T08:00:00.000Z,3553.04,3560.97,3546.6,3552.51,969.9111
2025-09-04T12:00:00.000Z,3552.52,3565.66,3544.8,3560.11,1011.0368
2025-09-04T16:00:00.000Z,3560,3563.97,3551.27,3557.43,504.6641
2025-09-04T20:00:00.000Z,3557.35,3559.8,3548.64,3559.09,351.5744
2025-09-05T00:00:00.000Z,3559.1,3565.2,3555.9,3564.97,416.2873
2025-09-05T04:00:00.000Z,3564.98,3566.78,3551.77,3552.99,701.4093
2025-09-05T08:00:00.000Z,3552.98,3561.59,3550,3558.1,491.258
2025-09-05T12:00:00.000Z,3558.09,3598.53,3555.5,3593.72,1765.9185
2025-09-05T16:00:00.000Z,3593.29,3599.1,3590.03,3598.29,498.9806
2025-09-05T20:00:00.000Z,3598.29,3599,3590,3593.64,402.0076
2025-09-06T00:00:00.000Z,3593.65,3597.99,3590.51,3597.51,267.4205
2025-09-06T04:00:00.000Z,3597.5,3601.12,3595.7,3600.9,288.3654
2025-09-06T08:00:00.000Z,3600.9,3611.68,3600.9,3607.55,759.028723
2025-09-06T12:00:00.000Z,3607.55,3613.83,3603.19,3610.47,466.4856
2025-09-06T16:00:00.000Z,3610.47,3624.51,3610.47,3622.61,832.7778
2025-09-06T20:00:00.000Z,3622.62,3630.11,3613.43,3626,510.7735
2025-09-07T00:00:00.000Z,3626,3627.24,3614.13,3616.01,438.8977
2025-09-07T04:00:00.000Z,3616.01,3626.78,3614.96,3615.9,380.5116
2025-09-07T08:00:00.000Z,3615.89,3623.83,3613.43,3620.76,601.431
2025-09-07T12:00:00.000Z,3620.76,3623.06,3614.66,3615.64,647.5157
2025-09-07T16:00:00.000Z,3615.65,3619.88,3612.99,3613.52,732.0278
2025-09-07T20:00:00.000Z,3613.52,3621.95,3598.06,3602.37,1096.5741
2025-09-08T00:00:00.000Z,3602.37,3604.9,3589.74,3590.19,941.4618
2025-09-08T04:00:00.000Z,3590.19,3622.15,3588.12,3618.78,1006.389
2025-09-08T08:00:00.000Z,3618.91,3628.11,3615.96,3627.17,1445.3498
2025-09-08T12:00:00.000Z,3627.25,3649.32,3622.17,3642.43,1527.1743
2025-09-08T16:00:00.000Z,3642.43,3648.16,3638.13,3641.46,871.1228
2025-09-08T20:00:00.000Z,3641.46,3643.77,3633.36,3640.8,645.6179
2025-09-09T00:00:00.000Z,3640.8,3670,3640.06,3655.47,1499.8518
2025-09-09T04:00:00.000Z,3655.46,3668.24,3646.34,3651.59,1387.5866
2025-09-09T08:00:00.000Z,3651.27,3664.72,3650.66,3656.92,823.2914
2025-09-09T12:00:00.000Z,3657.1,3681.7,3639.09,3656,1907.6904
2025-09-09T16:00:00.000Z,3655.99,3661.88,3641.19,3641.68,1072.9886
2025-09-09T20:00:00.000Z,3641.69,3648.36,3632.55,3643.12,872.1798
2025-09-10T00:00:00.000Z,3643.12,3644.41,3630,3641.29,680.5734
2025-09-10T04:00:00.000Z,3641.29,3651.29,3641.29,3648.02,989.4976
2025-09-10T08:00:00.000Z,3648,3660.9,3646.73,3652.55,880.5587
2025-09-10T12:00:00.000Z,3652.5,3664,3638.18,3645.19,1504.3946
2025-09-10T16:00:00.000Z,3645.19,3647.31,3636.67,3643.31,1063.0403
2025-09-10T20:00:00.000Z,3643.31,3646.92,3637.92,3642.26,629.5014
2025-09-11T00:00:00.000Z,3642.26,3644.72,3630.97,3632.73,823.9715
2025-09-11T04:00:00.000Z,3632.73,3639.18,3621.03,3626.33,1179.9003
2025-09-11T08:00:00.000Z,3626.34,3627.92,3614.09,3615.73,965.7382
2025-09-11T12:00:00.000Z,3615.73,3643.19,3615.73,3632.43,1710.5646
2025-09-11T16:00:00.000Z,3632.44,3645.81,3630.7,3636.46,478.8379
2025-09-11T20:00:00.000Z,3636.16,3639.19,3632.1,3632.1,387.5814
2025-09-12T00:00:00.000Z,3632.1,3648.52,3630.53,3648.52,891.8543
2025-09-12T04:00:00.000Z,3648.52,3655.89,3646.67,3647.78,651.9951
2025-09-12T08:00:00.000Z,3647.78,3651.13,3639.07,3647.76,524.0711
2025-09-12T12:00:00.000Z,3647.76,3652.14,3640,3643.47,669.3007
2025-09-12T16:00:00.000Z,3643.47,3648.53,3641.34,3641.54,625.5435
2025-09-12T20:00:00.000Z,3641.54,3646.34,3633.4,3641.99,529.6082
2025-09-13T00:00:00.000Z,3641.99,3642.18,3629.98,3631.15,457.5806
2025-09-13T04:00:00.000Z,3631.13,3637.37,3625.47,3637.37,497.8783
2025-09-13T08:00:00.000Z,3637.43,3638.37,3628,3631.95,505.3719
2025-09-13T12:00:00.000Z,3631.95,3637.84,3630.23,3637.27,385.1073
2025-09-13T16:00:00.000Z,3637.44,3645.43,3633.45,3639.11,572.6284
2025-09-13T20:00:00.000Z,3639.11,3639.53,3633.26,3638.72,165.9744
2025-09-14T00:00:00.000Z,3638.68,3644.22,3637.44,3643.77,170.5074
2025-09-14T04:00:00.000Z,3643.66,3655.68,3643.56,3647.62,506.2143
2025-09-14T08:00:00.000Z,3647.63,3649.17,3644.25,3646.78,195.5994
2025-09-14T12:00:00.000Z,3646.79,3683.35,3644.07,3657.13,517.2828
2025-09-14T16:00:00.000Z,3657.14,3658.06,3649.74,3649.78,318.1354
2025-09-14T20:00:00.000Z,3649.79,3654.69,3642.31,3644.54,654.222
2025-09-15T00:00:00.000Z,3644.54,3653.86,3635.07,3652.65,776.8629
2025-09-15T04:00:00.000Z,3652.74,3653.61,3638.89,3649.32,811.7797
2025-09-15T08:00:00.000Z,3649.32,3654.18,3644,3651.81,897.8522
2025-09-15T12:00:00.000Z,3651.82,3688.96,3643.3,3685.98,1190.9246
2025-09-15T16:00:00.000Z,3685.99,3692.79,3680.02,3685.95,1097.7119
2025-09-15T20:00:00.000Z,3685.74,3689.53,3677.61,3683.89,777.461
2025-09-16T00:00:00.000Z,3683.88,3695.94,3683.88,3689.87,897.6973
2025-09-16T04:00:00.000Z,3689.87,3705.7,3688.3,3696.38,1271.7224
2025-09-16T08:00:00.000Z,3696.37,3710.53,3696.37,3708.85,1010.4117
2025-09-16T12:00:00.000Z,3708.85,3712.69,3688.62,3696.25,1821.4814
2025-09-16T16:00:00.000Z,3696.26,3700.84,3692.66,3695.01,686.5651
2025-09-16T20:00:00.000Z,3695,3705.4,3695,3705.04,542.7331
2025-09-17T00:00:00.000Z,3705.05,3705.31,3684.66,3690.21,966.1197
2025-09-17T04:00:00.000Z,3690.21,3693.24,3677.71,3678.83,921.1962
2025-09-17T08:00:00.000Z,3678.83,3685.6,3671.58,3678.14,1037.1876
2025-09-17T12:00:00.000Z,3678.14,3697.47,3678.14,3693.54,669.0467
2025-09-17T16:00:00.000Z,3693.54,3708.49,3657.59,3666.3,2336.3673
2025-09-17T20:00:00.000Z,3666.3,3674.27,3660.1,3671.86,638.5973
2025-09-18T00:00:00.000Z,3671.86,3671.87,3657.72,3662.88,1021.3467
2025-09-18T04:00:00.000Z,3662.88,3666.71,3639.5,3659.04,2015.989
2025-09-18T08:00:00.000Z,3658.87,3671.25,3651.07,3668.9,652.6639
2025-09-18T12:00:00.000Z,3668.91,3674.14,3638.08,3645.75,1227.6862
2025-09-18T16:00:00.000Z,3645.76,3651.71,3644.04,3650.23,348.2913
2025-09-18T20:00:00.000Z,3650.23,3650.31,3643.2,3645.24,235.4567
2025-09-19T00:00:00.000Z,3645.24,3658.94,3641.01,3657.46,802.0702
2025-09-19T04:00:00.000Z,3657.52,3689.99,3650.27,3659.06,923.6042
2025-09-19T08:00:00.000Z,3658.93,3666.25,3653.76,3655.05,487.9678
2025-09-19T12:00:00.000Z,3655.05,3677.29,3652.75,3675.29,1088.4128
2025-09-19T16:00:00.000Z,3675.3,3687.51,3672,3685.8,635.5409
2025-09-19T20:00:00.000Z,3685.51,3692.88,3681.17,3690.16,557.9589
2025-09-20T00:00:00.000Z,3690.16,3693.04,3683.4,3689.93,243.7365
2025-09-20T04:00:00.000Z,3689.94,3692.33,3683.34,3685.89,266.8393
2025-09-20T08:00:00.000Z,3685.9,3690.88,3684,3688.72,280.993
2025-09-20T12:00:00.000Z,3688.71,3691.96,3684.96,3685,310.8152
2025-09-20T16:00:00.000Z,3685,3692.15,3685,3690.19,194.6587
2025-09-20T20:00:00.000Z,3690.19,3690.22,3685.82,3686.05,163.9111
2025-09-21T00:00:00.000Z,3686.05,3690.66,3683.95,3687.4,243.9637
2025-09-21T04:00:00.000Z,3687.4,3687.4,3681.38,3685.66,136.3053
2025-09-21T08:00:00.000Z,3685.66,3688.27,3681,3684.8,229.1697
2025-09-21T12:00:00.000Z,3684.8,3690.79,3684.32,3690.14,160.0597
2025-09-21T16:00:00.000Z,3690.14,3691.5,3689.45,3689.46,152.7319
2025-09-21T20:00:00.000Z,3689.46,3695.34,3686.83,3691.63,313.1046
2025-09-22T00:00:00.000Z,3691.59,3700,3690,3696.49,540.636
2025-09-22T04:00:00.000Z,3696.63,3734,3693,3720.56,1446.0288
2025-09-22T08:00:00.000Z,3720.55,3742.62,3719.99,3733.88,1954.9727
2025-09-22T12:00:00.000Z,3733.88,3747.68,3722.34,3746.56,1988.6251
2025-09-22T16:00:00.000Z,3746.57,3759.29,3742.04,3757.36,1954.3206
2025-09-22T20:00:00.000Z,3757.52,3766.4,3750.55,3757.71,1256.0095
2025-09-23T00:00:00.000Z,3757.74,3771,3748.89,3756.33,1288.4434
2025-09-23T04:00:00.000Z,3756.33,3768.17,3752.14,3761.56,1128.8039
2025-09-23T08:00:00.000Z,3761.57,3800,3761.57,3792.28,2123.7994
2025-09-23T12:00:00.000Z,3791.66,3795.27,3773,3785.14,1793.4949
2025-09-23T16:00:00.000Z,3785.57,3791.89,3763.57,3777.42,1295.0092
2025-09-23T20:00:00.000Z,3777.41,3781.74,3772,3774.33,784.4009
2025-09-24T00:00:00.000Z,3774.34,3783.84,3759,3777.79,1224.7884
2025-09-24T04:00:00.000Z,3777.79,3788.79,3772.34,3786.2,1078.0249
2025-09-24T08:00:00.000Z,3786.31,3786.72,3767.3,3776.1,1005.2284
2025-09-24T12:00:00.000Z,3776.1,3780,3746.9,3746.98,1655.4451
2025-09-24T16:00:00.000Z,3747.29,3751.9,3720.78,3740.47,2033.8626
2025-09-24T20:00:00.000Z,3740.47,3757.19,3739.35,3754.88,460.9125
2025-09-25T00:00:00.000Z,3754.88,3761,3735,3744,1375.6531
2025-09-25T04:00:00.000Z,3744.01,3764.15,3738.69,3762.22,617.6638
2025-09-25T08:00:00.000Z,3762.21,3773.55,3747.52,3761.44,1486.4691
2025-09-25T12:00:00.000Z,3761.52,3765.07,3730,3741.69,1356.1902
2025-09-25T16:00:00.000Z,3741.69,3765.05,3737.88,3753.19,1238.0871
2025-09-25T20:00:00.000Z,3753.19,3764.08,3748.28,3753.29,599.5144
2025-09-26T00:00:00.000Z,3753.29,3759.99,3742.04,3751.61,588.9678
2025-09-26T04:00:00.000Z,3751.62,3759.48,3745.69,3754.29,638.5754
2025-09-26T08:00:00.000Z,3754.18,3761.98,3749.23,3757.71,658.7223
2025-09-26T12:00:00.000Z,3757.71,3793.12,3753.76,3788,1762.9451
2025-09-26T16:00:00.000Z,3788.01,3799,3775.11,3775.91,783.862
2025-09-26T20:00:00.000Z,3776.21,3780.14,3764.5,3772.99,544.6657
2025-09-27T00:00:00.000Z,3773,3777.43,3768.56,3776.27,185.8755
2025-09-27T04:00:00.000Z,3776.27,3779.22,3770.81,3773.99,203.6942
2025-09-27T08:00:00.000Z,3773.99,3780.24,3773.21,3775.97,284.53
2025-09-27T12:00:00.000Z,3775.96,3784.69,3773.56,3779.58,252.8562
2025-09-27T16:00:00.000Z,3779.58,3784.14,3772.46,3775.66,317.245
2025-09-27T20:00:00.000Z,3775.67,3778.45,3773.26,3774.88,253.8988
2025-09-28T00:00:00.000Z,3774.88,3779.5,3774.21,3777.68,250.2768
2025-09-28T04:00:00.000Z,3777.68,3780.51,3777.3,3779,249.6966
2025-09-28T08:00:00.000Z,3779,3780.36,3774.92,3776.02,244.6529
2025-09-28T12:00:00.000Z,3776.03,3780.5,3773.02,3773.39,282.6734
2025-09-28T16:00:00.000Z,3773.4,3774.29,3771.26,3773.37,209.7886
2025-09-28T20:00:00.000Z,3773.36,3779,3766.16,3775.98,578.9133
2025-09-29T00:00:00.000Z,3775.99,3809.74,3773.21,3804.66,952.2448
2025-09-29T04:00:00.000Z,3804.66,3833,3800.9,3816.47,2591.7661
2025-09-29T08:00:00.000Z,3816.7,3844.34,3816.7,3841.66,1199.8498
2025-09-29T12:00:00.000Z,3841.66,3842.19,3819.48,3838.56,944.8945
2025-09-29T16:00:00.000Z,3838.55,3844.78,3835.56,3840.33,1062.4903
2025-09-29T20:00:00.000Z,3840.33,3859.48,3832.9,3847.63,1061.7758
2025-09-30T00:00:00.000Z,3847.63,3880.69,3846.66,3876.09,1618.2296
2025-09-30T04:00:00.000Z,3876.1,3880.23,3850.94,3854.03,1700.5606
2025-09-30T08:00:00.000Z,3854.01,3857.19,3806.92,3827.95,3347.0664
2025-09-30T12:00:00.000Z,3827.95,3862.87,3820.97,3849.3,1203.7953
2025-09-30T16:00:00.000Z,3849.3,3869.99,3849.28,3869.97,779.4927
2025-09-30T20:00:00.000Z,3869.97,3875.76,3859.31,3875.76,633.1967
2025-10-01T00:00:00.000Z,3875.75,3886.03,3865.93,3870.78,1479.8818
2025-10-01T04:00:00.000Z,3870.77,3889.71,3863.63,3889.66,865.358
2025-10-01T08:00:00.000Z,3889.74,3904.58,3887.36,3893.85,1876.851
2025-10-01T12:00:00.000Z,3894.3,3899.52,3868.64,3878.33,1707.0766
2025-10-01T16:00:00.000Z,3878.32,3881.32,3865,3873.53,745.709
2025-10-01T20:00:00.000Z,3873.53,3880.21,3868.08,3870.01,597.2511
2025-10-02T00:00:00.000Z,3870.49,3878.07,3856.01,3871.84,2085.2646
2025-10-02T04:00:00.000Z,3871.85,3878.54,3864.01,3875.09,747.4025
2025-10-02T08:00:00.000Z,3875.1,3892.01,3873.25,3889.98,769.0611
2025-10-02T12:00:00.000Z,3889.98,3899,3823.79,3839.02,1873.8712
2025-10-02T16:00:00.000Z,3839.01,3867.35,3838.03,3863.9,967.1627
2025-10-02T20:00:00.000Z,3864.1,3866.46,3850.75,3865.37,622.3076
2025-10-03T00:00:00.000Z,3865.38,3865.38,3843.79,3848.85,944.4955
2025-10-03T04:00:00.000Z,3848.85,3870.94,3848.48,3870.76,436.2842
2025-10-03T08:00:00.000Z,3870.75,3873.09,3861.43,3867.07,476.9017
2025-10-03T12:00:00.000Z,3867.08,3889.44,3865.44,3888.41,1028.6198
2025-10-03T16:00:00.000Z,3888.4,3889.99,3880.03,3883.68,1070.0343
2025-10-03T20:00:00.000Z,3883.68,3886.56,3842.52,3883.56,783.2702
2025-10-04T00:00:00.000Z,3883.57,3899,3883.21,3890.49,793.4448
2025-10-04T04:00:00.000Z,3890.48,3892.92,3885,3886.01,274.311
2025-10-04T08:00:00.000Z,3886.01,3891.46,3886.01,3890.18,251.1315
2025-10-04T12:00:00.000Z,3890.18,3901.57,3888.83,3900,1568.6173
2025-10-04T16:00:00.000Z,3900,3909.2,3900,3900.09,1328.2944
2025-10-04T20:00:00.000Z,3900.09,3902.11,3896.73,3900.87,405.0524
2025-10-05T00:00:00.000Z,3900.88,3902.62,3890,3893.99,656.5555
2025-10-05T04:00:00.000Z,3893.98,3897.81,3886.84,3889.25,1051.1322
2025-10-05T08:00:00.000Z,3889.24,3899,3887.04,3894.5,629.5941
2025-10-05T12:00:00.000Z,3894.5,3899,3890.44,3894.28,473.8157
2025-10-05T16:00:00.000Z,3894.3,3897.19,3891.62,3893.52,196.7108
2025-10-05T20:00:00.000Z,3893.52,3922.65,3890.53,3914.2,956.485
2025-10-06T00:00:00.000Z,3914.21,3940,3906.36,3939.32,886.7596
2025-10-06T04:00:00.000Z,3939.31,3953.09,3931,3947.55,1158.9533
2025-10-06T08:00:00.000Z,3947.54,3956.36,3942,3947.9,716.8118
2025-10-06T12:00:00.000Z,3947.89,3975.31,3936.75,3973.14,1242.1191
2025-10-06T16:00:00.000Z,3973.14,3979,3958.64,3970.74,1061.2415
2025-10-06T20:00:00.000Z,3970.74,3989.89,3967.88,3983.21,1277.708
2025-10-07T00:00:00.000Z,3983.22,3990,3966.67,3984.13,991.031
2025-10-07T04:00:00.000Z,3984.13,3986.17,3955.39,3957.52,1179.0806
2025-10-07T08:00:00.000Z,3957.85,3977.55,3953.39,3977.04,1065.3834
2025-10-07T12:00:00.000Z,3977.05,4000,3976.92,3983.22,3131.8957
2025-10-07T16:00:00.000Z,3983.22,4000,3980,3994.92,1594.8725
2025-10-07T20:00:00.000Z,3994.92,4004.84,3992.98,4000.88,1775.5795
2025-10-08T00:00:00.000Z,4000.87,4027.42,3996.75,4026.16,4455.5006
2025-10-08T04:00:00.000Z,4026.16,4049,4026.16,4045.71,4140.9371
2025-10-08T08:00:00.000Z,4045.71,4059.99,4040.31,4051.69,2255.5587
2025-10-08T12:00:00.000Z,4051.67,4066,4041.58,4058.24,3448.0658
2025-10-08T16:00:00.000Z,4058.25,4079.48,4045.63,4056.45,2905.5962
2025-10-08T20:00:00.000Z,4056.45,4059.6,4021,4032.21,1206.088
2025-10-09T00:00:00.000Z,4032.22,4055.96,4026.79,4045.72,1378.3408
2025-10-09T04:00:00.000Z,4045.71,4062.41,4044,4047.49,1728.0302
2025-10-09T08:00:00.000Z,4047.48,4061.75,4047.33,4058.99,1471.9201
2025-10-09T12:00:00.000Z,4058.98,4072,4024.96,4036.43,3883.5785
2025-10-09T16:00:00.000Z,4036.43,4041.4,3961.94,3989.18,3130.5504
2025-10-09T20:00:00.000Z,3989.19,4000.28,3975.33,4000.27,819.5123
2025-10-10T00:00:00.000Z,4000.28,4007.09,3971.39,3971.39,1090.0656
2025-10-10T04:00:00.000Z,3971.32,3986.68,3957.29,3977.88,1509.2121
2025-10-10T08:00:00.000Z,3977.89,4014.25,3976,3994.26,1070.984
2025-10-10T12:00:00.000Z,3994.27,4030,3981.52,4008.65,2721.1203
2025-10-10T16:00:00.000Z,4008.5,4033,3987.32,4024.44,1915.3
2025-10-10T20:00:00.000Z,4024.43,4030.95,3600,3983.01,10651.3094
2025-10-11T00:00:00.000Z,3983,3987.3,3950,3973.35,6507.626
2025-10-11T04:00:00.000Z,3974.23,4000.8,3965.86,3993.49,2384.0603
2025-10-11T08:00:00.000Z,3993.49,4000.88,3990.1,3997.66,926.6076
2025-10-11T12:00:00.000Z,3997.43,4002.45,3982.81,3987.71,1410.3201
2025-10-11T16:00:00.000Z,3987.71,3997.55,3977.11,3979,1507.16
2025-10-11T20:00:00.000Z,3978.99,3992.53,3973.18,3992.15,1032.8509
2025-10-12T00:00:00.000Z,3992.14,4016.64,3992.14,4007.81,1643.6244
2025-10-12T04:00:00.000Z,4007.81,4013.08,4007,4012.34,796.1793
2025-10-12T08:00:00.000Z,4012.35,4015.96,4008.82,4011.96,681.4008
2025-10-12T12:00:00.000Z,4011.96,4017.18,3980,3998.9,1477.0398
2025-10-12T16:00:00.000Z,3998.9,4003,3996.12,4002.72,1321.2501
2025-10-12T20:00:00.000Z,4002.71,4058.65,4000.82,4036.56,4302.4036
2025-10-13T00:00:00.000Z,4036.57,4056.28,4026.55,4052.01,2466.2922
2025-10-13T04:00:00.000Z,4052.01,4080.69,4052.01,4075.56,1750.1106
2025-10-13T08:00:00.000Z,4075.56,4095.65,4075.56,4082.64,1387.7964
2025-10-13T12:00:00.000Z,4082.64,4119,4078,4110.75,2527.1596
2025-10-13T16:00:00.000Z,4110.75,4124.06,4101.58,4124,2760.646
2025-10-13T20:00:00.000Z,4124,4142.3,4115.26,4141.69,1912.7159
2025-10-14T00:00:00.000Z,4141.69,4183.67,4133.47,4179.1,2424.6733
2025-10-14T04:00:00.000Z,4179.11,4200,4103.38,4142.41,6434.5184
2025-10-14T08:00:00.000Z,4142.41,4161.26,4130.48,4139.6,2956.4161
2025-10-14T12:00:00.000Z,4139.59,4154.22,4112,4148.88,2982.454
2025-10-14T16:00:00.000Z,4148.94,4173.99,4140,4155.65,3163.5955
2025-10-14T20:00:00.000Z,4155.53,4184.13,4151.67,4176.71,1078.4739
2025-10-15T00:00:00.000Z,4176.7,4207.13,4170.81,4205.24,2402.5164
2025-10-15T04:00:00.000Z,4205.24,4227.36,4191.24,4224.66,2506.9206
2025-10-15T08:00:00.000Z,4224.94,4240.29,4188,4223,4368.8241
2025-10-15T12:00:00.000Z,4223,4229.98,4200.76,4211.71,3651.7577
2025-10-15T16:00:00.000Z,4211.71,4231.81,4205.06,4230.95,2663.0499
2025-10-15T20:00:00.000Z,4230.95,4247.41,4219.82,4238.42,2367.6694
2025-10-16T00:00:00.000Z,4238.42,4274,4235.66,4261.56,3443.9741
2025-10-16T04:00:00.000Z,4261.65,4262.4,4225.28,4246.92,3977.8108
2025-10-16T08:00:00.000Z,4246.91,4266.13,4236.2,4258.48,1765.0227
2025-10-16T12:00:00.000Z,4258.47,4297.89,4246.18,4292.64,4157.5595
2025-10-16T16:00:00.000Z,4292.65,4336.65,4286.51,4333.33,8135.193482
2025-10-16T20:00:00.000Z,4333.07,4790,4333,4436.75,10634.7956
2025-10-17T00:00:00.000Z,4436.74,4436.75,4256,4401.2,9557.5753
2025-10-17T04:00:00.000Z,4401.27,4432.13,4351,4382.34,9142.2418
2025-10-17T08:00:00.000Z,4382.35,4499,4305.89,4307.81,12848.9575
2025-10-17T12:00:00.000Z,4307.8,4347.67,4225,4253.1,10042.4238
2025-10-17T16:00:00.000Z,4253.11,4260.63,4192.55,4236.8,4301.2166
2025-10-17T20:00:00.000Z,4236.81,4273.28,4188,4238.93,3997.5844
2025-10-18T00:00:00.000Z,4238.93,4259.28,4238.46,4246.44,1637.0166
2025-10-18T04:00:00.000Z,4246.44,4252.53,4226,4235.41,1020.3189
2025-10-18T08:00:00.000Z,4235.41,4250,4235.4,4238.43,793.9555
2025-10-18T12:00:00.000Z,4238.43,4248.79,4233.46,4244.1,713.3566
2025-10-18T16:00:00.000Z,4244.11,4265.58,4238.17,4265.39,683.8332
2025-10-18T20:00:00.000Z,4265.39,4266.66,4234.3,4242.81,980.4756
2025-10-19T00:00:00.000Z,4242.81,4257.96,4235.34,4242.81,1323.8038
2025-10-19T04:00:00.000Z,4242.89,4248.71,4239.27,4241.7,647.3769
2025-10-19T08:00:00.000Z,4241.7,4253.23,4236,4242,873.1099
2025-10-19T12:00:00.000Z,4242.01,4246.24,4228.99,4236.1,2007.2396
2025-10-19T16:00:00.000Z,4236.1,4245.17,4228,4237.49,1775.7143
2025-10-19T20:00:00.000Z,4237.49,4265,4231,4242.46,2095.3218
2025-10-20T00:00:00.000Z,4242.34,4272.5,4214.16,4260.78,1996.3344
2025-10-20T04:00:00.000Z,4260.77,4268.29,4220.16,4245.67,4119.471
2025-10-20T08:00:00.000Z,4245.66,4269.42,4237.29,4269.17,2338.1602
2025-10-20T12:00:00.000Z,4269.18,4355.55,4265.84,4348.17,5406.4887
2025-10-20T16:00:00.000Z,4348.16,4401.66,4333.51,4388.43,2344.0135
2025-10-20T20:00:00.000Z,4388.43,4390.74,4355.9,4364.09,1959.7144
2025-10-21T00:00:00.000Z,4363.81,4375.49,4341.35,4357.86,1883.9313
2025-10-21T04:00:00.000Z,4357.86,4357.87,4290.01,4299.65,2057.1318
2025-10-21T08:00:00.000Z,4299.66,4301.83,4250.37,4257.24,3730.9856
2025-10-21T12:00:00.000Z,4257.8,4261.99,4101,4139.2,9050.7728
2025-10-21T16:00:00.000Z,4139.4,4145.93,4094.72,4114.57,4535.1914
2025-10-21T20:00:00.000Z,4114.09,4141.09,4095.34,4098.31,3334.2763
2025-10-22T00:00:00.000Z,4098.82,4147.04,4020,4133.33,6229.157
2025-10-22T04:00:00.000Z,4133.77,4167.79,4116.14,4138.01,3280.508
2025-10-22T08:00:00.000Z,4138.02,4140.71,4023,4041.49,6541.1651
2025-10-22T12:00:00.000Z,4041.5,4097,4025.7,4042.51,4179.4274
2025-10-22T16:00:00.000Z,4042.5,4114.14,4030.38,4101.48,2575.9319
2025-10-22T20:00:00.000Z,4101.33,4113.95,4085.08,4091.78,1666.0991
2025-10-23T00:00:00.000Z,4092.05,4109.14,4068.9,4098.09,1603.4677
2025-10-23T04:00:00.000Z,4098.09,4134.91,4057.14,4089.63,6819.9733
2025-10-23T08:00:00.000Z,4089.64,4126.89,4089.64,4115.49,1673.2375
2025-10-23T12:00:00.000Z,4115.18,4157.46,4106.12,4141.4,2387.1127
2025-10-23T16:00:00.000Z,4141.39,4149.06,4116.07,4117,1319.5513
2025-10-23T20:00:00.000Z,4117.36,4127.97,4102,4117.46,1678.3569
2025-10-24T00:00:00.000Z,4117.92,4139.52,4109.74,4125,1119.8083
2025-10-24T04:00:00.000Z,4125,4125.01,4067.75,4071.99,2960.0521
2025-10-24T08:00:00.000Z,4072,4074.77,4045.25,4061.53,2942.7681
2025-10-24T12:00:00.000Z,4061.53,4126.98,4059.58,4121.94,3076.3162
2025-10-24T16:00:00.000Z,4122.13,4139.62,4094.25,4097.3,1879.4135
2025-10-24T20:00:00.000Z,4097.3,4117.64,4090.99,4110.53,616.2352
2025-10-25T00:00:00.000Z,4110.54,4127.13,4101.77,4110.07,1217.3696
2025-10-25T04:00:00.000Z,4110.07,4117.43,4105,4107.34,610.4928
2025-10-25T08:00:00.000Z,4107.34,4116.78,4099.93,4109.41,830.5532
2025-10-25T12:00:00.000Z,4109.41,4111.65,4106.7,4107.82,259.8769
2025-10-25T16:00:00.000Z,4107.82,4110.46,4105.6,4108.81,243.6581
2025-10-25T20:00:00.000Z,4108.82,4110.39,4106.17,4110.33,235.1217
2025-10-26T00:00:00.000Z,4110.32,4114.5,4104,4107.75,398.4182
2025-10-26T04:00:00.000Z,4107.75,4111,4098.74,4102.79,1131.6964
2025-10-26T08:00:00.000Z,4102.8,4109.89,4097.98,4101.71,1367.2302
2025-10-26T12:00:00.000Z,4101.71,4107.14,4096.2,4099.13,959.5748
2025-10-26T16:00:00.000Z,4099.12,4102.37,4085.03,4096.5,862.2244
2025-10-26T20:00:00.000Z,4096.51,4101.8,4056.26,4059.96,2989.6194
2025-10-27T00:00:00.000Z,4059.95,4094.71,4056.01,4066.67,2201.1609
2025-10-27T04:00:00.000Z,4066.67,4081.07,4051.07,4063.71,1945.2878
2025-10-27T08:00:00.000Z,4063.71,4064.24,4015.88,4023.84,4126.6923
2025-10-27T12:00:00.000Z,4023.84,4048.48,3951,3986.79,5791.5886
2025-10-27T16:00:00.000Z,3986.97,4002.18,3977.21,3980.31,1972.3051
2025-10-27T20:00:00.000Z,3980.41,3995.37,3969.82,3992.2,1378.8914
2025-10-28T00:00:00.000Z,3992.19,4013.17,3970.87,3990.1,1846.8872
2025-10-28T04:00:00.000Z,3990.15,3991.69,3921,3932.14,3026.8881
2025-10-28T08:00:00.000Z,3932.14,3939.8,3900,3931.36,6809.4396
2025-10-28T12:00:00.000Z,3931.37,4000,3913.63,3970.74,5183.4726
2025-10-28T16:00:00.000Z,3970.73,3976.22,3953.36,3967.98,2311.8437
2025-10-28T20:00:00.000Z,3967.97,3970.91,3930.08,3968.36,2175.991
2025-10-29T00:00:00.000Z,3968.42,3987.5,3950.01,3964.2,2468.4065
2025-10-29T04:00:00.000Z,3964.2,4001.52,3953.08,4001.52,1558.3344
2025-10-29T08:00:00.000Z,4001.53,4031.43,3999.86,4018.16,2611.8376
2025-10-29T12:00:00.000Z,4018.17,4030.63,3989,3995.02,2156.1722
2025-10-29T16:00:00.000Z,3994.75,4008.95,3933.18,3949.3,4013.7579
2025-10-29T20:00:00.000Z,3949.55,3960.06,3921.71,3956.23,1806.2425
2025-10-30T00:00:00.000Z,3955.76,3969.71,3923.15,3941.1,1872.9996
2025-10-30T04:00:00.000Z,3941.16,3985.01,3938.48,3961.39,3426.8738
2025-10-30T08:00:00.000Z,3961.38,4008.04,3954.46,3976.02,3463.5058
2025-10-30T12:00:00.000Z,3976.01,4009.8,3960.79,3999.16,3353.0949
2025-10-30T16:00:00.000Z,3999.16,4023,3989.42,4020.42,2518.8871
2025-10-30T20:00:00.000Z,4020.71,4040,4012.42,4034.25,1709.2651
2025-10-31T00:00:00.000Z,4034.26,4035,3990,3994.43,2100.0141
2025-10-31T04:00:00.000Z,3994.43,4026.25,3988.57,4023.86,1201.7422
2025-10-31T08:00:00.000Z,4023.86,4031.8,3998.71,4007.61,1724.8259
2025-10-31T12:00:00.000Z,4007.61,4032.56,4007.19,4011.79,1937.4937
2025-10-31T16:00:00.000Z,4012.04,4013.84,3971.81,3995.65,2699.3673
2025-10-31T20:00:00.000Z,3995.65,4004.21,3991.21,4000.16,440.2694
2025-11-01T00:00:00.000Z,4000.16,4005.95,3995.51,4004.43,447.3049
2025-11-01T04:00:00.000Z,4004.43,4007.15,4002.43,4002.96,302.0875
2025-11-01T08:00:00.000Z,4002.96,4009.88,4001.84,4008.72,432.0724
2025-11-01T12:00:00.000Z,4008.71,4010.36,4001.18,4004.7,540.7864
2025-11-01T16:00:00.000Z,4004.71,4016.63,4003.02,4015,1019.9707
2025-11-01T20:00:00.000Z,4015,4015.01,4006.5,4008.41,335.4392
2025-11-02T00:00:00.000Z,4008.42,4012.69,4002.93,4003.39,416.2823
2025-11-02T04:00:00.000Z,4003.38,4005.95,3990,4001.76,868.1847
2025-11-02T08:00:00.000Z,4001.76,4003.7,3993.14,3998.39,518.1187
2025-11-02T12:00:00.000Z,3998.39,4006.16,3994,3998.65,539.4984
2025-11-02T16:00:00.000Z,3998.6,4003.17,3996.56,4002.52,224.2447
2025-11-02T20:00:00.000Z,4002.53,4002.95,3976.88,3979.05,548.4197
2025-11-03T00:00:00.000Z,3979.05,4010.05,3962.2,4005.89,1825.8767
2025-11-03T04:00:00.000Z,4005.89,4020.78,3995.74,4020.34,1430.4963
2025-11-03T08:00:00.000Z,4020.35,4023.18,3980,4003.3,1174.0331
2025-11-03T12:00:00.000Z,4003.3,4024.93,3999.59,4003.73,1635.2172
2025-11-03T16:00:00.000Z,4003.78,4008.28,3990,3999.2,1419.2432
2025-11-03T20:00:00.000Z,3999.67,4009.04,3980.07,3992.01,657.5537
2025-11-04T00:00:00.000Z,3992.02,3996.92,3967.12,3990.87,1482.4988
2025-11-04T04:00:00.000Z,3991.09,4009,3960.38,3988.3,1331.3648
2025-11-04T08:00:00.000Z,3988.3,3995,3980.27,3991.52,1120.5241
2025-11-04T12:00:00.000Z,3991.51,3992.25,3927.23,3951.97,2625.4669
2025-11-04T16:00:00.000Z,3951.97,3968.35,3918,3930.56,2528.7541
2025-11-04T20:00:00.000Z,3930.56,3936.24,3920,3929.18,1901.7253
2025-11-05T00:00:00.000Z,3929.45,3960.23,3920,3957.01,2378.7179
2025-11-05T04:00:00.000Z,3957,3968.69,3952.12,3965.97,1578.2514
2025-11-05T08:00:00.000Z,3965.97,3977.86,3952.18,3961.52,927.8189
2025-11-05T12:00:00.000Z,3961.53,3980.79,3957.36,3974.86,1466.6038
2025-11-05T16:00:00.000Z,3974.86,3985.32,3971.5,3984.63,947.8047
2025-11-05T20:00:00.000Z,3984.64,3988.23,3962.92,3971.74,1034.6833
2025-11-06T00:00:00.000Z,3971.75,3984.59,3958.68,3981.99,717.6612
2025-11-06T04:00:00.000Z,3982,4007,3975.21,4002.18,1334.2908
2025-11-06T08:00:00.000Z,4002.41,4015.75,4001,4015.75,888.1184
2025-11-06T12:00:00.000Z,4015.74,4020,3967.1,3975.32,2493.8462
2025-11-06T16:00:00.000Z,3975.31,3992.4,3962.18,3981.31,969.3221
2025-11-06T20:00:00.000Z,3981.31,3986.26,3972.1,3986.26,619.1008
2025-11-07T00:00:00.000Z,3986.26,3999,3980.71,3986.7,1185.3582
2025-11-07T04:00:00.000Z,3986.7,4003.85,3981.63,4002.7,656.788
2025-11-07T08:00:00.000Z,4002.7,4007.13,3989.11,3997.4,686.7962
2025-11-07T12:00:00.000Z,3997.62,4002.71,3977.01,3982.24,3847.3159
2025-11-07T16:00:00.000Z,3982.06,4014.99,3981.47,4003.11,1753.6172
2025-11-07T20:00:00.000Z,4003.1,4003.1,3990.5,3992.01,850.5109
2025-11-08T00:00:00.000Z,3992.02,4000,3991.6,3996.64,351.7771
2025-11-08T04:00:00.000Z,3996.64,3998.21,3986.75,3988.16,346.666
2025-11-08T08:00:00.000Z,3988.16,3993.65,3986.93,3990.91,222.6023
2025-11-08T12:00:00.000Z,3990.91,3993.12,3985.64,3987.54,280.8221
2025-11-08T16:00:00.000Z,3987.54,3991.48,3983.66,3987.95,330.8422
2025-11-08T20:00:00.000Z,3987.95,3991.02,3986.13,3989.36,185.5931
2025-11-09T00:00:00.000Z,3989.36,3995.64,3986.47,3987.68,333.3714
2025-11-09T04:00:00.000Z,3987.7,3996.45,3987.39,3994.84,179.6278
2025-11-09T08:00:00.000Z,3994.85,3997.65,3988.43,3992.24,527.3283
2025-11-09T12:00:00.000Z,3992.24,3997.82,3992,3993.19,694.6601
2025-11-09T16:00:00.000Z,3993.2,3996.54,3992,3993.37,472.4198
2025-11-09T20:00:00.000Z,3993.37,4004.69,3992.8,4004.69,593.5438
2025-11-10T00:00:00.000Z,4004.79,4046.24,4004.65,4044.88,1799.6314
2025-11-10T04:00:00.000Z,4044.9,4075,4044.89,4073.3,1424.8946
2025-11-10T08:00:00.000Z,4073.31,4082.35,4066.68,4082.35,934.1164
2025-11-10T12:00:00.000Z,4082.6,4104.86,4072.81,4077.27,2216.7952
2025-11-10T16:00:00.000Z,4077.27,4110,4075.91,4105.78,1720.6743
2025-11-10T20:00:00.000Z,4105.78,4117,4097.93,4114.67,626.2029
2025-11-11T00:00:00.000Z,4114.68,4139.34,4111.58,4132.45,1622.4977
2025-11-11T04:00:00.000Z,4132.3,4135.99,4111.28,4119.23,1747.7262
2025-11-11T08:00:00.000Z,4119.23,4137.46,4118.63,4134.6,1526.182
2025-11-11T12:00:00.000Z,4134.83,4137.3,4085.13,4095.91,2026.7481
2025-11-11T16:00:00.000Z,4095.9,4112.61,4094.3,4110.26,849.4258
2025-11-11T20:00:00.000Z,4110.26,4131.52,4106.16,4127.99,1049.3659
2025-11-12T00:00:00.000Z,4128.04,4131.45,4103.38,4104.09,1004.8083
2025-11-12T04:00:00.000Z,4104.08,4112,4088.21,4104.86,956.7629
2025-11-12T08:00:00.000Z,4104.88,4121.96,4100.06,4115.13,839.9952
2025-11-12T12:00:00.000Z,4115.13,4177.04,4114.21,4170.13,2935.7813
2025-11-12T16:00:00.000Z,4170.14,4201.78,4166.15,4185.53,2779.2274
2025-11-12T20:00:00.000Z,4185.53,4193.68,4172,4178.16,1201.1339
2025-11-13T00:00:00.000Z,4178.16,4198.7,4170.11,4198.7,1266.9806
2025-11-13T04:00:00.000Z,4198.9,4209.9,4193.85,4208.79,1324.9168
2025-11-13T08:00:00.000Z,4208.78,4230.66,4208.05,4221.48,2811.5005
2025-11-13T12:00:00.000Z,4221.47,4237.72,4176.78,4185.45,3475.7666
2025-11-13T16:00:00.000Z,4185.19,4199.04,4129.78,4148.73,3951.7912
2025-11-13T20:00:00.000Z,4148.73,4179.42,4144.48,4175.95,1663.0998
2025-11-14T00:00:00.000Z,4175.95,4202,4160.37,4193.7,1969.6008
2025-11-14T04:00:00.000Z,4193.7,4194.28,4146.04,4168.59,1884.8856
2025-11-14T08:00:00.000Z,4168.59,4172.67,4118,4120.5,2417.5438
2025-11-14T12:00:00.000Z,4120.5,4126.86,4022.35,4080.06,6369.4105
2025-11-14T16:00:00.000Z,4080.2,4095.77,4066.66,4076.76,1565.4966
2025-11-14T20:00:00.000Z,4076.65,4080.62,4063.73,4074.73,1120.9923
2025-11-15T00:00:00.000Z,4074.72,4083.97,4070.3,4076.75,948.2451
2025-11-15T04:00:00.000Z,4076.74,4084.2,4069.41,4079.63,614.0049
2025-11-15T08:00:00.000Z,4079.63,4079.96,4072.27,4074.28,622.1593
2025-11-15T12:00:00.000Z,4074.45,4099.41,4073.65,4094.83,1385.6833
2025-11-15T16:00:00.000Z,4094.83,4099.38,4087.17,4087.17,668.8012
2025-11-15T20:00:00.000Z,4087.18,4102.02,4085.31,4093.95,470.6815
2025-11-16T00:00:00.000Z,4093.96,4107.34,4093.14,4102.38,652.2578
2025-11-16T04:00:00.000Z,4102.7,4107,4097.73,4102.92,431.1865
2025-11-16T08:00:00.000Z,4102.92,4112.35,4093.91,4101.15,683.2694
2025-11-16T12:00:00.000Z,4101.16,4105.87,4088.61,4092.66,752.5759
2025-11-16T16:00:00.000Z,4092.71,4108.74,4090.01,4097.89,1584.3687
2025-11-16T20:00:00.000Z,4097.9,4116.75,4075,4090.82,2039.3227
2025-11-17T00:00:00.000Z,4091.3,4094.96,4067,4080.78,1627.5855
2025-11-17T04:00:00.000Z,4080.77,4081.09,4041.17,4073.34,2352.8556
2025-11-17T08:00:00.000Z,4073.32,4079.16,4051,4064.96,1164.2508
2025-11-17T12:00:00.000Z,4064.96,4076.97,4048.22,4052.24,1794.1167
2025-11-17T16:00:00.000Z,4052.25,4068,4003.95,4004.62,2972.5444
2025-11-17T20:00:00.000Z,4004.62,4050.52,4000,4028.61,2404.8389
2025-11-18T00:00:00.000Z,4028.61,4034.82,3998.71,4005.55,2312.936
2025-11-18T04:00:00.000Z,4005.55,4017.27,3996.15,4007.88,2226.6292
2025-11-18T08:00:00.000Z,4008.19,4041.65,4005.7,4030.38,1421.0486
2025-11-18T12:00:00.000Z,4030.39,4070.83,4021.58,4047.87,2270.452
2025-11-18T16:00:00.000Z,4047.87,4072.77,4037.33,4072.42,1451.2608
2025-11-18T20:00:00.000Z,4072.51,4074.72,4056.56,4069,617.4571
2025-11-19T00:00:00.000Z,4069,4073.54,4050,4059.19,1119.803
2025-11-19T04:00:00.000Z,4059.19,4091.53,4056.92,4080.15,1467.0007
2025-11-19T08:00:00.000Z,4080.16,4111.18,4072.35,4106.46,2208.1505
2025-11-19T12:00:00.000Z,4106.11,4130.4,4083.16,4089.5,2874.0018
2025-11-19T16:00:00.000Z,4089.73,4094.24,4049.14,4065.39,3587.9854
2025-11-19T20:00:00.000Z,4065.39,4099.96,4057.73,4096.93,2307.6868
2025-11-20T00:00:00.000Z,4097.12,4105.87,4039.74,4066.99,1977.028
2025-11-20T04:00:00.000Z,4067.13,4077.05,4051.75,4055.07,1404.5609
2025-11-20T08:00:00.000Z,4055.08,4064.32,4035.73,4055.96,1373.9317
2025-11-20T12:00:00.000Z,4055.96,4097.79,4055.79,4064.39,3025.9479
2025-11-20T16:00:00.000Z,4064.26,4080.35,4038.03,4080.12,4623.7037
2025-11-20T20:00:00.000Z,4080.12,4081.95,4066.5,4074.87,1554.537
2025-11-21T00:00:00.000Z,4074.87,4078.32,4044.75,4050.8,2866.8648
2025-11-21T04:00:00.000Z,4050.8,4058.56,4020.6,4024.7,4001.6718
2025-11-21T08:00:00.000Z,4024.7,4087.88,4015.42,4029.71,5504.4213
2025-11-21T12:00:00.000Z,4029.71,4076.81,4028.29,4065.95,7090.5377
2025-11-21T16:00:00.000Z,4065.96,4101.46,4057.42,4085.6,4375.8929
2025-11-21T20:00:00.000Z,4085.59,4086.07,4054.13,4065.92,1390.0702
2025-11-22T00:00:00.000Z,4065.92,4065.92,4056.86,4060.4,506.8949
2025-11-22T04:00:00.000Z,4060.4,4064.47,4056,4061.8,803.3878
2025-11-22T08:00:00.000Z,4061.81,4062.89,4054.27,4059.27,981.5859
2025-11-22T12:00:00.000Z,4059.27,4063.21,4056.24,4060.15,738.7265
2025-11-22T16:00:00.000Z,4060.15,4063.42,4057.72,4060.45,550.125
2025-11-22T20:00:00.000Z,4060.45,4065.9,4055.7,4058.06,543.3088
2025-11-23T00:00:00.000Z,4058.41,4063.82,4057.07,4060.08,933.6258
2025-11-23T04:00:00.000Z,4060.08,4063.59,4052.36,4052.86,876.3275
2025-11-23T08:00:00.000Z,4052.85,4059.65,4052.21,4057.18,565.7418
2025-11-23T12:00:00.000Z,4057.17,4060.74,4042.98,4048.76,982.1209
2025-11-23T16:00:00.000Z,4048.76,4051.33,4040.66,4044.76,647.7617
2025-11-23T20:00:00.000Z,4045.1,4067.99,4044.27,4065.69,937.5046
2025-11-24T00:00:00.000Z,4065.7,4066.17,4035.29,4043.24,1483.1051
2025-11-24T04:00:00.000Z,4043.64,4062,4034.86,4054.41,1353.3571
2025-11-24T08:00:00.000Z,4054.97,4072,4054.97,4067.22,1580.0888
2025-11-24T12:00:00.000Z,4066.87,4096.2,4063.86,4091.65,2446.9105
2025-11-24T16:00:00.000Z,4092.09,4124.16,4087.68,4117.74,4024.7196
2025-11-24T20:00:00.000Z,4117.74,4143.95,4117.74,4143.6,2836.2772
2025-11-25T00:00:00.000Z,4143.83,4155.1,4124.45,4143.03,1694.7796
2025-11-25T04:00:00.000Z,4143.04,4149.53,4128.7,4129.51,1050.4443
2025-11-25T08:00:00.000Z,4129.66,4136.49,4107.49,4128.85,1442.6004
2025-11-25T12:00:00.000Z,4128.85,4143.74,4106.48,4121.27,2765.7007
2025-11-25T16:00:00.000Z,4120.93,4156.22,4120.19,4130.41,2020.9867
2025-11-25T20:00:00.000Z,4130.41,4137.18,4123,4128.55,1217.7604
2025-11-26T00:00:00.000Z,4128.56,4161.95,4126.44,4159.37,1305.1758
2025-11-26T04:00:00.000Z,4159.88,4165.71,4144.76,4155.19,1186.1157
2025-11-26T08:00:00.000Z,4155.19,4172.33,4152.01,4171.63,1347.9507
2025-11-26T12:00:00.000Z,4171.2,4171.64,4136.49,4163.91,2404.4023
2025-11-26T16:00:00.000Z,4163.91,4167.86,4154.06,4161.75,2478.5641
2025-11-26T20:00:00.000Z,4161.93,4171.07,4159.42,4165.21,788.0471
2025-11-27T00:00:00.000Z,4165.21,4166.01,4141.53,4145.48,1405.0218
2025-11-27T04:00:00.000Z,4145.39,4158.04,4141.17,4156.6,782.608
2025-11-27T08:00:00.000Z,4156.59,4163.52,4147.12,4156.86,723.2923
2025-11-27T12:00:00.000Z,4156.85,4159.67,4147.66,4156.57,1172.8744
2025-11-27T16:00:00.000Z,4156.58,4158.23,4150.22,4155.53,759.3836
2025-11-27T20:00:00.000Z,4155.54,4161.05,4148.65,4160.64,408.3903
2025-11-28T00:00:00.000Z,4160.99,4192,4160.99,4185.62,1304.7874
2025-11-28T04:00:00.000Z,4185.63,4193.41,4180.04,4180.63,908.0494
2025-11-28T08:00:00.000Z,4180.4,4181.46,4159.02,4176.19,1335.1862
2025-11-28T12:00:00.000Z,4176.18,4207.57,4173.04,4207.51,2512.7419
2025-11-28T16:00:00.000Z,4207.52,4231.09,4202.88,4223.56,3250.1378
2025-11-28T20:00:00.000Z,4223.57,4232.83,4217.79,4232.82,768.5033
2025-11-29T00:00:00.000Z,4232.83,4244.97,4224.6,4228.18,976.0659
2025-11-29T04:00:00.000Z,4228.18,4238.21,4226.57,4231.75,823.5344
2025-11-29T08:00:00.000Z,4231.86,4249.89,4230.8,4249.71,973.9679
2025-11-29T12:00:00.000Z,4249.7,4254.98,4243.47,4249.53,823.3245
2025-11-29T16:00:00.000Z,4249.52,4250.9,4236.83,4245.08,1202.2697
2025-11-29T20:00:00.000Z,4245.42,4254.85,4241.85,4248.13,536.3754
2025-11-30T00:00:00.000Z,4248.13,4254.98,4238.8,4244.08,712.7893
2025-11-30T04:00:00.000Z,4244.08,4252.19,4241.62,4250.43,446.0135
2025-11-30T08:00:00.000Z,4250.42,4252.47,4242.32,4244.13,530.7714
2025-11-30T12:00:00.000Z,4244.13,4249.67,4238.07,4243.27,869.7144
2025-11-30T16:00:00.000Z,4243.27,4249.13,4242.58,4247.68,937.3701
2025-11-30T20:00:00.000Z,4247.67,4251.29,4228.88,4238.44,1434.9796
2025-12-01T00:00:00.000Z,4238.09,4273.16,4227.67,4250.93,5196.2131
2025-12-01T04:00:00.000Z,4250.94,4258.17,4221.5,4253.98,2797.7353
2025-12-01T08:00:00.000Z,4253.99,4274.84,4247.55,4272.53,2544.9799
2025-12-01T12:00:00.000Z,4272.53,4283,4231.24,4243.52,6669.4272
2025-12-01T16:00:00.000Z,4243.51,4256.9,4236.61,4250.47,2780.2077
2025-12-01T20:00:00.000Z,4250.91,4259.79,4242.77,4243.87,2145.4056
2025-12-02T00:00:00.000Z,4243.88,4245.46,4220.03,4230.61,2055.4136
2025-12-02T04:00:00.000Z,4230.62,4238.17,4216.41,4225.15,1562.9409
2025-12-02T08:00:00.000Z,4225.38,4229,4185.65,4207.45,2851.0666
2025-12-02T12:00:00.000Z,4207.46,4232.51,4169.29,4173.76,5010.6287
2025-12-02T16:00:00.000Z,4173.76,4198.18,4171.47,4193.93,2531.8202
2025-12-02T20:00:00.000Z,4193.94,4216.37,4193.17,4212.8,1574.1441
2025-12-03T00:00:00.000Z,4212.79,4232.43,4207.44,4223.35,1495.3101
2025-12-03T04:00:00.000Z,4223.35,4228.71,4203.19,4209.16,1199.0893
2025-12-03T08:00:00.000Z,4209.15,4213.05,4199.42,4213,851.0628
2025-12-03T12:00:00.000Z,4212.99,4247.83,4210.57,4222.62,2915.0198
2025-12-03T16:00:00.000Z,4222.62,4231.84,4204.54,4215.99,881.5429
2025-12-03T20:00:00.000Z,4215.91,4220.36,4209.28,4214.88,608.5362
2025-12-04T00:00:00.000Z,4214.87,4222.42,4195.46,4202.91,913.8427
2025-12-04T04:00:00.000Z,4202.91,4205.47,4183,4199.38,819.8347
2025-12-04T08:00:00.000Z,4199.38,4212.5,4190.56,4205.88,726.9898
2025-12-04T12:00:00.000Z,4205.46,4219.82,4193.7,4212.49,1021.5858
2025-12-04T16:00:00.000Z,4212.48,4222.51,4205.3,4212.63,556.791
2025-12-04T20:00:00.000Z,4212.63,4217.05,4209.55,4213.55,328.7237
2025-12-05T00:00:00.000Z,4213.81,4216.32,4201.64,4214.04,312.6459
2025-12-05T04:00:00.000Z,4214.05,4236.49,4213.67,4229.94,1083.6514
2025-12-05T08:00:00.000Z,4230.59,4235.43,4225.23,4232.47,1100.4058
2025-12-05T12:00:00.000Z,4232.46,4260.48,4230.5,4247.64,1666.034
2025-12-05T16:00:00.000Z,4247.84,4249.91,4208.86,4217.38,1796.7882
2025-12-05T20:00:00.000Z,4217.36,4217.36,4202.41,4209.92,658.2444
2025-12-06T00:00:00.000Z,4209.93,4216.24,4208.2,4211.45,324.2163
2025-12-06T04:00:00.000Z,4211.45,4211.51,4205.65,4211.5,373.044
2025-12-06T08:00:00.000Z,4211.5,4215.48,4210.6,4213.3,417.0996
2025-12-06T12:00:00.000Z,4213.31,4214.42,4208.95,4214.41,438.8608
2025-12-06T16:00:00.000Z,4214.41,4214.81,4210.44,4212.04,272.7753
2025-12-06T20:00:00.000Z,4212.04,4214.93,4212,4213.55,190.5339
2025-12-07T00:00:00.000Z,4213.56,4213.56,4211.71,4212.4,183.7188
2025-12-07T04:00:00.000Z,4212.4,4213.78,4211.39,4212.28,349.216
2025-12-07T08:00:00.000Z,4212.28,4214.86,4212.2,4213,140.3463
2025-12-07T12:00:00.000Z,4213,4213.15,4202.45,4208.45,505.4624
2025-12-07T16:00:00.000Z,4208.44,4210.23,4203.37,4203.38,803.1953
2025-12-07T20:00:00.000Z,4203.38,4213.34,4203.1,4213.34,401.0819
2025-12-08T00:00:00.000Z,4213.34,4220.92,4209,4218.59,667.144
2025-12-08T04:00:00.000Z,4218.59,4226.68,4215.35,4217.65,444.2878
2025-12-08T08:00:00.000Z,4217.66,4224.35,4211.77,4217.68,690.5489
2025-12-08T12:00:00.000Z,4217.64,4223.74,4189.1,4193.94,1438.6763
2025-12-08T16:00:00.000Z,4193.7,4206.21,4188.74,4194.85,473.6629
2025-12-08T20:00:00.000Z,4194.85,4204.1,4193.84,4204.1,246.298
2025-12-09T00:00:00.000Z,4204.09,4205.21,4196.31,4204.44,340.6006
2025-12-09T04:00:00.000Z,4204.45,4204.98,4182.52,4190.8,413.3938
2025-12-09T08:00:00.000Z,4190.81,4218.26,4190.81,4208.36,493.8305
2025-12-09T12:00:00.000Z,4208.37,4218.34,4197.33,4215.9,907.404
2025-12-09T16:00:00.000Z,4215.9,4227.77,4208.14,4219.4,993.6414
2025-12-09T20:00:00.000Z,4219.39,4222.17,4212.95,4215.63,297.0688
2025-12-10T00:00:00.000Z,4215.63,4223.22,4209.4,4210.5,549.5343
2025-12-10T04:00:00.000Z,4210.5,4217.43,4208.02,4210.76,365.6233
2025-12-10T08:00:00.000Z,4210.75,4212.15,4196.64,4204.1,612.815
2025-12-10T12:00:00.000Z,4204.1,4211.71,4198.15,4200.56,421.2067
2025-12-10T16:00:00.000Z,4200.61,4221.27,4191,4220.35,1768.5923
2025-12-10T20:00:00.000Z,4220.35,4239.65,4216.2,4239.31,1432.1376
2025-12-11T00:00:00.000Z,4239.3,4247.74,4215.86,4222.95,887.3129
2025-12-11T04:00:00.000Z,4222.98,4224.3,4213.02,4222.46,384.4201
2025-12-11T08:00:00.000Z,4222.46,4231.83,4216.82,4218.21,348.9878
2025-12-11T12:00:00.000Z,4218.23,4261.72,4213.55,4256.67,1126.9837
2025-12-11T16:00:00.000Z,4256.7,4293,4253.21,4282.53,3226.3777
2025-12-11T20:00:00.000Z,4282.54,4291.78,4274.63,4285.37,656.3352
2025-12-12T00:00:00.000Z,4285.38,4289.89,4278.35,4284.95,602.3491
2025-12-12T04:00:00.000Z,4284.95,4300.74,4279.86,4296.2,1428.2321
2025-12-12T08:00:00.000Z,4296.2,4348.85,4296.2,4347.63,2251.731
2025-12-12T12:00:00.000Z,4347.6,4363.55,4298.2,4303.78,3547.9299
2025-12-12T16:00:00.000Z,4304.02,4313.1,4274.63,4307.95,2790.8829
2025-12-12T20:00:00.000Z,4307.94,4314.28,4300.51,4308.81,435.4668
2025-12-13T00:00:00.000Z,4308.8,4312.7,4307.55,4311.45,180.1769
2025-12-13T04:00:00.000Z,4311.46,4316.65,4308.8,4316.37,409.7744
2025-12-13T08:00:00.000Z,4316.37,4318.41,4314.23,4314.41,364.2836
2025-12-13T12:00:00.000Z,4314.35,4317.41,4313.6,4317.01,226.1489
2025-12-13T16:00:00.000Z,4317.02,4321.14,4316.65,4319.56,278.7272
2025-12-13T20:00:00.000Z,4319.55,4324.75,4312.43,4316.79,370.7098
2025-12-14T00:00:00.000Z,4316.8,4319.05,4315.7,4316.16,119.6814
2025-12-14T04:00:00.000Z,4316.16,4322.29,4315.84,4322,188.9537
2025-12-14T08:00:00.000Z,4321.99,4322.4,4319.05,4319.51,325.2053
2025-12-14T12:00:00.000Z,4319.5,4323.32,4316.07,4319.35,563.4946
2025-12-14T16:00:00.000Z,4319.36,4325.5,4319.31,4321.79,321.0033
2025-12-14T20:00:00.000Z,4321.79,4325.8,4311.03,4316.55,890.095
2025-12-15T00:00:00.000Z,4316.32,4341.95,4315.66,4340.44,1662.9755
2025-12-15T04:00:00.000Z,4340.44,4358.05,4337.07,4353.09,1755.4872
2025-12-15T08:00:00.000Z,4353.09,4362.25,4348.67,4355.55,636.05
2025-12-15T12:00:00.000Z,4355.55,4363.5,4326.72,4332.6,2852.0647
2025-12-15T16:00:00.000Z,4332.6,4332.6,4300,4325.1,2537.1091
2025-12-15T20:00:00.000Z,4325.1,4325.45,4311.27,4315.5,962.2808
2025-12-16T00:00:00.000Z,4315.54,4327.36,4295.04,4304.25,1576.2811
2025-12-16T04:00:00.000Z,4304.25,4305.03,4287.68,4300,751.9893
2025-12-16T08:00:00.000Z,4300.01,4301.59,4287.05,4291.18,634.7063
2025-12-16T12:00:00.000Z,4291.18,4348.05,4290.04,4334.85,1809.4437
2025-12-16T16:00:00.000Z,4334.86,4337.42,4308.45,4324.37,1354.7779
2025-12-16T20:00:00.000Z,4324.4,4327.89,4312.5,4322.11,845.0028
2025-12-17T00:00:00.000Z,4322.11,4338.4,4322.11,4336.71,1109.2562
2025-12-17T04:00:00.000Z,4336.71,4353.25,4330.4,4332.99,1193.7288
2025-12-17T08:00:00.000Z,4332.99,4336.6,4321.4,4328.85,976.4154
2025-12-17T12:00:00.000Z,4328.85,4362.55,4328.85,4344.17,1967.1629
2025-12-17T16:00:00.000Z,4344.15,4357.54,4331.99,4349.85,2018.771
2025-12-17T20:00:00.000Z,4349.87,4361.47,4349.34,4358.26,957.8646
2025-12-18T00:00:00.000Z,4358.26,4362.13,4336.03,4343.04,1974.2633
2025-12-18T04:00:00.000Z,4343.05,4347.25,4338.91,4342.25,542.61
2025-12-18T08:00:00.000Z,4342.24,4342.34,4333.45,4339.18,779.5726
2025-12-18T12:00:00.000Z,4339.17,4355.67,4322.45,4349.6,1633.7823
2025-12-18T16:00:00.000Z,4349.95,4384.99,4332.44,4336.54,2119.0349
2025-12-18T20:00:00.000Z,4336.55,4350.24,4336.55,4348.19,678.812
2025-12-19T00:00:00.000Z,4348.25,4348.25,4325.56,4331,1098.3632
2025-12-19T04:00:00.000Z,4331,4340.03,4327.81,4335.35,838.7017
2025-12-19T08:00:00.000Z,4335.34,4343.51,4333.25,4337.66,452.2566
2025-12-19T12:00:00.000Z,4337.66,4359.19,4332.9,4359.19,599.3042
2025-12-19T16:00:00.000Z,4359.18,4367.99,4354.21,4356.6,562.903
2025-12-19T20:00:00.000Z,4356.6,4356.6,4350,4351.32,262.57
2025-12-20T00:00:00.000Z,4351.32,4356.6,4350.65,4356.6,167.9539
2025-12-20T04:00:00.000Z,4356.6,4359.06,4356.03,4356.03,147.4249
2025-12-20T08:00:00.000Z,4356.03,4356.1,4354,4354.15,198.2416
2025-12-20T12:00:00.000Z,4354.14,4354.9,4351.3,4353.65,125.2811
2025-12-20T16:00:00.000Z,4353.66,4354.95,4352.35,4352.35,119.4086
2025-12-20T20:00:00.000Z,4352.35,4352.36,4352.06,4352.06,90.6611
2025-12-21T00:00:00.000Z,4352.07,4358.5,4350.72,4357.36,155.4158
2025-12-21T04:00:00.000Z,4357.36,4357.47,4352.8,4357.47,145.3133
2025-12-21T08:00:00.000Z,4357.47,4359.48,4352.49,4358.06,369.6366
2025-12-21T12:00:00.000Z,4358.06,4363.76,4358.05,4363.75,339.397
2025-12-21T16:00:00.000Z,4363.76,4364.44,4362.85,4363.65,195.9493
2025-12-21T20:00:00.000Z,4363.64,4368.59,4355.99,4367.25,476.8716
2025-12-22T00:00:00.000Z,4367.35,4407.97,4367.35,4407.27,1719.4575
2025-12-22T04:00:00.000Z,4407.27,4436.06,4406.44,4429.34,1745.1509
2025-12-22T08:00:00.000Z,4429.34,4433.29,4424.99,4426.1,3028.6687
2025-12-22T12:00:00.000Z,4426.1,4453.33,4425.15,4450.15,3735.6957
2025-12-22T16:00:00.000Z,4450.06,4458.75,4447.15,4450.6,2671.0323
2025-12-22T20:00:00.000Z,4450.59,4484.99,4450.59,4484.98,1471.9673
2025-12-23T00:00:00.000Z,4484.98,4517.98,4483.45,4503.85,3037.2289
2025-12-23T04:00:00.000Z,4504,4508.5,4486.25,4506.24,1403.2362
2025-12-23T08:00:00.000Z,4506.24,4522.66,4500.7,4512.17,2277.182
2025-12-23T12:00:00.000Z,4512.17,4513.32,4451.01,4476.15,2925.1716
2025-12-23T16:00:00.000Z,4476.15,4512.05,4474.06,4508.34,2205.6106
2025-12-23T20:00:00.000Z,4508.34,4539.06,4502.7,4531.01,1377.3317
2025-12-24T00:00:00.000Z,4531.01,4544.86,4494.45,4511.55,3783.0693
2025-12-24T04:00:00.000Z,4511.54,4519.59,4500.97,4500.97,998.4416
2025-12-24T08:00:00.000Z,4500.92,4516.35,4497.53,4509.51,1630.8477
2025-12-24T12:00:00.000Z,4509.51,4513.19,4466,4475.2,2065.644
2025-12-24T16:00:00.000Z,4475.21,4501.63,4474.09,4498.01,625.911
2025-12-24T20:00:00.000Z,4498.01,4499.84,4492.37,4496.84,457.0346
2025-12-25T00:00:00.000Z,4496.84,4498.08,4490.49,4494.6,285.8367
2025-12-25T04:00:00.000Z,4494.6,4497.75,4490.91,4497.31,245.8341
2025-12-25T08:00:00.000Z,4497.31,4501.9,4490.8,4498.65,539.2992
2025-12-25T12:00:00.000Z,4498.65,4506.56,4495.24,4506.27,513.849
2025-12-25T16:00:00.000Z,4506.28,4508.77,4500.37,4508.52,354.5595
2025-12-25T20:00:00.000Z,4508.52,4520.19,4508.29,4516.05,1118.7846
2025-12-26T00:00:00.000Z,4516.09,4547.65,4508.66,4517.85,3123.3702
2025-12-26T04:00:00.000Z,4517.84,4533.8,4517.4,4527.11,910.0629
2025-12-26T08:00:00.000Z,4527.1,4544.59,4526.16,4529.7,1436.0347
2025-12-26T12:00:00.000Z,4529.69,4568.44,4526.4,4567.69,3096.8159
2025-12-26T16:00:00.000Z,4567.7,4572.4,4537.96,4549.86,2681.6566
2025-12-26T20:00:00.000Z,4549.86,4564.48,4549.64,4557.34,1028.5467
2025-12-27T00:00:00.000Z,4557.33,4562.75,4540.78,4550.11,1122.642
2025-12-27T04:00:00.000Z,4550.11,4564.81,4547.52,4561.95,404.4625
2025-12-27T08:00:00.000Z,4561.94,4569.81,4561.94,4563.34,663.2656
2025-12-27T12:00:00.000Z,4563.34,4570.4,4560.53,4568.19,646.0621
2025-12-27T16:00:00.000Z,4568.18,4575.66,4563.59,4573.93,727.8734
2025-12-27T20:00:00.000Z,4573.92,4574.05,4568.41,4571.49,640.7812
2025-12-28T00:00:00.000Z,4571.74,4572.17,4563,4563.9,297.3832
2025-12-28T04:00:00.000Z,4563.9,4570.59,4561.25,4565.24,336.4388
2025-12-28T08:00:00.000Z,4565.25,4573.85,4565.25,4573.84,492.4338
2025-12-28T12:00:00.000Z,4573.84,4577.99,4548.25,4559.24,2420.6499
2025-12-28T16:00:00.000Z,4559.24,4560.51,4552.6,4558.76,364.7028
2025-12-28T20:00:00.000Z,4558.77,4575.12,4549.04,4549.54,1306.3157
2025-12-29T00:00:00.000Z,4549.75,4549.99,4503.32,4531.7,2975.2343
2025-12-29T04:00:00.000Z,4531.7,4536.25,4474,4491.85,3027.9484
2025-12-29T08:00:00.000Z,4491.79,4504.4,4452,4460.9,2200.3791
2025-12-29T12:00:00.000Z,4460.9,4486.07,4330,4346.7,6868.84
2025-12-29T16:00:00.000Z,4346.68,4369.1,4342.51,4362.46,3146.6016
2025-12-29T20:00:00.000Z,4362.36,4367.69,4344.06,4364.34,1579.8379
2025-12-30T00:00:00.000Z,4364.34,4386.76,4346.82,4378.38,2813.1481
2025-12-30T04:00:00.000Z,4378.54,4398.95,4374.96,4389.99,2901.6123
2025-12-30T08:00:00.000Z,4390,4409.01,4370.01,4400.81,1537.4133
2025-12-30T12:00:00.000Z,4400.81,4422.79,4377.21,4382.75,3567.2837
2025-12-30T16:00:00.000Z,4382.6,4397.79,4359.7,4368.02,1276.6968
2025-12-30T20:00:00.000Z,4368.29,4375.6,4353.17,4360.54,887.4804
2025-12-31T00:00:00.000Z,4360.55,4386.25,4352.12,4363.03,2309.1843
2025-12-31T04:00:00.000Z,4363.39,4367.4,4295.94,4346.59,3982.6835
2025-12-31T08:00:00.000Z,4346.59,4352,4323,4327.94,1555.0089
2025-12-31T12:00:00.000Z,4327.66,4366.86,4321.6,4355.84,2651.6019
2025-12-31T16:00:00.000Z,4355.84,4358.2,4328.66,4330.6,1404.7502
2025-12-31T20:00:00.000Z,4330.61,4341.17,4323.94,4336.99,735.2322
2026-01-01T00:00:00.000Z,4337,4344,4335.13,4343.61,307.5954
2026-01-01T04:00:00.000Z,4343.62,4351.91,4341.58,4342.34,402.6291
2026-01-01T08:00:00.000Z,4342.35,4346.8,4342.34,4344.7,210.8136
2026-01-01T12:00:00.000Z,4344.7,4347.22,4341,4343.7,334.2029
2026-01-01T16:00:00.000Z,4343.7,4345.3,4337.14,4343.36,272.7872
2026-01-01T20:00:00.000Z,4343.36,4364,4336,4362.83,1129.2199
2026-01-02T00:00:00.000Z,4362.84,4383.72,4352.79,4382.86,2285.5558
2026-01-02T04:00:00.000Z,4382.86,4396.43,4378.99,4396.42,1566.3663
2026-01-02T08:00:00.000Z,4396.43,4414.83,4395.91,4407.01,2064.7279
2026-01-02T12:00:00.000Z,4407,4413.77,4349.01,4350.61,2978.2674
2026-01-02T16:00:00.000Z,4350.7,4350.95,4326.34,4333.71,1735.2333
2026-01-02T20:00:00.000Z,4333.71,4344.99,4333.28,4340.85,1023.1713
2026-01-03T00:00:00.000Z,4340.85,4344.53,4338.4,4341.61,762.3088
2026-01-03T04:00:00.000Z,4341.6,4354.32,4338,4354.11,768.598
2026-01-03T08:00:00.000Z,4354.1,4374.96,4354.1,4369.25,1939.3779
2026-01-03T12:00:00.000Z,4369.25,4373,4353.5,4359.49,777.1716
2026-01-03T16:00:00.000Z,4359.49,4368,4358.56,4361.2,497.7301
2026-01-03T20:00:00.000Z,4361.2,4364.02,4353.5,4355.79,495.3838
2026-01-04T00:00:00.000Z,4355.8,4362.09,4350.13,4352.83,552.1177
2026-01-04T04:00:00.000Z,4352.84,4355.04,4346.89,4354.9,867.8457
2026-01-04T08:00:00.000Z,4354.91,4355.04,4347.3,4347.65,722.5037
2026-01-04T12:00:00.000Z,4347.7,4359.26,4347.7,4357.4,572.0668
2026-01-04T16:00:00.000Z,4357.39,4366.68,4357.39,4364.91,539.2689
2026-01-04T20:00:00.000Z,4364.91,4387.08,4361.02,4384.45,2363.309
2026-01-05T00:00:00.000Z,4384.25,4421.06,4382.6,4404.96,2666.8768
2026-01-05T04:00:00.000Z,4404.84,4440.02,4402.06,4430.44,4099.0875
2026-01-05T08:00:00.000Z,4430.44,4450,4422.9,4431.09,1340.2453
2026-01-05T12:00:00.000Z,4431.1,4467.16,4408.5,4458.5,2630.1808
2026-01-05T16:00:00.000Z,4458.5,4464.95,4446.91,4451.06,1386.3131
2026-01-05T20:00:00.000Z,4451.06,4462.6,4442.14,4445.45,909.7388
2026-01-06T00:00:00.000Z,4445.45,4472,4431.4,4470.81,2129.7842
2026-01-06T04:00:00.000Z,4470.81,4478.9,4456.39,4464.12,1161.1889
2026-01-06T08:00:00.000Z,4463.85,4481.1,4450.01,4471.55,1509.2242
2026-01-06T12:00:00.000Z,4471.57,4505.36,4462.51,4488.31,3196.42
2026-01-06T16:00:00.000Z,4488.31,4512.19,4482.23,4498.4,3544.9386
2026-01-06T20:00:00.000Z,4498.25,4517,4497.65,4509.8,1063.2686
2026-01-07T00:00:00.000Z,4509.79,4510.2,4472.34,4486.2,3692.6605
2026-01-07T04:00:00.000Z,4486.5,4487.34,4455.85,4474.11,1446.9599
2026-01-07T08:00:00.000Z,4474.11,4482.5,4459.66,4459.99,1230.5465
2026-01-07T12:00:00.000Z,4460.02,4466.89,4439.15,4459.32,2589.0964
2026-01-07T16:00:00.000Z,4459.4,4478.78,4458.2,4468.81,1136.4112
2026-01-07T20:00:00.000Z,4468.8,4477.97,4463.87,4477.97,429.235
2026-01-08T00:00:00.000Z,4477.97,4481.21,4448.67,4454.39,1853.8715
2026-01-08T04:00:00.000Z,4454.39,4454.39,4430,4442.91,1453.5859
2026-01-08T08:00:00.000Z,4442.91,4445,4430.81,4435.01,1230.3938
2026-01-08T12:00:00.000Z,4435.05,4463.81,4422.05,4462.35,1921.3784
2026-01-08T16:00:00.000Z,4462.31,4472.86,4455.01,4462.35,973.3908
2026-01-08T20:00:00.000Z,4462.75,4490,4462.7,4482.19,1394.6072
2026-01-09T00:00:00.000Z,4482.2,4486.4,4464.81,4476.04,855.9414
2026-01-09T04:00:00.000Z,4476.01,4485.75,4469.44,4480.19,340.8291
2026-01-09T08:00:00.000Z,4480.16,4485,4473.05,4483.94,606.1105
2026-01-09T12:00:00.000Z,4483.93,4519.13,4470.53,4515.68,2791.5793
2026-01-09T16:00:00.000Z,4515.91,4517.61,4466.81,4501.96,1482.0403
2026-01-09T20:00:00.000Z,4501.96,4516,4501.37,4508.45,416.4747
2026-01-10T00:00:00.000Z,4508.46,4510.89,4506.05,4509.27,414.4259
2026-01-10T04:00:00.000Z,4509.27,4514.52,4509.27,4512.7,211.3828
2026-01-10T08:00:00.000Z,4512.7,4519.07,4512.7,4518.22,518.0796
2026-01-10T12:00:00.000Z,4518.22,4520.51,4517.19,4518.74,677.658
2026-01-10T16:00:00.000Z,4518.74,4518.74,4509.95,4511.09,329.5814
2026-01-10T20:00:00.000Z,4511.09,4523.43,4509.96,4523.42,240.2833
2026-01-11T00:00:00.000Z,4523.43,4524.7,4518.09,4523.55,272.8541
2026-01-11T04:00:00.000Z,4523.56,4524.37,4517.72,4522.25,327.9797
2026-01-11T08:00:00.000Z,4522.25,4523.9,4517.29,4521.5,411.6742
2026-01-11T12:00:00.000Z,4521.5,4521.5,4501.9,4513.23,1143.431
2026-01-11T16:00:00.000Z,4513.23,4513.23,4508.46,4510.12,276.3343
2026-01-11T20:00:00.000Z,4510.12,4549.35,4507.89,4544.29,1072.3944
2026-01-12T00:00:00.000Z,4544.35,4599.73,4541.04,4577.49,2948.2829
2026-01-12T04:00:00.000Z,4577.5,4592.97,4570.96,4592.97,847.0799
2026-01-12T08:00:00.000Z,4592.96,4605.98,4586.1,4590.4,1715.215
2026-01-12T12:00:00.000Z,4590.4,4633.33,4586.5,4630.3,2544.6368
2026-01-12T16:00:00.000Z,4629.94,4638.88,4611.95,4623.29,1697.9013
2026-01-12T20:00:00.000Z,4623.28,4623.64,4595,4615.31,1031.3444
2026-01-13T00:00:00.000Z,4615.3,4615.31,4592.56,4609.4,1050.6737
2026-01-13T04:00:00.000Z,4609.41,4615.49,4589.35,4596.47,1001.0424
2026-01-13T08:00:00.000Z,4596.47,4614.63,4594.79,4602.55,774.7452
2026-01-13T12:00:00.000Z,4602.55,4646.99,4592.4,4628.36,2129.5087
2026-01-13T16:00:00.000Z,4628.36,4629.04,4594,4605.96,1436.2614
2026-01-13T20:00:00.000Z,4605.96,4606.24,4568.2,4604.97,2137.476
2026-01-14T00:00:00.000Z,4604.97,4633.78,4603.96,4633.12,1151.0506
2026-01-14T04:00:00.000Z,4633.12,4644.99,4616.01,4635.21,2403.268
2026-01-14T08:00:00.000Z,4635.22,4643.56,4627.65,4636.15,1443.8709
2026-01-14T12:00:00.000Z,4636.15,4648.46,4611.76,4626.51,2054.8806
2026-01-14T16:00:00.000Z,4626.51,4648.51,4612.05,4646.25,1154.1319
2026-01-14T20:00:00.000Z,4646.25,4649.16,4619.68,4628.41,1152.5684
2026-01-15T00:00:00.000Z,4628.41,4631.15,4592.5,4603.39,2320.3337
2026-01-15T04:00:00.000Z,4603.39,4620.22,4540,4610.89,2393.6864
2026-01-15T08:00:00.000Z,4610.8,4629.06,4608.25,4627.76,571.4712
2026-01-15T12:00:00.000Z,4627.76,4628.64,4591.01,4623.3,1216.671
2026-01-15T16:00:00.000Z,4623.3,4634,4612.2,4627.84,1709.5757
2026-01-15T20:00:00.000Z,4627.84,4633.65,4616,4623.99,680.2713
2026-01-16T00:00:00.000Z,4623.98,4623.98,4606.24,4609.8,968.1667
2026-01-16T04:00:00.000Z,4609.77,4622.85,4607.8,4616.8,1293.0057
2026-01-16T08:00:00.000Z,4616.79,4623.25,4609.71,4621.91,367.2312
2026-01-16T12:00:00.000Z,4621.9,4629.64,4558.13,4584.55,2684.9105
2026-01-16T16:00:00.000Z,4584.55,4609.74,4583.6,4602.55,800.6923
2026-01-16T20:00:00.000Z,4602.6,4608.09,4594.56,4603.15,359.4918
2026-01-17T00:00:00.000Z,4603.16,4613.02,4603.16,4613,412.8888
2026-01-17T04:00:00.000Z,4613.01,4613.01,4609.16,4610.78,191.4066
2026-01-17T08:00:00.000Z,4610.78,4612.56,4608.7,4610.5,297.5058
2026-01-17T12:00:00.000Z,4610.51,4612.75,4607.29,4608.4,286.3287
2026-01-17T16:00:00.000Z,4608.4,4611.72,4602.93,4607.29,583.4219
2026-01-17T20:00:00.000Z,4607.29,4611.74,4604.77,4611.39,336.9384
2026-01-18T00:00:00.000Z,4611.4,4618.52,4611.39,4616.21,240.5167
2026-01-18T04:00:00.000Z,4616.21,4624.97,4616.2,4624.45,436.0181
2026-01-18T08:00:00.000Z,4624.45,4624.45,4615.18,4621.03,398.063
2026-01-18T12:00:00.000Z,4621.03,4625.27,4621.03,4622.5,251.049
2026-01-18T16:00:00.000Z,4622.51,4634.96,4622.51,4634.01,698.6403
2026-01-18T20:00:00.000Z,4634,4700,4627.42,4685.6,3049.989
2026-01-19T00:00:00.000Z,4685.55,4692.99,4670.05,4672.23,2274.3584
2026-01-19T04:00:00.000Z,4672.24,4691.39,4672.24,4677.99,1730.4074
2026-01-19T08:00:00.000Z,4677.99,4685.9,4666,4672.46,2637.8543
2026-01-19T12:00:00.000Z,4672.46,4688,4672.11,4687.16,709.4996
2026-01-19T16:00:00.000Z,4687.15,4692.9,4683.36,4686.01,734.2736
2026-01-19T20:00:00.000Z,4686.01,4696.1,4683.6,4683.97,466.4158
2026-01-20T00:00:00.000Z,4683.97,4691.54,4676.16,4690.42,1321.0649
2026-01-20T04:00:00.000Z,4690.42,4749,4690.42,4737.01,4783.5131
2026-01-20T08:00:00.000Z,4737.01,4759.3,4736.39,4753.43,3213.1677
2026-01-20T12:00:00.000Z,4753.43,4774,4737.41,4759.74,3356.0392
2026-01-20T16:00:00.000Z,4759.74,4788,4752.07,4783.89,3650.7583
2026-01-20T20:00:00.000Z,4783.9,4840.39,4764.43,4806.7,5423.3725
2026-01-21T00:00:00.000Z,4806.79,4907.25,4804.28,4876.39,9619.9813
2026-01-21T04:00:00.000Z,4876.4,4915,4859.4,4883.06,4512.6251
2026-01-21T08:00:00.000Z,4883.05,4902.9,4877.6,4896.04,2435.1363
2026-01-21T12:00:00.000Z,4896.08,4914.04,4837.75,4872.84,5523.495
2026-01-21T16:00:00.000Z,4872.83,4880.38,4785.42,4809.64,4697.4764
2026-01-21T20:00:00.000Z,4809.63,4863.48,4787.3,4800.05,3354.892
2026-01-22T00:00:00.000Z,4800.05,4827.54,4790.91,4810.7,3067.0447
2026-01-22T04:00:00.000Z,4810.69,4854.19,4809.94,4849.59,1831.4931
2026-01-22T08:00:00.000Z,4849.54,4868.24,4831.51,4848.48,2493.423
2026-01-22T12:00:00.000Z,4848.45,4890.66,4827,4886.86,2650.6853
2026-01-22T16:00:00.000Z,4887,4941.81,4882.86,4927.83,2839.9103
2026-01-22T20:00:00.000Z,4927.57,4982.11,4927.57,4979.98,3109.0722
2026-01-23T00:00:00.000Z,4980,4982.8,4953.79,4967.55,4444.8688
2026-01-23T04:00:00.000Z,4967.51,4982.72,4960.9,4960.91,2586.3858
2026-01-23T08:00:00.000Z,4960.9,4961.94,4918.79,4945.29,5674.1634
2026-01-23T12:00:00.000Z,4945.29,4979.43,4939.79,4976.45,4257.08
2026-01-23T16:00:00.000Z,4976.76,5009.96,4975.69,5003.89,3864.8599
2026-01-23T20:00:00.000Z,5003.89,5008.89,4991.86,5007.31,978.1642
2026-01-24T00:00:00.000Z,5007.31,5045.46,5005.23,5028.75,2516.0987
2026-01-24T04:00:00.000Z,5028.75,5031.77,5013.7,5025.6,987.0157
2026-01-24T08:00:00.000Z,5025.6,5038.88,5014,5031.51,966.368
2026-01-24T12:00:00.000Z,5031.51,5061.13,5023.72,5057.38,1730.9786
2026-01-24T16:00:00.000Z,5057.38,5105,5055.04,5095.97,2530.1993
2026-01-24T20:00:00.000Z,5095.98,5125.43,5069.89,5069.89,2735.7617
2026-01-25T00:00:00.000Z,5069.89,5102.63,5069.89,5095.19,1581.4002
2026-01-25T04:00:00.000Z,5095.2,5109,5087.26,5092.18,1151.9951
2026-01-25T08:00:00.000Z,5092.17,5095.65,5031,5058.98,2770.2445
2026-01-25T12:00:00.000Z,5058.98,5070,5035,5055.12,1199.9519
2026-01-25T16:00:00.000Z,5055.15,5127,5055.15,5098.11,3748.467
2026-01-25T20:00:00.000Z,5098.11,5123.1,5049.02,5070.35,7825.065
2026-01-26T00:00:00.000Z,5070.35,5120,5066.94,5105.82,4730.7463
2026-01-26T04:00:00.000Z,5105.82,5150,5082.78,5117.37,4708.9245
2026-01-26T08:00:00.000Z,5117.36,5130,5107,5119.03,3744.2445
2026-01-26T12:00:00.000Z,5119.03,5125,5080,5113.46,3914.6018
2026-01-26T16:00:00.000Z,5113.45,5129.12,5030.88,5050.19,4737.2837
2026-01-26T20:00:00.000Z,5050.36,5081.32,4991.1,5058.04,3684.5016
2026-01-27T00:00:00.000Z,5058.04,5091.8,5028.88,5090.71,3267.0156
2026-01-27T04:00:00.000Z,5090.32,5116,5069.47,5103.66,1509.7959
2026-01-27T08:00:00.000Z,5103,5115.7,5086.67,5097.8,1839.8987
2026-01-27T12:00:00.000Z,5097.8,5105.61,5064.23,5101,4012.9787
2026-01-27T16:00:00.000Z,5101,5117,5090.99,5115.19,2555.6902
2026-01-27T20:00:00.000Z,5115.2,5235,5114.65,5192.99,8270.9451
2026-01-28T00:00:00.000Z,5193,5274.8,5180,5256.5,4747.035
2026-01-28T04:00:00.000Z,5256.5,5318.32,5256.49,5314.05,5131.1997
2026-01-28T08:00:00.000Z,5314.06,5334.05,5255.22,5281.1,6545.6481
2026-01-28T12:00:00.000Z,5281.1,5319,5262,5303.61,5457.5536
2026-01-28T16:00:00.000Z,5303.61,5351.57,5292,5345.13,5064.9164
2026-01-28T20:00:00.000Z,5345.12,5615.97,5343.11,5541.45,10260.0947
2026-01-29T00:00:00.000Z,5541.46,5581.53,5483.33,5573.59,11511.5097
2026-01-29T04:00:00.000Z,5573.59,5650.86,5548,5587.57,8392.0342
2026-01-29T08:00:00.000Z,5587.57,5592.54,5503.88,5557.85,7467.9309
2026-01-29T12:00:00.000Z,5557.84,5590.43,5181.23,5263.68,30611.0894
2026-01-29T16:00:00.000Z,5263.67,5414.7,5253.01,5346.02,21335.3339
2026-01-29T20:00:00.000Z,5346.66,5489.99,5324,5479.54,6813.8421
2026-01-30T00:00:00.000Z,5479.54,5490.34,5163.2,5233.3,18107.9048
2026-01-30T04:00:00.000Z,5233.37,5272.52,5152.82,5206.58,7411.3873
2026-01-30T08:00:00.000Z,5206.58,5206.58,4980,5173.16,24902.1123
2026-01-30T12:00:00.000Z,5173.16,5182.21,5024.01,5081.36,21988.5317
2026-01-30T16:00:00.000Z,5081.48,5083.12,4754.06,4966.39,31972.1014
2026-01-30T20:00:00.000Z,4966.38,4971.18,4848.9,4924.45,6491.3966
2026-01-31T00:00:00.000Z,4924.45,4978.25,4915.37,4943.81,6288.1955
2026-01-31T04:00:00.000Z,4943.82,4991.03,4935.48,4969.36,2951.8841
2026-01-31T08:00:00.000Z,4969.36,4973.73,4925.23,4925.23,2492.4445
2026-01-31T12:00:00.000Z,4925.23,4945.36,4908.8,4912.75,3083.9589
2026-01-31T16:00:00.000Z,4912.75,4919.92,4800,4858.6,8517.3723
2026-01-31T20:00:00.000Z,4858.45,4859.14,4812.38,4839.88,2851.1875
2026-02-01T00:00:00.000Z,4839.88,4879.5,4833.14,4855.81,2560.6247
2026-02-01T04:00:00.000Z,4855.81,4902,4851.01,4872.23,1565.3791
2026-02-01T08:00:00.000Z,4872.23,4883.39,4860.48,4864.09,1504.1614
2026-02-01T12:00:00.000Z,4864.1,4869.61,4807,4822.77,2791.491
2026-02-01T16:00:00.000Z,4822.76,4858,4805.9,4826.16,2537.0302
2026-02-01T20:00:00.000Z,4826.42,4862.11,4715,4754.4,6792.4605
2026-02-02T00:00:00.000Z,4754.64,4895,4639,4671.08,16747.2346
2026-02-02T04:00:00.000Z,4671.24,4737.94,4463.73,4615.03,22670.3393
2026-02-02T08:00:00.000Z,4615.14,4806.78,4597.49,4790.57,11263.014
2026-02-02T12:00:00.000Z,4790.32,4851.37,4647.49,4650.25,18545.1
2026-02-02T16:00:00.000Z,4650.78,4738.8,4630.87,4709.58,8748.5437
2026-02-02T20:00:00.000Z,4709.57,4795.01,4675.01,4794.36,5606.4574
2026-02-03T00:00:00.000Z,4794.37,4877,4770.84,4829.7,11696.7886
2026-02-03T04:00:00.000Z,4829.53,4953.05,4825.5,4939,10619.9494
2026-02-03T08:00:00.000Z,4939.01,4970.13,4906.25,4940.8,5703.4421
2026-02-03T12:00:00.000Z,4940.81,4983.3,4920,4956.91,8680.7301
2026-02-03T16:00:00.000Z,4957.2,5018,4900.91,4948,12051.5583
2026-02-03T20:00:00.000Z,4947.9,4989.89,4923.82,4962.85,3812.9738
2026-02-04T00:00:00.000Z,4962.86,5097.54,4962.01,5093.29,6923.9872
2026-02-04T04:00:00.000Z,5093.37,5118,5076.06,5109.36,7732.2255
2026-02-04T08:00:00.000Z,5109.35,5116.69,5038.67,5070.39,5582.7565
2026-02-04T12:00:00.000Z,5070.4,5084.34,4902.5,4940.16,9804.3039
2026-02-04T16:00:00.000Z,4940.07,4974.93,4871.44,4961.4,11416.1019
2026-02-04T20:00:00.000Z,4961.84,5046.03,4932.9,5030.9,3583.1368
2026-02-05T00:00:00.000Z,5030.99,5044.04,4810.14,4895.08,11477.79
2026-02-05T04:00:00.000Z,4894.33,4955,4841.34,4931.81,6298.9138
2026-02-05T08:00:00.000Z,4932.15,4958.82,4867.2,4883.62,5866.4834
2026-02-05T12:00:00.000Z,4883.55,4894.1,4814.03,4831.2,11113.6986
2026-02-05T16:00:00.000Z,4830.75,4921.41,4826.31,4843.8,6358.4624
2026-02-05T20:00:00.000Z,4843.8,4854.81,4697.54,4699.98,10034.5518
2026-02-06T00:00:00.000Z,4699.97,4836.26,4600.84,4809.81,12318.6807
2026-02-06T04:00:00.000Z,4809.81,4902.76,4795.43,4843.98,5284.9075
2026-02-06T08:00:00.000Z,4843.98,4901.14,4832.09,4894.28,3653.9127
2026-02-06T12:00:00.000Z,4894.28,4963.96,4878.61,4946.45,5274.7329
2026-02-06T16:00:00.000Z,4946.33,4966.82,4927.15,4954.93,3820.4411
2026-02-06T20:00:00.000Z,4954.8,4970,4937.06,4942.27,1947.5514
2026-02-07T00:00:00.000Z,4942.28,4944.25,4924.26,4931.39,1346.5201
2026-02-07T04:00:00.000Z,4931.39,4949.33,4927,4938.74,1548.7024
2026-02-07T08:00:00.000Z,4938.75,4957.49,4936.6,4949.11,1055.7848
2026-02-07T12:00:00.000Z,4949.12,4962.55,4949.11,4956.9,954.9749
2026-02-07T16:00:00.000Z,4957.05,4984.3,4950.83,4984.07,894.0233
2026-02-07T20:00:00.000Z,4984.06,4997.74,4980.6,4992.63,556.0636
2026-02-08T00:00:00.000Z,4992.63,5002.32,4986.69,4997.11,1016.2157
2026-02-08T04:00:00.000Z,4997.11,5026.11,4997.11,5003.86,1428.87
2026-02-08T08:00:00.000Z,5003.86,5020.04,4993.13,5001,1133.0772
2026-02-08T12:00:00.000Z,5001.01,5011.95,4998.31,5000.95,815.4236
2026-02-08T16:00:00.000Z,5000.95,5015.84,5000.16,5011.61,532.5332
2026-02-08T20:00:00.000Z,5011.62,5049.57,4983.61,5043.44,4114.5431
2026-02-09T00:00:00.000Z,5043.41,5052.09,4973.92,5023.2,4082.2783
2026-02-09T04:00:00.000Z,5023.2,5051.2,5007.01,5010.45,2426.3821
2026-02-09T08:00:00.000Z,5010.95,5044.36,4994,5018.7,2022.0991
2026-02-09T12:00:00.000Z,5019.04,5069.35,5008.45,5067.44,5724.772
2026-02-09T16:00:00.000Z,5067.45,5092,5053.48,5083.15,2695.1883
2026-02-09T20:00:00.000Z,5083.15,5096.62,5002.64,5036.85,3482.5067
2026-02-10T00:00:00.000Z,5036.99,5060,5018.81,5032.11,6744.5641
2026-02-10T04:00:00.000Z,5032.59,5047.62,5016.71,5036.34,1986.1966
2026-02-10T08:00:00.000Z,5036.34,5064.39,5031.82,5060.38,2750.5274
2026-02-10T12:00:00.000Z,5060.37,5084.85,5007.88,5026.19,3056.9526
2026-02-10T16:00:00.000Z,5026.19,5044.39,5011.84,5032.53,1269.6068
2026-02-10T20:00:00.000Z,5032.53,5056.83,5023.7,5044.3,929.7174
2026-02-11T00:00:00.000Z,5044.3,5064.04,5032.59,5059.04,810.2491
2026-02-11T04:00:00.000Z,5059.05,5072.32,5050.77,5060.54,1397.3366
2026-02-11T08:00:00.000Z,5060.55,5128.19,5051.45,5127.43,4113.8899
2026-02-11T12:00:00.000Z,5127.44,5133.18,5032,5071.61,5416.1227
2026-02-11T16:00:00.000Z,5071.55,5110,5056.56,5095.28,2345.922
2026-02-11T20:00:00.000Z,5095.4,5109.99,5071.85,5073.02,1215.9846
2026-02-12T00:00:00.000Z,5073.1,5082.48,5054.17,5066.85,1087.3561
2026-02-12T04:00:00.000Z,5066.85,5084.52,5058,5073.81,638.8312
2026-02-12T08:00:00.000Z,5073.82,5100.4,5064.1,5076.04,1309.8052
2026-02-12T12:00:00.000Z,5076.11,5092.79,5053,5071.5,1308.3492
2026-02-12T16:00:00.000Z,5071.5,5076.23,4894.13,4955.2,10839.1024
2026-02-12T20:00:00.000Z,4955.29,4957.77,4901,4928.02,2138.4932
2026-02-13T00:00:00.000Z,4928.02,4996.76,4921.42,4987.6,1626.7059
2026-02-13T04:00:00.000Z,4987.6,5001.93,4952.57,4981.68,1214.997
2026-02-13T08:00:00.000Z,4981.84,4993.88,4946,4964.25,1488.8006
2026-02-13T12:00:00.000Z,4963.5,5028.27,4962.81,4988.21,3688.6935
2026-02-13T16:00:00.000Z,4988.22,5053.08,4987.66,5034.33,1899.464
2026-02-13T20:00:00.000Z,5034.33,5050.59,5031.11,5045.26,713.3424
2026-02-14T00:00:00.000Z,5045.12,5046.94,5040.06,5042,496.8965
2026-02-14T04:00:00.000Z,5042,5042,5025.75,5031.33,505.1779
2026-02-14T08:00:00.000Z,5031.28,5033.38,5025.01,5029.8,493.2828
2026-02-14T12:00:00.000Z,5029.8,5037.42,5026.9,5030.96,624.1197
2026-02-14T16:00:00.000Z,5030.95,5032.99,5027.61,5032.85,158.4506
2026-02-14T20:00:00.000Z,5032.85,5032.85,5021.2,5023.84,263.7173
2026-02-15T00:00:00.000Z,5023.84,5034.89,5022.2,5034.46,293.3157
2026-02-15T04:00:00.000Z,5034.46,5040.13,5029.57,5036.84,1156.3975
2026-02-15T08:00:00.000Z,5036.84,5050.32,5033.11,5043.21,1058.495
2026-02-15T12:00:00.000Z,5043.22,5043.22,5032.83,5037.34,389.5242
2026-02-15T16:00:00.000Z,5037.35,5042.37,5023,5026.3,523.4284
2026-02-15T20:00:00.000Z,5026.3,5048.1,5011.19,5024.9,931.0017
2026-02-16T00:00:00.000Z,5024.86,5033.02,4978.48,4990.66,1050.5306
2026-02-16T04:00:00.000Z,4990.66,5016.67,4972.82,5014.89,1148.2374
2026-02-16T08:00:00.000Z,5014.89,5023.1,5005.48,5012.07,566.7212
2026-02-16T12:00:00.000Z,5012.08,5014.53,4979.43,4987.9,1000.0883
2026-02-16T16:00:00.000Z,4987.65,5006.57,4981.51,4997.05,355.1161
2026-02-16T20:00:00.000Z,4997.05,5007.06,4994.21,4998.59,333.1804
2026-02-17T00:00:00.000Z,4998.6,4999.57,4932,4967.25,1868.1642
2026-02-17T04:00:00.000Z,4967.26,4969.8,4872.86,4925.84,3840.7951
2026-02-17T08:00:00.000Z,4925.85,4946.69,4917.2,4938.13,1231.7475
2026-02-17T12:00:00.000Z,4937.39,4950.65,4850.32,4886.63,4447.3782
2026-02-17T16:00:00.000Z,4886.36,4917.5,4857.15,4888.21,1831.4972
2026-02-17T20:00:00.000Z,4888.21,4897.45,4793.81,4866.71,4036.4855
2026-02-18T00:00:00.000Z,4866.71,4926,4866.23,4924.63,904.0984
2026-02-18T04:00:00.000Z,4924.17,4946.01,4923.2,4936,897.1837
2026-02-18T08:00:00.000Z,4936,4938.29,4913.41,4919.14,477.787
2026-02-18T12:00:00.000Z,4919.13,5012.4,4919.13,4999.46,2518.2573
2026-02-18T16:00:00.000Z,4999.47,5014.27,4978.64,4985.21,1254.8763
2026-02-18T20:00:00.000Z,4985.21,4992.5,4967.74,4979.96,958.5155
2026-02-19T00:00:00.000Z,4979.96,4989.4,4966.07,4989.3,653.7563
2026-02-19T04:00:00.000Z,4989.3,5027.78,4984.85,5017.7,1396.7292
2026-02-19T08:00:00.000Z,5017.69,5028.3,4988,4993.66,902.5337
2026-02-19T12:00:00.000Z,4993.66,5030.05,4974.58,5021.89,2424.2675
2026-02-19T16:00:00.000Z,5021.94,5022,4986,4996.21,995.5378
2026-02-19T20:00:00.000Z,4996.21,5015.52,4996.21,4997.71,480.555
2026-02-20T00:00:00.000Z,4997.7,5022.67,4995.41,5000.41,892.714
2026-02-20T04:00:00.000Z,5000.41,5037.5,5000.4,5015.1,1501.707
2026-02-20T08:00:00.000Z,5015.1,5088,5012.99,5028.35,4758.2325
2026-02-20T12:00:00.000Z,5028.36,5078.79,5007.1,5056.03,10151.0853
2026-02-20T16:00:00.000Z,5056.07,5089.75,5052.82,5089.48,5141.6395
2026-02-20T20:00:00.000Z,5089.49,5121.75,5088.21,5116.08,2952.4589
2026-02-21T00:00:00.000Z,5116.08,5124.86,5112.83,5117.87,996.3991
2026-02-21T04:00:00.000Z,5117.87,5124.23,5117,5122.16,509.353
2026-02-21T08:00:00.000Z,5122.15,5126.79,5121.07,5126.76,425.2242
2026-02-21T12:00:00.000Z,5126.76,5142.83,5126.58,5133.33,907.3272
2026-02-21T16:00:00.000Z,5133.32,5155.77,5132.05,5145.28,809.4512
2026-02-21T20:00:00.000Z,5145.29,5152.1,5125.88,5141.88,814.3736
2026-02-22T00:00:00.000Z,5141.88,5142.55,5123.54,5124.4,614.8108
2026-02-22T04:00:00.000Z,5124.41,5138.93,5124.4,5135.75,841.7484
2026-02-22T08:00:00.000Z,5135.75,5136.51,5126.25,5135.12,973.9404
2026-02-22T12:00:00.000Z,5135.13,5168.9,5135.12,5153.56,1353.1256
2026-02-22T16:00:00.000Z,5153.76,5159.64,5147.9,5148.8,1336.0576
2026-02-22T20:00:00.000Z,5148.81,5192.92,5134.75,5186.69,2677.4972
2026-02-23T00:00:00.000Z,5186.49,5194.81,5152.43,5182.64,4318.4363
2026-02-23T04:00:00.000Z,5182.64,5187.03,5141.78,5153.76,1808.8877
2026-02-23T08:00:00.000Z,5153.75,5178.76,5138.44,5166.42,1237.829
2026-02-23T12:00:00.000Z,5166.37,5222,5157.35,5214.45,3109.4451
2026-02-23T16:00:00.000Z,5214.01,5235.71,5196.74,5231.41,2007.8908
2026-02-23T20:00:00.000Z,5231.41,5269.55,5231.41,5254.81,2040.5893
2026-02-24T00:00:00.000Z,5254.8,5254.8,5159,5190.29,14325.8701
2026-02-24T04:00:00.000Z,5190.39,5202.55,5178.6,5199.41,6081.5002
2026-02-24T08:00:00.000Z,5199.4,5200.24,5183.77,5192.11,1312.3593
2026-02-24T12:00:00.000Z,5192.1,5195.37,5116.6,5167.2,5455.0223
2026-02-24T16:00:00.000Z,5167.24,5187.5,5149.6,5171.91,2108.1592
2026-02-24T20:00:00.000Z,5171.8,5190.81,5143.06,5164.9,1464.3643
2026-02-25T00:00:00.000Z,5164.91,5209.93,5156.01,5198.96,1866.0525
2026-02-25T04:00:00.000Z,5198.78,5226.63,5188,5200.35,1737.0961
2026-02-25T08:00:00.000Z,5200.35,5218.36,5175.3,5200.45,1829.4427
2026-02-25T12:00:00.000Z,5200.5,5217.93,5177.95,5206.84,2788.7938
2026-02-25T16:00:00.000Z,5206.85,5228,5200,5212.49,2857.5031
2026-02-25T20:00:00.000Z,5212.45,5215.35,5157.58,5175.31,2524.982
2026-02-26T00:00:00.000Z,5175.74,5210.25,5167.27,5200.82,1159.1111
2026-02-26T04:00:00.000Z,5200.83,5210,5188.56,5196.77,1063.199
2026-02-26T08:00:00.000Z,5196.75,5200.8,5173.01,5175.88,1611.9548
2026-02-26T12:00:00.000Z,5176.08,5201.63,5143,5194.8,2127.0477
2026-02-26T16:00:00.000Z,5195.1,5202.44,5173.93,5196.55,1044.0591
2026-02-26T20:00:00.000Z,5196.51,5210,5189.97,5195.26,475.3136
2026-02-27T00:00:00.000Z,5195.26,5209.8,5181.39,5198.08,2130.3685
2026-02-27T04:00:00.000Z,5198.09,5212.06,5190.32,5190.5,1337.0372
2026-02-27T08:00:00.000Z,5190.51,5201.46,5183.33,5201.4,1959.9234
2026-02-27T12:00:00.000Z,5201.46,5297.96,5198.19,5257.59,7091.6017
2026-02-27T16:00:00.000Z,5257.56,5276.84,5238.58,5270.13,2203.8479
2026-02-27T20:00:00.000Z,5270.1,5306.18,5267.93,5290.66,1416.9744
2026-02-28T00:00:00.000Z,5290.66,5307.15,5284.61,5306.23,999.9829
2026-02-28T04:00:00.000Z,5306.23,5375.62,5306.23,5372.51,5656.0013
2026-02-28T08:00:00.000Z,5372.51,5600,5370.08,5460.36,28080.8605
2026-02-28T12:00:00.000Z,5460.37,5506.41,5380.6,5405.15,8203.3825
2026-02-28T16:00:00.000Z,5405.15,5447.7,5390.33,5400.42,6216.1086
2026-02-28T20:00:00.000Z,5400.42,5421.64,5357,5369.78,2936.5032
2026-03-01T00:00:00.000Z,5369.79,5393.58,5286.25,5330.05,5504.6838
2026-03-01T04:00:00.000Z,5329.49,5371.64,5322.09,5352.17,2163.0428
2026-03-01T08:00:00.000Z,5352.36,5419.18,5352.36,5384.64,2862.0697
2026-03-01T12:00:00.000Z,5384.85,5416.36,5380,5413.98,2851.5139
2026-03-01T16:00:00.000Z,5414.06,5424.58,5381.55,5406,2895.2954
2026-03-01T20:00:00.000Z,5406.7,5448.09,5385.72,5436.45,7794.0242
2026-03-02T00:00:00.000Z,5436.6,5439.67,5351.84,5412.59,3305.4815
2026-03-02T04:00:00.000Z,5412.56,5459.65,5383.53,5445.7,2926.9881
2026-03-02T08:00:00.000Z,5445.96,5455.85,5410.09,5418.38,3007.1928
2026-03-02T12:00:00.000Z,5418.38,5441.14,5320.78,5329,9185.7278
2026-03-02T16:00:00.000Z,5328.6,5348.45,5275.22,5345.35,8097.4341
2026-03-02T20:00:00.000Z,5345.35,5361.84,5329.19,5360.01,2018.2165
2026-03-03T00:00:00.000Z,5360.44,5400,5351.56,5370.6,3993.0973
2026-03-03T04:00:00.000Z,5370.6,5379.28,5297.37,5341.39,3453.2889
2026-03-03T08:00:00.000Z,5341.38,5348.2,5102,5167.15,10679.6311
2026-03-03T12:00:00.000Z,5167.15,5236.85,5027.33,5111.93,16241.2757
2026-03-03T16:00:00.000Z,5111.93,5162.2,5083.56,5128,8074.4122
2026-03-03T20:00:00.000Z,5128,5158.56,5101.33,5142.55,5215.5316
2026-03-04T00:00:00.000Z,5143.32,5200,5125.14,5186.74,2644.3431
2026-03-04T04:00:00.000Z,5186.5,5192.65,5137.51,5181.02,2771.0854
2026-03-04T08:00:00.000Z,5180.85,5213.84,5161.89,5203.38,6056.9588
2026-03-04T12:00:00.000Z,5203.39,5216.7,5141.17,5160.97,6688.1562
2026-03-04T16:00:00.000Z,5160.97,5169.32,5116.05,5144.52,3749.4983
2026-03-04T20:00:00.000Z,5145.01,5180,5134.76,5179,2406.8304
2026-03-05T00:00:00.000Z,5179,5202,5172.75,5188.53,2173.2276
2026-03-05T04:00:00.000Z,5188.53,5192.99,5132.54,5171.12,2134.8166
2026-03-05T08:00:00.000Z,5171.11,5191.8,5150.19,5169.75,2529.2365
2026-03-05T12:00:00.000Z,5169.75,5178.5,5075.06,5117.08,4269.6232
2026-03-05T16:00:00.000Z,5117.07,5118.44,5064,5081.54,2861.9935
2026-03-05T20:00:00.000Z,5081.55,5113.77,5077.75,5098.75,1360.2615
2026-03-06T00:00:00.000Z,5098.74,5150.68,5081.62,5140.64,2635.2836
2026-03-06T04:00:00.000Z,5140.64,5145.14,5114.76,5128.18,629.9587
2026-03-06T08:00:00.000Z,5128.18,5131.72,5075.41,5088.69,1363.8811
2026-03-06T12:00:00.000Z,5088.74,5180.72,5076.25,5151.77,3992.3242
2026-03-06T16:00:00.000Z,5151.77,5184.26,5139.33,5169.79,1761.6019
2026-03-06T20:00:00.000Z,5169.78,5189.69,5159.24,5182.45,600.3254
2026-03-07T00:00:00.000Z,5182.44,5187.42,5162,5171.87,985.4878
2026-03-07T04:00:00.000Z,5171.88,5188.67,5171.88,5182.6,968.8081
2026-03-07T08:00:00.000Z,5182.6,5184.13,5173.46,5183.01,805.8531
2026-03-07T12:00:00.000Z,5183.02,5186.74,5171.73,5182.62,817.9923
2026-03-07T16:00:00.000Z,5182.62,5188.85,5167.26,5168,1680.8219
2026-03-07T20:00:00.000Z,5167.99,5179.52,5162.29,5172.35,1240.1278
2026-03-08T00:00:00.000Z,5172.34,5180.72,5170.9,5177.79,443.7796
2026-03-08T04:00:00.000Z,5177.79,5179.9,5175.81,5178.59,316.4141
2026-03-08T08:00:00.000Z,5178.6,5179.64,5167.86,5176.28,1081.1808
2026-03-08T12:00:00.000Z,5176.28,5177.63,5170.9,5173.06,1340.5824
2026-03-08T16:00:00.000Z,5173.05,5180.71,5162.25,5169.84,1856.5726
2026-03-08T20:00:00.000Z,5169.84,5191.28,5056.1,5085.29,4310.1814
2026-03-09T00:00:00.000Z,5085.01,5109.65,5030,5100.86,7206.0282
2026-03-09T04:00:00.000Z,5100.85,5150,5093.45,5111.06,2522.3515
2026-03-09T08:00:00.000Z,5111.06,5139.95,5090,5096.75,1209.3984
2026-03-09T12:00:00.000Z,5097.25,5122.02,5071.82,5108,1434.9649
2026-03-09T16:00:00.000Z,5107.87,5151.95,5096.84,5146.34,2598.9047
2026-03-09T20:00:00.000Z,5146.34,5158.91,5125.92,5143.8,811.377
2026-03-10T00:00:00.000Z,5143.8,5186.43,5129.57,5159.28,2683.7955
2026-03-10T04:00:00.000Z,5159.29,5181.52,5157.61,5181.38,618.3803
2026-03-10T08:00:00.000Z,5181.39,5199.01,5157.98,5181.39,7405.0368
2026-03-10T12:00:00.000Z,5181.5,5239.8,5170.86,5230.51,4672.0561
2026-03-10T16:00:00.000Z,5230.56,5237.68,5165.09,5199.01,2319.8894
2026-03-10T20:00:00.000Z,5199,5199.39,5185.9,5197.87,569.4622
2026-03-11T00:00:00.000Z,5197.87,5221.34,5187.9,5204.38,1771.8014
2026-03-11T04:00:00.000Z,5204.38,5209.24,5186.42,5193.85,712.4936
2026-03-11T08:00:00.000Z,5193.86,5198.65,5176.31,5180.27,1155.9671
2026-03-11T12:00:00.000Z,5180.27,5207.5,5150.48,5168.38,4062.1761
2026-03-11T16:00:00.000Z,5168.37,5183.18,5157.1,5183.18,899.7499
2026-03-11T20:00:00.000Z,5183.19,5183.9,5136.37,5136.84,1388.7639
2026-03-12T00:00:00.000Z,5137.28,5171.35,5128.78,5152.23,2062.164
2026-03-12T04:00:00.000Z,5152.22,5183.42,5137.11,5181.03,3099.1462
2026-03-12T08:00:00.000Z,5181.04,5188.72,5171.87,5176.32,700.7386
2026-03-12T12:00:00.000Z,5176.32,5184.57,5114.54,5134.94,1254.5812
2026-03-12T16:00:00.000Z,5134.94,5142.11,5088.02,5094.39,1306.3126
2026-03-12T20:00:00.000Z,5094.4,5111.76,5069.11,5109.98,2971.2533
2026-03-13T00:00:00.000Z,5109.97,5131.43,5109.3,5118.2,1856.2283
2026-03-13T04:00:00.000Z,5118.28,5119.2,5074.86,5086.05,1890.71
2026-03-13T08:00:00.000Z,5086.04,5105,5066.61,5105,2849.7163
2026-03-13T12:00:00.000Z,5105,5118.85,5033.57,5038.42,3209.1515
2026-03-13T16:00:00.000Z,5038.21,5067.97,5005.54,5021.02,5056.5191
2026-03-13T20:00:00.000Z,5020.94,5033.27,5012.21,5028.83,1063.6967
2026-03-14T00:00:00.000Z,5028.83,5041.04,5028.7,5031.66,629.7869
2026-03-14T04:00:00.000Z,5031.66,5047.18,5031.2,5031.21,576.7187
2026-03-14T08:00:00.000Z,5031.2,5036.53,5028.32,5030.02,246.7956
2026-03-14T12:00:00.000Z,5030.02,5030.82,5025.85,5029.35,212.9725
2026-03-14T16:00:00.000Z,5029.35,5029.35,5022.42,5028.05,436.1142
2026-03-14T20:00:00.000Z,5028.06,5028.06,5018.51,5020.6,300.5782
2026-03-15T00:00:00.000Z,5020.6,5027.62,5016.46,5022.85,469.7642
2026-03-15T04:00:00.000Z,5022.85,5022.85,5014.01,5014.32,217.4138
2026-03-15T08:00:00.000Z,5014.32,5017.95,5004.37,5014.47,708.2271
2026-03-15T12:00:00.000Z,5014.48,5015.05,5001,5001,840.0772
2026-03-15T16:00:00.000Z,5001.01,5001.05,4988.24,4994.83,845.3722
2026-03-15T20:00:00.000Z,4994.82,5025.06,4960.42,4989.59,2730.3178
2026-03-16T00:00:00.000Z,4989.59,5023.42,4980,5010.49,2646.8143
2026-03-16T04:00:00.000Z,5010.5,5030.82,4986.1,4989.2,2116.2031
2026-03-16T08:00:00.000Z,4989.2,5012.15,4962.82,4989.36,2039.1301
2026-03-16T12:00:00.000Z,4989.5,5029.63,4976.61,4979.55,1919.9654
2026-03-16T16:00:00.000Z,4979.56,5011.26,4970,5003.74,951.3418
2026-03-16T20:00:00.000Z,5003.74,5011.25,4980,5001.04,1165.6311
2026-03-17T00:00:00.000Z,5001.04,5018,4982.89,5010.81,1330.8824
2026-03-17T04:00:00.000Z,5010.81,5029.87,4996.13,5011.31,1197.4837
2026-03-17T08:00:00.000Z,5011,5018.67,4986.06,4995.9,827.9447
2026-03-17T12:00:00.000Z,4995.65,5022.29,4972,4992.14,1084.6967
2026-03-17T16:00:00.000Z,4992.26,5000.63,4986.81,4992.78,298.4139
2026-03-17T20:00:00.000Z,4992.78,4997.9,4987.69,4992.9,297.3344
2026-03-18T00:00:00.000Z,4992.9,5006.75,4980.91,4983.37,870.7527
2026-03-18T04:00:00.000Z,4983.38,5005,4975,4988.34,536.7488
2026-03-18T08:00:00.000Z,4988.34,4989.35,4921,4925.64,2049.7441
2026-03-18T12:00:00.000Z,4925.64,4927.09,4830.31,4855,15884.1439
2026-03-18T16:00:00.000Z,4855.01,4890.96,4831.03,4834.7,2860.1828
2026-03-18T20:00:00.000Z,4834.6,4839.03,4800,4829.04,2405.724
2026-03-19T00:00:00.000Z,4829.03,4855.42,4825.45,4840.7,1520.7028
2026-03-19T04:00:00.000Z,4840.7,4844.16,4718.17,4718.53,3526.8215
2026-03-19T08:00:00.000Z,4718.54,4730.58,4645.46,4648.49,6848.237
2026-03-19T12:00:00.000Z,4649.02,4650.52,4511,4602.92,13440.7041
2026-03-19T16:00:00.000Z,4602.42,4671.34,4582.18,4651.71,4856.9825
2026-03-19T20:00:00.000Z,4651.55,4685.21,4644.75,4652.38,2367.4021
2026-03-20T00:00:00.000Z,4652.39,4739.74,4649.47,4730.25,2573.0249
2026-03-20T04:00:00.000Z,4730.24,4731.67,4661.22,4710.87,2039.3958
2026-03-20T08:00:00.000Z,4710.86,4736,4641.43,4673.7,3116.8957
2026-03-20T12:00:00.000Z,4673.71,4696.96,4552.59,4564.78,4836.5089
2026-03-20T16:00:00.000Z,4564.56,4619.77,4497.35,4518.59,7095.0639
2026-03-20T20:00:00.000Z,4518.46,4528.11,4506.55,4509.76,3126.8547
2026-03-21T00:00:00.000Z,4509.76,4531.76,4509.76,4516.22,1017.2056
2026-03-21T04:00:00.000Z,4516.23,4519,4505.57,4508,671.347
2026-03-21T08:00:00.000Z,4508.01,4511.76,4504.78,4506.6,637.4204
2026-03-21T12:00:00.000Z,4506.61,4515.71,4505.41,4507.98,675.5276
2026-03-21T16:00:00.000Z,4507.98,4512,4506.56,4511.55,425.5663
2026-03-21T20:00:00.000Z,4511.56,4511.97,4501.17,4503.29,427.4971
2026-03-22T00:00:00.000Z,4503.3,4510.28,4500.27,4507,530.3682
2026-03-22T04:00:00.000Z,4507,4509.73,4505,4506,449.1934
2026-03-22T08:00:00.000Z,4506,4507.97,4469.25,4478.61,1787.973
2026-03-22T12:00:00.000Z,4478.61,4483,4455.99,4476.89,1515.5674
2026-03-22T16:00:00.000Z,4476.89,4499.11,4476.89,4488.05,1048.6162
2026-03-22T20:00:00.000Z,4488.01,4541.88,4450.48,4474.61,3602.4954
2026-03-23T00:00:00.000Z,4474.96,4482.5,4335.15,4363.25,13140.2767
2026-03-23T04:00:00.000Z,4363.26,4391.26,4141.06,4226.5,29456.3669
2026-03-23T08:00:00.000Z,4227.08,4462.3,4226.77,4383.04,26225.4613
2026-03-23T12:00:00.000Z,4383.35,4511.36,4344.3,4370.98,16066.6996
2026-03-23T16:00:00.000Z,4370.97,4474.76,4360.39,4407.68,3467.7305
2026-03-23T20:00:00.000Z,4407.15,4455.3,4376.74,4447.45,2184.8783
2026-03-24T00:00:00.000Z,4447.5,4452.78,4319.46,4358.79,4440.7324
2026-03-24T04:00:00.000Z,4359.05,4441.41,4328.59,4425.58,3550.405
2026-03-24T08:00:00.000Z,4425.18,4447.36,4386.49,4416.92,3155.0554
2026-03-24T12:00:00.000Z,4416.65,4440,4361.01,4423.4,3555.88
2026-03-24T16:00:00.000Z,4423.21,4435.54,4378.95,4408.98,2471.2211
2026-03-24T20:00:00.000Z,4408.81,4554.99,4405,4549.65,8192.6683
2026-03-25T00:00:00.000Z,4549.7,4598.44,4541.73,4565.19,3671.5126
2026-03-25T04:00:00.000Z,4565.19,4570.52,4532,4540.76,2246.7266
2026-03-25T08:00:00.000Z,4540.75,4601.84,4528.01,4577.25,4132.0096
2026-03-25T12:00:00.000Z,4577.35,4581.74,4522.19,4561.64,5912.0957
2026-03-25T16:00:00.000Z,4561.63,4571.24,4494.35,4534.04,1767.6677
2026-03-25T20:00:00.000Z,4534.2,4543.89,4495.14,4502.38,1727.5868
2026-03-26T00:00:00.000Z,4502.38,4545.11,4501.43,4517.75,1704.7065
2026-03-26T04:00:00.000Z,4517.91,4524.54,4420.12,4455.25,3046.3945
2026-03-26T08:00:00.000Z,4455.57,4461.32,4418.56,4427.99,2664.4168
2026-03-26T12:00:00.000Z,4428.03,4483.14,4422.22,4442.27,2385.0481
2026-03-26T16:00:00.000Z,4442.33,4445.34,4368.15,4373.41,2990.5725
2026-03-26T20:00:00.000Z,4372.91,4426.94,4361.07,4411.6,3577.34
2026-03-27T00:00:00.000Z,4411.61,4448.51,4382.74,4440.86,1266.5161
2026-03-27T04:00:00.000Z,4440.87,4478,4433.11,4451.16,1211.6765
2026-03-27T08:00:00.000Z,4451.16,4455.06,4406.47,4422.33,2304.3163
2026-03-27T12:00:00.000Z,4422.32,4554.54,4415.25,4523.85,2968.4093
2026-03-27T16:00:00.000Z,4524.11,4532.22,4486.25,4517.1,2086.3106
2026-03-27T20:00:00.000Z,4517.82,4522.79,4492.26,4501.27,1082.6559
2026-03-28T00:00:00.000Z,4501.27,4510.6,4488.11,4495.84,717.4181
2026-03-28T04:00:00.000Z,4495.85,4509.53,4487.11,4503.96,638.9758
2026-03-28T08:00:00.000Z,4503.97,4504.8,4499.25,4502.21,207.1557
2026-03-28T12:00:00.000Z,4502.22,4513.58,4497,4502.84,970.0639
2026-03-28T16:00:00.000Z,4502.85,4505.75,4500.31,4503.23,198.5275
2026-03-28T20:00:00.000Z,4503.24,4506.39,4500.01,4501.78,431.2681
2026-03-29T00:00:00.000Z,4501.78,4503.24,4491.16,4496.73,601.3111
2026-03-29T04:00:00.000Z,4496.73,4498.62,4494.63,4496.64,193.1434
2026-03-29T08:00:00.000Z,4496.64,4501.55,4491,4499.88,403.2902
2026-03-29T12:00:00.000Z,4500.3,4517.72,4499.67,4512.04,640.0756
2026-03-29T16:00:00.000Z,4512.04,4520.92,4512.04,4515.12,340.8473
2026-03-29T20:00:00.000Z,4515.01,4524.72,4450.74,4454.73,3180.1428
2026-03-30T00:00:00.000Z,4454.94,4527.26,4425.78,4504.78,3228.1462
2026-03-30T04:00:00.000Z,4504.92,4555.51,4493.32,4534,1073.7416
2026-03-30T08:00:00.000Z,4533.99,4581.02,4528.01,4560.25,1984.4333
2026-03-30T12:00:00.000Z,4560.44,4578.43,4513.09,4546.7,2727.0798
2026-03-30T16:00:00.000Z,4546.7,4547.06,4492.78,4513.5,759.0563
2026-03-30T20:00:00.000Z,4513.51,4526.09,4492.54,4512.8,1295.5558
2026-03-31T00:00:00.000Z,4512.79,4613.33,4480.02,4554.39,2564.3993
2026-03-31T04:00:00.000Z,4554.39,4576.68,4543.01,4564.64,698.5834
2026-03-31T08:00:00.000Z,4564.16,4591.46,4530.66,4581.9,1168.9493
2026-03-31T12:00:00.000Z,4582.08,4627.64,4568.22,4606.55,2980.9155
2026-03-31T16:00:00.000Z,4606.4,4680,4604.83,4677.66,2597.6447
2026-03-31T20:00:00.000Z,4677.67,4691.19,4651.14,4687.74,2064.4298
2026-04-01T00:00:00.000Z,4687.56,4713.89,4668.66,4672.3,1404.1932
2026-04-01T04:00:00.000Z,4672.37,4735.72,4659.17,4702.56,2357.767
2026-04-01T08:00:00.000Z,4702.57,4750.02,4700.41,4740.75,2881.5273
2026-04-01T12:00:00.000Z,4740.75,4777.1,4706.59,4775.94,2793.8337
2026-04-01T16:00:00.000Z,4775.95,4781.4,4731.88,4753.24,1881.6069
2026-04-01T20:00:00.000Z,4753.92,4783.67,4732.57,4768.56,1713.1611
2026-04-02T00:00:00.000Z,4768.56,4783.19,4642.48,4669.06,3507.3727
2026-04-02T04:00:00.000Z,4669.06,4671.77,4550.62,4636.14,3942.7981
2026-04-02T08:00:00.000Z,4636.42,4640.31,4588.26,4593.61,1774.3717
2026-04-02T12:00:00.000Z,4593.96,4689.78,4573.64,4650.58,2855.3255
2026-04-02T16:00:00.000Z,4650.7,4672.8,4634.24,4662.87,1287.2589
2026-04-02T20:00:00.000Z,4662.73,4671.95,4656.06,4668.14,323.1937
2026-04-03T00:00:00.000Z,4668.15,4668.82,4659.36,4663.25,153.2109
2026-04-03T04:00:00.000Z,4663.26,4670.08,4657.65,4659.8,308.9746
2026-04-03T08:00:00.000Z,4659.8,4664.69,4659.8,4661.29,364.8642
2026-04-03T12:00:00.000Z,4661.3,4667.22,4642,4649.7,1647.7066
2026-04-03T16:00:00.000Z,4649.7,4652.7,4644.01,4645.63,219.1079
2026-04-03T20:00:00.000Z,4645.62,4649.39,4642.39,4648.94,165.8043
2026-04-04T00:00:00.000Z,4648.91,4654.11,4646.95,4653.56,340.0465
2026-04-04T04:00:00.000Z,4653.55,4653.57,4649.98,4650.28,94.1023
2026-04-04T08:00:00.000Z,4650.28,4655.84,4648.82,4652.63,90.6737
2026-04-04T12:00:00.000Z,4652.63,4657.82,4652.63,4656.06,186.3779
2026-04-04T16:00:00.000Z,4656.07,4658.74,4648.97,4649.34,219.3823
2026-04-04T20:00:00.000Z,4649.34,4651.88,4648.36,4648.59,161.6055
2026-04-05T00:00:00.000Z,4648.6,4651.8,4648.25,4650.49,117.0976
2026-04-05T04:00:00.000Z,4650.48,4651.91,4648.26,4648.47,179.437
2026-04-05T08:00:00.000Z,4648.33,4650.47,4630.05,4637.52,1028.4026
2026-04-05T12:00:00.000Z,4637.66,4638.78,4618.53,4633.99,1000.3806
2026-04-05T16:00:00.000Z,4633.99,4635.38,4618.32,4624.8,2833.3049
2026-04-05T20:00:00.000Z,4624.62,4653.18,4595,4598.82,2824.4045
2026-04-06T00:00:00.000Z,4599.39,4657.7,4588.55,4628.38,1797.1547
2026-04-06T04:00:00.000Z,4628.2,4675,4624.48,4671.56,1141.205
2026-04-06T08:00:00.000Z,4671.6,4692.8,4665.8,4665.8,1683.2817
2026-04-06T12:00:00.000Z,4665.73,4681.61,4640.34,4654.01,1660.9998
2026-04-06T16:00:00.000Z,4654.01,4657.2,4633.04,4641.05,555.7959
2026-04-06T20:00:00.000Z,4641.06,4652.91,4634.89,4644.39,319.1993
2026-04-07T00:00:00.000Z,4643.8,4649.93,4602.93,4634.59,874.2939
2026-04-07T04:00:00.000Z,4634.65,4647.15,4609.98,4631.39,497.4504
2026-04-07T08:00:00.000Z,4631.39,4678.15,4619,4645.69,1536.3322
2026-04-07T12:00:00.000Z,4645.62,4655.16,4596.24,4642.56,1574.9504
2026-04-07T16:00:00.000Z,4642.56,4702.9,4640.77,4687.39,1603.0873
2026-04-07T20:00:00.000Z,4687.75,4812.14,4684.69,4809.74,5112.6823
2026-04-08T00:00:00.000Z,4809.75,4834.28,4768.53,4775.83,2519.4792
2026-04-08T04:00:00.000Z,4775.83,4819.09,4768.77,4792.68,1449.0582
2026-04-08T08:00:00.000Z,4792.14,4798.37,4754.86,4780.16,1355.8098
2026-04-08T12:00:00.000Z,4780.17,4789.18,4706.2,4740.12,2516.6333
2026-04-08T16:00:00.000Z,4740.13,4747.81,4683.8,4716.2,2505.8758
2026-04-08T20:00:00.000Z,4716.36,4720.93,4692.03,4702.52,802.05
2026-04-09T00:00:00.000Z,4702.53,4720.28,4684,4698.97,1112.6951
2026-04-09T04:00:00.000Z,4698.97,4718.27,4694,4712.4,469.9345
2026-04-09T08:00:00.000Z,4712.4,4744.62,4708.72,4744.45,1393.4428
2026-04-09T12:00:00.000Z,4744.37,4784.34,4724.81,4781.69,2080.7734
2026-04-09T16:00:00.000Z,4781.16,4788.88,4754.9,4756.4,1071.9118
2026-04-09T20:00:00.000Z,4756.41,4764.04,4742.9,4747.51,793.2184
2026-04-10T00:00:00.000Z,4748.04,4759.91,4724.11,4748.94,417.9715
2026-04-10T04:00:00.000Z,4748.94,4753,4727.25,4732.47,540.6549
2026-04-10T08:00:00.000Z,4732.7,4751.46,4716.24,4751.46,464.2209
2026-04-10T12:00:00.000Z,4751.46,4777.44,4739.96,4745.06,1368.1473
2026-04-10T16:00:00.000Z,4745.25,4756.81,4733.29,4744.12,789.5679
2026-04-10T20:00:00.000Z,4744.45,4747.27,4725.67,4734,481.8971
2026-04-11T00:00:00.000Z,4734,4734,4726.55,4730.33,379.6322
2026-04-11T04:00:00.000Z,4730.33,4732.96,4727.17,4732.2,100.8172
2026-04-11T08:00:00.000Z,4732.2,4734.99,4731,4731.02,101.2916
2026-04-11T12:00:00.000Z,4731.02,4740,4729.36,4735.68,168.0154
2026-04-11T16:00:00.000Z,4735.67,4739.56,4727.64,4735.84,912.1953
2026-04-11T20:00:00.000Z,4735.84,4738.47,4730.15,4731.88,184.3067
2026-04-12T00:00:00.000Z,4731.88,4735.29,4709.66,4719.36,441.6018
2026-04-12T04:00:00.000Z,4719.35,4719.55,4698,4713.09,441.7826
2026-04-12T08:00:00.000Z,4713.08,4717.72,4700,4709.37,423.5541
2026-04-12T12:00:00.000Z,4709.37,4709.48,4685,4691.25,422.3796
2026-04-12T16:00:00.000Z,4691.25,4696.19,4685.01,4693.5,523.1105
2026-04-12T20:00:00.000Z,4693.25,4694.25,4629.36,4655.92,2981.5199
2026-04-13T00:00:00.000Z,4656,4707.27,4649.8,4700,1160.9608
2026-04-13T04:00:00.000Z,4699.81,4719.93,4688.83,4715.4,640.7882
2026-04-13T08:00:00.000Z,4715.41,4719.6,4687.45,4690.81,1645.8426
2026-04-13T12:00:00.000Z,4690.57,4728.41,4682,4696.6,4457.8068
2026-04-13T16:00:00.000Z,4696.74,4733.26,4692.7,4726.99,1311.3241
2026-04-13T20:00:00.000Z,4726.98,4750.84,4721.09,4741.09,1142.3797
2026-04-14T00:00:00.000Z,4741.09,4761.76,4735.67,4751.55,606.5997
2026-04-14T04:00:00.000Z,4751.47,4781.35,4741.57,4762.4,664.5015
2026-04-14T08:00:00.000Z,4762.39,4773,4739.99,4759.38,841.5894
2026-04-14T12:00:00.000Z,4759.21,4800.66,4748.64,4792.68,1793.9778
2026-04-14T16:00:00.000Z,4792.86,4839.06,4791.07,4837.41,8301.7515
2026-04-14T20:00:00.000Z,4837.32,4840,4817.99,4827.05,574.4303
2026-04-15T00:00:00.000Z,4827.31,4861.14,4809.95,4815.81,1195.6853
2026-04-15T04:00:00.000Z,4815.81,4821.22,4796.4,4801.5,618.5983
2026-04-15T08:00:00.000Z,4801.49,4811.75,4780,4805.28,1097.9811
2026-04-15T12:00:00.000Z,4805.28,4823,4782,4794.47,1053.9181
2026-04-15T16:00:00.000Z,4794.47,4803.19,4784,4787.91,291.1086
2026-04-15T20:00:00.000Z,4787.91,4814.21,4779.44,4810.84,1579.5546
2026-04-16T00:00:00.000Z,4810.85,4824.43,4800.4,4810.98,1186.7715
2026-04-16T04:00:00.000Z,4810.99,4825,4803.87,4808.98,583.0709
2026-04-16T08:00:00.000Z,4808.97,4810,4795.45,4809.99,318.5308
2026-04-16T12:00:00.000Z,4810,4812.29,4766.2,4797,1228.4985
2026-04-16T16:00:00.000Z,4796.83,4798.27,4769.21,4782.61,989.641
2026-04-16T20:00:00.000Z,4782.61,4783.44,4747.2,4775.61,2860.2921
2026-04-17T00:00:00.000Z,4775.4,4783.59,4753.34,4775.01,1638.1061
2026-04-17T04:00:00.000Z,4775.02,4790,4766.02,4770.35,342.7455
2026-04-17T08:00:00.000Z,4770.31,4793.94,4767.91,4785.1,481.8725
2026-04-17T12:00:00.000Z,4785.3,4872.86,4783.87,4850.29,4874.7495
2026-04-17T16:00:00.000Z,4850.32,4856.46,4835.41,4836.86,894.9763
2026-04-17T20:00:00.000Z,4836.85,4836.85,4814.33,4820.59,490.4142
2026-04-18T00:00:00.000Z,4820.58,4831.9,4811.35,4814.51,386.7183
2026-04-18T04:00:00.000Z,4814.51,4817.98,4808.63,4809.02,381.8945
2026-04-18T08:00:00.000Z,4809.02,4811.15,4792.03,4792.98,470.3798
2026-04-18T12:00:00.000Z,4792.97,4798.07,4785.31,4792.81,334.5551
2026-04-18T16:00:00.000Z,4792.82,4798.62,4774.79,4786.67,825.7341
2026-04-18T20:00:00.000Z,4787.09,4791.23,4775.11,4775.26,327.6879
2026-04-19T00:00:00.000Z,4775.26,4783.96,4766,4779.02,507.6174
2026-04-19T04:00:00.000Z,4778.9,4792.46,4769.43,4781.2,327.741
2026-04-19T08:00:00.000Z,4781.19,4785.66,4774.24,4781.51,306.966
2026-04-19T12:00:00.000Z,4781.5,4795.56,4778.91,4791.63,376.4585
2026-04-19T16:00:00.000Z,4791.63,4797.84,4776.72,4782.46,462.8571
2026-04-19T20:00:00.000Z,4782.45,4782.45,4726.74,4740,1793.3229
2026-04-20T00:00:00.000Z,4739.99,4795,4730.26,4774.26,969.8206
2026-04-20T04:00:00.000Z,4774.26,4790,4761.34,4774.31,272.4383
2026-04-20T08:00:00.000Z,4773.97,4794.73,4771.61,4794.73,231.5497
2026-04-20T12:00:00.000Z,4794.65,4809.88,4777.9,4785.18,729.3741
2026-04-20T16:00:00.000Z,4785.18,4805.57,4779.63,4797.54,5086.8415
2026-04-20T20:00:00.000Z,4797.54,4815.52,4797.42,4806.48,432.4691
2026-04-21T00:00:00.000Z,4806.48,4814.44,4778.12,4781.96,350.4648
2026-04-21T04:00:00.000Z,4781.96,4782.55,4761.28,4772.16,552.5585
2026-04-21T08:00:00.000Z,4772.55,4784.79,4763.96,4782,383.1574
2026-04-21T12:00:00.000Z,4782.01,4784.11,4715.85,4730.87,2359.5316
2026-04-21T16:00:00.000Z,4731,4736,4660.01,4670.68,1563.8369
2026-04-21T20:00:00.000Z,4670.67,4730,4656.71,4728,875.9213
2026-04-22T00:00:00.000Z,4728.6,4751.11,4724.4,4745.81,700.2647
2026-04-22T04:00:00.000Z,4745.81,4758.99,4740.01,4748.64,542.3775
2026-04-22T08:00:00.000Z,4748.65,4750.7,4735.34,4737.61,1200.6208
2026-04-22T12:00:00.000Z,4737.61,4745.8,4712.79,4714.8,1570.2106
2026-04-22T16:00:00.000Z,4714.57,4735.34,4710,4727.16,475.5663
2026-04-22T20:00:00.000Z,4727.16,4732.19,4710.18,4713.8,334.6038
2026-04-23T00:00:00.000Z,4713.8,4737.59,4681.53,4690.12,1066.4647
2026-04-23T04:00:00.000Z,4690.12,4707.19,4679.48,4707.09,282.2075
2026-04-23T08:00:00.000Z,4706.06,4710.68,4673.23,4707.9,338.3353
2026-04-23T12:00:00.000Z,4707.9,4728.69,4705.46,4708.62,622.0137
2026-04-23T16:00:00.000Z,4708.98,4723.68,4657.87,4686.12,1127.4375
2026-04-23T20:00:00.000Z,4685.94,4692.84,4677.66,4684.89,303.9774
2026-04-24T00:00:00.000Z,4685.1,4699.16,4660.78,4662.85,433.4012
2026-04-24T04:00:00.000Z,4663.3,4684.2,4651.5,4683.83,509.3474
2026-04-24T08:00:00.000Z,4683.83,4706.39,4666.73,4696.38,469.8344
2026-04-24T12:00:00.000Z,4696.38,4726,4680.93,4714.31,1169.6283
2026-04-24T16:00:00.000Z,4714.5,4717.35,4702.81,4705.08,239.978
2026-04-24T20:00:00.000Z,4704.42,4704.83,4692.08,4696.12,170.9924
2026-04-25T00:00:00.000Z,4696.13,4699.07,4696.12,4699.06,58.5927
2026-04-25T04:00:00.000Z,4699.07,4700.5,4694.5,4696.59,104.2057
2026-04-25T08:00:00.000Z,4696.6,4702.8,4696.59,4700.57,91.0499
2026-04-25T12:00:00.000Z,4700.56,4700.57,4697.75,4697.82,75.723
2026-04-25T16:00:00.000Z,4697.82,4697.83,4692.26,4695.01,204.306
2026-04-25T20:00:00.000Z,4695,4696.06,4689.01,4689.63,122.0031
2026-04-26T00:00:00.000Z,4689.62,4692.72,4688.03,4692.05,85.4959
2026-04-26T04:00:00.000Z,4692.06,4694.82,4690,4692.21,141.5477
2026-04-26T08:00:00.000Z,4692.2,4696.31,4692.08,4696.3,146.1134
2026-04-26T12:00:00.000Z,4696.3,4705.11,4696.3,4701.65,148.3127
2026-04-26T16:00:00.000Z,4701.66,4710,4699.48,4706.72,384.4701
2026-04-26T20:00:00.000Z,4706.71,4709.33,4668.01,4673.25,634.6963
2026-04-27T00:00:00.000Z,4673.24,4717.53,4665.48,4713,402.5697
2026-04-27T04:00:00.000Z,4713,4716.97,4695.68,4700.94,448.719
2026-04-27T08:00:00.000Z,4700.61,4701.89,4689.38,4692.96,188.5505
2026-04-27T12:00:00.000Z,4692.96,4700,4658.44,4660.53,543.3406
2026-04-27T16:00:00.000Z,4660.53,4675.8,4658.96,4672.7,387.1696
2026-04-27T20:00:00.000Z,4672.69,4685.3,4669.56,4683.83,484.9891
2026-04-28T00:00:00.000Z,4683.64,4690.49,4659,4662.58,1029.7154
2026-04-28T04:00:00.000Z,4662.59,4662.59,4609.72,4626.46,1662.8201
2026-04-28T08:00:00.000Z,4626.5,4628.82,4552.2,4559.51,1391.8361
2026-04-28T12:00:00.000Z,4559.52,4594.46,4552.08,4581.57,1537.7536
2026-04-28T16:00:00.000Z,4581.78,4596.24,4575.06,4591,375.1502
2026-04-28T20:00:00.000Z,4591.4,4594.64,4582.98,4589.54,256.9675
2026-04-29T00:00:00.000Z,4589.53,4604.08,4570.53,4588.26,408.3519
2026-04-29T04:00:00.000Z,4588.25,4598.22,4562.89,4562.96,791.9198
2026-04-29T08:00:00.000Z,4562.96,4573.16,4547.26,4557.56,730.226
2026-04-29T12:00:00.000Z,4557.06,4562.44,4508.14,4542.91,1683.9629
2026-04-29T16:00:00.000Z,4543.21,4559.41,4517.38,4543.08,769.1749
2026-04-29T20:00:00.000Z,4542.97,4556.01,4536.61,4555.97,357.8547
2026-04-30T00:00:00.000Z,4556.01,4576.19,4551.62,4551.92,345.5741
2026-04-30T04:00:00.000Z,4551.64,4597.31,4535.91,4590.8,481.6212
2026-04-30T08:00:00.000Z,4590.81,4641.49,4590.81,4622.56,863.5736
2026-04-30T12:00:00.000Z,4623.05,4637.94,4603.12,4608.54,564.5784
2026-04-30T16:00:00.000Z,4608.53,4620,4598.23,4609.21,339.9382
2026-04-30T20:00:00.000Z,4609.08,4624.5,4609.04,4618.2,214.8984
2026-05-01T00:00:00.000Z,4618,4626.05,4605.59,4617.6,200.9679
2026-05-01T04:00:00.000Z,4617.41,4619,4571.42,4572.49,319.1516
2026-05-01T08:00:00.000Z,4572.66,4576.99,4557.01,4576.54,608.0142
2026-05-01T12:00:00.000Z,4576.53,4652.13,4572.87,4631.22,1319.8554
2026-05-01T16:00:00.000Z,4631.65,4638,4600.91,4602.69,468.9721
2026-05-01T20:00:00.000Z,4602.68,4610.29,4600,4603.82,152.9991
2026-05-02T00:00:00.000Z,4603.83,4605,4601.19,4604.53,37.4694
2026-05-02T04:00:00.000Z,4604.54,4604.54,4599.91,4602,119.926
2026-05-02T08:00:00.000Z,4602,4604.26,4601.12,4602.75,137.9252
2026-05-02T12:00:00.000Z,4602.75,4605,4601.69,4602.01,66.7002
2026-05-02T16:00:00.000Z,4602.01,4602.35,4597.07,4598.62,201.1222
2026-05-02T20:00:00.000Z,4598.63,4602,4595.91,4597.94,114.7794
2026-05-03T00:00:00.000Z,4597.94,4599.5,4595.79,4599.4,116.2088
2026-05-03T04:00:00.000Z,4599.4,4603,4599.39,4602.7,135.1378
2026-05-03T08:00:00.000Z,4602.7,4612.96,4602.24,4612.2,201.3802
2026-05-03T12:00:00.000Z,4612.2,4618.88,4612.08,4616.4,154.2315
2026-05-03T16:00:00.000Z,4616.4,4621.77,4612.32,4620,207.4639
2026-05-03T20:00:00.000Z,4620.01,4638.74,4605.18,4605.79,824.7231
2026-05-04T00:00:00.000Z,4605.79,4611.42,4587,4609.8,593.8394
2026-05-04T04:00:00.000Z,4609.6,4609.6,4573.73,4573.74,580.2514
2026-05-04T08:00:00.000Z,4573.74,4579.92,4522.62,4556.89,1169.5192
2026-05-04T12:00:00.000Z,4556.89,4575.69,4511.14,4519.08,1334.4535
2026-05-04T16:00:00.000Z,4518.91,4529.08,4500.55,4515.84,1462.7339
2026-05-04T20:00:00.000Z,4515.68,4524.24,4509.13,4516.67,785.5898
2026-05-05T00:00:00.000Z,4516.68,4541.91,4511.65,4530.54,336.0293
2026-05-05T04:00:00.000Z,4530.53,4552.48,4524.46,4540.88,568.9544
2026-05-05T08:00:00.000Z,4540.89,4557.5,4534.75,4555.31,454.2804
2026-05-05T12:00:00.000Z,4555.32,4578.25,4548.87,4560.93,970.2364
2026-05-05T16:00:00.000Z,4560.76,4560.76,4544.79,4546.99,374.1589
2026-05-05T20:00:00.000Z,4546.66,4585.92,4538.69,4584.31,854.8464
2026-05-06T00:00:00.000Z,4584.31,4640.98,4578.29,4632.92,1256.1666
2026-05-06T04:00:00.000Z,4633.01,4669.55,4633.01,4669.55,1438.7157
2026-05-06T08:00:00.000Z,4669.55,4712.39,4661.59,4682.57,2029.528
2026-05-06T12:00:00.000Z,4682.57,4704.66,4652.31,4676.88,1528.2177
2026-05-06T16:00:00.000Z,4676.87,4688.28,4667.2,4680.72,427.9632
2026-05-06T20:00:00.000Z,4681.08,4687.77,4674.7,4687.19,441.6364
2026-05-07T00:00:00.000Z,4687.2,4708.8,4674.36,4686.96,786.8506
2026-05-07T04:00:00.000Z,4686.96,4736.83,4681.45,4731.51,2017.6253
2026-05-07T08:00:00.000Z,4731.5,4748.06,4710.07,4733.25,2938.4801
2026-05-07T12:00:00.000Z,4733.26,4756,4717.17,4719.67,3347.6353
2026-05-07T16:00:00.000Z,4719.66,4720.69,4681.81,4698.35,1639.3348
2026-05-07T20:00:00.000Z,4698.25,4713.56,4674.61,4696.64,1613.0184
2026-05-08T00:00:00.000Z,4697,4723.5,4687.75,4712.01,485.93
2026-05-08T04:00:00.000Z,4711.89,4724.98,4691.25,4700.02,683.374
2026-05-08T08:00:00.000Z,4700.68,4719.75,4699,4708.8,1046.9682
2026-05-08T12:00:00.000Z,4708.45,4741.2,4695,4700.82,1035.7301
2026-05-08T16:00:00.000Z,4700.82,4719.19,4699.8,4717.07,616.0388
2026-05-08T20:00:00.000Z,4717.07,4717.69,4705.86,4706.72,666.2654
2026-05-09T00:00:00.000Z,4706.72,4712.75,4704.97,4706.24,195.2838
2026-05-09T04:00:00.000Z,4706.25,4709.5,4705.01,4705.88,92.2829
2026-05-09T08:00:00.000Z,4705.89,4706.09,4703.68,4704.45,88.8785
2026-05-09T12:00:00.000Z,4704.45,4706.1,4702.96,4704.84,145.7866
2026-05-09T16:00:00.000Z,4704.84,4712,4704.83,4711.99,127.7404
2026-05-09T20:00:00.000Z,4711.99,4716.38,4710.38,4712.54,123.7934
2026-05-10T00:00:00.000Z,4712.54,4717.97,4707.93,4716.23,245.6258
2026-05-10T04:00:00.000Z,4716.23,4716.35,4710,4710,95.3761
2026-05-10T08:00:00.000Z,4710.01,4716.73,4707.45,4716.66,111.2246
2026-05-10T12:00:00.000Z,4716.45,4722.5,4714.98,4721.93,218.726
2026-05-10T16:00:00.000Z,4721.94,4724.5,4716.5,4717,324.747
2026-05-10T20:00:00.000Z,4717.01,4717.43,4676,4686.76,1396.6969
2026-05-11T00:00:00.000Z,4687.19,4699.65,4666.44,4673.82,1199.8905
2026-05-11T04:00:00.000Z,4673.98,4675.42,4645.29,4663.94,930.4352
2026-05-11T08:00:00.000Z,4663.95,4674.23,4648.4,4670.45,360.6674
2026-05-11T12:00:00.000Z,4670.46,4740.19,4664.7,4723.45,3248.048
2026-05-11T16:00:00.000Z,4723.56,4725.87,4701.11,4723.74,268.02
2026-05-11T20:00:00.000Z,4723.75,4758.66,4718.17,4757.62,674.1649
2026-05-12T00:00:00.000Z,4757.58,4762.5,4709.09,4710.35,741.3639
2026-05-12T04:00:00.000Z,4710.62,4719.78,4679,4692.25,742.9152
2026-05-12T08:00:00.000Z,4692.25,4701.15,4680.01,4699.98,336.0843
2026-05-12T12:00:00.000Z,4699.81,4719.97,4638.01,4663.76,3481.27
2026-05-12T16:00:00.000Z,4663.75,4712.99,4662.03,4712.32,778.8699
2026-05-12T20:00:00.000Z,4712.33,4717.79,4705.1,4712.4,384.1706
2026-05-13T00:00:00.000Z,4712.18,4721.83,4684.55,4691.94,393.4048
2026-05-13T04:00:00.000Z,4692.16,4709.12,4690,4698.33,386.5364
2026-05-13T08:00:00.000Z,4698.26,4704.3,4682.22,4694.75,378.855
2026-05-13T12:00:00.000Z,4694.36,4696.78,4666.08,4689.42,1634.476
2026-05-13T16:00:00.000Z,4689.42,4702.99,4669.99,4680.8,1043.7936
2026-05-13T20:00:00.000Z,4680.8,4694.5,4678.72,4689,256.8265
2026-05-14T00:00:00.000Z,4689.19,4698.33,4667.06,4668,269.7817
2026-05-14T04:00:00.000Z,4668,4710,4662.86,4685.58,528.4621
2026-05-14T08:00:00.000Z,4685.41,4698.17,4681.98,4688.64,289.144
2026-05-14T12:00:00.000Z,4688.46,4701.87,4661.66,4680.04,645.5202
2026-05-14T16:00:00.000Z,4680.96,4681.24,4651.07,4651.97,650.2885
2026-05-14T20:00:00.000Z,4651.85,4661.55,4643.01,4650.74,603.4296
2026-05-15T00:00:00.000Z,4650.41,4654.8,4605.18,4613.22,1352.619
2026-05-15T04:00:00.000Z,4612.63,4618.08,4557.5,4573.14,1595.5659
2026-05-15T08:00:00.000Z,4573.25,4575.43,4536,4556.76,1910.7035
2026-05-15T12:00:00.000Z,4556.25,4568.42,4518.22,4544.8,1857.3892
2026-05-15T16:00:00.000Z,4545.03,4567.56,4536.05,4552.32,302.4466
2026-05-15T20:00:00.000Z,4552.33,4552.33,4539.13,4543.1,290.2642
2026-05-16T00:00:00.000Z,4543.11,4545.72,4541.51,4543.83,85.5513
2026-05-16T04:00:00.000Z,4543.84,4547.03,4526.23,4536.91,329.3719
2026-05-16T08:00:00.000Z,4536.91,4537.78,4514.99,4526.31,2363.3234
2026-05-16T12:00:00.000Z,4526.31,4537.5,4525.08,4535,224.7758
2026-05-16T16:00:00.000Z,4535.01,4539.73,4533.63,4536.41,124.1223
2026-05-16T20:00:00.000Z,4536.41,4539.21,4532.52,4537,92.4285
2026-05-17T00:00:00.000Z,4537.01,4538.69,4530.99,4534.92,130.9272
2026-05-17T04:00:00.000Z,4534.92,4534.92,4526,4531.51,99.7055
2026-05-17T08:00:00.000Z,4531.51,4538.4,4531.5,4537.81,130.736
2026-05-17T12:00:00.000Z,4537.81,4543.75,4536.39,4541.5,215.3954
2026-05-17T16:00:00.000Z,4541.51,4542.27,4528.67,4530.31,184.6565
2026-05-17T20:00:00.000Z,4530.3,4554.99,4527.3,4535.6,890.4431
2026-05-18T00:00:00.000Z,4535.6,4544.07,4480.02,4539.91,1937.2442
2026-05-18T04:00:00.000Z,4539.91,4555,4528.21,4544.11,499.6849
2026-05-18T08:00:00.000Z,4544.12,4564.2,4528.67,4548.96,773.9299
2026-05-18T12:00:00.000Z,4548.96,4580,4529.42,4540.47,1573.3943
2026-05-18T16:00:00.000Z,4540.7,4562.47,4534.01,4556.39,489.21
2026-05-18T20:00:00.000Z,4556.39,4584,4556.39,4577.41,398.3426
2026-05-19T00:00:00.000Z,4577.42,4584.41,4541.26,4542.85,317.0308
2026-05-19T04:00:00.000Z,4542.63,4555.55,4529.53,4553.93,394.9957
2026-05-19T08:00:00.000Z,4553.93,4555.61,4526.17,4531.52,388.1059
2026-05-19T12:00:00.000Z,4531.52,4546.14,4470,4510.99,1939.4886
2026-05-19T16:00:00.000Z,4511,4514.12,4486.45,4487.24,284.2229
2026-05-19T20:00:00.000Z,4487.23,4498.93,4482.03,4491.76,318.0062
2026-05-20T00:00:00.000Z,4491.75,4510.16,4460,4469.4,1067.3868
2026-05-20T04:00:00.000Z,4469.4,4492.58,4463.16,4481.88,570.3328
2026-05-20T08:00:00.000Z,4481.89,4503.46,4477.73,4500,471.6333
2026-05-20T12:00:00.000Z,4499.99,4550,4470.67,4526.82,965.1434
2026-05-20T16:00:00.000Z,4526.85,4546.24,4522.82,4541.96,640.1494
2026-05-20T20:00:00.000Z,4541.96,4545.49,4530.65,4541.5,235.7276
2026-05-21T00:00:00.000Z,4541.75,4564,4523.33,4523.98,314.2951
2026-05-21T04:00:00.000Z,4523.5,4533.99,4510.67,4515.69,356.268
2026-05-21T08:00:00.000Z,4515.7,4537.49,4503.99,4510.5,525.7499
2026-05-21T12:00:00.000Z,4510.66,4519.31,4489.01,4509.71,667.9619
2026-05-21T16:00:00.000Z,4510.18,4553.94,4510.18,4537.56,543.281
2026-05-21T20:00:00.000Z,4537.91,4540.61,4527.96,4529.71,156.6669
2026-05-22T00:00:00.000Z,4529.72,4534.14,4516.24,4524.26,133.6605
2026-05-22T04:00:00.000Z,4524.52,4529.45,4505.79,4516.86,300.6359
2026-05-22T08:00:00.000Z,4517.03,4530.52,4508.51,4516.03,381.2082
2026-05-22T12:00:00.000Z,4516.04,4530.99,4488,4516.48,584.8877
2026-05-22T16:00:00.000Z,4516.48,4523.38,4501.99,4505.62,529.292
2026-05-22T20:00:00.000Z,4505.62,4509.14,4498.27,4499.27,468.2326
2026-05-23T00:00:00.000Z,4499.28,4511.08,4498.27,4508.63,148.3388
2026-05-23T04:00:00.000Z,4508.63,4512,4499.61,4502,207.7634
2026-05-23T08:00:00.000Z,4501.99,4504.08,4497.67,4499.75,181.5197
2026-05-23T12:00:00.000Z,4499.76,4510,4498.1,4508.44,180.0578
2026-05-23T16:00:00.000Z,4508.45,4515.8,4506.64,4515.62,192.1437
2026-05-23T20:00:00.000Z,4515.61,4529.03,4514.59,4528.07,566.6688
2026-05-24T00:00:00.000Z,4528.07,4545.58,4528.01,4539.24,1157.502
2026-05-24T04:00:00.000Z,4539.24,4548.36,4538,4541.26,277.1215
2026-05-24T08:00:00.000Z,4541.26,4543.95,4535.48,4535.49,321.6951
2026-05-24T12:00:00.000Z,4535.49,4535.49,4517,4523,339.9907
2026-05-24T16:00:00.000Z,4522.99,4527.29,4517,4518.47,147.7164
2026-05-24T20:00:00.000Z,4518.48,4573.63,4517.01,4561.78,1566.7256
2026-05-25T00:00:00.000Z,4561.79,4573.74,4551.01,4552.9,311.6301
2026-05-25T04:00:00.000Z,4553.21,4559.84,4543.78,4558.09,367.1987
2026-05-25T08:00:00.000Z,4558.16,4568.48,4548.05,4562,431.5681
2026-05-25T12:00:00.000Z,4562,4567.98,4547.79,4563.33,367.9746
2026-05-25T16:00:00.000Z,4563.33,4569.99,4557.56,4561.1,99.7865
2026-05-25T20:00:00.000Z,4561.1,4571,4548.36,4551.68,290.4899
2026-05-26T00:00:00.000Z,4551.4,4551.4,4521.21,4537.44,603.6714
2026-05-26T04:00:00.000Z,4537.63,4538.24,4520,4534.11,315.7673
2026-05-26T08:00:00.000Z,4534.05,4536.95,4503.41,4506.43,1331.2619
2026-05-26T12:00:00.000Z,4506.54,4527.43,4500.8,4506.27,756.757
2026-05-26T16:00:00.000Z,4506.61,4511.23,4484.71,4509.12,513.0639
2026-05-26T20:00:00.000Z,4509.34,4527.63,4500.75,4520.62,465.6696
2026-05-27T00:00:00.000Z,4520.36,4526.08,4501.35,4501.56,344.3693
2026-05-27T04:00:00.000Z,4501.56,4518.2,4475.76,4479.81,939.8807
2026-05-27T08:00:00.000Z,4479.8,4496.31,4431.25,4433.37,2150.9611
2026-05-27T12:00:00.000Z,4433.68,4467.61,4410.5,4442.1,2029.2242
2026-05-27T16:00:00.000Z,4442.23,4462.02,4440.85,4455.8,672.0683
2026-05-27T20:00:00.000Z,4455.81,4466.1,4446.18,4448.64,418.9355
2026-05-28T00:00:00.000Z,4448.63,4459.55,4375,4379.95,2398.0579
2026-05-28T04:00:00.000Z,4379.94,4401.39,4374,4394.79,786.2777
2026-05-28T08:00:00.000Z,4395.05,4406.84,4382.63,4391.98,516.9715
2026-05-28T12:00:00.000Z,4391.52,4480,4384.61,4476.69,2838.675
2026-05-28T16:00:00.000Z,4476.78,4507,4473.58,4491.24,778.7638
2026-05-28T20:00:00.000Z,4491.24,4493.01,4482.21,4487.89,274.8455
2026-05-29T00:00:00.000Z,4487.6,4511.03,4485.58,4494.16,1489.8252
2026-05-29T04:00:00.000Z,4494.26,4519.72,4494.26,4519.22,500.2413
2026-05-29T08:00:00.000Z,4519.21,4536,4506.85,4532.2,407.7013
2026-05-29T12:00:00.000Z,4532.5,4584.62,4508.18,4562.55,1368.6414
2026-05-29T16:00:00.000Z,4562.55,4564.55,4536.05,4537.74,433.2298
2026-05-29T20:00:00.000Z,4537.73,4540.88,4526.05,4534.99,304.3929
2026-05-30T00:00:00.000Z,4535,4538.72,4532.19,4532.51,275.5084
2026-05-30T04:00:00.000Z,4532.52,4533.45,4525,4528.01,115.4381
2026-05-30T08:00:00.000Z,4528.01,4534.64,4527.93,4530.03,149.542
2026-05-30T12:00:00.000Z,4530.03,4533.5,4526,4527.79,109.1404
2026-05-30T16:00:00.000Z,4528.16,4528.48,4524.38,4526.99,78.2964
2026-05-30T20:00:00.000Z,4526.99,4527.12,4522.53,4523.42,82.4064
2026-05-31T00:00:00.000Z,4523.43,4528,4521.45,4522.92,148.9583
2026-05-31T04:00:00.000Z,4522.92,4536.24,4520.7,4534.86,170.4251
2026-05-31T08:00:00.000Z,4534.86,4536.23,4531.01,4533.08,86.026
2026-05-31T12:00:00.000Z,4533.09,4537.35,4529.99,4531.43,112.3236
2026-05-31T16:00:00.000Z,4531.43,4534.72,4530.65,4531.31,93.2937
2026-05-31T20:00:00.000Z,4531.31,4539.48,4514.72,4535,418.1181
2026-06-01T00:00:00.000Z,4534.99,4540.56,4505.01,4508.94,1253.8353
2026-06-01T04:00:00.000Z,4508.95,4517.92,4490.01,4497.67,394.1492
2026-06-01T08:00:00.000Z,4497.68,4507.84,4487.51,4503.1,472.0108
2026-06-01T12:00:00.000Z,4503.09,4505.68,4448.33,4474.44,1650.4525
2026-06-01T16:00:00.000Z,4474.71,4495.15,4464.19,4480.38,431.9081
2026-06-01T20:00:00.000Z,4480.65,4485.23,4478,4482.21,186.7726
2026-06-02T00:00:00.000Z,4481.76,4495.22,4462.29,4494.76,342.649
2026-06-02T04:00:00.000Z,4494.77,4534.99,4494.43,4529.76,1271.8578
2026-06-02T08:00:00.000Z,4529.85,4533,4515.85,4521.37,448.6498
2026-06-02T12:00:00.000Z,4521.76,4528.31,4487.19,4498.79,747.9709
2026-06-02T16:00:00.000Z,4498.79,4499.75,4477.41,4485.1,795.8188
2026-06-02T20:00:00.000Z,4485.1,4489.43,4456.53,4470.86,529.3722
2026-06-03T00:00:00.000Z,4471.04,4491.2,4460.68,4478.3,356.03
2026-06-03T04:00:00.000Z,4478.3,4481.68,4450.99,4450.99,439.3066
2026-06-03T08:00:00.000Z,4450.99,4463.5,4437,4459.26,756.3189
2026-06-03T12:00:00.000Z,4459.26,4462.76,4426.43,4438.59,656.9862
2026-06-03T16:00:00.000Z,4438.75,4449.96,4431.07,4441,901.3293
2026-06-03T20:00:00.000Z,4441.01,4459.05,4422,4452.41,559.9146
2026-06-04T00:00:00.000Z,4452.45,4472.56,4438.65,4459.74,1420.7117
2026-06-04T04:00:00.000Z,4459.65,4477.31,4454.01,4455.62,522.7946
2026-06-04T08:00:00.000Z,4455.63,4507.44,4452.99,4505.88,646.0004
2026-06-04T12:00:00.000Z,4505.7,4514.01,4455,4474.83,1207.2376
2026-06-04T16:00:00.000Z,4474.84,4482.34,4467.61,4476,714.7709
2026-06-04T20:00:00.000Z,4475.98,4476,4455.91,4456.21,328.4582
2026-06-05T00:00:00.000Z,4456.21,4463.12,4425.78,4434.85,1376.6924
2026-06-05T04:00:00.000Z,4435.5,4464.07,4422.81,4457.11,864.5187
2026-06-05T08:00:00.000Z,4457.1,4467.06,4452.94,4462.08,506.1377
2026-06-05T12:00:00.000Z,4462.09,4468.74,4333.24,4334.35,3203.3138
2026-06-05T16:00:00.000Z,4334.34,4347.92,4311.44,4317.34,1068.9238
2026-06-05T20:00:00.000Z,4317.33,4337.6,4310.59,4321.34,508.7183
2026-06-06T00:00:00.000Z,4321.6,4333.19,4314.18,4315,208.8301
2026-06-06T04:00:00.000Z,4315.01,4315.96,4292,4306.79,649.7097
2026-06-06T08:00:00.000Z,4306.79,4308.86,4291,4298.44,503.9989
2026-06-06T12:00:00.000Z,4298.44,4300,4291.12,4291.38,373.0035
2026-06-06T16:00:00.000Z,4291.38,4298.43,4290.02,4293.63,219.1815
2026-06-06T20:00:00.000Z,4293.63,4300,4290.01,4299.99,282.0667
2026-06-07T00:00:00.000Z,4300,4311.45,4296,4307.15,340.6531
2026-06-07T04:00:00.000Z,4307.16,4313.77,4300.63,4313.19,622.904
2026-06-07T08:00:00.000Z,4313.19,4323.77,4307.56,4311.1,502.5259
2026-06-07T12:00:00.000Z,4311.1,4311.1,4294.25,4304.06,921.32
2026-06-07T16:00:00.000Z,4304.07,4312.95,4297.09,4305.3,378.8766
2026-06-07T20:00:00.000Z,4305.28,4338.53,4302.81,4336.87,764.2276
2026-06-08T00:00:00.000Z,4336.86,4345.78,4293.08,4310.89,748.4705
2026-06-08T04:00:00.000Z,4310.89,4315.3,4264.1,4289.15,712.6109
2026-06-08T08:00:00.000Z,4289.16,4325.3,4268.11,4323.75,850.7524
2026-06-08T12:00:00.000Z,4323.74,4338.31,4310.22,4333.99,734.5838
2026-06-08T16:00:00.000Z,4334,4338.14,4318,4320.26,347.0044
2026-06-08T20:00:00.000Z,4319.85,4329.48,4307.42,4310.54,172.6031
2026-06-09T00:00:00.000Z,4310.73,4333.87,4307.01,4329.11,259.995
2026-06-09T04:00:00.000Z,4329.09,4342.77,4315.79,4318.32,506.38
2026-06-09T08:00:00.000Z,4318.32,4333.87,4312.74,4331.66,454.3784
2026-06-09T12:00:00.000Z,4331.6,4354.58,4258.73,4268.8,1058.8201
2026-06-09T16:00:00.000Z,4268.58,4276.38,4231.93,4254.77,1009.9165
2026-06-09T20:00:00.000Z,4254.77,4258.42,4208.3,4218.22,517.4065
2026-06-10T00:00:00.000Z,4218.28,4223.88,4172.76,4184.18,1411.0327
2026-06-10T04:00:00.000Z,4184.19,4219.83,4172.28,4185.95,536.1626
2026-06-10T08:00:00.000Z,4185.75,4186.25,4146.23,4147.94,1178.2039
2026-06-10T12:00:00.000Z,4147.94,4184.61,4109.6,4130.09,1729.84
2026-06-10T16:00:00.000Z,4130.23,4136.99,4085.32,4087.69,1448.5646
2026-06-10T20:00:00.000Z,4087.68,4087.98,4026.48,4052.1,1503.4573
2026-06-11T00:00:00.000Z,4051.85,4121.39,4041.71,4080.1,1062.6722
2026-06-11T04:00:00.000Z,4080.7,4113.49,4077.95,4109.8,905.8317
2026-06-11T08:00:00.000Z,4109.25,4116.41,4081.57,4085,629.9814
2026-06-11T12:00:00.000Z,4085.01,4097.2,4058.56,4092.68,744.1922
2026-06-11T16:00:00.000Z,4092.68,4215.48,4074.39,4204.99,1606.6791
2026-06-11T20:00:00.000Z,4205.25,4242.05,4200.36,4215.12,916.6653
2026-06-12T00:00:00.000Z,4215.38,4224.97,4169.23,4194.84,461.6778
2026-06-12T04:00:00.000Z,4194.84,4196.92,4166.44,4189.38,566.8079
2026-06-12T08:00:00.000Z,4189.47,4223.11,4188.34,4203.41,835.6839
2026-06-12T12:00:00.000Z,4202.51,4230.47,4175.18,4207.5,862.8706
2026-06-12T16:00:00.000Z,4207.1,4229.12,4197.39,4206.47,629.0551
2026-06-12T20:00:00.000Z,4206.12,4213.94,4205.31,4212.35,68.3839
2026-06-13T00:00:00.000Z,4212.35,4212.75,4208.39,4210.42,61.7229
2026-06-13T04:00:00.000Z,4210.42,4217.9,4210.42,4215.53,51.479
2026-06-13T08:00:00.000Z,4215.29,4216.15,4212.2,4213.45,72.9852
2026-06-13T12:00:00.000Z,4213.45,4220.84,4213.08,4219.72,140.317
2026-06-13T16:00:00.000Z,4219.55,4222.6,4203.05,4219.91,253.4362
2026-06-13T20:00:00.000Z,4219.91,4229.21,4219.89,4222.73,258.2465
2026-06-14T00:00:00.000Z,4222.73,4227.15,4221.01,4224.77,140.62
2026-06-14T04:00:00.000Z,4224.76,4229.17,4223.52,4228,168.949
2026-06-14T08:00:00.000Z,4228.01,4234.43,4223.8,4227.37,373.8842
2026-06-14T12:00:00.000Z,4227.37,4231.44,4217.56,4222.96,475.0565
2026-06-14T16:00:00.000Z,4222.96,4227.87,4220.71,4224.06,134.8556
2026-06-14T20:00:00.000Z,4224.07,4304.85,4221.24,4289.62,1837.9856
2026-06-15T00:00:00.000Z,4289.18,4328.83,4282.4,4318.95,700.5564
2026-06-15T04:00:00.000Z,4318.95,4326.31,4297.65,4317.01,335.7155
2026-06-15T08:00:00.000Z,4317,4340.48,4315.58,4328.79,484.6046
2026-06-15T12:00:00.000Z,4328.79,4361.22,4319.77,4348.57,949.711
2026-06-15T16:00:00.000Z,4348.61,4350.63,4308.64,4311.5,511.9188
2026-06-15T20:00:00.000Z,4312.6,4312.6,4298.46,4308.66,251.4252
2026-06-16T00:00:00.000Z,4307.7,4324.98,4299.07,4324.46,287.1823
2026-06-16T04:00:00.000Z,4324.46,4327.11,4307.47,4326.38,172.2837
2026-06-16T08:00:00.000Z,4326.38,4341.63,4324.91,4333.81,1310.6715
2026-06-16T12:00:00.000Z,4333.35,4347.2,4305.15,4329.15,611.3628
2026-06-16T16:00:00.000Z,4328.31,4339.5,4319.11,4327.63,286.7377
2026-06-16T20:00:00.000Z,4327.35,4330.94,4322.21,4323.01,183.8327
2026-06-17T00:00:00.000Z,4323.02,4342.15,4321.45,4324.56,426.0847
2026-06-17T04:00:00.000Z,4324.56,4326.22,4312.41,4318.19,339.2449
2026-06-17T08:00:00.000Z,4318.19,4327.99,4310.6,4316.16,213.3191
2026-06-17T12:00:00.000Z,4316.16,4356.58,4313.5,4355.16,942.5898
2026-06-17T16:00:00.000Z,4355.24,4373.95,4216.86,4232.58,2523.1825
2026-06-17T20:00:00.000Z,4232.48,4277.43,4231.53,4273.45,545.2242
2026-06-18T00:00:00.000Z,4273.46,4323.72,4272.61,4313.06,476.4352
2026-06-18T04:00:00.000Z,4313.06,4317.29,4282.81,4283.11,489.7138
2026-06-18T08:00:00.000Z,4283.76,4287.05,4234.48,4235.74,497.2011
2026-06-18T12:00:00.000Z,4236.04,4270.83,4219.41,4222.72,885.3853
2026-06-18T16:00:00.000Z,4221.73,4228.94,4198.51,4213.39,476.7667
2026-06-18T20:00:00.000Z,4213.14,4216.72,4183.37,4184.64,379.8637
2026-06-19T00:00:00.000Z,4184.72,4193.71,4143.53,4147.9,813.4373
2026-06-19T04:00:00.000Z,4148.65,4159.84,4120.04,4155.83,605.7862
2026-06-19T08:00:00.000Z,4156.68,4176.2,4140.43,4150.65,317.8541
2026-06-19T12:00:00.000Z,4150.65,4179.77,4142.64,4150.37,476.7459
2026-06-19T16:00:00.000Z,4150.85,4158.81,4144.47,4157.2,280.2975
2026-06-19T20:00:00.000Z,4157.21,4159.79,4154.02,4154.95,111.4147
2026-06-20T00:00:00.000Z,4154.94,4160.07,4152.36,4154.88,97.5192
2026-06-20T04:00:00.000Z,4154.89,4159.77,4154.89,4156.07,106.2635
2026-06-20T08:00:00.000Z,4156.07,4158.15,4153,4154.97,84.7525
2026-06-20T12:00:00.000Z,4154.97,4162.6,4148.59,4159.19,193.6983
2026-06-20T16:00:00.000Z,4159.2,4159.2,4151.23,4154.3,84.0323
2026-06-20T20:00:00.000Z,4154.3,4155.64,4152.15,4154.2,109.0917
2026-06-21T00:00:00.000Z,4154.2,4159.13,4152.03,4158.08,68.0092
2026-06-21T04:00:00.000Z,4158.08,4166.77,4155.77,4161.08,62.2646
2026-06-21T08:00:00.000Z,4160.91,4163.21,4155.54,4156.35,92.3183
2026-06-21T12:00:00.000Z,4156.35,4164.17,4155.52,4162.6,156.5158
2026-06-21T16:00:00.000Z,4162.61,4163.96,4157.96,4161.8,90.2131
2026-06-21T20:00:00.000Z,4162.36,4162.37,4134.45,4137.03,403.2965
2026-06-22T00:00:00.000Z,4137.03,4216.86,4137.03,4170.12,608.8024
2026-06-22T04:00:00.000Z,4169.84,4203.48,4166.97,4187.24,371.2747
2026-06-22T08:00:00.000Z,4187.24,4211.1,4185.53,4203.62,181.9483
2026-06-22T12:00:00.000Z,4203.63,4207.2,4166.27,4177.92,617.5276
2026-06-22T16:00:00.000Z,4177.93,4188.72,4170.55,4185.83,386.796
2026-06-22T20:00:00.000Z,4186.64,4190.61,4179.39,4183.46,294.7002
2026-06-23T00:00:00.000Z,4183.22,4193.14,4128.33,4142.03,514.2734
2026-06-23T04:00:00.000Z,4141.8,4144,4095,4097.28,610.8301
2026-06-23T08:00:00.000Z,4097.77,4130.01,4090.41,4118.2,1480.44
2026-06-23T12:00:00.000Z,4118.2,4139.56,4100.69,4132.98,890.5538
2026-06-23T16:00:00.000Z,4132.98,4137.15,4108.42,4108.42,563.5509
2026-06-23T20:00:00.000Z,4108.25,4117.41,4079.01,4096.15,236.4263
2026-06-24T00:00:00.000Z,4097.39,4108.42,4051.15,4062.22,555.3158
2026-06-24T04:00:00.000Z,4062.23,4096.41,4054.67,4074.47,2239.8104
2026-06-24T08:00:00.000Z,4074.89,4087.19,4040.27,4048.39,542.0566
2026-06-24T12:00:00.000Z,4048.28,4050.06,3969.23,4002.31,3167.9219
2026-06-24T16:00:00.000Z,4002.31,4021.96,3959,3989.5,1071.484
2026-06-24T20:00:00.000Z,3989.11,4019.32,3985.52,4014.13,504.0583
2026-06-25T00:00:00.000Z,4014.07,4018.25,3965.1,3996.59,776.6647
2026-06-25T04:00:00.000Z,3997.16,4001.83,3975.2,3990.2,431.0075
2026-06-25T08:00:00.000Z,3989.71,4003.27,3976.24,3982,703.8309
2026-06-25T12:00:00.000Z,3981.59,4040.77,3980.58,4039,1587.2254
2026-06-25T16:00:00.000Z,4039.94,4042.75,4021.03,4025.46,460.1954
2026-06-25T20:00:00.000Z,4025.26,4033.75,4012.36,4014.32,335.7525
2026-06-26T00:00:00.000Z,4013.64,4027.29,3982.76,4002.49,545.208
2026-06-26T04:00:00.000Z,4002.97,4038.19,3998.44,4029.64,554.518
2026-06-26T08:00:00.000Z,4029.64,4052.15,4024.39,4041.37,771.1886
2026-06-26T12:00:00.000Z,4041.75,4091.28,4032.29,4087.43,1358.1767
2026-06-26T16:00:00.000Z,4086.85,4088.86,4061.53,4068.52,350.1006
2026-06-26T20:00:00.000Z,4068.52,4085.34,4062.65,4082.38,163.4559
2026-06-27T00:00:00.000Z,4082.38,4083.98,4075.84,4080.7,137.161
2026-06-27T04:00:00.000Z,4080.7,4083.64,4078.29,4081.22,64.6481
2026-06-27T08:00:00.000Z,4080.82,4081.74,4078.46,4081.43,86.4893
2026-06-27T12:00:00.000Z,4081.43,4082,4077.49,4080.36,141.2019
2026-06-27T16:00:00.000Z,4080.36,4081.69,4071.21,4073.72,106.6022
2026-06-27T20:00:00.000Z,4073.43,4081.03,4072.85,4075.86,99.6219
2026-06-28T00:00:00.000Z,4075.87,4078.97,4075.66,4076.5,51.604
2026-06-28T04:00:00.000Z,4076.5,4078.9,4073.4,4074.84,173.4629
2026-06-28T08:00:00.000Z,4074.84,4079.56,4074.48,4074.94,145.9811
2026-06-28T12:00:00.000Z,4074.93,4078.04,4072.68,4074.31,115.5733
2026-06-28T16:00:00.000Z,4074.77,4075.48,4070.89,4073.73,376.4129
2026-06-28T20:00:00.000Z,4073.73,4081.64,4048.6,4059.57,501.4771
2026-06-29T00:00:00.000Z,4059.47,4072,4045.94,4065.73,311.3361
2026-06-29T04:00:00.000Z,4065.56,4065.61,4037.76,4057.68,201.5402
2026-06-29T08:00:00.000Z,4057.13,4062.28,4023.6,4037.78,412.8828
2026-06-29T12:00:00.000Z,4037.78,4048.64,3998.45,4025.43,672.6516
2026-06-29T16:00:00.000Z,4025.43,4029.6,4005.56,4016.36,212.281
2026-06-29T20:00:00.000Z,4016.36,4021.78,4007.69,4013.73,118.6368
2026-06-30T00:00:00.000Z,4013.71,4013.71,3944.57,3969.12,3180.4401
2026-06-30T04:00:00.000Z,3968.98,4034.34,3968.98,4029.59,2556.9296
2026-06-30T08:00:00.000Z,4029.59,4035.98,4010.34,4031.4,635.2901
2026-06-30T12:00:00.000Z,4032.16,4060.41,4008.09,4028.68,1241.912
2026-06-30T16:00:00.000Z,4028.31,4031.44,4014.89,4015.02,172.6251
2026-06-30T20:00:00.000Z,4015.02,4019.01,4004.3,4004.47,223.8181
2026-07-01T00:00:00.000Z,4004.47,4008.17,3970.56,3981.47,658.3504
2026-07-01T04:00:00.000Z,3981.82,3982.62,3956.89,3975.64,616.3783
2026-07-01T08:00:00.000Z,3975.64,4032.24,3970,4027.91,550.183
2026-07-01T12:00:00.000Z,4028.14,4110.89,4011.23,4077.57,2067.9309
2026-07-01T16:00:00.000Z,4077.45,4083.77,4033.26,4036.06,514.1136
2026-07-01T20:00:00.000Z,4036.06,4044.27,4027.3,4032.89,656.0979
2026-07-02T00:00:00.000Z,4032.85,4071.41,4029.92,4066.96,480.9569
2026-07-02T04:00:00.000Z,4067.21,4076.04,4051.61,4061.95,271.7511
2026-07-02T08:00:00.000Z,4061.67,4077.84,4057.44,4064.85,496.3179
2026-07-02T12:00:00.000Z,4064.85,4138.9,4060.91,4124.79,1898.4203
2026-07-02T16:00:00.000Z,4124.61,4125.56,4096.76,4117.41,391.54
2026-07-02T20:00:00.000Z,4116.95,4128.86,4113.07,4124.31,197.4533
2026-07-03T00:00:00.000Z,4124.3,4188.74,4121.22,4168.78,573.1023
2026-07-03T04:00:00.000Z,4169.09,4175.87,4155.84,4170.15,502.7693
2026-07-03T08:00:00.000Z,4170.27,4180.22,4164.12,4174.52,574.9111
2026-07-03T12:00:00.000Z,4174.83,4177.3,4151.37,4160.24,421.9202
2026-07-03T16:00:00.000Z,4160.23,4171.77,4157.59,4170.66,376.0838
2026-07-03T20:00:00.000Z,4170.66,4174.38,4165.11,4168.71,129.343
2026-07-04T00:00:00.000Z,4168.72,4170.52,4158.91,4165.52,74.7487
2026-07-04T04:00:00.000Z,4165.53,4166.37,4162.7,4163.9,82.5488
2026-07-04T08:00:00.000Z,4163.9,4170.47,4163.9,4165.92,115.6358
2026-07-04T12:00:00.000Z,4165.93,4169.75,4164.58,4169.52,90.1461
2026-07-04T16:00:00.000Z,4169.51,4171.88,4163.28,4164.72,129.9549
2026-07-04T20:00:00.000Z,4164.73,4168.4,4164.72,4168,62.2545
2026-07-05T00:00:00.000Z,4168.01,4168.27,4163.51,4164.32,61.6219
2026-07-05T04:00:00.000Z,4164.33,4167.09,4164.32,4166.71,43.8849
2026-07-05T08:00:00.000Z,4166.71,4170.95,4166.18,4170.94,63.35
2026-07-05T12:00:00.000Z,4170.95,4170.95,4167.36,4168.03,72.3069
2026-07-05T16:00:00.000Z,4168.03,4170.85,4167.52,4170.32,66.4521
2026-07-05T20:00:00.000Z,4170.32,4196.06,4170.24,4179.65,678.2676
2026-07-06T00:00:00.000Z,4178.41,4197.02,4155.55,4160.56,357.7714
2026-07-06T04:00:00.000Z,4160.57,4160.57,4139.1,4159.41,700.932
2026-07-06T08:00:00.000Z,4159.41,4165.87,4133.46,4150.22,484.4524
2026-07-06T12:00:00.000Z,4150.22,4153.47,4125.04,4144.73,561.1028
2026-07-06T16:00:00.000Z,4144.46,4163.93,4137.49,4159.5,206.0996
2026-07-06T20:00:00.000Z,4159.53,4168.17,4152.02,4152.03,128.2002
2026-07-07T00:00:00.000Z,4152.02,4156.98,4121.33,4127.03,306.8156
2026-07-07T04:00:00.000Z,4127.03,4135.89,4114.29,4122.91,400.2122
2026-07-07T08:00:00.000Z,4122.7,4153.83,4118.12,4152.26,411.5573
2026-07-07T12:00:00.000Z,4152.66,4174.81,4131.59,4134.53,951.7637
2026-07-07T16:00:00.000Z,4135.19,4143.84,4089.37,4109.48,1151.6244
2026-07-07T20:00:00.000Z,4109.81,4111.05,4089,4094.25,343.4146
2026-07-08T00:00:00.000Z,4095.03,4127.43,4092.66,4119.07,419.4968
2026-07-08T04:00:00.000Z,4119.57,4129.03,4111,4117.31,478.1749
2026-07-08T08:00:00.000Z,4116.22,4117.28,4039.01,4059.3,933.7928
2026-07-08T12:00:00.000Z,4060.65,4082.66,4021.15,4033.72,556.1187
2026-07-08T16:00:00.000Z,4034.03,4086.73,4033.04,4075.69,369.7983
2026-07-08T20:00:00.000Z,4076.08,4078.16,4068.4,4073.01,192.3513
2026-07-09T00:00:00.000Z,4073.01,4085,4051.62,4060.47,291.9009
2026-07-09T04:00:00.000Z,4060.47,4105.88,4055.02,4103.37,396.9976
2026-07-09T08:00:00.000Z,4103.38,4111.87,4088.78,4103.15,482.0885
2026-07-09T12:00:00.000Z,4103.39,4131.28,4101.22,4121.95,474.1616
2026-07-09T16:00:00.000Z,4120.96,4130.58,4113.96,4116.27,205.2617
2026-07-09T20:00:00.000Z,4117.28,4121.56,4115.27,4117.45,89.8909
2026-07-10T00:00:00.000Z,4117.81,4128.12,4104.12,4114.44,276.5791
2026-07-10T04:00:00.000Z,4114.22,4115.77,4095.49,4099.84,434.6745
2026-07-10T08:00:00.000Z,4099.84,4105.94,4088.17,4097.16,429.5292
2026-07-10T12:00:00.000Z,4097.17,4111.05,4070.1,4107.28,730.8095
2026-07-10T16:00:00.000Z,4107.56,4109.5,4094.5,4103.78,193.2003
2026-07-10T20:00:00.000Z,4104.09,4116.65,4104.09,4113.34,120.9886
2026-07-11T00:00:00.000Z,4113.34,4115.23,4110.4,4110.78,40.6281
2026-07-11T04:00:00.000Z,4110.78,4113.6,4110.77,4113.53,28.4213
2026-07-11T08:00:00.000Z,4113.53,4116.02,4113.52,4113.83,49.8204
2026-07-11T12:00:00.000Z,4113.83,4115.49,4104.43,4105.95,178.0267
2026-07-11T16:00:00.000Z,4105.95,4109.43,4105.95,4106.68,46.8321
2026-07-11T20:00:00.000Z,4106.69,4107.92,4100.4,4102.09,95.3352
2026-07-12T00:00:00.000Z,4102.1,4102.75,4099.45,4102.74,94.4113
2026-07-12T04:00:00.000Z,4102.75,4103.1,4099.64,4099.67,43.9361
2026-07-12T08:00:00.000Z,4099.67,4101.17,4099.59,4099.59,64.7401
2026-07-12T12:00:00.000Z,4099.6,4101.35,4094.82,4100.72,143.3616
2026-07-12T16:00:00.000Z,4100.72,4100.73,4095.75,4096.52,34.0908
2026-07-12T20:00:00.000Z,4096.51,4099.6,4066.05,4080.47,445.4338
2026-07-13T00:00:00.000Z,4080.48,4086.66,4050,4056.12,379.6624
2026-07-13T04:00:00.000Z,4055.32,4068.39,4040.99,4061.14,294.7503
2026-07-13T08:00:00.000Z,4061.32,4076.51,4045.99,4054.5,404.5409
2026-07-13T12:00:00.000Z,4054.39,4062.84,4001,4014.88,765.5552
2026-07-13T16:00:00.000Z,4015.26,4016.66,3988.38,4003.12,581.964
2026-07-13T20:00:00.000Z,4003.12,4006.45,3991.96,3998.89,274.3725
2026-07-14T00:00:00.000Z,3999.12,4016.46,3983.25,4014.11,408.8375
2026-07-14T04:00:00.000Z,4014.24,4030.47,4011.17,4017.3,377.7739
2026-07-14T08:00:00.000Z,4017.31,4027.83,4010.94,4027.43,537.34
2026-07-14T12:00:00.000Z,4027.43,4097.58,4020.63,4061.08,1899.1909
2026-07-14T16:00:00.000Z,4061.09,4061.25,4038.76,4050.88,333.0561
2026-07-14T20:00:00.000Z,4050.8,4055.46,4043.11,4048.07,326.6336
2026-07-15T00:00:00.000Z,4048.26,4057.68,4024.65,4028.16,272.6149
2026-07-15T04:00:00.000Z,4027.96,4033.03,4017.46,4020.7,353.5881
2026-07-15T08:00:00.000Z,4020.58,4035.58,4015.23,4035.16,223.9228
2026-07-15T12:00:00.000Z,4034.75,4068.2,4032.08,4040.58,584.7541
2026-07-15T16:00:00.000Z,4040.76,4074.78,4022.28,4050.47,533.7886
2026-07-15T20:00:00.000Z,4051.39,4058.57,4050.22,4051.77,81.5202
2026-07-16T00:00:00.000Z,4051.57,4054.03,4020.01,4031.55,180.9966
2026-07-16T04:00:00.000Z,4031.7,4031.9,4019.45,4025.93,225.0223
2026-07-16T08:00:00.000Z,4025.83,4037.51,4018.27,4033.68,169.426
2026-07-16T12:00:00.000Z,4033.77,4037.13,3972.51,4005.79,1594.2445
2026-07-16T16:00:00.000Z,4005.79,4005.79,3970.73,3980.19,1003.8675
2026-07-16T20:00:00.000Z,3979.8,3986.13,3973.02,3986.13,246.8192
2026-07-17T00:00:00.000Z,3986.13,4006.49,3972,3990.66,434.2659
2026-07-17T04:00:00.000Z,3990.67,4004.01,3976.1,3991.96,385.2811
2026-07-17T08:00:00.000Z,3992,3999.99,3987.13,3992.4,221.8391
2026-07-17T12:00:00.000Z,3992.4,4016.3,3960.53,4013.68,621.9922
2026-07-17T16:00:00.000Z,4013.69,4017.83,3998.12,4010.75,333.3628
2026-07-17T20:00:00.000Z,4010.22,4010.79,4002.93,4006.1,75.1792
2026-07-18T00:00:00.000Z,4006.1,4009.26,4006.09,4009.26,62.1798
2026-07-18T04:00:00.000Z,4009.25,4013.7,4009.25,4013.31,78.0495
2026-07-18T08:00:00.000Z,4013.32,4014,4013.1,4013.1,63.6451
2026-07-18T12:00:00.000Z,4013.1,4013.4,4010.57,4011.99,69.9255
2026-07-18T16:00:00.000Z,4012,4015,4007.44,4007.45,85.3209
2026-07-18T20:00:00.000Z,4007.45,4012.3,4005.15,4012.29,80.7613
2026-07-19T00:00:00.000Z,4012.29,4013.02,4011.53,4012.03,35.6492
2026-07-19T04:00:00.000Z,4012.04,4012.04,4009.8,4009.8,43.3922
2026-07-19T08:00:00.000Z,4009.81,4010.27,4005.47,4006.71,108.4088
2026-07-19T12:00:00.000Z,4006.7,4009.29,4003.47,4008.2,121.1538
2026-07-19T16:00:00.000Z,4008.21,4010.96,4007,4010.45,75.1062
2026-07-19T20:00:00.000Z,4010.46,4010.56,3987.89,3993.01,305.9007
2026-07-20T00:00:00.000Z,3993.02,4025,3982.03,4020.48,273.8592
2026-07-20T04:00:00.000Z,4020.97,4023.37,4000.51,4014.54,202.5463
2026-07-20T08:00:00.000Z,4014.55,4036.1,4012.22,4022.13,477.1094
2026-07-20T12:00:00.000Z,4021.92,4021.92,3997.4,4009.33,561.9358
2026-07-20T16:00:00.000Z,4008.58,4014.63,4000.44,4004.93,395.0824
2026-07-20T20:00:00.000Z,4004.93,4008.69,3998.59,4007.5,128.0212
2026-07-21T00:00:00.000Z,4007.49,4047.17,4001.76,4042.13,300.2326
2026-07-21T04:00:00.000Z,4043.63,4076.33,4039.45,4064.74,482.7427
2026-07-21T08:00:00.000Z,4064.93,4066.13,4048.19,4052.22,1305.5902
2026-07-21T12:00:00.000Z,4052.21,4075.63,4040.49,4066.7,639.6815
2026-07-21T16:00:00.000Z,4067.18,4080,4060.59,4077.97,640.47
2026-07-21T20:00:00.000Z,4077.97,4079.35,4070.82,4074.01,221.0637
2026-07-22T00:00:00.000Z,4074.13,4132.58,4071.38,4122.26,736.0366
2026-07-22T04:00:00.000Z,4122.26,4125.03,4100.35,4100.35,792.629
2026-07-22T08:00:00.000Z,4101.22,4115.3,4101.22,4115.22,381.2755
2026-07-22T12:00:00.000Z,4115.22,4157.63,4101.27,4151.95,1114.8627
2026-07-22T16:00:00.000Z,4151.95,4151.95,4124,4126.26,591.0662
2026-07-22T20:00:00.000Z,4125.73,4131.05,4102.66,4127,503.1303
2026-07-23T00:00:00.000Z,4127.13,4134.03,4107.1,4118.48,494.1445
2026-07-23T04:00:00.000Z,4118.48,4124.23,4086.67,4090.14,408.5185
2026-07-23T08:00:00.000Z,4090.62,4094.57,4069.58,4081.95,414.731
2026-07-23T12:00:00.000Z,4081.94,4081.95,4038.4,4046.73,819.0652
2026-07-23T16:00:00.000Z,4046.98,4052.32,4038.55,4048.21,237.055
2026-07-23T20:00:00.000Z,4048.22,4048.82,4045.13,4045.13,65.2656
2026-07-24T00:00:00.000Z,4045.6,4049,4021.3,4027.74,251.2164
2026-07-24T04:00:00.000Z,4027.67,4048.82,4020.76,4042.96,379.3366
2026-07-24T08:00:00.000Z,4042.96,4057.16,4039.97,4052.65,721.26
2026-07-24T12:00:00.000Z,4051.79,4078.8,4039.02,4072.95,780.8859
2026-07-24T16:00:00.000Z,4073.44,4073.44,4046.81,4050.9,170.2922
2026-07-24T20:00:00.000Z,4050.53,4054.58,4048.58,4054.43,103.5139
2026-07-25T00:00:00.000Z,4054.43,4055.24,4051.92,4051.93,32.8158
2026-07-25T04:00:00.000Z,4051.93,4052.44,4051.6,4051.6,25.7951
2026-07-25T08:00:00.000Z,4051.61,4052.02,4049.92,4051.54,48.94
2026-07-25T12:00:00.000Z,4051.54,4054.42,4051.53,4054.28,70.9665
2026-07-25T16:00:00.000Z,4054.28,4056.15,4052.62,4054.38,35.0365
2026-07-25T20:00:00.000Z,4054.39,4056.73,4053.84,4055.48,47.3815
2026-07-26T00:00:00.000Z,4055.48,4055.48,4054.23,4055.15,26.9361
2026-07-26T04:00:00.000Z,4055.14,4057.93,4055.11,4055.46,67.9471
2026-07-26T08:00:00.000Z,4055.46,4059.98,4055.46,4058.13,110.5247
2026-07-26T12:00:00.000Z,4058.14,4063.17,4057.42,4061.86,250.0835
2026-07-26T16:00:00.000Z,4061.85,4065.47,4061.41,4062.04,97.8451
2026-07-26T20:00:00.000Z,4062.04,4091.48,4062.04,4087.85,730.7734
2026-07-27T00:00:00.000Z,4087.85,4109.58,4080.61,4084.76,681.6918
2026-07-27T04:00:00.000Z,4084.82,4099.68,4080.19,4083.39,197.2252
2026-07-27T08:00:00.000Z,4083.09,4098.29,4081.88,4088.26,220.5257
2026-07-27T12:00:00.000Z,4088.27,4091.21,4060.69,4074.42,1028.1998
2026-07-27T16:00:00.000Z,4074.72,4089.05,4068.2,4078.59,678.6035
2026-07-27T20:00:00.000Z,4078.89,4079.18,4063.62,4066.84,966.8767
2026-07-28T00:00:00.000Z,4067.06,4067.55,4036.26,4044.38,447.0204
2026-07-28T04:00:00.000Z,4044.03,4047.91,4031.63,4042.45,133.2107
2026-07-28T08:00:00.000Z,4042.48,4049.41,4015.12,4024.2,511.4591
2026-07-28T12:00:00.000Z,4024.61,4044.22,4009.18,4044.01,610.4946
2026-07-28T16:00:00.000Z,4044.01,4044.01,4019.68,4023.36,269.1848
2026-07-28T20:00:00.000Z,4023.32,4030.31,4011.74,4021.98,607.173
2026-07-29T00:00:00.000Z,4021.99,4033.89,4008.23,4020.03,501.5029
2026-07-29T04:00:00.000Z,4020.37,4043.48,4017.39,4039.22,259.5614
2026-07-29T08:00:00.000Z,4039.8,4039.89,4023.08,4029.48,141.8808
2026-07-29T12:00:00.000Z,4029.48,4029.91,3996.65,4009.43,592.7574
2026-07-29T16:00:00.000Z,4009.49,4107.94,4008.16,4042.07,1327.8009
2026-07-29T20:00:00.000Z,4041.51,4094.1,4040.42,4081.59,545.7597
2026-07-30T00:00:00.000Z,4081.6,4087.39,4050.26,4056.57,307.7766
2026-07-30T04:00:00.000Z,4056.96,4057.67,4030.48,4039.7,307.7027
2026-07-30T08:00:00.000Z,4039.05,4080.95,4038.21,4076.21,472.072
2026-07-30T12:00:00.000Z,4076.21,4113,4065.72,4102.59,1285.536
2026-07-30T16:00:00.000Z,4102.59,4113,4095.16,4106.78,491.8899
2026-07-30T20:00:00.000Z,4106.97,4111.32,4096.59,4100.72,254.3949
2026-07-31T00:00:00.000Z,4100.82,4101.64,4070.77,4072.17,305.8207
2026-07-31T04:00:00.000Z,4072.17,4083.8,4063.63,4063.63,258.4253
2026-07-31T08:00:00.000Z,4063.62,4063.79,4050.41,4053.43,328.6513
2026-07-31T12:00:00.000Z,4053.27,4058.24,4023.13,4045.48,1124.4118
2026-07-31T16:00:00.000Z,4045.46,4055.31,4041.87,4050.26,643.7837
2026-07-31T20:00:00.000Z,4050.26,4051.06,4042.32,4048.09,120.5351
2026-08-01T00:00:00.000Z,4048.09,4048.09,4045.52,4045.69,38.6718
2026-08-01T04:00:00.000Z,4045.69,4047.54,4044.6,4046.32,36.4743
2026-08-01T08:00:00.000Z,4046.32,4048.01,4046.15,4046.57,59.6358
2026-08-01T12:00:00.000Z,4046.57,4047.74,4045.44,4045.44,50.34
2026-08-01T16:00:00.000Z,4045.45,4048.8,4037.41,4048.26,78.8117
2026-08-01T20:00:00.000Z,4048.26,4050.08,4046.4,4048.4,104.862
2026-08-02T00:00:00.000Z,4048.5,4059.69,4048.3,4059.66,123.2378
2026-08-02T04:00:00.000Z,4059.65,4062.07,4059.65,4059.7,137.2837
2026-08-02T08:00:00.000Z,4059.7,4060.57,4059.64,4059.64,82.4377
2026-08-02T12:00:00.000Z,4059.65,4064.14,4055.92,4060.6,386.217
2026-08-02T16:00:00.000Z,4060.79,4068.51,4060.78,4066.03,213.2587
2026-08-02T20:00:00.000Z,4065.75,4082.88,4062.23,4072.23,432.7579
2026-08-03T00:00:00.000Z,4072.23,4075.99,4047.01,4061.61,465.4266
2026-08-03T04:00:00.000Z,4061.62,4067.77,4050.97,4058.76,301.0799
2026-08-03T08:00:00.000Z,4058.74,4061.31,4046.01,4059.93,228.2232
2026-08-03T12:00:00.000Z,4059.93,4061.5,4021,4037.27,617.4762
2026-08-03T16:00:00.000Z,4037.26,4054.99,4031.53,4051.35,308.0658
2026-08-03T20:00:00.000Z,4051.34,4056.81,4048.48,4052.2,91.2317
2026-08-04T00:00:00.000Z,4052.27,4068.13,4043.1,4050.01,619.2646
2026-08-04T04:00:00.000Z,4050.01,4063.59,4050.01,4061.31,121.5459
2026-08-04T08:00:00.000Z,4061.3,4079.08,4044.71,4071.49,548.6125
2026-08-04T12:00:00.000Z,4071.17,4089.03,4058.32,4081.21,959.2017
2026-08-04T16:00:00.000Z,4082.05,4099.22,4071.51,4073.08,352.8422
2026-08-04T20:00:00.000Z,4073.07,4080.61,4062.84,4068.67,209.3451
2026-08-05T00:00:00.000Z,4068.13,4127.77,4066.3,4120.47,810.0346
2026-08-05T04:00:00.000Z,4120.48,4169.81,4120.48,4162.61,1320.8454
2026-08-05T08:00:00.000Z,4162.61,4183.95,4142.77,4181.23,862.079
2026-08-05T12:00:00.000Z,4181.31,4254,4176.42,4226.03,3667.9639
2026-08-05T16:00:00.000Z,4226.03,4261.54,4218.1,4240.17,743.3364
2026-08-05T20:00:00.000Z,4240.16,4274.99,4237.99,4272.06,585.5366
2026-08-06T00:00:00.000Z,4272.05,4296.98,4255,4260.71,1234.2914
2026-08-06T04:00:00.000Z,4260.72,4263.99,4242.91,4258,463.2639
2026-08-06T08:00:00.000Z,4258.49,4279.54,4250.97,4259.76,480.9738
2026-08-06T12:00:00.000Z,4259.76,4269.81,4221.02,4228.87,658.9677
2026-08-06T16:00:00.000Z,4228.88,4248.14,4220.36,4245.99,446.4909
2026-08-06T20:00:00.000Z,4245.99,4251.76,4232,4248.73,336.6797
2026-08-07T00:00:00.000Z,4248.72,4262.15,4226.29,4262.15,391.5201
2026-08-07T04:00:00.000Z,4262.14,4293,4258,4286.81,583.6575
2026-08-07T08:00:00.000Z,4286.8,4321.71,4285.5,4316.28,1232.3394
2026-08-07T12:00:00.000Z,4316.27,4362.93,4288.88,4334.27,1920.44
2026-08-07T16:00:00.000Z,4333.78,4342.23,4321.7,4337.34,424.6351
2026-08-07T20:00:00.000Z,4337.34,4344.86,4330.67,4344.47,134.4884
2026-08-08T00:00:00.000Z,4344.46,4347.91,4335,4340.33,311.1641
2026-08-08T04:00:00.000Z,4340.33,4340.33,4333.27,4338.71,205.8957
2026-08-08T08:00:00.000Z,4338.72,4344.91,4338.22,4340.24,176.8845
2026-08-08T12:00:00.000Z,4340.71,4346.01,4339.03,4345.18,181.0054
2026-08-08T16:00:00.000Z,4345.17,4345.18,4340.5,4342.28,163.6017
2026-08-08T20:00:00.000Z,4342.28,4348.37,4341.61,4347.04,98.0252
2026-08-09T00:00:00.000Z,4347.05,4348.64,4342.76,4343.83,148.6114
2026-08-09T04:00:00.000Z,4343.83,4355.69,4343.82,4354.53,127.2648
2026-08-09T08:00:00.000Z,4354.32,4354.32,4345.99,4351.05,177.009
2026-08-09T12:00:00.000Z,4351.05,4358,4350.68,4358,207.7713
2026-08-09T16:00:00.000Z,4358,4358.04,4351.82,4357.03,150.9578
2026-08-09T20:00:00.000Z,4357.02,4362,4329.42,4330.07,552.5239
2026-08-10T00:00:00.000Z,4329.42,4343.32,4307.93,4321.71,571.32
2026-08-10T04:00:00.000Z,4321.49,4354.89,4318.05,4349.01,212.0794
2026-08-10T08:00:00.000Z,4349.44,4350.61,4323,4329.23,492.3378
2026-08-10T12:00:00.000Z,4328.89,4353.47,4313.81,4353.05,539.4763
2026-08-10T16:00:00.000Z,4353.04,4388.76,4343.92,4381.13,1182.3638
2026-08-10T20:00:00.000Z,4381.13,4397.13,4378.25,4397.13,685.6034
2026-08-11T00:00:00.000Z,4397.13,4429.42,4391.29,4412.43,1088.0985
2026-08-11T04:00:00.000Z,4412.27,4415.18,4357.14,4357.23,883.8641
2026-08-11T08:00:00.000Z,4357.35,4392.25,4357.35,4385.96,552.7697
2026-08-11T12:00:00.000Z,4385.95,4401.39,4367.33,4381.34,948.7652
2026-08-11T16:00:00.000Z,4382.35,4383.23,4358.55,4368.75,337.6927
2026-08-11T20:00:00.000Z,4368.95,4377.75,4362.08,4369.65,249.9934
2026-08-12T00:00:00.000Z,4368.35,4413.58,4365.32,4399.26,433.0545
2026-08-12T04:00:00.000Z,4399.26,4408.43,4384.44,4404.48,495.824
2026-08-12T08:00:00.000Z,4405.61,4421.49,4400,4412.23,374.4397
2026-08-12T12:00:00.000Z,4412.01,4438.32,4385.55,4415.91,1511.5822
2026-08-12T16:00:00.000Z,4415.9,4419.42,4391,4407.66,500.2731
2026-08-12T20:00:00.000Z,4407.67,4409.58,4392.68,4409.58,285.3458
2026-08-13T00:00:00.000Z,4409.56,4442.95,4395.34,4395.98,591.9797
2026-08-13T04:00:00.000Z,4395.98,4403.76,4366.92,4368,666.0706
2026-08-13T08:00:00.000Z,4368,4394.23,4364.2,4386.04,414.0965
2026-08-13T12:00:00.000Z,4385.74,4399.38,4359.89,4365.37,599.5405
2026-08-13T16:00:00.000Z,4365.37,4373.48,4345.14,4349.48,420.9394
2026-08-13T20:00:00.000Z,4349.48,4362.5,4346.12,4356.83,357.3134
2026-08-14T00:00:00.000Z,4356.34,4361.41,4316.28,4329.5,897.1474
2026-08-14T04:00:00.000Z,4329.49,4351.59,4318,4350.46,495.0882
2026-08-14T08:00:00.000Z,4350.46,4369.61,4348.22,4369.61,590.8696
2026-08-14T12:00:00.000Z,4369.62,4394.11,4366.67,4388.09,612.3282
2026-08-14T16:00:00.000Z,4387.76,4392.32,4368.97,4372.21,149.2657
2026-08-14T20:00:00.000Z,4372.21,4380.4,4368.64,4380.4,123.0839
2026-08-15T00:00:00.000Z,4380.4,4382.39,4372.01,4379.3,153.7977
2026-08-15T04:00:00.000Z,4379.29,4379.82,4375.03,4379.17,60.2694
2026-08-15T08:00:00.000Z,4379.17,4379.82,4375.59,4376.01,48.5172
2026-08-15T12:00:00.000Z,4376,4379.14,4375.02,4376.6,50.6134
2026-08-15T16:00:00.000Z,4376.6,4378.81,4375.16,4378.81,71.7887
2026-08-15T20:00:00.000Z,4378.81,4379.82,4376.87,4378.94,35.1905
2026-08-16T00:00:00.000Z,4378.95,4379.82,4377.56,4378.9,56.1241
2026-08-16T04:00:00.000Z,4378.9,4382.96,4377.56,4379.38,73.9391
2026-08-16T08:00:00.000Z,4379.39,4379.83,4377.18,4377.18,21.8144
2026-08-16T12:00:00.000Z,4377.18,4377.43,4374.4,4376.76,43.9321
2026-08-16T16:00:00.000Z,4376.76,4381.01,4376.54,4378.43,60.2524
2026-08-16T20:00:00.000Z,4378.28,4383.64,4366.17,4368.81,394.9936
2026-08-17T00:00:00.000Z,4368.83,4412.5,4365.54,4395.71,448.9848
2026-08-17T04:00:00.000Z,4395.9,4408.49,4385.54,4404.24,331.9497
2026-08-17T08:00:00.000Z,4404.23,4404.42,4390,4396.72,280.4015
2026-08-17T12:00:00.000Z,4396.73,4422.96,4378.72,4421.55,1076.3301
2026-08-17T16:00:00.000Z,4421.99,4423.08,4395.7,4415.91,879.0404
2026-08-17T20:00:00.000Z,4415.91,4419.51,4405.3,4419.51,112.5471
2026-08-18T00:00:00.000Z,4419.53,4430.88,4388.88,4389.35,404.4757
2026-08-18T04:00:00.000Z,4389.54,4400.89,4384.96,4393.66,199.1577
2026-08-18T08:00:00.000Z,4393.38,4396.94,4385.49,4394,171.487
2026-08-18T12:00:00.000Z,4394.7,4403.86,4354.54,4368.6,711.1536
2026-08-18T16:00:00.000Z,4368.79,4373.97,4342.01,4347.47,815.2873
2026-08-18T20:00:00.000Z,4347.47,4347.99,4330.85,4336.39,336.4892
2026-08-19T00:00:00.000Z,4336.38,4360.71,4326.38,4354.49,827.0306
2026-08-19T04:00:00.000Z,4354.49,4361,4335.44,4354.23,340.6416
2026-08-19T08:00:00.000Z,4354.23,4371.36,4350.75,4362.98,284.2363
2026-08-19T12:00:00.000Z,4362.79,4489.89,4361.03,4485.93,3840.7922
2026-08-19T16:00:00.000Z,4485.93,4499.98,4462.19,4499.23,1058.0929
2026-08-19T20:00:00.000Z,4499.23,4517.76,4494.07,4497.12,1355.0412
2026-08-20T00:00:00.000Z,4497.12,4506.2,4471.88,4484.16,1620.2834
2026-08-20T04:00:00.000Z,4484.17,4484.17,4464.84,4476.5,532.5195
2026-08-20T08:00:00.000Z,4477.14,4486,4455.46,4456.34,1097.5557
2026-08-20T12:00:00.000Z,4456.65,4528.97,4443.01,4510.78,1374.6416
2026-08-20T16:00:00.000Z,4510.79,4520.7,4493.29,4518.67,498.9976
2026-08-20T20:00:00.000Z,4518.87,4520,4505.25,4514.1,226.0692
2026-08-21T00:00:00.000Z,4514.11,4529.45,4498,4523.51,618.6135
2026-08-21T04:00:00.000Z,4523.51,4558.32,4517.07,4556.23,1028.8475
2026-08-21T08:00:00.000Z,4555.8,4594.27,4551,4587.08,2418.4873
2026-08-21T12:00:00.000Z,4587.09,4603.69,4555.01,4602.77,1243.7554
2026-08-21T16:00:00.000Z,4602.78,4619,4598.43,4607.79,420.2666
2026-08-21T20:00:00.000Z,4607.79,4609.23,4590,4600,517.8789
2026-08-22T00:00:00.000Z,4599.85,4599.99,4588.93,4593.63,358.1179
2026-08-22T04:00:00.000Z,4593.63,4593.67,4573,4593.19,664.3993
2026-08-22T08:00:00.000Z,4593.19,4593.19,4583.11,4587.17,457.6263
2026-08-22T12:00:00.000Z,4587.17,4588.65,4583.63,4585.31,303.5183
2026-08-22T16:00:00.000Z,4585.31,4590.24,4585.31,4587,207.8892
2026-08-22T20:00:00.000Z,4587,4589.16,4585.33,4589.16,115.3145
2026-08-23T00:00:00.000Z,4589.17,4589.18,4586.32,4588.49,67.4522
2026-08-23T04:00:00.000Z,4588.49,4591.46,4585.97,4591.44,117.7014
2026-08-23T08:00:00.000Z,4591.44,4610,4589.67,4603.89,848.8662
2026-08-23T12:00:00.000Z,4603.9,4604.38,4597.85,4603.71,356.1405
2026-08-23T16:00:00.000Z,4603.71,4610.14,4601.7,4607.99,386.0652
2026-08-23T20:00:00.000Z,4608,4615.71,4596.64,4615.45,986.2495
2026-08-24T00:00:00.000Z,4615.46,4647.53,4589.06,4633.23,925.5585
2026-08-24T04:00:00.000Z,4632.8,4651.77,4622.31,4635.31,543.3637
2026-08-24T08:00:00.000Z,4635.4,4662.39,4623.48,4650.5,613.7271
2026-08-24T12:00:00.000Z,4650.95,4673.32,4636.22,4643.64,1152.4077
2026-08-24T16:00:00.000Z,4644.29,4656.58,4620.51,4646.43,569.8171
2026-08-24T20:00:00.000Z,4646.43,4675,4642.68,4673.67,277.6931
2026-08-25T00:00:00.000Z,4674.58,4689,4611.42,4626.38,1069.1474
2026-08-25T04:00:00.000Z,4626.38,4645.36,4617,4623.52,315.1414
2026-08-25T08:00:00.000Z,4623.52,4638.7,4614.01,4634.04,471.0681
2026-08-25T12:00:00.000Z,4634.05,4651.73,4597.31,4644.35,962.4779
2026-08-25T16:00:00.000Z,4645,4665.48,4626.53,4658.75,373.0672
2026-08-25T20:00:00.000Z,4658.76,4665.71,4646.18,4647.16,489.9088
2026-08-26T00:00:00.000Z,4647.4,4661.39,4623.92,4636,372.988
2026-08-26T04:00:00.000Z,4635.67,4643,4618.72,4622.52,303.3192
2026-08-26T08:00:00.000Z,4622.05,4625.52,4609.51,4620,300.6799
2026-08-26T12:00:00.000Z,4620,4629.81,4580.01,4591.97,820.2277
2026-08-26T16:00:00.000Z,4591.96,4599.69,4581.12,4589.09,206.9716
2026-08-26T20:00:00.000Z,4589.1,4618.43,4581.02,4616.51,513.3744
2026-08-27T00:00:00.000Z,4617.09,4635,4596.64,4618.81,343.6925
2026-08-27T04:00:00.000Z,4619.34,4621.41,4589.31,4595.16,264.7902
2026-08-27T08:00:00.000Z,4594.7,4601.07,4565.71,4593.73,662.7734
2026-08-27T12:00:00.000Z,4593.73,4603,4560.16,4602.99,723.7245
2026-08-27T16:00:00.000Z,4602.99,4610.41,4594.15,4601.33,342.7199
2026-08-27T20:00:00.000Z,4601.34,4603.27,4586.16,4586.62,187.6701
2026-08-28T00:00:00.000Z,4586.61,4594.99,4569.35,4571.93,281.0643
2026-08-28T04:00:00.000Z,4572.07,4607.84,4566,4606.22,394.012
2026-08-28T08:00:00.000Z,4606.22,4607.9,4584.5,4584.82,662.0502
2026-08-28T12:00:00.000Z,4585.59,4623.92,4518.95,4520.49,1831.1603
2026-08-28T16:00:00.000Z,4519.05,4523.37,4447.48,4459.77,2731.6293
2026-08-28T20:00:00.000Z,4459.76,4464.86,4453.69,4461.92,298.6836
2026-08-29T00:00:00.000Z,4461.79,4464.85,4458.2,4461.55,191.4947
2026-08-29T04:00:00.000Z,4461.55,4461.58,4456.38,4457.5,122.6199
2026-08-29T08:00:00.000Z,4457.51,4459.4,4454.57,4457.21,166.2779
2026-08-29T12:00:00.000Z,4457.21,4462.7,4455.88,4462.14,195.6436
2026-08-29T16:00:00.000Z,4462.15,4462.57,4460.23,4460.23,61.4126
2026-08-29T20:00:00.000Z,4460.24,4467.1,4460.02,4464.85,220.964
2026-08-30T00:00:00.000Z,4464.86,4465.76,4462.76,4462.77,62.5186
2026-08-30T04:00:00.000Z,4462.78,4464.53,4460.5,4464.52,62.9048
2026-08-30T08:00:00.000Z,4464.53,4464.53,4461.26,4462.39,124.4434
2026-08-30T12:00:00.000Z,4462.39,4472.34,4462.38,4469.01,370.6441
2026-08-30T16:00:00.000Z,4469.01,4478.09,4468.99,4471.64,265.5629
2026-08-30T20:00:00.000Z,4471.65,4471.65,4431.76,4454.25,1204.4411
2026-08-31T00:00:00.000Z,4453.69,4468.2,4397.06,4419.92,805.6989
2026-08-31T04:00:00.000Z,4420.16,4447.9,4412.45,4442.52,854.363
2026-08-31T08:00:00.000Z,4443.29,4462.78,4433.96,4454.57,503.7937
2026-08-31T12:00:00.000Z,4454.95,4461.15,4417.51,4427.69,636.8032
2026-08-31T16:00:00.000Z,4427.04,4452.96,4425.21,4452.96,283.198
2026-08-31T20:00:00.000Z,4452.95,4456.55,4441.63,4451.13,273.111
2026-09-01T00:00:00.000Z,4451.13,4460.77,4431.53,4438.71,435.5439
2026-09-01T04:00:00.000Z,4438.46,4446.87,4416.29,4421.96,200.6081
2026-09-01T08:00:00.000Z,4422.36,4422.36,4371.48,4381.52,985.1274
2026-09-01T12:00:00.000Z,4381.01,4382.86,4336.59,4381.18,1515.7029
2026-09-01T16:00:00.000Z,4381.28,4381.83,4335.23,4338.47,603.333
2026-09-01T20:00:00.000Z,4338.47,4353.58,4335.53,4337.89,800.5267
2026-09-02T00:00:00.000Z,4337.48,4347.07,4286.97,4315.29,3693.8322
2026-09-02T04:00:00.000Z,4315.29,4346.19,4313.68,4335.86,897.5338
2026-09-02T08:00:00.000Z,4335.85,4344.88,4313.45,4343.29,645.3875
2026-09-02T12:00:00.000Z,4343.3,4405.35,4340.86,4383.49,1806.2531
2026-09-02T16:00:00.000Z,4383,4400,4376,4400,443.2871
2026-09-02T20:00:00.000Z,4400.15,4401.04,4390.73,4394.57,159.0239
2026-09-03T00:00:00.000Z,4394.56,4437.81,4391.91,4437.81,394.7891
2026-09-03T04:00:00.000Z,4437.81,4444.99,4424.43,4435.14,410.6635
2026-09-03T08:00:00.000Z,4435.14,4451.2,4425.76,4450.61,349.5482
2026-09-03T12:00:00.000Z,4450.61,4512.33,4445.69,4494.6,2046.0501
2026-09-03T16:00:00.000Z,4494.61,4495.79,4474.72,4475.67,783.0062
2026-09-03T20:00:00.000Z,4476.12,4482.52,4471.55,4482.51,234.5991
2026-09-04T00:00:00.000Z,4481.95,4487.24,4467.13,4467.39,334.4602
2026-09-04T04:00:00.000Z,4467.38,4489.97,4461.22,4484.93,339.6027
2026-09-04T08:00:00.000Z,4485.09,4487.76,4465.93,4468.5,324.4576
2026-09-04T12:00:00.000Z,4469.49,4479.89,4375,4436.36,4187.32
2026-09-04T16:00:00.000Z,4436.37,4443.18,4413.28,4435.5,422.6524
2026-09-04T20:00:00.000Z,4435.25,4436.12,4430.6,4431.81,136.0353
2026-09-05T00:00:00.000Z,4431.8,4436.35,4431.21,4435.05,80.0258
2026-09-05T04:00:00.000Z,4435.04,4435.05,4431.84,4434.63,100.0315
2026-09-05T08:00:00.000Z,4434.63,4435,4431.13,4433.43,86.3932
2026-09-05T12:00:00.000Z,4433.43,4434.01,4427.92,4432.43,178.3642
2026-09-05T16:00:00.000Z,4432.43,4435.28,4430.73,4433.55,180.9616
2026-09-05T20:00:00.000Z,4433.56,4435.28,4431.61,4432,61.38
2026-09-06T00:00:00.000Z,4432,4432.81,4430,4432.32,66.9216
2026-09-06T04:00:00.000Z,4432.32,4434.69,4423.26,4425.83,162.7937
2026-09-06T08:00:00.000Z,4425.83,4433.32,4421.74,4430.03,240.5874
2026-09-06T12:00:00.000Z,4430.03,4430.03,4424.84,4426.49,166.1022
2026-09-06T16:00:00.000Z,4426.48,4427.51,4418.85,4420,144.6336
2026-09-06T20:00:00.000Z,4420,4434.3,4414.52,4421.1,532.9401
2026-09-07T00:00:00.000Z,4421.1,4426.52,4389.49,4401.94,518.1968
2026-09-07T04:00:00.000Z,4402.05,4411.73,4385.99,4405.49,210.8031
2026-09-07T08:00:00.000Z,4405.79,4421.84,4383.85,4386.85,249.2305
2026-09-07T12:00:00.000Z,4386.83,4419,4386.83,4415,443.4824
2026-09-07T16:00:00.000Z,4415,4417.52,4404.84,4410.52,123.3803
2026-09-07T20:00:00.000Z,4410.52,4427.77,4408.01,4423.43,219.3616
2026-09-08T00:00:00.000Z,4424.45,4440.71,4416.9,4438.99,269.2391
2026-09-08T04:00:00.000Z,4438.28,4442.99,4391.96,4394.03,495.2158
2026-09-08T08:00:00.000Z,4394.03,4409.22,4384.27,4407.87,747.8421
2026-09-08T12:00:00.000Z,4407.86,4413.58,4388.24,4396.17,279.3916
2026-09-08T16:00:00.000Z,4396.15,4403.88,4360.21,4361.69,1104.321
2026-09-08T20:00:00.000Z,4361.68,4365.68,4350,4354.48,538.9107
2026-09-09T00:00:00.000Z,4354.49,4385.53,4347.11,4377.72,448.4433
2026-09-09T04:00:00.000Z,4377.31,4413.31,4373.73,4410.78,1091.1188
2026-09-09T08:00:00.000Z,4410.77,4417.21,4389.12,4409.57,246.0617
2026-09-09T12:00:00.000Z,4409.14,4433.72,4378.12,4399.62,651.9272
2026-09-09T16:00:00.000Z,4398.99,4421.05,4390.07,4399.98,571.8663
2026-09-09T20:00:00.000Z,4399.99,4406.26,4394.01,4395.04,167.3697
2026-09-10T00:00:00.000Z,4394,4421,4391.01,4408.76,402.4729
2026-09-10T04:00:00.000Z,4409.54,4433,4405.01,4411.15,444.89
2026-09-10T08:00:00.000Z,4411.16,4411.45,4370.69,4376.19,685.0727
2026-09-10T12:00:00.000Z,4376.07,4378.51,4330,4367.81,1814.4048
2026-09-10T16:00:00.000Z,4366.7,4373.79,4319.84,4329.95,933.0612
2026-09-10T20:00:00.000Z,4329.95,4330.47,4318.04,4320.03,399.6602
2026-09-11T00:00:00.000Z,4320.24,4345.65,4310.31,4312.63,624.2635
2026-09-11T04:00:00.000Z,4312.95,4365.26,4311.84,4350.16,599.0191
2026-09-11T08:00:00.000Z,4350.46,4362.64,4335.71,4337.56,475.3281
2026-09-11T12:00:00.000Z,4338.51,4405.02,4302,4369.96,2412.5996
2026-09-11T16:00:00.000Z,4369.97,4375.92,4348.6,4353.94,278.3181
2026-09-11T20:00:00.000Z,4353.94,4358.16,4350.38,4356.1,174.761
2026-09-12T00:00:00.000Z,4356.11,4357.67,4354.25,4354.6,77.9353
2026-09-12T04:00:00.000Z,4354.6,4356.18,4354.41,4355.99,59.923
2026-09-12T08:00:00.000Z,4355.99,4356.93,4353.51,4353.51,46.1535
2026-09-12T12:00:00.000Z,4353.52,4356.16,4353.1,4355.9,45.2976
2026-09-12T16:00:00.000Z,4355.89,4357.05,4355.89,4356.11,48.4825
2026-09-12T20:00:00.000Z,4356.11,4356.11,4354.47,4355.4,49.8871
2026-09-13T00:00:00.000Z,4355.39,4357.41,4355.39,4356.9,47.6808
2026-09-13T04:00:00.000Z,4356.91,4360.45,4352.8,4356.49,119.5843
2026-09-13T08:00:00.000Z,4356.49,4357.29,4350.45,4354.01,131.0342
2026-09-13T12:00:00.000Z,4354.02,4354.5,4346.68,4348.59,153.9808
2026-09-13T16:00:00.000Z,4348.58,4358.49,4346.58,4350.28,100.2505
2026-09-13T20:00:00.000Z,4350.39,4352.46,4330,4337.18,638.4785
2026-09-14T00:00:00.000Z,4336.3,4359.25,4331.34,4336.45,344.223
2026-09-14T04:00:00.000Z,4335.43,4342.99,4315.44,4316.71,236.838
2026-09-14T08:00:00.000Z,4317.24,4324.04,4288.71,4296.24,744.842
2026-09-14T12:00:00.000Z,4296.24,4307.43,4265.44,4296.61,866.4314
2026-09-14T16:00:00.000Z,4296.61,4324.31,4290,4290.84,790.8168
2026-09-14T20:00:00.000Z,4290.44,4308.38,4289.48,4294.99,206.9979
2026-09-15T00:00:00.000Z,4294.93,4319.5,4288.12,4306.04,457.3701
2026-09-15T04:00:00.000Z,4306.05,4312.02,4280,4283.27,509.2496
2026-09-15T08:00:00.000Z,4282.93,4289.94,4266.67,4288.89,661.9162
2026-09-15T12:00:00.000Z,4288.88,4303.43,4276.04,4293.57,1603.9845
2026-09-15T16:00:00.000Z,4292.11,4311.78,4289.17,4299.87,504.3107
2026-09-15T20:00:00.000Z,4299.88,4300.84,4286,4286.3,383.0198
2026-09-16T00:00:00.000Z,4287.08,4346.85,4281.67,4330.74,1726.1662
2026-09-16T04:00:00.000Z,4330.75,4342.85,4325.25,4332.84,385.2429
2026-09-16T08:00:00.000Z,4333.14,4357.22,4327.67,4346.6,484.1737
2026-09-16T12:00:00.000Z,4346.6,4364.58,4329.24,4355.7,574.0608
2026-09-16T16:00:00.000Z,4355.7,4373.52,4230,4280.25,3372.3632
2026-09-16T20:00:00.000Z,4280.25,4281.4,4264.63,4277.01,987.6048
2026-09-17T00:00:00.000Z,4277.02,4322.14,4271.15,4300.1,1045.5007
2026-09-17T04:00:00.000Z,4300.09,4336.06,4289.16,4329.98,630.2531
2026-09-17T08:00:00.000Z,4329.97,4353.03,4308.09,4351.05,1048.0348
2026-09-17T12:00:00.000Z,4350.83,4379.23,4344.66,4367.74,1742.5629
2026-09-17T16:00:00.000Z,4368,4370.65,4343,4344.9,447.4439
2026-09-17T20:00:00.000Z,4344.31,4348.56,4341.03,4345.87,124.095
2026-09-18T00:00:00.000Z,4345.38,4363.81,4334.35,4356.19,557.3182
2026-09-18T04:00:00.000Z,4356.8,4398.47,4351.61,4391.03,850.0676
2026-09-18T08:00:00.000Z,4390.82,4395,4368.39,4377.13,1672.9206
2026-09-18T12:00:00.000Z,4377.08,4377.66,4343.88,4353.05,1417.9845
2026-09-18T16:00:00.000Z,4353.05,4390,4352.11,4370.85,514.8513
2026-09-18T20:00:00.000Z,4370.86,4376.22,4369.62,4370.33,231.7175
2026-09-19T00:00:00.000Z,4370.32,4370.32,4364.75,4369.12,185.9272
2026-09-19T04:00:00.000Z,4369.12,4370.07,4364.11,4365.02,99.3445
2026-09-19T08:00:00.000Z,4365.01,4367.24,4364.31,4367.23,124.9369
2026-09-19T12:00:00.000Z,4367.24,4368.3,4364.55,4367.8,169.6088
2026-09-19T16:00:00.000Z,4367.81,4372.17,4364.16,4364.43,320.4846
2026-09-19T20:00:00.000Z,4364.43,4367.52,4364.42,4366.29,133.5902
2026-09-20T00:00:00.000Z,4366.29,4367.28,4361,4362.61,341.4707
2026-09-20T04:00:00.000Z,4362.6,4363.44,4361,4362.17,66.8073
2026-09-20T08:00:00.000Z,4362.17,4364.36,4361,4361.57,138.8563
2026-09-20T12:00:00.000Z,4361.57,4362.82,4361,4361.24,85.4223
2026-09-20T16:00:00.000Z,4361.23,4368.69,4360,4364.8,313.368
2026-09-20T20:00:00.000Z,4364.8,4373.92,4361.91,4364.26,388.7545
2026-09-21T00:00:00.000Z,4364.25,4375,4351.71,4352.81,371.6103
2026-09-21T04:00:00.000Z,4353.12,4358.99,4338.99,4340.92,386.4337
2026-09-21T08:00:00.000Z,4340.91,4366.77,4338,4366.1,1258.5455
2026-09-21T12:00:00.000Z,4364.89,4370.49,4323.26,4345.31,1901.0394
2026-09-21T16:00:00.000Z,4345.15,4354.27,4335.49,4342.67,423.5855
2026-09-21T20:00:00.000Z,4342.51,4366.61,4325.92,4365.53,505.1756
2026-09-22T00:00:00.000Z,4365.25,4371.07,4337.86,4340.27,910.3635
2026-09-22T04:00:00.000Z,4340.26,4346.16,4302,4304.32,1101.2054
2026-09-22T08:00:00.000Z,4303.82,4337.97,4295.22,4325.81,1004.1527
2026-09-22T12:00:00.000Z,4325.81,4344.92,4316.75,4331.88,797.7312
2026-09-22T16:00:00.000Z,4331.5,4367.74,4322.12,4361.34,1279.377
2026-09-22T20:00:00.000Z,4361.34,4363.19,4352.4,4360.86,642.2282
2026-09-23T00:00:00.000Z,4360.73,4365.37,4331.97,4342.44,441.8984
2026-09-23T04:00:00.000Z,4342.43,4345.86,4319.08,4319.08,463.3552
2026-09-23T08:00:00.000Z,4319.08,4322.34,4298,4311.34,582.1049
2026-09-23T12:00:00.000Z,4311.34,4320,4272.57,4280.82,2627.7121
2026-09-23T16:00:00.000Z,4280.82,4294.95,4270,4282.9,1287.5567
2026-09-23T20:00:00.000Z,4282.89,4291.72,4280.18,4288.04,380.4613
2026-09-24T00:00:00.000Z,4287.61,4301.71,4267.87,4283.76,999.8448
2026-09-24T04:00:00.000Z,4284.38,4294.01,4273.01,4275.3,751.9062
2026-09-24T08:00:00.000Z,4274.88,4282.11,4243.22,4263.17,958.6111
2026-09-24T12:00:00.000Z,4263.45,4281.25,4243.71,4254.37,1172.5797
2026-09-24T16:00:00.000Z,4254.66,4285.52,4251.28,4269.46,715.6417
2026-09-24T20:00:00.000Z,4269.46,4269.47,4260,4260,320.111
2026-09-25T00:00:00.000Z,4260,4288.88,4260,4265.66,169.9362
2026-09-25T04:00:00.000Z,4265.64,4283.59,4252.83,4275.84,880.0064
2026-09-25T08:00:00.000Z,4276.1,4308.84,4271.54,4298.03,452.7512
2026-09-25T12:00:00.000Z,4297.74,4301.66,4252.16,4285.48,1121.6422
2026-09-25T16:00:00.000Z,4285.52,4293.85,4275.58,4285.59,330.9523
2026-09-25T20:00:00.000Z,4286.57,4287.75,4278.43,4282.22,165.3753
2026-09-26T00:00:00.000Z,4282.22,4285.28,4277.1,4283.93,490.2563
2026-09-26T04:00:00.000Z,4283.91,4283.91,4280.45,4281.53,95.0295
2026-09-26T08:00:00.000Z,4281.53,4281.53,4278.55,4281.39,82.7506
2026-09-26T12:00:00.000Z,4281.33,4281.34,4278.58,4279.97,50.3184
2026-09-26T16:00:00.000Z,4279.97,4279.98,4276.55,4279.98,117.4569
2026-09-26T20:00:00.000Z,4279.99,4281.19,4278.69,4281.01,69.5639
2026-09-27T00:00:00.000Z,4281.01,4281.01,4279.01,4279.02,43.4879
2026-09-27T04:00:00.000Z,4279.02,4280.27,4277.41,4279.87,76.534
2026-09-27T08:00:00.000Z,4279.87,4280.91,4277.47,4279.73,128.7371
2026-09-27T12:00:00.000Z,4279.73,4279.91,4277,4277.3,113.5932
2026-09-27T16:00:00.000Z,4277.31,4278.44,4270.55,4277,264.9558
2026-09-27T20:00:00.000Z,4277.01,4279.02,4256.07,4258.53,449.3826
2026-09-28T00:00:00.000Z,4258.53,4258.53,4197.45,4202.57,2203.835
2026-09-28T04:00:00.000Z,4202.26,4205.31,4159.66,4161.82,1065.2903
2026-09-28T08:00:00.000Z,4162.1,4169.99,4150,4157.68,943.0263
2026-09-28T12:00:00.000Z,4157.68,4179.99,4122.08,4134.75,1469.8419
2026-09-28T16:00:00.000Z,4135.38,4157.22,4127.8,4134.42,659.7952
2026-09-28T20:00:00.000Z,4133.76,4141.14,4123.74,4139.2,363.5646
2026-09-29T00:00:00.000Z,4139.62,4150.57,4125.01,4144.31,461.7291
2026-09-29T04:00:00.000Z,4144.83,4161.74,4134.7,4153.15,518.429
2026-09-29T08:00:00.000Z,4153.32,4175.1,4148.97,4164.75,1081.8414
2026-09-29T12:00:00.000Z,4164.75,4182.5,4156.86,4165.72,1039.3419
2026-09-29T16:00:00.000Z,4166.21,4184.13,4151.25,4183.92,899.2903
2026-09-29T20:00:00.000Z,4183.92,4193.72,4179.33,4191.94,369.2595
2026-09-30T00:00:00.000Z,4192.38,4193.37,4176.49,4182.57,822.4528
2026-09-30T04:00:00.000Z,4181.47,4206.99,4174,4201.1,1035.5831
2026-09-30T08:00:00.000Z,4201.1,4208.26,4184,4193.48,309.7236
2026-09-30T12:00:00.000Z,4193.48,4223.77,4160,4164.49,1200.5135
2026-09-30T16:00:00.000Z,4165.42,4172.31,4157.53,4165.83,328.666
2026-09-30T20:00:00.000Z,4165.49,4170.6,4161.21,4165.65,158.6393
2026-10-01T00:00:00.000Z,4165.09,4184.79,4150,4183.55,188.1838
