time_utc,ny_hour,open,high,low,close
2020-08-28T09:00:00.000Z,5,1945.95,1999,1945.95,1972
2020-08-28T13:00:00.000Z,9,1972.01,2049.69,1950,1983
2020-08-28T17:00:00.000Z,13,1983,1985.78,1958,1968.41
2020-08-30T21:00:00.000Z,17,1976.89,1983.25,1972.72,1975.18
2020-08-31T01:00:00.000Z,21,1981.87,1983.65,1975,1976.89
2020-08-31T05:00:00.000Z,1,1976.9,1983.21,1964.39,1964.39
2020-08-31T09:00:00.000Z,5,1966,1977.01,1964.39,1966.95
2020-08-31T13:00:00.000Z,9,1973.61,1976.08,1964.39,1976.08
2020-08-31T17:00:00.000Z,13,1970.03,1981,1969.69,1969.7
2020-08-31T21:00:00.000Z,17,1969.7,1982,1967.31,1977.7
2020-09-01T01:00:00.000Z,21,1978.32,2001.59,1967.31,1988
2020-09-01T05:00:00.000Z,1,1987.83,2007.5,1977.92,1999.79
2020-09-01T09:00:00.000Z,5,1999.82,1999.82,1986.2,1988.39
2020-09-01T13:00:00.000Z,9,1988.39,1994,1976.55,1981
2020-09-01T17:00:00.000Z,13,1980,1981.88,1975,1975
2020-09-01T21:00:00.000Z,17,1975.73,1988.75,1971.51,1975.17
2020-09-02T01:00:00.000Z,21,1981.54,1981.54,1971.51,1973.8
2020-09-02T05:00:00.000Z,1,1973.8,1984.24,1967.3,1979.67
2020-09-02T09:00:00.000Z,5,1981.87,1986.78,1964.95,1976.35
2020-09-02T13:00:00.000Z,9,1970,1976.35,1940,1941.01
2020-09-02T17:00:00.000Z,13,1942.01,1954.65,1929.06,1949.39
2020-09-02T21:00:00.000Z,17,1949.49,1964.87,1943.87,1963.04
2020-09-03T01:00:00.000Z,21,1961.63,1961.63,1945.51,1945.51
2020-09-03T05:00:00.000Z,1,1945.51,1953.72,1935,1935
2020-09-03T09:00:00.000Z,5,1943.74,1952.22,1925.57,1951.11
2020-09-03T13:00:00.000Z,9,1951.11,1962,1925,1927.01
2020-09-03T17:00:00.000Z,13,1929.98,1947.66,1915.5,1947.66
2020-09-03T21:00:00.000Z,17,1947.6,1952.01,1920,1929.01
2020-09-04T01:00:00.000Z,21,1937.49,1971.32,1920.01,1951
2020-09-04T05:00:00.000Z,1,1951,1970.27,1925.25,1958.72
2020-09-04T09:00:00.000Z,5,1958.72,1971.32,1932,1953.39
2020-09-04T13:00:00.000Z,9,1953.39,1960.01,1900.91,1956.25
2020-09-04T17:00:00.000Z,13,1949.95,1971.32,1938.9,1941.31
2020-09-06T21:00:00.000Z,17,1935.99,1937,1922.19,1935.97
2020-09-07T01:00:00.000Z,21,1926.75,1942.21,1926.74,1934.59
2020-09-07T05:00:00.000Z,1,1934.59,1937.45,1919.57,1929.02
2020-09-07T09:00:00.000Z,5,1929.02,1936.46,1916.11,1931.67
2020-09-07T13:00:00.000Z,9,1926.61,1940.56,1920,1936.28
2020-09-07T17:00:00.000Z,13,1936,1942.2,1926.67,1939
2020-09-07T21:00:00.000Z,17,1938.99,1940.74,1929.02,1939.4
2020-09-08T01:00:00.000Z,21,1931.27,1939.4,1927,1931.49
2020-09-08T05:00:00.000Z,1,1931.49,1939.4,1928.54,1937.38
2020-09-08T09:00:00.000Z,5,1936.34,1937.34,1902.96,1917.52
2020-09-08T13:00:00.000Z,9,1917.52,1948,1912.53,1940.99
2020-09-08T17:00:00.000Z,13,1936.72,1941,1931.25,1940
2020-09-08T21:00:00.000Z,17,1932.1,1948.35,1932.1,1940.57
2020-09-09T01:00:00.000Z,21,1932.91,1942.66,1929.18,1942.66
2020-09-09T05:00:00.000Z,1,1935.68,1941.36,1930.21,1934.87
2020-09-09T09:00:00.000Z,5,1939.99,1940.57,1928.53,1931.25
2020-09-09T13:00:00.000Z,9,1937.49,1951.08,1937.49,1949
2020-09-09T17:00:00.000Z,13,1949.07,1958.59,1945.67,1949.3
2020-09-09T21:00:00.000Z,17,1956.24,1958.23,1944.44,1952.27
2020-09-10T01:00:00.000Z,21,1952.27,1958.23,1948,1953
2020-09-10T05:00:00.000Z,1,1953,1958.43,1939.94,1949.25
2020-09-10T09:00:00.000Z,5,1941.36,1961.99,1939.01,1961.96
2020-09-10T13:00:00.000Z,9,1961.96,1967.99,1950.58,1962.5
2020-09-10T17:00:00.000Z,13,1959.5,1962.49,1951.24,1960.48
2020-09-10T21:00:00.000Z,17,1952.8,1960.61,1946.17,1946.8
2020-09-11T01:00:00.000Z,21,1945.98,1955.49,1942.4,1942.93
2020-09-11T05:00:00.000Z,1,1942.4,1950,1942,1950
2020-09-11T09:00:00.000Z,5,1950,1957.23,1943.01,1957.22
2020-09-11T13:00:00.000Z,9,1955.23,1958,1946.8,1949.29
2020-09-11T17:00:00.000Z,13,1949.3,1955.48,1946.66,1955.13
2020-09-13T21:00:00.000Z,17,1945.09,1948.2,1945,1948
2020-09-14T01:00:00.000Z,21,1948.19,1955.5,1945.73,1951.98
2020-09-14T05:00:00.000Z,1,1949.99,1954,1945.81,1947.04
2020-09-14T09:00:00.000Z,5,1947.05,1960.21,1945.65,1957
2020-09-14T13:00:00.000Z,9,1955.01,1969,1948,1962.5
2020-09-14T17:00:00.000Z,13,1969,1969,1956,1965.2
2020-09-14T21:00:00.000Z,17,1957.27,1969,1956.26,1962.63
2020-09-15T01:00:00.000Z,21,1962.63,1969,1945.65,1967.61
2020-09-15T05:00:00.000Z,1,1967.61,1969,1960.23,1964.06
2020-09-15T09:00:00.000Z,5,1968.96,1977.87,1960.22,1977.21
2020-09-15T13:00:00.000Z,9,1977.21,1978.09,1955,1961
2020-09-15T17:00:00.000Z,13,1961,1965,1955,1965
2020-09-15T21:00:00.000Z,17,1964.99,1977.8,1950,1957.14
2020-09-16T01:00:00.000Z,21,1957.14,1976.32,1951.91,1965
2020-09-16T05:00:00.000Z,1,1965,1981.13,1957.01,1981.11
2020-09-16T09:00:00.000Z,5,1973.91,1984.61,1970,1983.74
2020-09-16T13:00:00.000Z,9,1983.74,1989.6,1966.41,1972.85
2020-09-16T17:00:00.000Z,13,1975.41,1981.02,1964.88,1967.61
2020-09-16T21:00:00.000Z,17,1967.61,1984.28,1963.21,1973.9
2020-09-17T01:00:00.000Z,21,1973.9,1990.48,1949,1949.37
2020-09-17T05:00:00.000Z,1,1955.63,1962.68,1949,1961.72
2020-09-17T09:00:00.000Z,5,1957.15,1965,1952.3,1958.87
2020-09-17T13:00:00.000Z,9,1958.86,1962.85,1951.24,1951.24
2020-09-17T17:00:00.000Z,13,1951.24,1974.55,1951.24,1962.74
2020-09-17T21:00:00.000Z,17,1962.08,1967.85,1954.21,1954.5
2020-09-18T01:00:00.000Z,21,1955,1965.35,1954.51,1954.51
2020-09-18T05:00:00.000Z,1,1954.51,1966.21,1941,1959.13
2020-09-18T09:00:00.000Z,5,1959.13,1965.99,1957.28,1963.15
2020-09-18T13:00:00.000Z,9,1958,1963.99,1949,1959
2020-09-18T17:00:00.000Z,13,1958.5,1963.14,1942.15,1961.48
2020-09-20T21:00:00.000Z,17,1959.11,1969.6,1957.55,1957.91
2020-09-21T01:00:00.000Z,21,1964,1971.46,1957.77,1968
2020-09-21T05:00:00.000Z,1,1968,1969.72,1951,1951
2020-09-21T09:00:00.000Z,5,1950.88,1955.5,1932,1941.36
2020-09-21T13:00:00.000Z,9,1934.75,1941.37,1891.98,1910.6
2020-09-21T17:00:00.000Z,13,1910.6,1926.66,1906.58,1918.95
2020-09-21T21:00:00.000Z,17,1925.08,1930.92,1917.26,1929.9
2020-09-22T01:00:00.000Z,21,1922.15,1929.3,1914.99,1919.49
2020-09-22T05:00:00.000Z,1,1915,1919.49,1900.9,1910.09
2020-09-22T09:00:00.000Z,5,1910.51,1919,1902.22,1915.78
2020-09-22T13:00:00.000Z,9,1915.78,1927.2,1909.16,1910.52
2020-09-22T17:00:00.000Z,13,1909.7,1921.05,1905.11,1906.26
2020-09-22T21:00:00.000Z,17,1914.09,1917.24,1901.92,1905.26
2020-09-23T01:00:00.000Z,21,1909.99,1910,1895.68,1895.68
2020-09-23T05:00:00.000Z,1,1901.31,1902.78,1881.1,1892.98
2020-09-23T09:00:00.000Z,5,1884.51,1904.28,1884.4,1884.41
2020-09-23T13:00:00.000Z,9,1894.2,1894.21,1865.01,1876
2020-09-23T17:00:00.000Z,13,1876,1881.09,1859.64,1869.63
2020-09-23T21:00:00.000Z,17,1869,1873.88,1859.2,1873.87
2020-09-24T01:00:00.000Z,21,1873.89,1881.09,1862.77,1866
2020-09-24T05:00:00.000Z,1,1865.99,1877.14,1858.03,1858.12
2020-09-24T09:00:00.000Z,5,1863.29,1878.83,1858.15,1862.77
2020-09-24T13:00:00.000Z,9,1863,1886.29,1861,1881.31
2020-09-24T17:00:00.000Z,13,1881.31,1890.81,1875.1,1888.23
2020-09-24T21:00:00.000Z,17,1880.08,1889.62,1875,1885.31
2020-09-25T01:00:00.000Z,21,1885.31,1887.21,1875,1875
2020-09-25T05:00:00.000Z,1,1881.3,1889.82,1875,1875.76
2020-09-25T09:00:00.000Z,5,1875.12,1889.93,1864.12,1865.93
2020-09-25T13:00:00.000Z,9,1867.99,1871.42,1860,1871.42
2020-09-25T17:00:00.000Z,13,1863.32,1880,1863.31,1866.4
2020-09-27T21:00:00.000Z,17,1879.49,1879.49,1870.1,1877.8
2020-09-28T01:00:00.000Z,21,1870.92,1879.53,1870.01,1870.01
2020-09-28T05:00:00.000Z,1,1870.01,1877.78,1862,1862
2020-09-28T09:00:00.000Z,5,1861,1882.52,1860,1882.52
2020-09-28T13:00:00.000Z,9,1882.52,1891.11,1875.55,1879.69
2020-09-28T17:00:00.000Z,13,1879.4,1901.43,1879.4,1889.7
2020-09-28T21:00:00.000Z,17,1889.71,1906.06,1887.92,1894
2020-09-29T01:00:00.000Z,21,1901.36,1905.88,1894,1894
2020-09-29T05:00:00.000Z,1,1894.01,1903.05,1891.02,1901.24
2020-09-29T09:00:00.000Z,5,1901.24,1909.74,1890.86,1891.24
2020-09-29T13:00:00.000Z,9,1891.24,1912.36,1891.24,1904.2
2020-09-29T17:00:00.000Z,13,1895.61,1918.31,1894.66,1900.71
2020-09-29T21:00:00.000Z,17,1907.17,1913.12,1901.7,1905.91
2020-09-30T01:00:00.000Z,21,1905.92,1913,1897.9,1905.19
2020-09-30T05:00:00.000Z,1,1905.18,1909.12,1892.09,1897.77
2020-09-30T09:00:00.000Z,5,1895.54,1905.26,1893.44,1905.26
2020-09-30T13:00:00.000Z,9,1900.01,1910.01,1892.7,1907.18
2020-09-30T17:00:00.000Z,13,1908,1908.01,1892.31,1902.78
2020-09-30T21:00:00.000Z,17,1895.55,1901.36,1890.97,1891.78
2020-10-01T01:00:00.000Z,21,1901.35,1908.18,1895.54,1904.27
2020-10-01T05:00:00.000Z,1,1895.62,1910.19,1890,1909.59
2020-10-01T09:00:00.000Z,5,1909.59,1915.68,1902.81,1915.68
2020-10-01T13:00:00.000Z,9,1910.68,1924.5,1903.64,1921.3
2020-10-01T17:00:00.000Z,13,1924.62,1927.54,1915.76,1924.45
2020-10-01T21:00:00.000Z,17,1924.38,1926.88,1912.64,1916.81
2020-10-02T01:00:00.000Z,21,1912.64,1915.96,1905.48,1905.48
2020-10-02T05:00:00.000Z,1,1905.32,1940,1902.89,1924.99
2020-10-02T09:00:00.000Z,5,1918.39,1928.93,1916.37,1920.95
2020-10-02T13:00:00.000Z,9,1926.3,1927.54,1906.64,1915.2
2020-10-02T17:00:00.000Z,13,1915.19,1919.7,1910.92,1915.99
2020-10-04T21:00:00.000Z,17,1914.35,1919.77,1908.28,1911.32
2020-10-05T01:00:00.000Z,21,1910.65,1917.23,1901,1901
2020-10-05T05:00:00.000Z,1,1906.03,1911.24,1896.54,1905.49
2020-10-05T09:00:00.000Z,5,1905.49,1915.68,1880.11,1909.17
2020-10-05T13:00:00.000Z,9,1915.41,1931.7,1913.33,1926.43
2020-10-05T17:00:00.000Z,13,1921.89,1932.43,1918.35,1926.03
2020-10-05T21:00:00.000Z,17,1923.64,1927.59,1921.03,1925.1
2020-10-06T01:00:00.000Z,21,1926.08,1927.52,1920.21,1920.21
2020-10-06T05:00:00.000Z,1,1920.21,1925.93,1912.14,1917.25
2020-10-06T09:00:00.000Z,5,1917.25,1928.99,1916.01,1921.03
2020-10-06T13:00:00.000Z,9,1921.03,1930.82,1913.33,1913.63
2020-10-06T17:00:00.000Z,13,1913.34,1919.07,1889.95,1889.95
2020-10-06T21:00:00.000Z,17,1894.43,1900.7,1886.11,1892.86
2020-10-07T01:00:00.000Z,21,1892.8,1902.28,1883.11,1887.9
2020-10-07T05:00:00.000Z,1,1889.07,1907.2,1888.79,1901
2020-10-07T09:00:00.000Z,5,1901,1907.85,1889.82,1900.31
2020-10-07T13:00:00.000Z,9,1899.04,1904.54,1888.47,1890.42
2020-10-07T17:00:00.000Z,13,1890.41,1905.49,1890,1905.49
2020-10-07T21:00:00.000Z,17,1900.32,1906.18,1885.02,1899.95
2020-10-08T01:00:00.000Z,21,1899.9,1902.21,1888,1900
2020-10-08T05:00:00.000Z,1,1895.98,1911.61,1887.4,1899.02
2020-10-08T09:00:00.000Z,5,1895.03,1909.21,1894,1909.2
2020-10-08T13:00:00.000Z,9,1909.2,1909.27,1893.43,1900.13
2020-10-08T17:00:00.000Z,13,1894.83,1908,1884.31,1904
2020-10-08T21:00:00.000Z,17,1900.54,1906,1899.97,1905.42
2020-10-09T01:00:00.000Z,21,1905.42,1919,1904.49,1916
2020-10-09T05:00:00.000Z,1,1916.86,1923.73,1906.63,1923.73
2020-10-09T09:00:00.000Z,5,1923.73,1928.01,1910.66,1926.1
2020-10-09T13:00:00.000Z,9,1928.22,1936.28,1920.2,1929.77
2020-10-09T17:00:00.000Z,13,1925.35,1937.52,1924,1937.52
2020-10-11T21:00:00.000Z,17,1938.8,1951.2,1935,1936
2020-10-12T01:00:00.000Z,21,1936,1944.75,1935.5,1943.6
2020-10-12T05:00:00.000Z,1,1936.94,1944.75,1935,1935.43
2020-10-12T09:00:00.000Z,5,1935.43,1939.33,1925,1933.04
2020-10-12T13:00:00.000Z,9,1934.31,1941,1929.17,1936.17
2020-10-12T17:00:00.000Z,13,1931.97,1938.59,1926.09,1933
2020-10-12T21:00:00.000Z,17,1928.76,1939.4,1921.55,1930.85
2020-10-13T01:00:00.000Z,21,1933,1933.01,1915.12,1922.89
2020-10-13T05:00:00.000Z,1,1925.94,1929.73,1920.55,1925
2020-10-13T09:00:00.000Z,5,1929.69,1935.68,1923.9,1923.9
2020-10-13T13:00:00.000Z,9,1923.9,1925.76,1901.63,1905.72
2020-10-13T17:00:00.000Z,13,1908.17,1912.64,1902.28,1911.23
2020-10-13T21:00:00.000Z,17,1906.01,1911.81,1902.03,1902.03
2020-10-14T01:00:00.000Z,21,1909.92,1909.93,1898.23,1909.6
2020-10-14T05:00:00.000Z,1,1902.5,1911,1899.33,1902.82
2020-10-14T09:00:00.000Z,5,1902.85,1916.63,1902.82,1916.63
2020-10-14T13:00:00.000Z,9,1916.63,1924.04,1906.82,1910.92
2020-10-14T17:00:00.000Z,13,1910.92,1917.48,1909.76,1916
2020-10-14T21:00:00.000Z,17,1916,1916,1904.5,1911.98
2020-10-15T01:00:00.000Z,21,1907.01,1913.79,1906.16,1913.79
2020-10-15T05:00:00.000Z,1,1913.79,1916.64,1906.01,1911.83
2020-10-15T09:00:00.000Z,5,1906,1913.12,1904.48,1912
2020-10-15T13:00:00.000Z,9,1906.19,1920,1903.36,1915.26
2020-10-15T17:00:00.000Z,13,1915.78,1920,1909.45,1919.98
2020-10-15T21:00:00.000Z,17,1919.98,1923.94,1912.41,1916
2020-10-16T01:00:00.000Z,21,1924.44,1924.66,1908,1908.28
2020-10-16T05:00:00.000Z,1,1909.38,1922.7,1909.38,1915.3
2020-10-16T09:00:00.000Z,5,1920.97,1923,1912.57,1923
2020-10-16T13:00:00.000Z,9,1923,1923,1906.53,1915.21
2020-10-16T17:00:00.000Z,13,1906.71,1916.89,1905.81,1905.81
2020-10-18T21:00:00.000Z,17,1917.26,1918.53,1907.98,1907.99
2020-10-19T01:00:00.000Z,21,1909.98,1913.99,1906.85,1912
2020-10-19T05:00:00.000Z,1,1912,1924.59,1912,1919
2020-10-19T09:00:00.000Z,5,1919,1925.54,1916.01,1920.08
2020-10-19T13:00:00.000Z,9,1918.56,1924.47,1907,1920.19
2020-10-19T17:00:00.000Z,13,1913.1,1921.05,1909,1913.54
2020-10-19T21:00:00.000Z,17,1913,1913,1904.56,1912.08
2020-10-20T01:00:00.000Z,21,1912.06,1912.06,1902.89,1907
2020-10-20T05:00:00.000Z,1,1909.97,1914.81,1902,1904.05
2020-10-20T09:00:00.000Z,5,1905.12,1922.45,1905.12,1917.65
2020-10-20T13:00:00.000Z,9,1918.98,1921.27,1906.85,1919.61
2020-10-20T17:00:00.000Z,13,1915.26,1921.87,1914.51,1914.51
2020-10-20T21:00:00.000Z,17,1917,1923.38,1912.53,1923.37
2020-10-21T01:00:00.000Z,21,1923.37,1928.06,1919.88,1928.06
2020-10-21T05:00:00.000Z,1,1928.06,1928.06,1903.35,1916.14
2020-10-21T09:00:00.000Z,5,1924.82,1929.66,1913,1929.66
2020-10-21T13:00:00.000Z,9,1929.66,1939.99,1919.44,1936.23
2020-10-21T17:00:00.000Z,13,1934.7,1937.72,1927.35,1932.4
2020-10-21T21:00:00.000Z,17,1932.57,1934.71,1925.13,1925.58
2020-10-22T01:00:00.000Z,21,1925.58,1931.13,1916.13,1916.13
2020-10-22T05:00:00.000Z,1,1923.63,1929.39,1920.02,1928.05
2020-10-22T09:00:00.000Z,5,1923.68,1930.69,1913,1915.27
2020-10-22T13:00:00.000Z,9,1916.18,1918.03,1904.88,1909.65
2020-10-22T17:00:00.000Z,13,1911.18,1914.81,1903.48,1914.1
2020-10-22T21:00:00.000Z,17,1913,1917.43,1905.36,1913.56
2020-10-23T01:00:00.000Z,21,1905.7,1913.65,1905.5,1913.64
2020-10-23T05:00:00.000Z,1,1913.64,1917,1909.57,1917
2020-10-23T09:00:00.000Z,5,1914.38,1926.66,1911.69,1920.88
2020-10-23T13:00:00.000Z,9,1916.8,1920.17,1905.58,1905.63
2020-10-23T17:00:00.000Z,13,1905.87,1916,1905.5,1914
2020-10-25T21:00:00.000Z,17,1915.24,1915.98,1906.63,1907
2020-10-26T01:00:00.000Z,21,1907,1916.36,1907,1915.23
2020-10-26T05:00:00.000Z,1,1914.42,1914.43,1904.1,1906.12
2020-10-26T09:00:00.000Z,5,1906.34,1918,1906.34,1915.26
2020-10-26T13:00:00.000Z,9,1910.52,1918.75,1906,1909.06
2020-10-26T17:00:00.000Z,13,1909.06,1921.55,1907.47,1907.79
2020-10-26T21:00:00.000Z,17,1915.16,1918.53,1905.75,1912.33
2020-10-27T01:00:00.000Z,21,1912.33,1918.75,1911.15,1918.75
2020-10-27T05:00:00.000Z,1,1918.75,1918.75,1910.47,1910.47
2020-10-27T09:00:00.000Z,5,1910.02,1918.53,1906,1918.52
2020-10-27T13:00:00.000Z,9,1911.17,1919,1909.01,1919
2020-10-27T17:00:00.000Z,13,1919,1926.68,1906.74,1917.25
2020-10-27T21:00:00.000Z,17,1916.9,1925.14,1909,1917.39
2020-10-28T01:00:00.000Z,21,1912.57,1925.14,1911.12,1917.94
2020-10-28T05:00:00.000Z,1,1922.2,1922.22,1912.53,1912.53
2020-10-28T09:00:00.000Z,5,1919.25,1920.2,1888.74,1891
2020-10-28T13:00:00.000Z,9,1891,1900.29,1881,1896.03
2020-10-28T17:00:00.000Z,13,1896.18,1898.14,1888.01,1894.58
2020-10-28T21:00:00.000Z,17,1893.35,1897.58,1888.46,1891.8
2020-10-29T01:00:00.000Z,21,1895.26,1899.15,1888.01,1889
2020-10-29T05:00:00.000Z,1,1889,1899.96,1889,1890.11
2020-10-29T09:00:00.000Z,5,1896.13,1896.13,1878.45,1881.22
2020-10-29T13:00:00.000Z,9,1880.21,1892.49,1876.01,1881.51
2020-10-29T17:00:00.000Z,13,1882.01,1887.89,1874.28,1874.28
2020-10-29T21:00:00.000Z,17,1880.86,1881.77,1874.5,1874.57
2020-10-30T01:00:00.000Z,21,1879.86,1891.1,1875.8,1888.73
2020-10-30T05:00:00.000Z,1,1883.03,1891.1,1874.5,1875.73
2020-10-30T09:00:00.000Z,5,1875.73,1895.54,1875.73,1892.88
2020-10-30T13:00:00.000Z,9,1891.48,1900.67,1888,1891.43
2020-10-30T17:00:00.000Z,13,1891,1899.73,1886.01,1895.83
2020-11-01T22:00:00.000Z,17,1892.13,1901.78,1883.91,1883.92
2020-11-02T02:00:00.000Z,21,1885.41,1901.78,1885.35,1901.78
2020-11-02T06:00:00.000Z,1,1901.78,1903.55,1887,1895.55
2020-11-02T10:00:00.000Z,5,1895,1904.8,1891.08,1903.57
2020-11-02T14:00:00.000Z,9,1903.57,1909.04,1892,1905.49
2020-11-02T18:00:00.000Z,13,1905.49,1911.48,1902.61,1911.48
2020-11-02T22:00:00.000Z,17,1911.48,1911.61,1902.61,1908
2020-11-03T02:00:00.000Z,21,1907.99,1912.5,1897,1905.65
2020-11-03T06:00:00.000Z,1,1901.05,1915.33,1896.87,1914.75
2020-11-03T10:00:00.000Z,5,1914.51,1914.99,1907.01,1912.65
2020-11-03T14:00:00.000Z,9,1914,1919,1907.03,1917.97
2020-11-03T18:00:00.000Z,13,1917.45,1919,1911.33,1914.63
2020-11-03T22:00:00.000Z,17,1913.39,1932.32,1905.51,1905.6
2020-11-04T02:00:00.000Z,21,1910.41,1911.96,1893.47,1904.62
2020-11-04T06:00:00.000Z,1,1907.57,1912.28,1895,1900.34
2020-11-04T10:00:00.000Z,5,1895.16,1917.22,1894.66,1917.22
2020-11-04T14:00:00.000Z,9,1917.22,1917.3,1895,1900.39
2020-11-04T18:00:00.000Z,13,1900.43,1911.4,1900.42,1909.2
2020-11-04T22:00:00.000Z,17,1909.19,1919.96,1905,1916.63
2020-11-05T02:00:00.000Z,21,1916.62,1919.32,1910.43,1919.32
2020-11-05T06:00:00.000Z,1,1919.31,1925.35,1913.51,1924.01
2020-11-05T10:00:00.000Z,5,1925.35,1942.58,1918.22,1936.68
2020-11-05T14:00:00.000Z,9,1936.7,1960.1,1936.69,1951.01
2020-11-05T18:00:00.000Z,13,1951.01,1961.04,1947.75,1951.99
2020-11-05T22:00:00.000Z,17,1958.7,1966.18,1947.09,1952
2020-11-06T02:00:00.000Z,21,1952,1957.04,1940.72,1949.38
2020-11-06T06:00:00.000Z,1,1949.5,1960,1941.34,1957
2020-11-06T10:00:00.000Z,5,1958.71,1971.32,1956.65,1971.32
2020-11-06T14:00:00.000Z,9,1971.31,1971.31,1949.53,1961.71
2020-11-06T18:00:00.000Z,13,1961.04,1966.66,1952.76,1962.44
2020-11-08T22:00:00.000Z,17,1958.96,1968.14,1956.23,1963.59
2020-11-09T02:00:00.000Z,21,1963.74,1974.33,1962.79,1974.33
2020-11-09T06:00:00.000Z,1,1973.75,1978.06,1961.3,1968.12
2020-11-09T10:00:00.000Z,5,1968.12,1972.85,1883.86,1889
2020-11-09T14:00:00.000Z,9,1889.8,1896.16,1870,1878.27
2020-11-09T18:00:00.000Z,13,1878.21,1891.67,1865.51,1883.98
2020-11-09T22:00:00.000Z,17,1880,1889.79,1874.69,1885.08
2020-11-10T02:00:00.000Z,21,1886.63,1904.26,1881.67,1896.12
2020-11-10T06:00:00.000Z,1,1892.67,1906.63,1890.8,1900.79
2020-11-10T10:00:00.000Z,5,1899.74,1904.5,1887.42,1891.01
2020-11-10T14:00:00.000Z,9,1891.01,1922.81,1890.01,1896.32
2020-11-10T18:00:00.000Z,13,1893.95,1900.27,1891.02,1891.52
2020-11-10T22:00:00.000Z,17,1899.38,1902.57,1891.53,1899.48
2020-11-11T02:00:00.000Z,21,1900.72,1903.85,1891.02,1897.99
2020-11-11T06:00:00.000Z,1,1895.26,1900.97,1890,1895.16
2020-11-11T10:00:00.000Z,5,1895.16,1899.26,1881.71,1881.71
2020-11-11T14:00:00.000Z,9,1881.71,1886.84,1850.09,1876.25
2020-11-11T18:00:00.000Z,13,1876.25,1885,1876.25,1878.42
2020-11-11T22:00:00.000Z,17,1878.46,1885.12,1873.22,1882.24
2020-11-12T02:00:00.000Z,21,1884.42,1885.12,1879.99,1883.43
2020-11-12T06:00:00.000Z,1,1883.69,1886.87,1875.49,1884.27
2020-11-12T10:00:00.000Z,5,1884.45,1889.45,1878.67,1889.45
2020-11-12T14:00:00.000Z,9,1889.17,1894.82,1886.25,1890.26
2020-11-12T18:00:00.000Z,13,1890.05,1894.57,1885.12,1892.35
2020-11-12T22:00:00.000Z,17,1892.02,1900,1888,1896.24
2020-11-13T02:00:00.000Z,21,1896.18,1897.27,1890,1892.23
2020-11-13T06:00:00.000Z,1,1893.17,1897,1890.01,1893
2020-11-13T10:00:00.000Z,5,1893.62,1904.47,1890,1904.03
2020-11-13T14:00:00.000Z,9,1904.03,1907.53,1899.21,1902.19
2020-11-13T18:00:00.000Z,13,1902.63,1904.99,1897.54,1904
2020-11-15T22:00:00.000Z,17,1903.82,1906.35,1894.55,1905.99
2020-11-16T02:00:00.000Z,21,1904.46,1906,1900.2,1902.58
2020-11-16T06:00:00.000Z,1,1901.91,1904.58,1894.55,1901.87
2020-11-16T10:00:00.000Z,5,1901.75,1901.86,1884.03,1894.57
2020-11-16T14:00:00.000Z,9,1895.48,1908.4,1893.33,1900.18
2020-11-16T18:00:00.000Z,13,1899.82,1908.4,1895.15,1896.6
2020-11-16T22:00:00.000Z,17,1897.49,1908.79,1897.49,1903.9
2020-11-17T02:00:00.000Z,21,1905.19,1907.93,1895.63,1903.08
2020-11-17T06:00:00.000Z,1,1900.91,1910.74,1898.23,1903.39
2020-11-17T10:00:00.000Z,5,1904.5,1910.69,1897.16,1905.29
2020-11-17T14:00:00.000Z,9,1904.07,1910.92,1890,1901
2020-11-17T18:00:00.000Z,13,1901.01,1902.99,1893.33,1895.54
2020-11-17T22:00:00.000Z,17,1896.8,1907.6,1895.53,1900
2020-11-18T02:00:00.000Z,21,1899.17,1907.75,1885,1887.72
2020-11-18T06:00:00.000Z,1,1888.06,1902.58,1884.34,1891.18
2020-11-18T10:00:00.000Z,5,1890.21,1900,1880,1888.08
2020-11-18T14:00:00.000Z,9,1888.48,1895,1880.13,1886.66
2020-11-18T18:00:00.000Z,13,1886.66,1888.85,1871.99,1879.05
2020-11-18T22:00:00.000Z,17,1878.16,1883.24,1875.19,1881.37
2020-11-19T02:00:00.000Z,21,1881.09,1883.5,1872.78,1872.8
2020-11-19T06:00:00.000Z,1,1873.01,1875.81,1870,1870.88
2020-11-19T10:00:00.000Z,5,1870,1883.86,1869.64,1876.96
2020-11-19T14:00:00.000Z,9,1876.76,1879.83,1866.47,1868.91
2020-11-19T18:00:00.000Z,13,1869.22,1878.42,1866.28,1878.42
2020-11-19T22:00:00.000Z,17,1877.82,1878.76,1868.45,1878.42
2020-11-20T02:00:00.000Z,21,1879.35,1881.5,1868.01,1879.99
2020-11-20T06:00:00.000Z,1,1879.99,1882,1870.52,1876.69
2020-11-20T10:00:00.000Z,5,1878.64,1897.83,1874.22,1881.98
2020-11-20T14:00:00.000Z,9,1881.98,1895.54,1881.98,1883.56
2020-11-20T18:00:00.000Z,13,1883.56,1887.19,1875.35,1876.91
2020-11-22T22:00:00.000Z,17,1880.21,1885.99,1878.3,1881.69
2020-11-23T02:00:00.000Z,21,1882.25,1887.52,1878.42,1886.01
2020-11-23T06:00:00.000Z,1,1884.5,1888.01,1878,1881.65
2020-11-23T10:00:00.000Z,5,1879.02,1884.9,1874.12,1877.03
2020-11-23T14:00:00.000Z,9,1879.42,1883,1845,1852.45
2020-11-23T18:00:00.000Z,13,1852.38,1862,1846,1853.38
2020-11-23T22:00:00.000Z,17,1852.5,1857.19,1845,1845.1
2020-11-24T02:00:00.000Z,21,1845.25,1849.84,1834.83,1846.14
2020-11-24T06:00:00.000Z,1,1844.92,1847.93,1829.35,1834.97
2020-11-24T10:00:00.000Z,5,1834.78,1839.99,1822,1824.67
2020-11-24T14:00:00.000Z,9,1824.22,1832.3,1821,1828.86
2020-11-24T18:00:00.000Z,13,1828.8,1831.99,1822.4,1827.02
2020-11-24T22:00:00.000Z,17,1822.42,1832,1822.28,1831.54
2020-11-25T02:00:00.000Z,21,1830.25,1832.14,1812.12,1824.44
2020-11-25T06:00:00.000Z,1,1822.35,1832.85,1816.34,1830.03
2020-11-25T10:00:00.000Z,5,1831.6,1845.89,1821.61,1832.9
2020-11-25T14:00:00.000Z,9,1831.92,1840,1828.9,1832.45
2020-11-25T18:00:00.000Z,13,1831.42,1837.96,1820.35,1823.71
2020-11-25T22:00:00.000Z,17,1827.98,1829.97,1819.48,1825.77
2020-11-26T02:00:00.000Z,21,1825.67,1836.5,1815.7,1820.44
2020-11-26T06:00:00.000Z,1,1821.21,1870,1810,1827.89
2020-11-26T10:00:00.000Z,5,1827.89,1848.82,1820.4,1820.4
2020-11-26T14:00:00.000Z,9,1821.55,1849.09,1812.35,1821.02
2020-11-26T18:00:00.000Z,13,1820.99,1832,1812.3,1819.81
2020-11-26T22:00:00.000Z,17,1821.86,1832.14,1812.91,1819.64
2020-11-27T02:00:00.000Z,21,1818.25,1831.22,1816.64,1824.06
2020-11-27T06:00:00.000Z,1,1824.06,1830.58,1816.89,1819.84
2020-11-27T10:00:00.000Z,5,1820.54,1826.84,1793,1796
2020-11-27T14:00:00.000Z,9,1795.5,1803.56,1783,1802
2020-11-27T18:00:00.000Z,13,1800.29,1807.34,1793.42,1800.97
2020-11-29T22:00:00.000Z,17,1801.37,1822.89,1798.2,1802.05
2020-11-30T02:00:00.000Z,21,1801.39,1808.99,1783.01,1784
2020-11-30T06:00:00.000Z,1,1783.28,1798.19,1778,1785.14
2020-11-30T10:00:00.000Z,5,1784.62,1790.12,1777.56,1782.03
2020-11-30T14:00:00.000Z,9,1783.47,1798.2,1780.22,1793.92
2020-11-30T18:00:00.000Z,13,1793.97,1797.52,1786,1794.29
2020-11-30T22:00:00.000Z,17,1793.85,1803.6,1788.55,1799.59
2020-12-01T02:00:00.000Z,21,1801.53,1803.6,1796.62,1800
2020-12-01T06:00:00.000Z,1,1799.97,1827.11,1798,1810
2020-12-01T10:00:00.000Z,5,1808.8,1840,1805,1827.9
2020-12-01T14:00:00.000Z,9,1827.99,1846,1824.01,1839.32
2020-12-01T18:00:00.000Z,13,1837.87,1859.52,1828.07,1840.56
2020-12-01T22:00:00.000Z,17,1840.56,1846.36,1822.03,1837.22
2020-12-02T02:00:00.000Z,21,1838.17,1851.11,1826.65,1846.37
2020-12-02T06:00:00.000Z,1,1848.99,1859.78,1825,1844.03
2020-12-02T10:00:00.000Z,5,1846.54,1859.99,1840.01,1843
2020-12-02T14:00:00.000Z,9,1842.68,1853.16,1830.39,1839.98
2020-12-02T18:00:00.000Z,13,1836.86,1845.8,1834.94,1845.8
2020-12-02T22:00:00.000Z,17,1844.58,1846.54,1836.04,1840.18
2020-12-03T02:00:00.000Z,21,1840.99,1849.56,1836.86,1848.05
2020-12-03T06:00:00.000Z,1,1846.95,1858,1845.95,1851.63
2020-12-03T10:00:00.000Z,5,1852,1857.23,1847.5,1850.89
2020-12-03T14:00:00.000Z,9,1850,1853.34,1836.49,1847.5
2020-12-03T18:00:00.000Z,13,1847.33,1854.69,1844.75,1852.1
2020-12-03T22:00:00.000Z,17,1853.18,1858,1847.17,1851.89
2020-12-04T02:00:00.000Z,21,1851.9,1856.38,1846.2,1849.54
2020-12-04T06:00:00.000Z,1,1850.38,1858,1848.93,1850.01
2020-12-04T10:00:00.000Z,5,1850.93,1854.96,1845.22,1847.17
2020-12-04T14:00:00.000Z,9,1847.56,1856,1842.61,1846.87
2020-12-04T18:00:00.000Z,13,1845.91,1850,1840,1844.72
2020-12-06T22:00:00.000Z,17,1850,1850.22,1840.51,1846.44
2020-12-07T02:00:00.000Z,21,1846.66,1849,1843.57,1848.99
2020-12-07T06:00:00.000Z,1,1848.84,1849.99,1835,1842.11
2020-12-07T10:00:00.000Z,5,1844.05,1846.13,1837.41,1846.13
2020-12-07T14:00:00.000Z,9,1845.91,1875.26,1844.37,1871.29
2020-12-07T18:00:00.000Z,13,1870.48,1893.24,1867.96,1875.89
2020-12-07T22:00:00.000Z,17,1875.89,1882.24,1875.77,1877.25
2020-12-08T02:00:00.000Z,21,1877.42,1886.2,1877.42,1882.4
2020-12-08T06:00:00.000Z,1,1882.4,1888.24,1874,1878.97
2020-12-08T10:00:00.000Z,5,1877.58,1880.14,1864.28,1877.88
2020-12-08T14:00:00.000Z,9,1877.27,1884.29,1874,1882.24
2020-12-08T18:00:00.000Z,13,1881.65,1888.52,1878.11,1880
2020-12-08T22:00:00.000Z,17,1880.33,1886.32,1873.09,1880.85
2020-12-09T02:00:00.000Z,21,1880.52,1882.09,1867.97,1871.86
2020-12-09T06:00:00.000Z,1,1871.61,1876.81,1865.1,1873.1
2020-12-09T10:00:00.000Z,5,1872.07,1877,1865.1,1869.91
2020-12-09T14:00:00.000Z,9,1869.65,1869.83,1850,1851.58
2020-12-09T18:00:00.000Z,13,1852.92,1858.97,1845,1858.97
2020-12-09T22:00:00.000Z,17,1856.88,1857.86,1845.44,1850.68
2020-12-10T02:00:00.000Z,21,1849.88,1858.33,1845.07,1858.21
2020-12-10T06:00:00.000Z,1,1857.95,1861.84,1848.15,1849.99
2020-12-10T10:00:00.000Z,5,1849.99,1863.15,1848.56,1863.15
2020-12-10T14:00:00.000Z,9,1863.15,1869.13,1848.11,1848.11
2020-12-10T18:00:00.000Z,13,1850.01,1856.52,1845.01,1856.52
2020-12-10T22:00:00.000Z,17,1855.41,1859.43,1846.33,1851.63
2020-12-11T02:00:00.000Z,21,1850.23,1852.35,1842.47,1848.16
2020-12-11T06:00:00.000Z,1,1846,1849.97,1841.83,1847.24
2020-12-11T10:00:00.000Z,5,1846.36,1851.15,1840,1846.82
2020-12-11T14:00:00.000Z,9,1849.28,1857.99,1845.43,1856.84
2020-12-11T18:00:00.000Z,13,1855.55,1855.8,1846.02,1853.07
2020-12-13T22:00:00.000Z,17,1851.62,1854.13,1849.02,1849.79
2020-12-14T02:00:00.000Z,21,1849,1851.4,1846.2,1846.73
2020-12-14T06:00:00.000Z,1,1848,1848.27,1840,1840.01
2020-12-14T10:00:00.000Z,5,1842,1845.44,1834.93,1845.44
2020-12-14T14:00:00.000Z,9,1841.44,1846.36,1836.36,1839.41
2020-12-14T18:00:00.000Z,13,1842.14,1843.85,1835.73,1837.13
2020-12-14T22:00:00.000Z,17,1838.16,1845.4,1836.02,1842.16
2020-12-15T02:00:00.000Z,21,1842.69,1851.15,1842.66,1851.15
2020-12-15T06:00:00.000Z,1,1850.12,1859.49,1847.41,1854.38
2020-12-15T10:00:00.000Z,5,1855.46,1860.41,1853.75,1860.06
2020-12-15T14:00:00.000Z,9,1860.41,1865.29,1856.33,1861.52
2020-12-15T18:00:00.000Z,13,1860.74,1868.7,1859.57,1864.98
2020-12-15T22:00:00.000Z,17,1863.22,1865.23,1855.28,1857.7
2020-12-16T02:00:00.000Z,21,1857.67,1865.28,1857.43,1861.94
2020-12-16T06:00:00.000Z,1,1863.6,1870,1859.68,1868.79
2020-12-16T10:00:00.000Z,5,1869.01,1875.03,1856.51,1869.8
2020-12-16T14:00:00.000Z,9,1866.28,1874.01,1855.27,1863
2020-12-16T18:00:00.000Z,13,1862.88,1878.59,1859.01,1874.43
2020-12-16T22:00:00.000Z,17,1875.84,1880.18,1860.95,1872.43
2020-12-17T02:00:00.000Z,21,1872.42,1879.86,1865.35,1878
2020-12-17T06:00:00.000Z,1,1877.11,1890,1873.6,1883.85
2020-12-17T10:00:00.000Z,5,1883.67,1897.94,1874.04,1897.94
2020-12-17T14:00:00.000Z,9,1897.94,1905,1889.01,1897.79
2020-12-17T18:00:00.000Z,13,1900.36,1915,1895,1911.8
2020-12-17T22:00:00.000Z,17,1911.8,1912.74,1901.72,1904.04
2020-12-18T02:00:00.000Z,21,1904.04,1912.74,1903.9,1908.11
2020-12-18T06:00:00.000Z,1,1908.01,1908.71,1890,1892.03
2020-12-18T10:00:00.000Z,5,1894.25,1905.85,1890.01,1898
2020-12-18T14:00:00.000Z,9,1899.62,1905.37,1890.01,1899.01
2020-12-18T18:00:00.000Z,13,1898.8,1898.98,1885.5,1895.54
2020-12-20T22:00:00.000Z,17,1897.64,1920.13,1894.01,1915.79
2020-12-21T02:00:00.000Z,21,1916.74,1926,1911.28,1918.02
2020-12-21T06:00:00.000Z,1,1919.12,1926,1901,1905.88
2020-12-21T10:00:00.000Z,5,1903.48,1906.56,1880,1899
2020-12-21T18:00:00.000Z,13,1896.81,1901.05,1889.24,1892.08
2020-12-21T22:00:00.000Z,17,1892.11,1915,1890.11,1893.4
2020-12-22T02:00:00.000Z,21,1894.52,1898.09,1889.01,1889.43
2020-12-22T06:00:00.000Z,1,1890.68,1890.85,1874.73,1887.12
2020-12-22T10:00:00.000Z,5,1886.73,1892.5,1880.85,1892.5
2020-12-22T14:00:00.000Z,9,1891.98,1894.72,1875,1881.99
2020-12-22T18:00:00.000Z,13,1881.87,1881.97,1867,1879.16
2020-12-22T22:00:00.000Z,17,1879.19,1885.13,1872.91,1881.45
2020-12-23T02:00:00.000Z,21,1882.39,1883,1875.73,1875.74
2020-12-23T06:00:00.000Z,1,1876.75,1887.89,1875.73,1881.05
2020-12-23T10:00:00.000Z,5,1880.37,1888.52,1871.22,1881.13
2020-12-23T14:00:00.000Z,9,1880.19,1890.96,1875.24,1884.57
2020-12-23T18:00:00.000Z,13,1883.25,1889,1878.61,1883.56
2020-12-23T22:00:00.000Z,17,1883.95,1900,1882.18,1897.53
2020-12-24T02:00:00.000Z,21,1896.52,1908,1889.41,1907.99
2020-12-24T06:00:00.000Z,1,1907.99,1909.61,1894.39,1898.78
2020-12-24T10:00:00.000Z,5,1899.92,1901.7,1883.9,1889.29
2020-12-24T14:00:00.000Z,9,1888.06,1901.22,1886,1901.22
2020-12-24T18:00:00.000Z,13,1899.99,1904.02,1898.39,1898.95
2020-12-24T22:00:00.000Z,17,1899.6,1905,1890.01,1899.14
2020-12-25T02:00:00.000Z,21,1897.12,1902,1895,1895
2020-12-25T06:00:00.000Z,1,1896.62,1901.92,1895,1899.17
2020-12-25T10:00:00.000Z,5,1898.31,1909,1895,1905.25
2020-12-25T14:00:00.000Z,9,1903.72,1905,1894.29,1901.51
2020-12-25T18:00:00.000Z,13,1900.31,1916.64,1895.1,1900.88
2020-12-27T22:00:00.000Z,17,1930.64,1945,1927,1945
2020-12-28T02:00:00.000Z,21,1945,1945,1902.2,1910.82
2020-12-28T06:00:00.000Z,1,1910.82,1925.81,1903,1922.27
2020-12-28T10:00:00.000Z,5,1922.18,1932.85,1900,1909.84
2020-12-28T14:00:00.000Z,9,1909.79,1936,1909.19,1927
2020-12-28T18:00:00.000Z,13,1927.36,1934.99,1914.28,1919.31
2020-12-28T22:00:00.000Z,17,1919.95,1934.69,1901.81,1906.36
2020-12-29T02:00:00.000Z,21,1906.87,1912.83,1901,1904.52
2020-12-29T06:00:00.000Z,1,1903.11,1909.61,1901,1904.43
2020-12-29T10:00:00.000Z,5,1904.06,1917.04,1903.03,1910.22
2020-12-29T14:00:00.000Z,9,1911.33,1923.66,1907.16,1911.63
2020-12-29T18:00:00.000Z,13,1910.48,1929,1906.33,1911.26
2020-12-29T22:00:00.000Z,17,1912.82,1934.69,1900,1917.98
2020-12-30T02:00:00.000Z,21,1917.95,1934.69,1904.14,1924.92
2020-12-30T06:00:00.000Z,1,1924.98,1935,1903.57,1916.73
2020-12-30T10:00:00.000Z,5,1915.99,1918.5,1900.21,1916.53
2020-12-30T14:00:00.000Z,9,1917.16,1926.09,1909,1925.09
2020-12-30T18:00:00.000Z,13,1925.09,1935,1911.11,1923.25
2020-12-30T22:00:00.000Z,17,1922.85,1929,1913.63,1921.04
2020-12-31T02:00:00.000Z,21,1919.85,1923.66,1910.5,1916.76
2020-12-31T06:00:00.000Z,1,1917,1929.63,1914,1924.98
2020-12-31T10:00:00.000Z,5,1924.98,1935,1910,1917.05
2020-12-31T14:00:00.000Z,9,1916.02,1937.74,1915.57,1934.46
2020-12-31T18:00:00.000Z,13,1936.28,1944.75,1929.5,1937.27
2020-12-31T22:00:00.000Z,17,1937.9,1941.66,1929.63,1940.53
2021-01-01T02:00:00.000Z,21,1940.32,1940.32,1928.61,1933.29
2021-01-01T06:00:00.000Z,1,1932.99,1934,1920.1,1927.35
2021-01-01T10:00:00.000Z,5,1928.93,1939.5,1927.35,1938.48
2021-01-01T14:00:00.000Z,9,1939.47,1942.92,1932,1939.34
2021-01-01T18:00:00.000Z,13,1939.35,1942.46,1931.42,1940.71
2021-01-03T22:00:00.000Z,17,1957,1969.98,1945.95,1967.15
2021-01-04T02:00:00.000Z,21,1967.12,1990,1960.56,1985.82
2021-01-04T06:00:00.000Z,1,1986.64,2068,1970,2013.36
2021-01-04T10:00:00.000Z,5,2013.28,2019.99,1958.26,2014.68
2021-01-04T14:00:00.000Z,9,2014.87,2020,1981.14,1987.51
2021-01-04T18:00:00.000Z,13,1989.94,2045.84,1989.94,2002.99
2021-01-04T22:00:00.000Z,17,1998.98,2040,1981.14,2038.26
2021-01-05T02:00:00.000Z,21,2037.56,2100.85,2013.58,2040.87
2021-01-05T06:00:00.000Z,1,2040.84,2099,1991.56,2057
2021-01-05T10:00:00.000Z,5,2057,2065,2035.01,2047.17
2021-01-05T14:00:00.000Z,9,2048.45,2060.7,1999.99,2010
2021-01-05T18:00:00.000Z,13,2011.04,2019.29,1986.95,2015.21
2021-01-05T22:00:00.000Z,17,2014.08,2048.08,2007.14,2022
2021-01-06T02:00:00.000Z,21,2022.27,2033.1,1993.1,2005.22
2021-01-06T06:00:00.000Z,1,2005.61,2019.29,2000.05,2015.21
2021-01-06T10:00:00.000Z,5,2015.21,2031.58,1990.1,1990.5
2021-01-06T14:00:00.000Z,9,1990.67,1998.98,1930.02,1939.5
2021-01-06T18:00:00.000Z,13,1938.76,1963.5,1928.66,1949.25
2021-01-06T22:00:00.000Z,17,1949.86,1971.82,1942.27,1966.9
2021-01-07T02:00:00.000Z,21,1966.89,1974.85,1952,1966.26
2021-01-07T06:00:00.000Z,1,1967.37,1970.88,1952.46,1955.15
2021-01-07T10:00:00.000Z,5,1954.91,1981.58,1939.32,1959.81
2021-01-07T14:00:00.000Z,9,1959.75,1987.57,1935,1937.9
2021-01-07T18:00:00.000Z,13,1937.44,1957.69,1931.49,1956.97
2021-01-07T22:00:00.000Z,17,1955.97,1977.93,1935,1952.46
2021-01-08T02:00:00.000Z,21,1951.61,1958.97,1936.72,1938.7
2021-01-08T06:00:00.000Z,1,1938.7,1943,1910,1912.54
2021-01-08T10:00:00.000Z,5,1913.94,1930.75,1901,1923.88
2021-01-08T14:00:00.000Z,9,1924.71,1927.49,1870,1872.29
2021-01-08T18:00:00.000Z,13,1872.29,1876.18,1843.5,1854.82
2021-01-10T22:00:00.000Z,17,1899.49,1903.8,1867.27,1872.23
2021-01-11T02:00:00.000Z,21,1873.31,1881.15,1840.5,1855.67
2021-01-11T06:00:00.000Z,1,1855.69,1894.02,1847.64,1871.65
2021-01-11T10:00:00.000Z,5,1870.33,1888,1851.5,1851.5
2021-01-11T14:00:00.000Z,9,1851.79,1864.41,1823.99,1847.93
2021-01-11T18:00:00.000Z,13,1848.06,1866,1845.7,1851.38
2021-01-11T22:00:00.000Z,17,1851.47,1866,1845,1853.06
2021-01-12T02:00:00.000Z,21,1853.1,1873,1848.89,1869.38
2021-01-12T06:00:00.000Z,1,1867.51,1876.45,1851.71,1871
2021-01-12T10:00:00.000Z,5,1870.47,1885,1860.42,1877.42
2021-01-12T14:00:00.000Z,9,1873.29,1882.78,1850.25,1866.22
2021-01-12T18:00:00.000Z,13,1866.29,1874.61,1855.06,1865.29
2021-01-12T22:00:00.000Z,17,1865.49,1879,1858.2,1873.48
2021-01-13T02:00:00.000Z,21,1874.8,1879,1861.27,1874.4
2021-01-13T06:00:00.000Z,1,1874.97,1879,1866.2,1874.02
2021-01-13T10:00:00.000Z,5,1875.42,1879,1869,1877.26
2021-01-13T14:00:00.000Z,9,1878.8,1884,1870.98,1875.83
2021-01-13T18:00:00.000Z,13,1874.97,1887,1868,1870.29
2021-01-13T22:00:00.000Z,17,1870.43,1879.44,1856,1872.07
2021-01-14T02:00:00.000Z,21,1873.51,1874.61,1849.08,1858.14
2021-01-14T06:00:00.000Z,1,1858.65,1867,1856.49,1862.82
2021-01-14T10:00:00.000Z,5,1864.31,1870.64,1856.5,1868.82
2021-01-14T14:00:00.000Z,9,1868.83,1874.59,1858.88,1866.47
2021-01-14T18:00:00.000Z,13,1866.19,1871.66,1859.99,1866.67
2021-01-14T22:00:00.000Z,17,1868.65,1883.4,1863.33,1873.23
2021-01-15T02:00:00.000Z,21,1873.2,1879.49,1868.03,1868.51
2021-01-15T06:00:00.000Z,1,1868.53,1881.14,1865.01,1878.27
2021-01-15T10:00:00.000Z,5,1879.24,1881,1859.21,1860.73
2021-01-15T14:00:00.000Z,9,1860.3,1867.5,1845.7,1853.97
2021-01-15T18:00:00.000Z,13,1854.01,1864,1837.46,1840.96
2021-01-17T22:00:00.000Z,17,1850.92,1851.72,1835,1842.2
2021-01-18T02:00:00.000Z,21,1843.66,1850.63,1841.68,1848
2021-01-18T06:00:00.000Z,1,1849.29,1850.63,1844.87,1850
2021-01-18T10:00:00.000Z,5,1850,1850,1839,1842.63
2021-01-18T14:00:00.000Z,9,1843.71,1856.12,1842.08,1847.95
2021-01-18T18:00:00.000Z,13,1848.57,1859,1846.3,1853.47
2021-01-18T22:00:00.000Z,17,1853,1865.8,1841.8,1865
2021-01-19T02:00:00.000Z,21,1864.66,1865.75,1850.83,1856.66
2021-01-19T06:00:00.000Z,1,1857.52,1867.95,1851.99,1861.61
2021-01-19T10:00:00.000Z,5,1861.16,1879.44,1852.13,1875.02
2021-01-19T14:00:00.000Z,9,1877.18,1884.5,1851,1858.51
2021-01-19T18:00:00.000Z,13,1859.3,1867,1842.04,1853.74
2021-01-19T22:00:00.000Z,17,1854.16,1859.91,1848.36,1856.54
2021-01-20T02:00:00.000Z,21,1855.47,1867,1855.14,1864.89
2021-01-20T06:00:00.000Z,1,1863.55,1874.59,1862.57,1870.89
2021-01-20T10:00:00.000Z,5,1869.47,1876.41,1855,1862.02
2021-01-20T14:00:00.000Z,9,1861.62,1890,1860,1873.93
2021-01-20T18:00:00.000Z,13,1874.42,1883.92,1865,1879.02
2021-01-20T22:00:00.000Z,17,1879.04,1887,1876,1883
2021-01-21T02:00:00.000Z,21,1883.24,1887,1874.98,1884.69
2021-01-21T06:00:00.000Z,1,1883,1888.99,1875,1884.25
2021-01-21T10:00:00.000Z,5,1882.78,1889,1874.22,1879.01
2021-01-21T14:00:00.000Z,9,1879.01,1898.78,1879.01,1882.42
2021-01-21T18:00:00.000Z,13,1882.75,1889.14,1879.01,1886.38
2021-01-21T22:00:00.000Z,17,1887.62,1889,1874.68,1878.53
2021-01-22T02:00:00.000Z,21,1882.13,1883.14,1867.31,1873.33
2021-01-22T06:00:00.000Z,1,1875.55,1883.15,1867.51,1870.88
2021-01-22T10:00:00.000Z,5,1872.91,1880.64,1850,1854.19
2021-01-22T14:00:00.000Z,9,1854.1,1861,1850,1860.32
2021-01-22T18:00:00.000Z,13,1861,1867.22,1859.71,1861.4
2021-01-24T22:00:00.000Z,17,1858.13,1864,1857.67,1860.54
2021-01-25T02:00:00.000Z,21,1860.54,1864.45,1858.18,1858.86
2021-01-25T06:00:00.000Z,1,1858.88,1862.75,1854.49,1860.63
2021-01-25T10:00:00.000Z,5,1860.63,1871.99,1857,1866.71
2021-01-25T14:00:00.000Z,9,1866.73,1868.53,1852.83,1859.4
2021-01-25T18:00:00.000Z,13,1859.4,1865.18,1855,1858.82
2021-01-25T22:00:00.000Z,17,1858.85,1865,1857.7,1861.6
2021-01-26T02:00:00.000Z,21,1861.63,1865.48,1855.77,1857.95
2021-01-26T06:00:00.000Z,1,1857.98,1865,1855.86,1858.47
2021-01-26T10:00:00.000Z,5,1859.42,1865.29,1849.81,1864.92
2021-01-26T14:00:00.000Z,9,1863.15,1869.44,1857.7,1865.47
2021-01-26T18:00:00.000Z,13,1866.83,1867.89,1857.25,1862.54
2021-01-26T22:00:00.000Z,17,1863,1872,1859,1860.43
2021-01-27T02:00:00.000Z,21,1859.4,1862.83,1859,1862.7
2021-01-27T06:00:00.000Z,1,1862.78,1862.79,1847.67,1850.86
2021-01-27T10:00:00.000Z,5,1850.81,1858,1848.01,1856.46
2021-01-27T14:00:00.000Z,9,1855.29,1856.75,1841.92,1853.42
2021-01-27T18:00:00.000Z,13,1851.79,1855.26,1842.28,1848.89
2021-01-27T22:00:00.000Z,17,1848.94,1853.46,1844.72,1845.53
2021-01-28T02:00:00.000Z,21,1846.8,1852.56,1844.71,1851.6
2021-01-28T06:00:00.000Z,1,1851.6,1852.55,1844.57,1848.48
2021-01-28T10:00:00.000Z,5,1848.91,1861,1846.56,1861
2021-01-28T14:00:00.000Z,9,1861,1868.57,1851.42,1851.43
2021-01-28T18:00:00.000Z,13,1851.42,1858.16,1848.88,1855.14
2021-01-28T22:00:00.000Z,17,1856.97,1859.82,1850.55,1851.56
2021-01-29T02:00:00.000Z,21,1852.4,1860.25,1847.48,1859.25
2021-01-29T06:00:00.000Z,1,1858.85,1866.44,1850.27,1854.64
2021-01-29T10:00:00.000Z,5,1855.86,1875.18,1847.42,1873.01
2021-01-29T14:00:00.000Z,9,1873.97,1878.57,1858.65,1867.14
2021-01-29T18:00:00.000Z,13,1867.45,1880,1860,1876.14
2021-01-31T22:00:00.000Z,17,1870.37,1883.13,1863.53,1874
2021-02-01T02:00:00.000Z,21,1874,1886.36,1871.56,1872.03
2021-02-01T06:00:00.000Z,1,1873.11,1882.5,1870.83,1873.39
2021-02-01T10:00:00.000Z,5,1874.99,1876.03,1865,1871.11
2021-02-01T14:00:00.000Z,9,1871.11,1878.64,1860.04,1871.03
2021-02-01T18:00:00.000Z,13,1871.08,1874.21,1862.5,1869.59
2021-02-01T22:00:00.000Z,17,1868.75,1873.52,1862.78,1868.76
2021-02-02T02:00:00.000Z,21,1868.17,1868.76,1862.5,1863.76
2021-02-02T06:00:00.000Z,1,1863.76,1867.2,1856,1860.59
2021-02-02T10:00:00.000Z,5,1860.56,1865.61,1845.1,1848
2021-02-02T14:00:00.000Z,9,1848.54,1853.32,1842,1846.39
2021-02-02T18:00:00.000Z,13,1846.39,1851.53,1841,1848.09
2021-02-02T22:00:00.000Z,17,1848.08,1853.32,1847,1853.08
2021-02-03T02:00:00.000Z,21,1852.91,1855.82,1850.17,1852.43
2021-02-03T06:00:00.000Z,1,1852.35,1853.17,1847.14,1849.56
2021-02-03T10:00:00.000Z,5,1849.4,1850.46,1843.57,1849.89
2021-02-03T14:00:00.000Z,9,1849.9,1852.88,1843.94,1852.45
2021-02-03T18:00:00.000Z,13,1852.74,1852.88,1844.5,1846.92
2021-02-03T22:00:00.000Z,17,1847.3,1849.99,1835.63,1838.04
2021-02-04T02:00:00.000Z,21,1838.19,1842.78,1830,1830.68
2021-02-04T06:00:00.000Z,1,1830.68,1838.04,1825,1828.85
2021-02-04T10:00:00.000Z,5,1828.85,1831.32,1820.49,1822.57
2021-02-04T14:00:00.000Z,9,1822.55,1822.66,1801,1810.95
2021-02-04T18:00:00.000Z,13,1811.09,1817,1808.5,1812.52
2021-02-04T22:00:00.000Z,17,1812.32,1812.6,1805.12,1808.76
2021-02-05T02:00:00.000Z,21,1808.68,1812.6,1806.31,1811.29
2021-02-05T06:00:00.000Z,1,1811.2,1822.92,1807.14,1812.51
2021-02-05T10:00:00.000Z,5,1812.51,1822,1810.34,1814.07
2021-02-05T14:00:00.000Z,9,1814.13,1824.85,1810,1823.1
2021-02-05T18:00:00.000Z,13,1823.1,1835,1821.53,1827.09
2021-02-07T22:00:00.000Z,17,1833.57,1851.07,1826.6,1828.38
2021-02-08T02:00:00.000Z,21,1828.34,1828.75,1822,1825.89
2021-02-08T06:00:00.000Z,1,1825.89,1832.85,1822.33,1824.3
2021-02-08T10:00:00.000Z,5,1824.24,1845.25,1824.12,1841.95
2021-02-08T14:00:00.000Z,9,1842.15,1873.3,1837.14,1848.85
2021-02-08T18:00:00.000Z,13,1848.85,1875,1841.02,1848.73
2021-02-08T22:00:00.000Z,17,1848.43,1858,1841.67,1849.78
2021-02-09T02:00:00.000Z,21,1849.65,1858,1846.57,1852.88
2021-02-09T06:00:00.000Z,1,1852.88,1864.51,1849.62,1857.87
2021-02-09T10:00:00.000Z,5,1857.86,1865,1850.61,1857.73
2021-02-09T14:00:00.000Z,9,1857.73,1858.81,1847.04,1852.61
2021-02-09T18:00:00.000Z,13,1852.61,1862.37,1846.17,1861.69
2021-02-09T22:00:00.000Z,17,1861.45,1867,1851.69,1858.49
2021-02-10T02:00:00.000Z,21,1859.37,1870.88,1851.6,1868.43
2021-02-10T06:00:00.000Z,1,1868.97,1875,1854.73,1859.82
2021-02-10T10:00:00.000Z,5,1859.82,1863,1844.99,1860.05
2021-02-10T14:00:00.000Z,9,1860.04,1863,1844.71,1854.89
2021-02-10T18:00:00.000Z,13,1855.03,1858,1847.05,1855.28
2021-02-10T22:00:00.000Z,17,1855.74,1860,1850.58,1851.55
2021-02-11T02:00:00.000Z,21,1852.71,1853.11,1845.2,1851.52
2021-02-11T06:00:00.000Z,1,1851.5,1860,1847.17,1856.93
2021-02-11T10:00:00.000Z,5,1856.93,1863,1852.1,1853.1
2021-02-11T14:00:00.000Z,9,1853.4,1857.64,1841.44,1843.91
2021-02-11T18:00:00.000Z,13,1843.91,1849.71,1833.36,1836.49
2021-02-11T22:00:00.000Z,17,1837.43,1847.23,1818,1831.62
2021-02-12T02:00:00.000Z,21,1832.6,1837.79,1831,1835.22
2021-02-12T06:00:00.000Z,1,1835.18,1837,1826.31,1829.8
2021-02-12T10:00:00.000Z,5,1831.98,1834,1821,1827
2021-02-12T14:00:00.000Z,9,1826.6,1842.32,1820.11,1833.38
2021-02-12T18:00:00.000Z,13,1833.38,1841.32,1828.57,1837
2021-02-14T22:00:00.000Z,17,1854.68,1858.72,1830.66,1834.42
2021-02-15T02:00:00.000Z,21,1834.42,1844.66,1827.7,1836.38
2021-02-15T06:00:00.000Z,1,1836.4,1839.46,1829.9,1832.02
2021-02-15T10:00:00.000Z,5,1832.01,1839,1827.27,1833.52
2021-02-15T14:00:00.000Z,9,1833.53,1840.9,1830.15,1834.69
2021-02-15T18:00:00.000Z,13,1834.69,1840.67,1830.02,1837.76
2021-02-15T22:00:00.000Z,17,1837.4,1846.93,1831.82,1838.68
2021-02-16T02:00:00.000Z,21,1838.72,1845,1832.85,1835.18
2021-02-16T06:00:00.000Z,1,1835.5,1838.99,1832,1837.98
2021-02-16T10:00:00.000Z,5,1838.61,1840.9,1822.36,1823.97
2021-02-16T14:00:00.000Z,9,1822.39,1827.27,1815,1817.74
2021-02-16T18:00:00.000Z,13,1817.71,1819,1810.51,1817.23
2021-02-16T22:00:00.000Z,17,1817.38,1821.01,1807.55,1810.34
2021-02-17T02:00:00.000Z,21,1811.64,1819.45,1809.88,1815.7
2021-02-17T06:00:00.000Z,1,1816.59,1824.99,1805.01,1814.58
2021-02-17T10:00:00.000Z,5,1814.58,1840,1797.76,1801.51
2021-02-17T14:00:00.000Z,9,1801.51,1817.76,1792,1803.58
2021-02-17T18:00:00.000Z,13,1805.22,1807.56,1793.46,1798.25
2021-02-17T22:00:00.000Z,17,1798.13,1806,1792.18,1806
2021-02-18T02:00:00.000Z,21,1805.68,1810.69,1801,1807.98
2021-02-18T06:00:00.000Z,1,1807.99,1811,1800,1811
2021-02-18T10:00:00.000Z,5,1810.95,1813.62,1800.01,1806.18
2021-02-18T14:00:00.000Z,9,1806.3,1811.22,1791.93,1798.89
2021-02-18T18:00:00.000Z,13,1797.31,1801,1791.46,1794.7
2021-02-18T22:00:00.000Z,17,1795,1802,1771.11,1779.84
2021-02-19T02:00:00.000Z,21,1779.84,1790.81,1775.34,1783
2021-02-19T06:00:00.000Z,1,1782.74,1791.81,1781,1785.18
2021-02-19T10:00:00.000Z,5,1783.52,1788.77,1781.03,1788.75
2021-02-19T14:00:00.000Z,9,1789.2,1801.36,1787.72,1797.49
2021-02-19T18:00:00.000Z,13,1797.49,1810.9,1790.88,1807.02
2021-02-21T22:00:00.000Z,17,1817.58,1832.75,1810,1812.35
2021-02-22T02:00:00.000Z,21,1814.38,1815.45,1801.87,1807.46
2021-02-22T06:00:00.000Z,1,1808.72,1827.88,1806.37,1812.62
2021-02-22T10:00:00.000Z,5,1814.43,1828,1810.9,1820.17
2021-02-22T14:00:00.000Z,9,1823.75,1833.45,1804.86,1822.45
2021-02-22T18:00:00.000Z,13,1820.3,1832.27,1815.85,1826.52
2021-02-22T22:00:00.000Z,17,1826.54,1829.48,1816.05,1822.37
2021-02-23T02:00:00.000Z,21,1822.35,1850,1817,1838.18
2021-02-23T06:00:00.000Z,1,1838.19,1850,1804.14,1814.33
2021-02-23T10:00:00.000Z,5,1814.32,1831.52,1804.14,1817.75
2021-02-23T14:00:00.000Z,9,1817.74,1823.56,1796.87,1812.87
2021-02-23T18:00:00.000Z,13,1811.4,1826.17,1808.7,1814.92
2021-02-23T22:00:00.000Z,17,1814.63,1832.99,1811.38,1832.56
2021-02-24T02:00:00.000Z,21,1832.56,1841,1814.39,1818.53
2021-02-24T06:00:00.000Z,1,1817.53,1827.33,1812,1814.94
2021-02-24T10:00:00.000Z,5,1814.94,1825.1,1800,1802.88
2021-02-24T14:00:00.000Z,9,1802.88,1816,1790,1810.15
2021-02-24T18:00:00.000Z,13,1809.69,1815.68,1800.14,1814.01
2021-02-24T22:00:00.000Z,17,1815.45,1819.21,1806.76,1808.23
2021-02-25T02:00:00.000Z,21,1809.18,1811.51,1793.88,1810.62
2021-02-25T06:00:00.000Z,1,1810.62,1812.23,1792.29,1803.17
2021-02-25T10:00:00.000Z,5,1804.25,1808,1791.22,1792.41
2021-02-25T14:00:00.000Z,9,1793.26,1798.06,1780.8,1782.23
2021-02-25T18:00:00.000Z,13,1781.19,1790.81,1772.8,1775.75
2021-02-25T22:00:00.000Z,17,1774.48,1784.98,1765.77,1774.17
2021-02-26T02:00:00.000Z,21,1772.64,1790.68,1761.09,1764.38
2021-02-26T06:00:00.000Z,1,1764.64,1786,1750,1777.55
2021-02-26T10:00:00.000Z,5,1776.01,1787.1,1763.05,1768.66
2021-02-26T14:00:00.000Z,9,1768.66,1777.92,1735.68,1740.53
2021-02-26T18:00:00.000Z,13,1741.58,1750.81,1730,1736.57
2021-02-28T22:00:00.000Z,17,1742.12,1758.61,1736,1753.29
2021-03-01T02:00:00.000Z,21,1753.98,1767.25,1752.56,1759.98
2021-03-01T06:00:00.000Z,1,1759.98,1768.63,1748.09,1756.48
2021-03-01T10:00:00.000Z,5,1756.61,1759.7,1740,1746.02
2021-03-01T14:00:00.000Z,9,1744.42,1754.08,1736.66,1736.66
2021-03-01T18:00:00.000Z,13,1737.1,1740.37,1718.8,1725.01
2021-03-01T22:00:00.000Z,17,1726.97,1733.95,1718.5,1719.17
2021-03-02T02:00:00.000Z,21,1719.92,1724.88,1712.55,1719.7
2021-03-02T06:00:00.000Z,1,1719.7,1732,1715.65,1727.16
2021-03-02T10:00:00.000Z,5,1727.11,1738,1725.01,1733.96
2021-03-02T14:00:00.000Z,9,1733.53,1744,1721.83,1742.25
2021-03-02T18:00:00.000Z,13,1742.1,1750,1732.86,1745.77
2021-03-02T22:00:00.000Z,17,1745.23,1753.26,1742.86,1748.2
2021-03-03T02:00:00.000Z,21,1747.89,1750,1738.83,1743.75
2021-03-03T06:00:00.000Z,1,1743.75,1748.92,1737.06,1742.39
2021-03-03T10:00:00.000Z,5,1742.39,1744.41,1722.19,1726
2021-03-03T14:00:00.000Z,9,1726.17,1729.9,1715.17,1729.89
2021-03-03T18:00:00.000Z,13,1729.66,1732.63,1719,1723.43
2021-03-03T22:00:00.000Z,17,1723.43,1730,1714.93,1727.2
2021-03-04T02:00:00.000Z,21,1726.89,1728.17,1708.99,1726.55
2021-03-04T06:00:00.000Z,1,1726.55,1729,1707.42,1719.36
2021-03-04T10:00:00.000Z,5,1720.57,1728.5,1714.68,1725.19
2021-03-04T14:00:00.000Z,9,1725.19,1735,1712,1713.22
2021-03-04T18:00:00.000Z,13,1712.13,1715.58,1700.02,1705.84
2021-03-04T22:00:00.000Z,17,1705.84,1713.67,1692,1697.51
2021-03-05T02:00:00.000Z,21,1697.51,1707.61,1695.07,1704.28
2021-03-05T06:00:00.000Z,1,1705.29,1710.34,1687.57,1705.07
2021-03-05T10:00:00.000Z,5,1705.17,1714.89,1695,1702.53
2021-03-05T14:00:00.000Z,9,1703.88,1716.98,1701.89,1714.16
2021-03-05T18:00:00.000Z,13,1714.16,1718.42,1700,1707.98
2021-03-07T22:00:00.000Z,17,1717.14,1727.25,1711.71,1717.95
2021-03-08T02:00:00.000Z,21,1717.95,1722.19,1711.51,1719.73
2021-03-08T06:00:00.000Z,1,1719.43,1750.93,1702.1,1708.67
2021-03-08T10:00:00.000Z,5,1708.67,1714.6,1703.14,1713.19
2021-03-08T14:00:00.000Z,9,1713.19,1716.56,1696.35,1702.6
2021-03-08T18:00:00.000Z,13,1705.11,1719.48,1693.84,1698.73
2021-03-08T22:00:00.000Z,17,1699.3,1709.37,1695,1700.87
2021-03-09T02:00:00.000Z,21,1701.65,1716.99,1699.38,1711.2
2021-03-09T06:00:00.000Z,1,1710.88,1729.69,1706.74,1722.76
2021-03-09T10:00:00.000Z,5,1723.87,1729.14,1706.58,1728.88
2021-03-09T14:00:00.000Z,9,1728.18,1750.62,1723,1727.56
2021-03-09T18:00:00.000Z,13,1727.86,1732.44,1721,1728.55
2021-03-09T22:00:00.000Z,17,1728.75,1742,1717.5,1727.2
2021-03-10T02:00:00.000Z,21,1726.4,1727.18,1715.3,1726.32
2021-03-10T06:00:00.000Z,1,1726.37,1729.76,1717.88,1726.92
2021-03-10T10:00:00.000Z,5,1727.73,1732.41,1722.81,1730.78
2021-03-10T14:00:00.000Z,9,1730.77,1731.53,1722.6,1731.44
2021-03-10T18:00:00.000Z,13,1730.97,1740.99,1726.19,1739.86
2021-03-10T22:00:00.000Z,17,1740.45,1744.29,1729.79,1738.42
2021-03-11T02:00:00.000Z,21,1737.79,1747.71,1737.35,1746.71
2021-03-11T06:00:00.000Z,1,1746.71,1753.26,1741.14,1743.59
2021-03-11T10:00:00.000Z,5,1744.88,1751.11,1738.57,1742.24
2021-03-11T14:00:00.000Z,9,1743.14,1748.2,1731,1734.72
2021-03-11T18:00:00.000Z,13,1734.97,1746.36,1733.85,1736.68
2021-03-11T22:00:00.000Z,17,1737.15,1747.92,1735.41,1738.47
2021-03-12T02:00:00.000Z,21,1737.44,1740.26,1727.7,1730.68
2021-03-12T06:00:00.000Z,1,1730.69,1731.72,1712.39,1714.17
2021-03-12T10:00:00.000Z,5,1713.74,1720.41,1711,1716.91
2021-03-12T14:00:00.000Z,9,1715.43,1733.5,1714.12,1731.46
2021-03-12T18:00:00.000Z,13,1732.68,1740.69,1727.84,1735.75
2021-03-14T21:00:00.000Z,17,1741.48,1744.44,1733.2,1733.2
2021-03-15T01:00:00.000Z,21,1733.2,1747.49,1732.79,1735.04
2021-03-15T05:00:00.000Z,1,1735.02,1739.11,1726.33,1735.13
2021-03-15T09:00:00.000Z,5,1734.14,1747.14,1730.01,1738.31
2021-03-15T13:00:00.000Z,9,1739.38,1750.36,1730,1740.36
2021-03-15T17:00:00.000Z,13,1740.62,1742.46,1731.88,1739.17
2021-03-15T21:00:00.000Z,17,1739.49,1754,1731.18,1742.24
2021-03-16T01:00:00.000Z,21,1741.32,1756.09,1732.71,1751.02
2021-03-16T05:00:00.000Z,1,1751.17,1753.17,1742.24,1743.36
2021-03-16T09:00:00.000Z,5,1743.14,1747,1740.75,1743.21
2021-03-16T13:00:00.000Z,9,1743.21,1754.04,1738.83,1739.92
2021-03-16T17:00:00.000Z,13,1739.92,1748.79,1733.72,1744.99
2021-03-16T21:00:00.000Z,17,1744.98,1747.56,1736.11,1736.67
2021-03-17T01:00:00.000Z,21,1737.74,1750.93,1736.07,1748.7
2021-03-17T05:00:00.000Z,1,1748.63,1754,1746.26,1747.83
2021-03-17T09:00:00.000Z,5,1747.36,1749.12,1735,1742.91
2021-03-17T13:00:00.000Z,9,1742.9,1745.61,1735,1740.54
2021-03-17T17:00:00.000Z,13,1740.6,1760.34,1736,1750.9
2021-03-17T21:00:00.000Z,17,1751.71,1762.39,1750.91,1757.38
2021-03-18T01:00:00.000Z,21,1758.81,1767.92,1755,1761.63
2021-03-18T05:00:00.000Z,1,1762.89,1765.5,1746.57,1747.46
2021-03-18T09:00:00.000Z,5,1749.47,1756.67,1735.13,1742.98
2021-03-18T13:00:00.000Z,9,1742.69,1749.57,1732.41,1746.55
2021-03-18T17:00:00.000Z,13,1746.55,1754,1741.21,1745.96
2021-03-18T21:00:00.000Z,17,1745.67,1757,1738.83,1741.6
2021-03-19T01:00:00.000Z,21,1741.28,1748.84,1739.8,1746.87
2021-03-19T05:00:00.000Z,1,1746.87,1754.47,1743.47,1752.66
2021-03-19T09:00:00.000Z,5,1753.96,1754.12,1743.13,1750
2021-03-19T13:00:00.000Z,9,1749.78,1753.86,1744.04,1752.51
2021-03-19T17:00:00.000Z,13,1752.61,1757.99,1747.65,1753.74
2021-03-21T21:00:00.000Z,17,1746.76,1754,1743.15,1743.61
2021-03-22T01:00:00.000Z,21,1743.66,1752.77,1739.37,1751.4
2021-03-22T05:00:00.000Z,1,1751.4,1751.4,1737.7,1738.3
2021-03-22T09:00:00.000Z,5,1738.48,1752.29,1738,1742.44
2021-03-22T13:00:00.000Z,9,1742.49,1754,1737.12,1743.46
2021-03-22T17:00:00.000Z,13,1742.58,1750.57,1740,1744.73
2021-03-22T21:00:00.000Z,17,1744.73,1752.61,1737.67,1744.75
2021-03-23T01:00:00.000Z,21,1744.75,1748.52,1739,1741.32
2021-03-23T05:00:00.000Z,1,1742.05,1750.93,1736.13,1745.44
2021-03-23T09:00:00.000Z,5,1745.26,1749.42,1741.39,1749.41
2021-03-23T13:00:00.000Z,9,1749.41,1749.42,1734.37,1744.1
2021-03-23T17:00:00.000Z,13,1744.92,1747.93,1733.81,1741.38
2021-03-23T21:00:00.000Z,17,1741.36,1747.09,1740,1740.6
2021-03-24T01:00:00.000Z,21,1740.61,1745.95,1731.95,1737.35
2021-03-24T05:00:00.000Z,1,1736.49,1745.95,1730.13,1742.99
2021-03-24T09:00:00.000Z,5,1743.7,1745.22,1733.38,1744.97
2021-03-24T13:00:00.000Z,9,1744.7,1746.91,1735,1743.01
2021-03-24T17:00:00.000Z,13,1743.01,1745,1736,1739.85
2021-03-24T21:00:00.000Z,17,1740.49,1741.79,1734.25,1740.61
2021-03-25T01:00:00.000Z,21,1739.52,1748.53,1731.4,1740.66
2021-03-25T05:00:00.000Z,1,1740.71,1745,1735.71,1738.41
2021-03-25T09:00:00.000Z,5,1738.4,1742,1732.2,1733.61
2021-03-25T13:00:00.000Z,9,1734.64,1745.38,1721.85,1726.72
2021-03-25T17:00:00.000Z,13,1727.67,1737.33,1721.81,1727.23
2021-03-25T21:00:00.000Z,17,1727.51,1734.75,1723.84,1733.74
2021-03-26T01:00:00.000Z,21,1733.75,1735,1722,1727.38
2021-03-26T05:00:00.000Z,1,1727.34,1734.19,1723.5,1731.23
2021-03-26T09:00:00.000Z,5,1732.31,1733.38,1720,1726.95
2021-03-26T13:00:00.000Z,9,1726.91,1745,1719.35,1741.07
2021-03-26T17:00:00.000Z,13,1743.29,1744.52,1730,1734.88
2021-03-28T21:00:00.000Z,17,1748.6,1748.6,1739.12,1741.26
2021-03-29T01:00:00.000Z,21,1741.58,1757.18,1738.83,1739.78
2021-03-29T05:00:00.000Z,1,1739.78,1741.88,1735,1738.22
2021-03-29T09:00:00.000Z,5,1738.57,1740.95,1732.49,1734.5
2021-03-29T13:00:00.000Z,9,1734.96,1736.82,1720,1725.62
2021-03-29T17:00:00.000Z,13,1725.54,1730.65,1720.49,1727.32
2021-03-29T21:00:00.000Z,17,1728.22,1730.5,1722.6,1727.58
2021-03-30T01:00:00.000Z,21,1727.05,1728.55,1722.01,1726.79
2021-03-30T05:00:00.000Z,1,1726.73,1727.22,1717.91,1721.54
2021-03-30T09:00:00.000Z,5,1720.46,1734,1701.88,1710.35
2021-03-30T13:00:00.000Z,9,1711.27,1712.2,1697.97,1701.08
2021-03-30T17:00:00.000Z,13,1701.08,1706,1696.13,1704.25
2021-03-30T21:00:00.000Z,17,1704.28,1706,1697.76,1701.37
2021-03-31T01:00:00.000Z,21,1701.46,1703.58,1692,1694.94
2021-03-31T05:00:00.000Z,1,1694.94,1703.83,1689,1697.99
2021-03-31T09:00:00.000Z,5,1697.99,1702.8,1693,1697.79
2021-03-31T13:00:00.000Z,9,1697.97,1720,1697.67,1719.02
2021-03-31T17:00:00.000Z,13,1718.88,1725,1712.42,1716.09
2021-03-31T21:00:00.000Z,17,1716.1,1722.64,1712.07,1718.14
2021-04-01T01:00:00.000Z,21,1718.16,1722.27,1715.39,1718
2021-04-01T05:00:00.000Z,1,1718.13,1728.8,1717.12,1722.95
2021-04-01T09:00:00.000Z,5,1722.37,1728.57,1715.4,1724.31
2021-04-01T13:00:00.000Z,9,1725.32,1738.21,1725.32,1736.58
2021-04-01T17:00:00.000Z,13,1736.58,1739.12,1733.07,1737.17
2021-04-01T21:00:00.000Z,17,1737.3,1741.78,1732.72,1738.92
2021-04-02T01:00:00.000Z,21,1738.97,1745,1738.01,1741.46
2021-04-02T05:00:00.000Z,1,1742.67,1743.84,1735.47,1737.77
2021-04-02T09:00:00.000Z,5,1738.89,1739.99,1736.98,1738.21
2021-04-02T13:00:00.000Z,9,1738.24,1744.08,1727.27,1737.36
2021-04-02T17:00:00.000Z,13,1737.94,1742.99,1733.64,1739.03
2021-04-04T21:00:00.000Z,17,1751.07,1759.61,1745.1,1745.94
2021-04-05T01:00:00.000Z,21,1745.54,1754.26,1742.85,1743.91
2021-04-05T05:00:00.000Z,1,1743.27,1747.46,1740.44,1747.05
2021-04-05T09:00:00.000Z,5,1747.1,1759.98,1739.12,1749.12
2021-04-05T13:00:00.000Z,9,1749.07,1750.87,1735.28,1746.65
2021-04-05T17:00:00.000Z,13,1747.48,1748.32,1739.65,1746.69
2021-04-05T21:00:00.000Z,17,1746.47,1750.45,1740,1741.66
2021-04-06T01:00:00.000Z,21,1741.81,1749.25,1740.46,1748.18
2021-04-06T05:00:00.000Z,1,1748.22,1750.93,1741.91,1746.78
2021-04-06T09:00:00.000Z,5,1746.33,1750.78,1742.03,1745.86
2021-04-06T13:00:00.000Z,9,1745.84,1758,1742.85,1752.34
2021-04-06T17:00:00.000Z,13,1752.44,1762.5,1750.02,1757.43
2021-04-06T21:00:00.000Z,17,1757.43,1762.5,1742.88,1750.56
2021-04-07T01:00:00.000Z,21,1750.56,1755.51,1745.57,1748.36
2021-04-07T05:00:00.000Z,1,1747.6,1756.86,1746,1746.48
2021-04-07T09:00:00.000Z,5,1746.49,1757.25,1733.93,1742.61
2021-04-07T13:00:00.000Z,9,1743.6,1754.3,1740.11,1749.47
2021-04-07T17:00:00.000Z,13,1749.4,1755,1741,1749.44
2021-04-07T21:00:00.000Z,17,1748.94,1775.14,1740.13,1755.99
2021-04-08T01:00:00.000Z,21,1756.94,1769.85,1753,1755.92
2021-04-08T05:00:00.000Z,1,1755.94,1772.21,1751.74,1762.83
2021-04-08T09:00:00.000Z,5,1763.81,1771.6,1754.8,1769.5
2021-04-08T13:00:00.000Z,9,1769.51,1785,1769.5,1782.27
2021-04-08T17:00:00.000Z,13,1782.27,1785,1758.4,1772.04
2021-04-08T21:00:00.000Z,17,1772,1778,1766.73,1769.63
2021-04-09T01:00:00.000Z,21,1769.63,1772.08,1765,1765.98
2021-04-09T05:00:00.000Z,1,1765.93,1767.96,1759,1761.02
2021-04-09T09:00:00.000Z,5,1760.18,1765.32,1749,1752.78
2021-04-09T13:00:00.000Z,9,1752.78,1760.55,1741.65,1751.6
2021-04-09T17:00:00.000Z,13,1751.59,1761.06,1748.63,1752.77
2021-04-11T21:00:00.000Z,17,1764.13,1772.91,1753.46,1755.48
2021-04-12T01:00:00.000Z,21,1755.33,1757.55,1750.93,1752.15
2021-04-12T05:00:00.000Z,1,1751.15,1761,1749,1757.06
2021-04-12T09:00:00.000Z,5,1757.53,1763.04,1750.16,1752.96
2021-04-12T13:00:00.000Z,9,1753.22,1753.66,1739.81,1745.95
2021-04-12T17:00:00.000Z,13,1745.25,1748,1738.83,1747.99
2021-04-12T21:00:00.000Z,17,1747.52,1748.09,1741.23,1746.11
2021-04-13T01:00:00.000Z,21,1745.46,1750.74,1739.49,1744.67
2021-04-13T05:00:00.000Z,1,1743.88,1760.55,1738.83,1752.64
2021-04-13T09:00:00.000Z,5,1752.42,1765,1747.33,1759.37
2021-04-13T13:00:00.000Z,9,1759.14,1761.57,1749.06,1753.02
2021-04-13T17:00:00.000Z,13,1753.01,1759.58,1747.03,1751.64
2021-04-13T21:00:00.000Z,17,1751.99,1756.66,1747.5,1756.19
2021-04-14T01:00:00.000Z,21,1756.15,1760.82,1747.76,1760.61
2021-04-14T05:00:00.000Z,1,1760.61,1760.82,1749.89,1753.5
2021-04-14T09:00:00.000Z,5,1754.26,1759.29,1747.33,1750.86
2021-04-14T13:00:00.000Z,9,1750.95,1752.16,1747.03,1749.48
2021-04-14T17:00:00.000Z,13,1749.49,1752.41,1740.48,1751.3
2021-04-14T21:00:00.000Z,17,1751.64,1752.41,1745.88,1748.91
2021-04-15T01:00:00.000Z,21,1748.78,1752.41,1745.7,1750.4
2021-04-15T05:00:00.000Z,1,1750.84,1752.41,1746.57,1751.51
2021-04-15T09:00:00.000Z,5,1752.38,1759.7,1747.48,1755.54
2021-04-15T13:00:00.000Z,9,1757.24,1780.3,1754.52,1775.27
2021-04-15T17:00:00.000Z,13,1775.32,1784.7,1769.01,1774.86
2021-04-15T21:00:00.000Z,17,1774.83,1776.5,1768.58,1768.58
2021-04-16T01:00:00.000Z,21,1768.58,1772.34,1760,1766.12
2021-04-16T05:00:00.000Z,1,1765.64,1779,1762.62,1772.11
2021-04-16T09:00:00.000Z,5,1772.11,1799.44,1767,1789.46
2021-04-16T13:00:00.000Z,9,1789.63,1795.04,1780,1790.22
2021-04-16T17:00:00.000Z,13,1790.2,1792,1779.1,1783.72
2021-04-18T21:00:00.000Z,17,1777.53,1815,1776.75,1801.25
2021-04-19T01:00:00.000Z,21,1801.79,1809.52,1781.4,1783.98
2021-04-19T05:00:00.000Z,1,1783.17,1806.66,1782.53,1803.69
2021-04-19T09:00:00.000Z,5,1804.48,1824.24,1802.08,1809.36
2021-04-19T13:00:00.000Z,9,1809.38,1823.56,1786.55,1788.53
2021-04-19T17:00:00.000Z,13,1788.66,1797.74,1770.55,1773.42
2021-04-19T21:00:00.000Z,17,1773.43,1795.81,1773.43,1782.84
2021-04-20T01:00:00.000Z,21,1782.83,1790.6,1777.78,1786.19
2021-04-20T05:00:00.000Z,1,1786.96,1790.46,1775.15,1784.8
2021-04-20T09:00:00.000Z,5,1785.52,1802.63,1776,1783.66
2021-04-20T13:00:00.000Z,9,1783.14,1802.15,1778.23,1796.17
2021-04-20T17:00:00.000Z,13,1795.74,1799.44,1788.26,1790
2021-04-20T21:00:00.000Z,17,1790.54,1798.97,1787.26,1788.8
2021-04-21T01:00:00.000Z,21,1788.27,1804.13,1788.27,1791.83
2021-04-21T05:00:00.000Z,1,1791.83,1804.11,1784.61,1790.43
2021-04-21T09:00:00.000Z,5,1790.9,1804,1786.03,1801.62
2021-04-21T13:00:00.000Z,9,1801.7,1813.36,1794.28,1806.15
2021-04-21T17:00:00.000Z,13,1806.35,1815.81,1799.18,1815.81
2021-04-21T21:00:00.000Z,17,1815.33,1828.52,1798.12,1811.73
2021-04-22T01:00:00.000Z,21,1811.43,1820.26,1801,1808.58
2021-04-22T05:00:00.000Z,1,1808.36,1813.88,1801.06,1807.56
2021-04-22T09:00:00.000Z,5,1807.55,1811.71,1792.22,1794.61
2021-04-22T13:00:00.000Z,9,1793.94,1799.9,1788,1792.7
2021-04-22T17:00:00.000Z,13,1793.84,1805,1786,1805
2021-04-22T21:00:00.000Z,17,1804.01,1811.46,1788.97,1797.97
2021-04-23T01:00:00.000Z,21,1796.91,1833,1794.38,1807.47
2021-04-23T05:00:00.000Z,1,1804.42,1824,1789,1803.41
2021-04-23T09:00:00.000Z,5,1803.41,1812,1785.39,1807.14
2021-04-23T13:00:00.000Z,9,1807.73,1809.48,1788,1792.48
2021-04-23T17:00:00.000Z,13,1792.47,1810,1781,1783.2
2021-04-25T21:00:00.000Z,17,1795.23,1797.9,1776,1785.11
2021-04-26T01:00:00.000Z,21,1784.25,1796.39,1781.9,1785.43
2021-04-26T05:00:00.000Z,1,1785.42,1790.29,1779,1783.41
2021-04-26T09:00:00.000Z,5,1783.43,1792.22,1780,1783.19
2021-04-26T13:00:00.000Z,9,1783.19,1794.48,1782.5,1785.11
2021-04-26T17:00:00.000Z,13,1785.11,1792.48,1781,1785.03
2021-04-26T21:00:00.000Z,17,1785.03,1801,1785.03,1793.61
2021-04-27T01:00:00.000Z,21,1793.61,1797.16,1785,1790.66
2021-04-27T05:00:00.000Z,1,1790.73,1796.72,1787.03,1793.17
2021-04-27T09:00:00.000Z,5,1793,1799.44,1792.34,1794.86
2021-04-27T13:00:00.000Z,9,1794.86,1799.64,1792,1793.88
2021-04-27T17:00:00.000Z,13,1793.95,1797.32,1785.77,1792
2021-04-27T21:00:00.000Z,17,1792,1800,1784.85,1787.78
2021-04-28T01:00:00.000Z,21,1787.77,1788.72,1780,1784.19
2021-04-28T05:00:00.000Z,1,1782.42,1785.92,1777.57,1783.03
2021-04-28T09:00:00.000Z,5,1784.33,1784.98,1779,1782.93
2021-04-28T13:00:00.000Z,9,1782.93,1793.78,1779,1791.37
2021-04-28T17:00:00.000Z,13,1791.37,1798,1774.49,1787.05
2021-04-28T21:00:00.000Z,17,1787.05,1799,1785.13,1794.63
2021-04-29T01:00:00.000Z,21,1796.41,1804.68,1790.22,1796.98
2021-04-29T05:00:00.000Z,1,1796.99,1801.69,1789,1793.01
2021-04-29T09:00:00.000Z,5,1793.01,1795.99,1788.35,1795.5
2021-04-29T13:00:00.000Z,9,1795.99,1796,1779,1780.76
2021-04-29T17:00:00.000Z,13,1780.99,1794.73,1777.77,1789.28
2021-04-29T21:00:00.000Z,17,1788.05,1793,1782.3,1782.75
2021-04-30T01:00:00.000Z,21,1784.04,1786.25,1778.89,1782.51
2021-04-30T05:00:00.000Z,1,1783.15,1790,1780,1784.4
2021-04-30T09:00:00.000Z,5,1783.86,1788.43,1778.55,1782.05
2021-04-30T13:00:00.000Z,9,1781.74,1786.97,1777.38,1780.3
2021-04-30T17:00:00.000Z,13,1780.3,1785,1777.06,1782.3
2021-05-02T21:00:00.000Z,17,1788.77,1789.99,1781.22,1787.51
2021-05-03T01:00:00.000Z,21,1787.51,1791.21,1782.67,1783.71
2021-05-03T05:00:00.000Z,1,1783.71,1796.45,1781.24,1788.26
2021-05-03T09:00:00.000Z,5,1788.24,1795,1782,1793.88
2021-05-03T13:00:00.000Z,9,1792.57,1810,1791.99,1800
2021-05-03T17:00:00.000Z,13,1800,1806.34,1794.1,1800.1
2021-05-03T21:00:00.000Z,17,1799.33,1805.43,1793,1794.52
2021-05-04T01:00:00.000Z,21,1795.28,1804.05,1793,1799.93
2021-05-04T05:00:00.000Z,1,1800.96,1801.08,1788.24,1796.02
2021-05-04T09:00:00.000Z,5,1796.52,1798.99,1789.15,1795.86
2021-05-04T13:00:00.000Z,9,1795,1805.98,1778.68,1781.24
2021-05-04T17:00:00.000Z,13,1781.24,1805.98,1779.8,1787.79
2021-05-04T21:00:00.000Z,17,1786.24,1795.68,1780.71,1788.46
2021-05-05T01:00:00.000Z,21,1789.59,1793.33,1783.48,1786.34
2021-05-05T05:00:00.000Z,1,1787.59,1794,1781.28,1786.43
2021-05-05T09:00:00.000Z,5,1786.64,1791.21,1783,1789.11
2021-05-05T13:00:00.000Z,9,1789.12,1802.99,1787.22,1797.36
2021-05-05T17:00:00.000Z,13,1798.57,1799.53,1789.49,1795
2021-05-05T21:00:00.000Z,17,1795.5,1800,1792.01,1796.25
2021-05-06T01:00:00.000Z,21,1796.27,1805.95,1794.01,1796.58
2021-05-06T05:00:00.000Z,1,1798.22,1805.98,1794.45,1805.94
2021-05-06T09:00:00.000Z,5,1805.94,1809.71,1800.03,1803.35
2021-05-06T13:00:00.000Z,9,1804.93,1830.66,1800.1,1824.2
2021-05-06T17:00:00.000Z,13,1826.09,1837.6,1817.05,1833.38
2021-05-06T21:00:00.000Z,17,1833.51,1846,1827.12,1837.59
2021-05-07T01:00:00.000Z,21,1836.67,1848.45,1827.13,1840.05
2021-05-07T05:00:00.000Z,1,1841.08,1850.92,1835.78,1845.65
2021-05-07T09:00:00.000Z,5,1845.65,1868.14,1835.28,1857.42
2021-05-07T13:00:00.000Z,9,1862.21,1864.15,1847.61,1855.3
2021-05-07T17:00:00.000Z,13,1855.3,1858.63,1847.82,1852.97
2021-05-09T21:00:00.000Z,17,1875.66,1899,1873.27,1897.95
2021-05-10T01:00:00.000Z,21,1897.93,1899,1848.56,1861.06
2021-05-10T05:00:00.000Z,1,1861.06,1877.88,1849.8,1862.62
2021-05-10T09:00:00.000Z,5,1861.7,1876,1855.88,1872
2021-05-10T13:00:00.000Z,9,1871.07,1902.48,1864.14,1892.35
2021-05-10T17:00:00.000Z,13,1890.19,1899.96,1868.71,1884.83
2021-05-10T21:00:00.000Z,17,1882.79,1900,1870.01,1870.01
2021-05-11T01:00:00.000Z,21,1870,1900,1866.83,1885.06
2021-05-11T05:00:00.000Z,1,1886.99,1886.99,1863.62,1873.34
2021-05-11T09:00:00.000Z,5,1873.34,1884.35,1863.98,1863.98
2021-05-11T13:00:00.000Z,9,1867.01,1874,1855.9,1860.67
2021-05-11T17:00:00.000Z,13,1860.68,1868.07,1852.82,1860.47
2021-05-11T21:00:00.000Z,17,1863.11,1867.05,1852.9,1859.39
2021-05-12T01:00:00.000Z,21,1859.4,1861.85,1848.85,1853.41
2021-05-12T05:00:00.000Z,1,1853.53,1861.23,1843.02,1853.51
2021-05-12T09:00:00.000Z,5,1853.51,1860.89,1843.57,1858.29
2021-05-12T13:00:00.000Z,9,1856.34,1862.7,1828.24,1831.73
2021-05-12T17:00:00.000Z,13,1831.73,1840.09,1824,1833.63
2021-05-12T21:00:00.000Z,17,1832.63,1837.18,1809.98,1828.29
2021-05-13T01:00:00.000Z,21,1828.28,1841,1804.73,1824.61
2021-05-13T05:00:00.000Z,1,1826.54,1853,1822.52,1827.08
2021-05-13T09:00:00.000Z,5,1825.03,1857,1818.33,1833.3
2021-05-13T13:00:00.000Z,9,1834.54,1840,1825,1830.9
2021-05-13T17:00:00.000Z,13,1827.79,1868.46,1825,1858.59
2021-05-13T21:00:00.000Z,17,1858.62,1871.98,1850,1855.96
2021-05-14T01:00:00.000Z,21,1858.85,1866.9,1850,1850.52
2021-05-14T05:00:00.000Z,1,1850.52,1877.09,1850,1862.36
2021-05-14T09:00:00.000Z,5,1862.42,1870.49,1854.63,1865.89
2021-05-14T13:00:00.000Z,9,1863.66,1873.27,1854,1854
2021-05-14T17:00:00.000Z,13,1855.1,1878.15,1853,1864
2021-05-16T21:00:00.000Z,17,1930.92,2039.52,1912.77,1926.06
2021-05-17T01:00:00.000Z,21,1926.06,1999,1921.68,1951.02
2021-05-17T05:00:00.000Z,1,1951.02,2018.86,1941,1947.01
2021-05-17T09:00:00.000Z,5,1947.01,1989.16,1942.57,1968.54
2021-05-17T13:00:00.000Z,9,1968.4,2035,1952.52,2000.11
2021-05-17T17:00:00.000Z,13,2004.48,2033.8,1889,1891.44
2021-05-17T21:00:00.000Z,17,1889.6,1912.05,1879.55,1883.96
2021-05-18T01:00:00.000Z,21,1883.95,1904.28,1874.62,1877.04
2021-05-18T05:00:00.000Z,1,1876.98,1886.31,1870.5,1872.93
2021-05-18T09:00:00.000Z,5,1874.74,1889.34,1872.76,1877.36
2021-05-18T13:00:00.000Z,9,1878.99,1890.2,1866,1879.43
2021-05-18T17:00:00.000Z,13,1879.26,1885.96,1869,1875
2021-05-18T21:00:00.000Z,17,1874.54,1883.49,1865,1874.3
2021-05-19T01:00:00.000Z,21,1874.3,1881.83,1862.46,1871.3
2021-05-19T05:00:00.000Z,1,1873.53,1883,1860.66,1865.01
2021-05-19T09:00:00.000Z,5,1865.01,1875,1845,1875
2021-05-19T13:00:00.000Z,9,1874.99,1962.8,1859.96,1888.3
2021-05-19T17:00:00.000Z,13,1885.96,1894.68,1862,1867.76
2021-05-19T21:00:00.000Z,17,1867.76,1883.66,1856.2,1872.23
2021-05-20T01:00:00.000Z,21,1872.27,1889.73,1864.56,1878.57
2021-05-20T05:00:00.000Z,1,1878.61,1894,1870,1879.5
2021-05-20T09:00:00.000Z,5,1877.23,1886.61,1869,1871.5
2021-05-20T13:00:00.000Z,9,1872.33,1894.32,1869,1890.5
2021-05-20T17:00:00.000Z,13,1888.1,1890.5,1873.18,1881.47
2021-05-20T21:00:00.000Z,17,1881.47,1900,1860.81,1876.75
2021-05-21T01:00:00.000Z,21,1876.75,1881.29,1870.6,1881.29
2021-05-21T05:00:00.000Z,1,1879.5,1890.71,1875.54,1887.29
2021-05-21T09:00:00.000Z,5,1887.29,1920,1880.55,1895.95
2021-05-21T13:00:00.000Z,9,1895.85,1909.21,1872,1882.78
2021-05-21T17:00:00.000Z,13,1882.28,1895.96,1878,1886
2021-05-23T21:00:00.000Z,17,1888.72,1896.61,1874.02,1892.01
2021-05-24T01:00:00.000Z,21,1892.08,1898.41,1880.4,1888.77
2021-05-24T05:00:00.000Z,1,1890.5,1893.98,1875.09,1884.58
2021-05-24T09:00:00.000Z,5,1885.59,1894.24,1878.05,1884.86
2021-05-24T13:00:00.000Z,9,1886.97,1889.99,1879.83,1884
2021-05-24T17:00:00.000Z,13,1885.99,1898.29,1880,1884.02
2021-05-24T21:00:00.000Z,17,1884.02,1890.41,1873.64,1883.34
2021-05-25T01:00:00.000Z,21,1883.34,1886.74,1872.77,1883.82
2021-05-25T05:00:00.000Z,1,1883.82,1896,1878.01,1887.44
2021-05-25T09:00:00.000Z,5,1887.44,1901.86,1884.61,1894.22
2021-05-25T13:00:00.000Z,9,1895.35,1905,1878.08,1896.42
2021-05-25T17:00:00.000Z,13,1897.01,1908.06,1893,1903.25
2021-05-25T21:00:00.000Z,17,1906.58,1906.58,1895,1901.33
2021-05-26T01:00:00.000Z,21,1901.94,1910,1901.33,1905.21
2021-05-26T05:00:00.000Z,1,1907.29,1914,1894,1912
2021-05-26T09:00:00.000Z,5,1911,1917.57,1908.87,1914.3
2021-05-26T13:00:00.000Z,9,1912.01,1920,1903.37,1907.48
2021-05-26T17:00:00.000Z,13,1906.16,1908.5,1898,1902.28
2021-05-26T21:00:00.000Z,17,1900.6,1905.9,1896.11,1900.81
2021-05-27T01:00:00.000Z,21,1900.81,1906.44,1896.11,1906
2021-05-27T05:00:00.000Z,1,1906,1919,1903.37,1903.37
2021-05-27T09:00:00.000Z,5,1903.37,1908.82,1898,1904.78
2021-05-27T13:00:00.000Z,9,1904.64,1907.03,1893.11,1898.97
2021-05-27T17:00:00.000Z,13,1899.5,1911.69,1898.2,1901.93
2021-05-27T21:00:00.000Z,17,1902.19,1906.95,1897.12,1901.5
2021-05-28T01:00:00.000Z,21,1901.51,1906.29,1896.41,1897.41
2021-05-28T05:00:00.000Z,1,1897,1911.2,1894.51,1902
2021-05-28T09:00:00.000Z,5,1902,1911.39,1889.01,1899.21
2021-05-28T13:00:00.000Z,9,1898.58,1909.44,1897.3,1902.78
2021-05-28T17:00:00.000Z,13,1902.92,1910.24,1901.11,1910.04
2021-05-30T21:00:00.000Z,17,1922,1926.97,1911.09,1914.49
2021-05-31T01:00:00.000Z,21,1914.49,1919.2,1908.39,1915.66
2021-05-31T05:00:00.000Z,1,1914.06,1921,1911,1916.35
2021-05-31T09:00:00.000Z,5,1916.35,1930,1911.07,1917.06
2021-05-31T13:00:00.000Z,9,1917.06,1925.69,1912.01,1915.76
2021-05-31T17:00:00.000Z,13,1915.76,1923.98,1911.89,1912.93
2021-05-31T21:00:00.000Z,17,1914.25,1921.5,1912.43,1916.77
2021-06-01T01:00:00.000Z,21,1916.77,1921.96,1912,1915.11
2021-06-01T05:00:00.000Z,1,1915.11,1921.35,1901.55,1913.64
2021-06-01T09:00:00.000Z,5,1914.47,1916.32,1909,1914.03
2021-06-01T13:00:00.000Z,9,1912.02,1915.91,1898,1904.6
2021-06-01T17:00:00.000Z,13,1904.62,1909.44,1901.53,1907.14
2021-06-01T21:00:00.000Z,17,1907.14,1912.57,1901,1907.91
2021-06-02T01:00:00.000Z,21,1907.98,1908.37,1902.3,1903.8
2021-06-02T05:00:00.000Z,1,1904.28,1911.87,1901,1904.94
2021-06-02T09:00:00.000Z,5,1906.45,1913,1901,1908.68
2021-06-02T13:00:00.000Z,9,1908.67,1914,1905.03,1907
2021-06-02T17:00:00.000Z,13,1907,1913.97,1906.66,1909.37
2021-06-02T21:00:00.000Z,17,1909.37,1914,1907.89,1912.42
2021-06-03T01:00:00.000Z,21,1912.42,1914.34,1906.83,1911.87
2021-06-03T05:00:00.000Z,1,1911.94,1912.99,1897.88,1902.18
2021-06-03T09:00:00.000Z,5,1902.65,1907,1892.47,1892.47
2021-06-03T13:00:00.000Z,9,1892.47,1892.62,1875.45,1882.41
2021-06-03T17:00:00.000Z,13,1883.95,1889.69,1881.3,1882.68
2021-06-03T21:00:00.000Z,17,1882.68,1888.56,1876.95,1880.51
2021-06-04T01:00:00.000Z,21,1880.51,1886.82,1867.26,1878.66
2021-06-04T05:00:00.000Z,1,1878.66,1886.73,1872.8,1880.8
2021-06-04T09:00:00.000Z,5,1880.81,1897.98,1871.79,1896.08
2021-06-04T13:00:00.000Z,9,1896.07,1901.93,1893.31,1897
2021-06-04T17:00:00.000Z,13,1897,1904.99,1896.28,1901.99
2021-06-06T21:00:00.000Z,17,1903.04,1904.5,1896,1899
2021-06-07T01:00:00.000Z,21,1900.53,1905.23,1892.3,1897.06
2021-06-07T05:00:00.000Z,1,1896.42,1898,1890.9,1896.58
2021-06-07T09:00:00.000Z,5,1895.18,1896.6,1885,1888.47
2021-06-07T13:00:00.000Z,9,1889.59,1899.79,1888.41,1895.2
2021-06-07T17:00:00.000Z,13,1895.2,1905.49,1889.55,1899.3
2021-06-07T21:00:00.000Z,17,1899.49,1906,1891.57,1904.01
2021-06-08T01:00:00.000Z,21,1905.56,1907.36,1891.88,1899.7
2021-06-08T05:00:00.000Z,1,1899.08,1905.16,1894.36,1899.06
2021-06-08T09:00:00.000Z,5,1900.25,1906,1896,1901.86
2021-06-08T13:00:00.000Z,9,1903.12,1904.57,1883.36,1896.86
2021-06-08T17:00:00.000Z,13,1896.86,1903.5,1891.99,1894.36
2021-06-08T21:00:00.000Z,17,1894.36,1897.59,1888.54,1896.36
2021-06-09T01:00:00.000Z,21,1897.1,1901.61,1891.1,1896.39
2021-06-09T05:00:00.000Z,1,1896.39,1903,1892.16,1893.83
2021-06-09T09:00:00.000Z,5,1893.83,1905,1891.99,1898.22
2021-06-09T13:00:00.000Z,9,1898.97,1907,1890.94,1897.41
2021-06-09T17:00:00.000Z,13,1897.41,1899.64,1892,1892.56
2021-06-09T21:00:00.000Z,17,1894.08,1900.13,1891.4,1893.15
2021-06-10T01:00:00.000Z,21,1894.28,1899.35,1889,1891.32
2021-06-10T05:00:00.000Z,1,1892.58,1894.6,1885.01,1887.27
2021-06-10T09:00:00.000Z,5,1886,1892.94,1879,1891.76
2021-06-10T13:00:00.000Z,9,1891.76,1898.99,1888.85,1897.85
2021-06-10T17:00:00.000Z,13,1897.85,1903.97,1890.25,1903.75
2021-06-10T21:00:00.000Z,17,1903.74,1925,1896.99,1899.8
2021-06-11T01:00:00.000Z,21,1900.04,1909.99,1898.1,1906.7
2021-06-11T05:00:00.000Z,1,1906.7,1911.99,1901.77,1901.81
2021-06-11T09:00:00.000Z,5,1902,1902.18,1893.77,1893.77
2021-06-11T13:00:00.000Z,9,1893.77,1896.12,1885,1887.87
2021-06-11T17:00:00.000Z,13,1887.87,1889.39,1879.99,1883.16
2021-06-13T21:00:00.000Z,17,1885.36,1892.31,1874.38,1877.91
2021-06-14T01:00:00.000Z,21,1877.91,1877.91,1867,1870.4
2021-06-14T05:00:00.000Z,1,1870.35,1874.4,1861.5,1864.26
2021-06-14T09:00:00.000Z,5,1864.19,1866.88,1855,1856.96
2021-06-14T13:00:00.000Z,9,1856.62,1870.19,1853.39,1864.9
2021-06-14T17:00:00.000Z,13,1865.56,1871.66,1862.46,1868.54
2021-06-14T21:00:00.000Z,17,1868.54,1874,1865.19,1872.9
2021-06-15T01:00:00.000Z,21,1872.03,1873.47,1864.12,1867.2
2021-06-15T05:00:00.000Z,1,1866.11,1872.97,1862.14,1864.25
2021-06-15T09:00:00.000Z,5,1865.3,1869.39,1862,1866.68
2021-06-15T13:00:00.000Z,9,1865.14,1869.86,1857.05,1858.61
2021-06-15T17:00:00.000Z,13,1858.6,1865.06,1856,1858.44
2021-06-15T21:00:00.000Z,17,1860,1862.21,1855.51,1855.7
2021-06-16T01:00:00.000Z,21,1856.98,1865.35,1850,1859.73
2021-06-16T05:00:00.000Z,1,1860.97,1866,1855.08,1861.3
2021-06-16T09:00:00.000Z,5,1862.41,1867.92,1854.33,1858.29
2021-06-16T13:00:00.000Z,9,1858.52,1869,1849.53,1859.31
2021-06-16T17:00:00.000Z,13,1859.31,1863.49,1817,1820.75
2021-06-16T21:00:00.000Z,17,1821.2,1825,1815,1819.02
2021-06-17T01:00:00.000Z,21,1819.18,1829.99,1818.86,1823.14
2021-06-17T05:00:00.000Z,1,1823.15,1825.95,1812.3,1813.5
2021-06-17T09:00:00.000Z,5,1813.5,1819.58,1787.32,1793.65
2021-06-17T13:00:00.000Z,9,1794.19,1796.45,1771,1781
2021-06-17T17:00:00.000Z,13,1782.08,1793.06,1778.31,1784.26
2021-06-17T21:00:00.000Z,17,1784.61,1804.99,1784.6,1788.45
2021-06-18T01:00:00.000Z,21,1789.14,1799,1787.72,1796.99
2021-06-18T05:00:00.000Z,1,1796.83,1808.67,1795,1802.06
2021-06-18T09:00:00.000Z,5,1802,1809.08,1781.54,1783.14
2021-06-18T13:00:00.000Z,9,1783.14,1799.28,1782,1784.96
2021-06-18T17:00:00.000Z,13,1784.66,1788.33,1760,1767.5
2021-06-20T21:00:00.000Z,17,1772.92,1780.79,1772.02,1780.3
2021-06-21T01:00:00.000Z,21,1780.3,1786.64,1772.02,1777.84
2021-06-21T05:00:00.000Z,1,1778.1,1792,1766.8,1792
2021-06-21T09:00:00.000Z,5,1791.46,1795.82,1775,1776.15
2021-06-21T13:00:00.000Z,9,1777.46,1797,1775.34,1792.68
2021-06-21T17:00:00.000Z,13,1792.67,1798.75,1790.59,1794.42
2021-06-21T21:00:00.000Z,17,1794,1799,1783,1794.33
2021-06-22T01:00:00.000Z,21,1793.28,1802.71,1789,1789.91
2021-06-22T05:00:00.000Z,1,1789.91,1791.66,1772.56,1779.13
2021-06-22T09:00:00.000Z,5,1778.25,1795,1772,1774.65
2021-06-22T13:00:00.000Z,9,1774.06,1785.65,1767.75,1781.22
2021-06-22T17:00:00.000Z,13,1781.22,1790.31,1775.39,1778.85
2021-06-22T21:00:00.000Z,17,1780.29,1787,1776.62,1782.61
2021-06-23T01:00:00.000Z,21,1782.01,1792.06,1779.86,1790.98
2021-06-23T05:00:00.000Z,1,1790.76,1793,1781.2,1786.18
2021-06-23T09:00:00.000Z,5,1785.73,1791.79,1781.5,1785
2021-06-23T13:00:00.000Z,9,1785.39,1797.99,1783.65,1790.56
2021-06-23T17:00:00.000Z,13,1790.58,1792.95,1777.41,1781.5
2021-06-23T21:00:00.000Z,17,1781.92,1784.66,1777.4,1782.51
2021-06-24T01:00:00.000Z,21,1782.8,1784.55,1777.4,1781.8
2021-06-24T05:00:00.000Z,1,1782.77,1787.35,1770,1781.9
2021-06-24T09:00:00.000Z,5,1783.19,1792.2,1779.53,1786.31
2021-06-24T13:00:00.000Z,9,1786.31,1791.41,1780.56,1782.1
2021-06-24T17:00:00.000Z,13,1782.55,1784.22,1772.35,1775.25
2021-06-24T21:00:00.000Z,17,1775.32,1781.43,1774.52,1775.55
2021-06-25T01:00:00.000Z,21,1776.84,1782,1775,1775.37
2021-06-25T05:00:00.000Z,1,1776.61,1786.84,1775.77,1783.08
2021-06-25T09:00:00.000Z,5,1783.72,1792,1778.2,1787.75
2021-06-25T13:00:00.000Z,9,1787.52,1792,1777.55,1784.17
2021-06-25T17:00:00.000Z,13,1786.35,1786.35,1775.41,1780.26
2021-06-27T21:00:00.000Z,17,1778.69,1799,1776.26,1788.58
2021-06-28T01:00:00.000Z,21,1788.58,1789.93,1778.39,1786.42
2021-06-28T05:00:00.000Z,1,1786.41,1795.68,1782.89,1784.79
2021-06-28T09:00:00.000Z,5,1784.78,1788.61,1773.75,1780.87
2021-06-28T13:00:00.000Z,9,1779.59,1788.17,1779,1780.18
2021-06-28T17:00:00.000Z,13,1780.59,1785.22,1775.88,1783.37
2021-06-28T21:00:00.000Z,17,1783.36,1790.9,1782.22,1784.43
2021-06-29T01:00:00.000Z,21,1784.43,1784.74,1780,1780.89
2021-06-29T05:00:00.000Z,1,1780.89,1790.54,1775,1777.57
2021-06-29T09:00:00.000Z,5,1777.58,1785.96,1764,1765.28
2021-06-29T13:00:00.000Z,9,1764.05,1773.55,1760.51,1771.11
2021-06-29T17:00:00.000Z,13,1770.05,1771.25,1760.02,1765.52
2021-06-29T21:00:00.000Z,17,1766.67,1772.07,1762.66,1770.15
2021-06-30T01:00:00.000Z,21,1770.15,1772.86,1760,1765.26
2021-06-30T05:00:00.000Z,1,1764.91,1767.9,1757.58,1759.71
2021-06-30T09:00:00.000Z,5,1759.72,1767.6,1758.03,1764.37
2021-06-30T13:00:00.000Z,9,1764.13,1815,1759,1774.36
2021-06-30T17:00:00.000Z,13,1775.68,1782.06,1773.12,1776.29
2021-06-30T21:00:00.000Z,17,1776.63,1784.85,1774.6,1775.39
2021-07-01T01:00:00.000Z,21,1775.39,1779,1773.25,1777.18
2021-07-01T05:00:00.000Z,1,1776.45,1786.38,1773.33,1777.34
2021-07-01T09:00:00.000Z,5,1778.42,1782.93,1771.61,1778.74
2021-07-01T13:00:00.000Z,9,1779.22,1784.16,1771.71,1774.14
2021-07-01T17:00:00.000Z,13,1774.44,1782,1771.01,1777.39
2021-07-01T21:00:00.000Z,17,1777.39,1784.98,1775.13,1781.74
2021-07-02T01:00:00.000Z,21,1781.45,1782.55,1776.08,1778.7
2021-07-02T05:00:00.000Z,1,1779.48,1787.61,1777,1784.65
2021-07-02T09:00:00.000Z,5,1784.15,1794,1780.33,1793.5
2021-07-02T13:00:00.000Z,9,1793.49,1796.66,1788.21,1789.55
2021-07-02T17:00:00.000Z,13,1789.56,1794.25,1788.58,1788.67
2021-07-04T21:00:00.000Z,17,1795.18,1797.42,1788.43,1789.97
2021-07-05T01:00:00.000Z,21,1789.97,1794.15,1788,1791.67
2021-07-05T05:00:00.000Z,1,1792.3,1801.99,1790.5,1800.21
2021-07-05T09:00:00.000Z,5,1800.14,1803.44,1789.2,1793.11
2021-07-05T13:00:00.000Z,9,1793.11,1797.57,1789,1796.18
2021-07-05T17:00:00.000Z,13,1795.29,1803.47,1792.95,1795.49
2021-07-05T21:00:00.000Z,17,1796.27,1797.63,1792.02,1796.81
2021-07-06T01:00:00.000Z,21,1796.81,1807.38,1793.7,1806.87
2021-07-06T05:00:00.000Z,1,1806.87,1810.66,1804.3,1808.93
2021-07-06T09:00:00.000Z,5,1809.94,1814.91,1804,1812.41
2021-07-06T13:00:00.000Z,9,1811.38,1815,1790.9,1797.93
2021-07-06T17:00:00.000Z,13,1797.93,1801.1,1794,1798.45
2021-07-06T21:00:00.000Z,17,1798.11,1804.07,1795.11,1799.41
2021-07-07T01:00:00.000Z,21,1799.4,1808.19,1799.4,1806.32
2021-07-07T05:00:00.000Z,1,1805.23,1813.33,1801.82,1810.79
2021-07-07T09:00:00.000Z,5,1810.77,1812.55,1807.75,1809.3
2021-07-07T13:00:00.000Z,9,1810.65,1811.52,1803.57,1807.52
2021-07-07T17:00:00.000Z,13,1808.76,1812.96,1805.29,1809.13
2021-07-07T21:00:00.000Z,17,1808.08,1812.66,1801.22,1808.42
2021-07-08T01:00:00.000Z,21,1808.42,1812.55,1802.02,1805
2021-07-08T05:00:00.000Z,1,1805.12,1821.99,1802.39,1820.51
2021-07-08T09:00:00.000Z,5,1821.16,1831.36,1816.99,1824.4
2021-07-08T13:00:00.000Z,9,1824.69,1828,1801.86,1808.43
2021-07-08T17:00:00.000Z,13,1808.42,1816.54,1805.49,1811.24
2021-07-08T21:00:00.000Z,17,1810.59,1814.03,1799.65,1807.63
2021-07-09T01:00:00.000Z,21,1808.84,1817.79,1805.25,1812.04
2021-07-09T05:00:00.000Z,1,1812.04,1815.27,1807.06,1808.3
2021-07-09T09:00:00.000Z,5,1808.24,1813.07,1803.33,1804.94
2021-07-09T13:00:00.000Z,9,1805.15,1816.54,1804.2,1815.67
2021-07-09T17:00:00.000Z,13,1815.67,1816.99,1813.03,1815.42
2021-07-11T21:00:00.000Z,17,1810.83,1819.01,1806.66,1811.49
2021-07-12T01:00:00.000Z,21,1811.5,1814.49,1808.72,1810.57
2021-07-12T05:00:00.000Z,1,1810.57,1811.81,1807.7,1809.61
2021-07-12T09:00:00.000Z,5,1809.16,1812.26,1800.02,1805.46
2021-07-12T13:00:00.000Z,9,1805.04,1808.31,1797.33,1805.02
2021-07-12T17:00:00.000Z,13,1806.17,1810.5,1800,1806.8
2021-07-12T21:00:00.000Z,17,1806.8,1809.44,1804.85,1806.76
2021-07-13T01:00:00.000Z,21,1806.76,1812,1804.84,1811.12
2021-07-13T05:00:00.000Z,1,1811.11,1815,1803.33,1813.38
2021-07-13T09:00:00.000Z,5,1813.38,1817.04,1805.84,1806.33
2021-07-13T13:00:00.000Z,9,1806.34,1818.99,1805.55,1817.28
2021-07-13T17:00:00.000Z,13,1817.28,1817.28,1807.47,1813.41
2021-07-13T21:00:00.000Z,17,1811.76,1814.66,1807.72,1809.1
2021-07-14T01:00:00.000Z,21,1811.55,1819,1804.04,1814.62
2021-07-14T05:00:00.000Z,1,1814.09,1821.54,1809.93,1816.88
2021-07-14T09:00:00.000Z,5,1816.88,1834.79,1816.01,1834.79
2021-07-14T13:00:00.000Z,9,1834.78,1837,1825.01,1833.65
2021-07-14T17:00:00.000Z,13,1832.4,1837.1,1831.76,1834.27
2021-07-14T21:00:00.000Z,17,1834.27,1837.4,1830.2,1835.32
2021-07-15T01:00:00.000Z,21,1835.92,1838.41,1825.26,1829.48
2021-07-15T05:00:00.000Z,1,1828.24,1841,1828.24,1834.67
2021-07-15T09:00:00.000Z,5,1834.66,1836,1825.01,1831.87
2021-07-15T13:00:00.000Z,9,1829.89,1834.54,1827.66,1831.03
2021-07-15T17:00:00.000Z,13,1831.04,1834.45,1825.31,1830.94
2021-07-15T21:00:00.000Z,17,1830.42,1839.1,1829.18,1834.24
2021-07-16T01:00:00.000Z,21,1834.24,1839.1,1831.2,1833.19
2021-07-16T05:00:00.000Z,1,1833.19,1837,1826.3,1831.21
2021-07-16T09:00:00.000Z,5,1830.44,1835.26,1825.06,1831.77
2021-07-16T13:00:00.000Z,9,1833.33,1836.33,1814,1823.86
2021-07-16T17:00:00.000Z,13,1825.68,1827.94,1815,1817.51
2021-07-18T21:00:00.000Z,17,1817,1820.5,1815,1818.1
2021-07-19T01:00:00.000Z,21,1816.99,1821,1815,1820.56
2021-07-19T05:00:00.000Z,1,1820.56,1820.56,1805.01,1807.5
2021-07-19T09:00:00.000Z,5,1807.5,1810.22,1797,1809.07
2021-07-19T13:00:00.000Z,9,1809.96,1819.98,1806.06,1811.26
2021-07-19T17:00:00.000Z,13,1811.27,1819,1806.92,1818.8
2021-07-19T21:00:00.000Z,17,1819,1820.15,1815,1816.54
2021-07-20T01:00:00.000Z,21,1816.55,1831.99,1812.2,1827
2021-07-20T05:00:00.000Z,1,1828,1828,1812.89,1817.31
2021-07-20T09:00:00.000Z,5,1817.3,1829.1,1817.3,1828.08
2021-07-20T13:00:00.000Z,9,1828.12,1834.74,1810.55,1818.65
2021-07-20T17:00:00.000Z,13,1818.65,1818.65,1799,1811.18
2021-07-20T21:00:00.000Z,17,1811.55,1811.63,1804.38,1810
2021-07-21T01:00:00.000Z,21,1809.7,1819,1803.87,1813.44
2021-07-21T05:00:00.000Z,1,1814.08,1817.53,1807.7,1812.37
2021-07-21T09:00:00.000Z,5,1812.66,1819.49,1804.39,1804.5
2021-07-21T13:00:00.000Z,9,1805.5,1819.55,1803.91,1810.52
2021-07-21T17:00:00.000Z,13,1810.54,1820.15,1802,1811.74
2021-07-21T21:00:00.000Z,17,1810.93,1814.1,1806.1,1810.48
2021-07-22T01:00:00.000Z,21,1810.79,1812.98,1804.38,1807.56
2021-07-22T05:00:00.000Z,1,1806.76,1811.49,1800.75,1802.94
2021-07-22T09:00:00.000Z,5,1803.14,1809.97,1797.33,1808.53
2021-07-22T13:00:00.000Z,9,1809.15,1816.56,1801.55,1812.27
2021-07-22T17:00:00.000Z,13,1811.63,1814.31,1806.81,1806.83
2021-07-22T21:00:00.000Z,17,1806.83,1811,1804.89,1807.89
2021-07-23T01:00:00.000Z,21,1809.29,1815.67,1803.15,1807.82
2021-07-23T05:00:00.000Z,1,1808.72,1810.44,1803.14,1804.68
2021-07-23T09:00:00.000Z,5,1804.39,1809.62,1799.33,1805.05
2021-07-23T13:00:00.000Z,9,1805.05,1814.92,1798,1806.19
2021-07-23T17:00:00.000Z,13,1806.6,1808.56,1785.46,1802.07
2021-07-25T21:00:00.000Z,17,1813.94,1815.47,1806.99,1809.65
2021-07-26T01:00:00.000Z,21,1809.41,1818.51,1805.22,1812.34
2021-07-26T05:00:00.000Z,1,1812.38,1818.88,1809.37,1818.02
2021-07-26T09:00:00.000Z,5,1818.17,1821.92,1809.76,1811.36
2021-07-26T13:00:00.000Z,9,1811.38,1813.15,1805.01,1809.01
2021-07-26T17:00:00.000Z,13,1809.01,1809.8,1796.88,1801.64
2021-07-26T21:00:00.000Z,17,1801.64,1810,1797,1804.35
2021-07-27T01:00:00.000Z,21,1804.4,1808.99,1801.06,1805.28
2021-07-27T05:00:00.000Z,1,1805.28,1808.99,1800.01,1804.13
2021-07-27T09:00:00.000Z,5,1803.2,1810,1800,1805.39
2021-07-27T13:00:00.000Z,9,1807.47,1810.33,1801,1806.54
2021-07-27T17:00:00.000Z,13,1806.54,1810,1804.91,1807.13
2021-07-27T21:00:00.000Z,17,1808.31,1810.33,1802.1,1805.83
2021-07-28T01:00:00.000Z,21,1805.83,1816.98,1802.11,1811.74
2021-07-28T05:00:00.000Z,1,1811.74,1814.58,1805.45,1806.86
2021-07-28T09:00:00.000Z,5,1807.29,1809.98,1802.04,1803.22
2021-07-28T13:00:00.000Z,9,1803.22,1809.12,1802.04,1808.11
2021-07-28T17:00:00.000Z,13,1808.11,1811.7,1800,1810.25
2021-07-28T21:00:00.000Z,17,1810.27,1817.99,1808.48,1814.04
2021-07-29T01:00:00.000Z,21,1813.15,1820,1812.71,1820
2021-07-29T05:00:00.000Z,1,1819.9,1823,1801,1822.08
2021-07-29T09:00:00.000Z,5,1822.08,1831.86,1822.08,1826.52
2021-07-29T13:00:00.000Z,9,1826.53,1836.82,1822.94,1833.29
2021-07-29T17:00:00.000Z,13,1833.28,1840,1829.89,1830.94
2021-07-29T21:00:00.000Z,17,1830.94,1837.62,1828.06,1829.82
2021-07-30T01:00:00.000Z,21,1831.25,1838.58,1830.82,1835.41
2021-07-30T05:00:00.000Z,1,1835.88,1838.58,1831.02,1834.85
2021-07-30T09:00:00.000Z,5,1834.79,1838.57,1800,1827.93
2021-07-30T13:00:00.000Z,9,1827.17,1829.94,1819.03,1822.16
2021-07-30T17:00:00.000Z,13,1822.16,1829,1816.78,1822.67
2021-08-01T21:00:00.000Z,17,1821.1,1821.73,1804.03,1815.8
2021-08-02T01:00:00.000Z,21,1816.44,1817.02,1808.89,1810.82
2021-08-02T05:00:00.000Z,1,1810.81,1816.9,1806,1812.64
2021-08-02T09:00:00.000Z,5,1812.64,1815.03,1807.47,1813.32
2021-08-02T13:00:00.000Z,9,1813.32,1824,1810.33,1822.34
2021-08-02T17:00:00.000Z,13,1822.33,1822.34,1812,1813.65
2021-08-02T21:00:00.000Z,17,1813.65,1819.99,1813.63,1816.48
2021-08-03T01:00:00.000Z,21,1816.48,1816.48,1810,1812.42
2021-08-03T05:00:00.000Z,1,1811.08,1816.46,1809.99,1813.4
2021-08-03T09:00:00.000Z,5,1813.39,1816.5,1807,1813.66
2021-08-03T13:00:00.000Z,9,1814.98,1815.77,1808.19,1814.03
2021-08-03T17:00:00.000Z,13,1814.03,1815.27,1805.99,1813.05
2021-08-03T21:00:00.000Z,17,1812.56,1818.8,1810.99,1812.87
2021-08-04T01:00:00.000Z,21,1812.83,1818.79,1810.75,1817.17
2021-08-04T05:00:00.000Z,1,1817.63,1819.08,1810.76,1817.18
2021-08-04T09:00:00.000Z,5,1816.91,1833.68,1814.57,1833.39
2021-08-04T13:00:00.000Z,9,1833.01,1835.93,1812,1817.52
2021-08-04T17:00:00.000Z,13,1817.64,1826.04,1812.01,1816.46
2021-08-04T21:00:00.000Z,17,1816.42,1824.42,1815,1816.6
2021-08-05T01:00:00.000Z,21,1815.83,1815.83,1811.3,1815.69
2021-08-05T05:00:00.000Z,1,1814.67,1817.79,1811.07,1812.35
2021-08-05T09:00:00.000Z,5,1812.35,1818.45,1810.4,1814.2
2021-08-05T13:00:00.000Z,9,1813.08,1815.06,1805.01,1813.17
2021-08-05T17:00:00.000Z,13,1813.17,1818.45,1808.12,1810.13
2021-08-05T21:00:00.000Z,17,1810.16,1822.12,1805.71,1806.62
2021-08-06T01:00:00.000Z,21,1805.74,1820.25,1805.7,1806.26
2021-08-06T05:00:00.000Z,1,1806.67,1814.48,1803,1806.79
2021-08-06T09:00:00.000Z,5,1805.74,1808.34,1781.03,1783.85
2021-08-06T13:00:00.000Z,9,1783.64,1789.99,1765.53,1767.9
2021-08-06T17:00:00.000Z,13,1767.89,1776.92,1766.41,1770.34
2021-08-08T21:00:00.000Z,17,1775.61,1778.1,1700.36,1734.15
2021-08-09T01:00:00.000Z,21,1734.11,1750.74,1726.96,1744.08
2021-08-09T05:00:00.000Z,1,1744.03,1760,1740.92,1755
2021-08-09T09:00:00.000Z,5,1755,1760,1726.35,1749.01
2021-08-09T13:00:00.000Z,9,1748.99,1752.98,1731.03,1735.14
2021-08-09T17:00:00.000Z,13,1736.64,1744.99,1734,1735.58
2021-08-09T21:00:00.000Z,17,1735.59,1745,1730.98,1742.26
2021-08-10T01:00:00.000Z,21,1742.26,1747.66,1740,1742.33
2021-08-10T05:00:00.000Z,1,1743.05,1749.9,1740,1742.76
2021-08-10T09:00:00.000Z,5,1742.5,1746.83,1733.26,1738.77
2021-08-10T13:00:00.000Z,9,1739.65,1742,1727.97,1737.51
2021-08-10T17:00:00.000Z,13,1738.19,1745,1732.78,1739.33
2021-08-10T21:00:00.000Z,17,1737.61,1744.95,1729.78,1734.36
2021-08-11T01:00:00.000Z,21,1734.36,1742,1730.77,1740.01
2021-08-11T05:00:00.000Z,1,1740.13,1744.38,1736.99,1740.73
2021-08-11T09:00:00.000Z,5,1740.72,1753.3,1738.82,1749.39
2021-08-11T13:00:00.000Z,9,1749.45,1757.74,1744.43,1756.7
2021-08-11T17:00:00.000Z,13,1756.7,1763.63,1753.85,1758.36
2021-08-11T21:00:00.000Z,17,1758.51,1764.69,1751.56,1752.08
2021-08-12T01:00:00.000Z,21,1752.08,1757.24,1751.22,1753.01
2021-08-12T05:00:00.000Z,1,1753.16,1763,1753,1762.22
2021-08-12T09:00:00.000Z,5,1762.22,1763.47,1749.5,1751.41
2021-08-12T13:00:00.000Z,9,1751.18,1760.39,1746,1758.53
2021-08-12T17:00:00.000Z,13,1757.12,1761.87,1750.31,1756.62
2021-08-12T21:00:00.000Z,17,1756.62,1761.18,1753.37,1758.11
2021-08-13T01:00:00.000Z,21,1758.99,1761.11,1758.26,1760.44
2021-08-13T05:00:00.000Z,1,1760.99,1768.73,1759.06,1763.24
2021-08-13T09:00:00.000Z,5,1763.24,1770,1761.1,1765.98
2021-08-13T13:00:00.000Z,9,1767.54,1779.89,1766.27,1777.02
2021-08-13T17:00:00.000Z,13,1777.2,1790,1776.53,1779.66
2021-08-15T21:00:00.000Z,17,1778.99,1782.13,1776,1780.11
2021-08-16T01:00:00.000Z,21,1780.12,1785,1773.99,1778
2021-08-16T05:00:00.000Z,1,1778.01,1779.94,1772.62,1775.68
2021-08-16T09:00:00.000Z,5,1775.68,1784.9,1767,1784.58
2021-08-16T13:00:00.000Z,9,1784.04,1790,1783,1785.66
2021-08-16T17:00:00.000Z,13,1785.66,1792.75,1783.91,1790.18
2021-08-16T21:00:00.000Z,17,1790.18,1791.98,1783.88,1787.45
2021-08-17T01:00:00.000Z,21,1789.39,1795.43,1787,1791.19
2021-08-17T05:00:00.000Z,1,1791,1797.82,1788.39,1794.07
2021-08-17T09:00:00.000Z,5,1795.84,1800.46,1794.09,1795.2
2021-08-17T13:00:00.000Z,9,1795.2,1796.07,1780.1,1784.12
2021-08-17T17:00:00.000Z,13,1784.12,1790.28,1780.09,1786.59
2021-08-17T21:00:00.000Z,17,1786.02,1790.89,1781.81,1786.59
2021-08-18T01:00:00.000Z,21,1786.58,1795.12,1782,1791.49
2021-08-18T05:00:00.000Z,1,1791.49,1802,1787,1791.09
2021-08-18T09:00:00.000Z,5,1792.89,1800,1791.03,1796.12
2021-08-18T13:00:00.000Z,9,1796,1799,1783.33,1791.05
2021-08-18T17:00:00.000Z,13,1791.03,1793.9,1753.47,1788.57
2021-08-18T21:00:00.000Z,17,1788.57,1792,1781.93,1788.2
2021-08-19T01:00:00.000Z,21,1787.34,1788.2,1778.13,1778.52
2021-08-19T05:00:00.000Z,1,1779.31,1788.56,1778.52,1788.56
2021-08-19T09:00:00.000Z,5,1788.52,1791.32,1785.01,1790
2021-08-19T13:00:00.000Z,9,1789.22,1793,1774,1784.74
2021-08-19T17:00:00.000Z,13,1784.74,1788,1763.3,1779.78
2021-08-19T21:00:00.000Z,17,1780.67,1787,1777.05,1785.35
2021-08-20T01:00:00.000Z,21,1785.35,1790.09,1782.76,1786.68
2021-08-20T05:00:00.000Z,1,1786.68,1793,1783.68,1785.97
2021-08-20T09:00:00.000Z,5,1785.96,1789.14,1780.01,1786.52
2021-08-20T13:00:00.000Z,9,1786.4,1790.9,1780.01,1786.09
2021-08-20T17:00:00.000Z,13,1786.15,1788.61,1778,1782.78
2021-08-22T21:00:00.000Z,17,1780.98,1785.99,1780.19,1781.8
2021-08-23T01:00:00.000Z,21,1781.77,1795.32,1781.74,1789
2021-08-23T05:00:00.000Z,1,1789.94,1793.59,1784.37,1789.51
2021-08-23T09:00:00.000Z,5,1789.78,1802,1784,1801.82
2021-08-23T13:00:00.000Z,9,1801.47,1809.5,1797.15,1807.77
2021-08-23T17:00:00.000Z,13,1807.04,1808.11,1798.3,1806.42
2021-08-23T21:00:00.000Z,17,1806.42,1807.07,1802.3,1805.24
2021-08-24T01:00:00.000Z,21,1804.88,1807.45,1800.14,1801.55
2021-08-24T05:00:00.000Z,1,1802.65,1807.05,1800.51,1804.63
2021-08-24T09:00:00.000Z,5,1804.48,1810,1802,1809.99
2021-08-24T13:00:00.000Z,9,1809.97,1810,1800,1808.4
2021-08-24T17:00:00.000Z,13,1808.41,1811.19,1802,1802.86
2021-08-24T21:00:00.000Z,17,1804.11,1808,1799.33,1799.35
2021-08-25T01:00:00.000Z,21,1799.54,1805,1797.14,1798.01
2021-08-25T05:00:00.000Z,1,1797.65,1804.98,1794.65,1796.57
2021-08-25T09:00:00.000Z,5,1796.57,1804,1794.19,1798.61
2021-08-25T13:00:00.000Z,9,1798.22,1801.92,1788.27,1796.07
2021-08-25T17:00:00.000Z,13,1796.14,1805,1794.05,1797.02
2021-08-25T21:00:00.000Z,17,1796.42,1800.58,1795.28,1798.69
2021-08-26T01:00:00.000Z,21,1798.13,1799.94,1790,1795.15
2021-08-26T05:00:00.000Z,1,1794.29,1796,1785,1788
2021-08-26T09:00:00.000Z,5,1788,1806,1784,1792
2021-08-26T13:00:00.000Z,9,1792,1802,1785,1799
2021-08-26T17:00:00.000Z,13,1799,1806,1794,1800
2021-08-26T21:00:00.000Z,17,1799,1803,1795,1803
2021-08-27T01:00:00.000Z,21,1803,1805,1796,1805
2021-08-27T05:00:00.000Z,1,1805,1813,1793,1797
2021-08-27T09:00:00.000Z,5,1797,1803,1792,1800
2021-08-27T13:00:00.000Z,9,1801,1820,1791,1818
2021-08-27T17:00:00.000Z,13,1818,1821.14,1814,1821
2021-08-29T21:00:00.000Z,17,1819,1824,1816,1821
2021-08-30T01:00:00.000Z,21,1822,1824,1815,1819
2021-08-30T05:00:00.000Z,1,1819,1824,1813,1819
2021-08-30T09:00:00.000Z,5,1819,1823,1815,1820
2021-08-30T13:00:00.000Z,9,1820,1821,1813,1814
2021-08-30T17:00:00.000Z,13,1814,1818,1810,1816
2021-08-30T21:00:00.000Z,17,1816,1819,1813,1814
2021-08-31T01:00:00.000Z,21,1814,1825,1814,1820
2021-08-31T05:00:00.000Z,1,1819,1825,1815,1820
2021-08-31T09:00:00.000Z,5,1821,1825,1815,1815
2021-08-31T13:00:00.000Z,9,1816,1823,1803,1816
2021-08-31T17:00:00.000Z,13,1816,1822,1812,1816
2021-08-31T21:00:00.000Z,17,1816,1822,1811,1816
2021-09-01T01:00:00.000Z,21,1816,1823,1813,1819
2021-09-01T05:00:00.000Z,1,1819,1825,1814,1817
2021-09-01T09:00:00.000Z,5,1817,1824,1814,1823
2021-09-01T13:00:00.000Z,9,1824,1824,1812,1819
2021-09-01T17:00:00.000Z,13,1819,1822,1816,1820
2021-09-01T21:00:00.000Z,17,1821,1822,1815,1819
2021-09-02T01:00:00.000Z,21,1818,1823,1813,1815
2021-09-02T05:00:00.000Z,1,1815,1822,1814,1818
2021-09-02T09:00:00.000Z,5,1818,1822,1813,1819
2021-09-02T13:00:00.000Z,9,1819,1821,1811,1814
2021-09-02T17:00:00.000Z,13,1814,1818,1813,1815
2021-09-02T21:00:00.000Z,17,1815,1817,1808,1817
2021-09-03T01:00:00.000Z,21,1817,1818,1806,1811
2021-09-03T05:00:00.000Z,1,1811,1818,1805,1814
2021-09-03T09:00:00.000Z,5,1815,1826,1809,1822
2021-09-03T13:00:00.000Z,9,1822,1830,1820,1826
2021-09-03T17:00:00.000Z,13,1825,1836,1825,1829
2021-09-05T21:00:00.000Z,17,1828,1833,1825,1829
2021-09-06T01:00:00.000Z,21,1830,1833,1825,1826
2021-09-06T05:00:00.000Z,1,1826,1832,1822,1829
2021-09-06T09:00:00.000Z,5,1828,1830,1820,1827
2021-09-06T13:00:00.000Z,9,1826,1831,1821,1824
2021-09-06T17:00:00.000Z,13,1824,1847.31,1822,1826
2021-09-06T21:00:00.000Z,17,1825,1831,1825,1829
2021-09-07T01:00:00.000Z,21,1830,1832,1824,1824
2021-09-07T05:00:00.000Z,1,1825,1826,1815,1816
2021-09-07T09:00:00.000Z,5,1816,1819,1809,1812
2021-09-07T13:00:00.000Z,9,1812,1817,1781,1794
2021-09-07T17:00:00.000Z,13,1794,1798,1786,1793
2021-09-07T21:00:00.000Z,17,1794,1798,1782,1798
2021-09-08T01:00:00.000Z,21,1798,1802,1778,1798
2021-09-08T05:00:00.000Z,1,1797,1799,1790,1796
2021-09-08T09:00:00.000Z,5,1797,1802,1792,1794
2021-09-08T13:00:00.000Z,9,1796,1799,1783,1792
2021-09-08T17:00:00.000Z,13,1792,1795,1786,1788
2021-09-08T21:00:00.000Z,17,1788,1800,1786,1791
2021-09-09T01:00:00.000Z,21,1791,1799,1787,1790
2021-09-09T05:00:00.000Z,1,1789,1800,1789,1797
2021-09-09T09:00:00.000Z,5,1796,1803,1792,1796
2021-09-09T13:00:00.000Z,9,1795,1802,1787,1796
2021-09-09T17:00:00.000Z,13,1796,1800,1790,1793
2021-09-09T21:00:00.000Z,17,1793,1799,1791,1798
2021-09-10T01:00:00.000Z,21,1798,1801,1795,1797
2021-09-10T05:00:00.000Z,1,1797,1806,1793,1800
2021-09-10T09:00:00.000Z,5,1801,1806,1794,1796
2021-09-10T13:00:00.000Z,9,1796,1806,1793,1796
2021-09-10T17:00:00.000Z,13,1796,1800,1790,1793
2021-09-12T21:00:00.000Z,17,1793,1799,1787,1793
2021-09-13T01:00:00.000Z,21,1792,1799,1786,1796
2021-09-13T05:00:00.000Z,1,1796,1807,1792,1797
2021-09-13T09:00:00.000Z,5,1797,1801,1792,1795
2021-09-13T13:00:00.000Z,9,1794,1806,1793,1800
2021-09-13T17:00:00.000Z,13,1800,1806,1796,1802
2021-09-13T21:00:00.000Z,17,1802,1805,1797,1799
2021-09-14T01:00:00.000Z,21,1799,1803,1795,1797
2021-09-14T05:00:00.000Z,1,1798,1803,1796,1797
2021-09-14T09:00:00.000Z,5,1798,1802,1785,1801
2021-09-14T13:00:00.000Z,9,1802,1813,1797,1805
2021-09-14T17:00:00.000Z,13,1805,1811,1802,1806
2021-09-14T21:00:00.000Z,17,1806,1811,1799,1805
2021-09-15T01:00:00.000Z,21,1804,1810,1800,1805
2021-09-15T05:00:00.000Z,1,1805,1808,1802,1804
2021-09-15T09:00:00.000Z,5,1804,1808,1798,1800
2021-09-15T13:00:00.000Z,9,1801,1806,1796,1799
2021-09-15T17:00:00.000Z,13,1799,1802,1797,1799
2021-09-15T21:00:00.000Z,17,1800,1803,1794,1794
2021-09-16T01:00:00.000Z,21,1795,1801,1793,1798
2021-09-16T05:00:00.000Z,1,1798,1800,1789,1791
2021-09-16T09:00:00.000Z,5,1790,1793,1769,1770
2021-09-16T13:00:00.000Z,9,1769,1773,1755,1764
2021-09-16T17:00:00.000Z,13,1764,1770,1756,1763
2021-09-16T21:00:00.000Z,17,1763,1768,1761,1765
2021-09-17T01:00:00.000Z,21,1765,1771,1761,1770
2021-09-17T05:00:00.000Z,1,1770,1777,1758,1772
2021-09-17T09:00:00.000Z,5,1772,1775,1762,1764
2021-09-17T13:00:00.000Z,9,1763,1766,1755,1760
2021-09-17T17:00:00.000Z,13,1760,1766,1757,1764
2021-09-19T21:00:00.000Z,17,1769,1772,1756,1759
2021-09-20T01:00:00.000Z,21,1758,1768,1747,1757
2021-09-20T05:00:00.000Z,1,1757,1771,1753,1761
2021-09-20T09:00:00.000Z,5,1761,1790,1751,1768
2021-09-20T13:00:00.000Z,9,1767,1778,1760,1774
2021-09-20T17:00:00.000Z,13,1774,1781,1766,1775
2021-09-20T21:00:00.000Z,17,1775,1790,1767,1772
2021-09-21T01:00:00.000Z,21,1771,1779,1769,1774
2021-09-21T05:00:00.000Z,1,1774,1776,1760,1768
2021-09-21T09:00:00.000Z,5,1768,1778,1766,1775
2021-09-21T13:00:00.000Z,9,1776,1790,1773,1780
2021-09-21T17:00:00.000Z,13,1780,1788,1772,1777
2021-09-21T21:00:00.000Z,17,1777,1786,1772,1781
2021-09-22T01:00:00.000Z,21,1781,1786,1777,1781
2021-09-22T05:00:00.000Z,1,1781,1788,1778,1780
2021-09-22T09:00:00.000Z,5,1781,1788,1779,1781
2021-09-22T13:00:00.000Z,9,1781,1790,1777,1780
2021-09-22T17:00:00.000Z,13,1780,1792,1770,1776
2021-09-22T21:00:00.000Z,17,1776,1780,1767,1771
2021-09-23T01:00:00.000Z,21,1771,1773,1765,1768
2021-09-23T05:00:00.000Z,1,1768,1775,1763,1773
2021-09-23T09:00:00.000Z,5,1772,1782,1771,1771
2021-09-23T13:00:00.000Z,9,1771,1771,1753,1759
2021-09-23T17:00:00.000Z,13,1759,1761,1744,1748
2021-09-23T21:00:00.000Z,17,1749,1760,1747,1756
2021-09-24T01:00:00.000Z,21,1756,1764,1753,1759
2021-09-24T05:00:00.000Z,1,1759,1766,1757,1760
2021-09-24T09:00:00.000Z,5,1760,1766,1750,1751
2021-09-24T13:00:00.000Z,9,1751,1764,1747,1758
2021-09-24T17:00:00.000Z,13,1758,1763,1752,1759
2021-09-26T21:00:00.000Z,17,1759,1764,1752,1764
2021-09-27T01:00:00.000Z,21,1764,1770,1761,1764
2021-09-27T05:00:00.000Z,1,1764,1768,1757,1758
2021-09-27T09:00:00.000Z,5,1758,1762,1753,1759
2021-09-27T13:00:00.000Z,9,1759,1763,1756,1761
2021-09-27T17:00:00.000Z,13,1760,1761,1756,1757
2021-09-27T21:00:00.000Z,17,1757,1763,1755,1758
2021-09-28T01:00:00.000Z,21,1757,1760,1752,1758
2021-09-28T05:00:00.000Z,1,1759,1759,1745,1752
2021-09-28T09:00:00.000Z,5,1752,1752,1738,1739
2021-09-28T13:00:00.000Z,9,1739,1751,1739,1745
2021-09-28T17:00:00.000Z,13,1745,1747,1741,1744
2021-09-28T21:00:00.000Z,17,1744,1747,1741,1744
2021-09-29T01:00:00.000Z,21,1744,1752,1742,1747
2021-09-29T05:00:00.000Z,1,1747,1751,1745,1748
2021-09-29T09:00:00.000Z,5,1747,1755,1744,1746
2021-09-29T13:00:00.000Z,9,1747,1749,1731,1733
2021-09-29T17:00:00.000Z,13,1732,1738,1731,1736
2021-09-29T21:00:00.000Z,17,1736,1743,1734,1740
2021-09-30T01:00:00.000Z,21,1739,1745,1736,1742
2021-09-30T05:00:00.000Z,1,1742,1743,1734,1739
2021-09-30T09:00:00.000Z,5,1740,1744,1730,1743
2021-09-30T13:00:00.000Z,9,1744,1770,1744,1767
2021-09-30T17:00:00.000Z,13,1767,1770,1761,1765
2021-09-30T21:00:00.000Z,17,1765,1768,1758,1759
2021-10-01T01:00:00.000Z,21,1759,1768,1756,1763
2021-10-01T05:00:00.000Z,1,1763,1769,1758,1761
2021-10-01T09:00:00.000Z,5,1760,1767,1750,1762
2021-10-01T13:00:00.000Z,9,1762,1770,1760,1766
2021-10-01T17:00:00.000Z,13,1765,1769,1762,1767
2021-10-03T21:00:00.000Z,17,1769,1774,1763,1769
2021-10-04T01:00:00.000Z,21,1769,1772,1761,1771
2021-10-04T05:00:00.000Z,1,1770,1771,1757,1760
2021-10-04T09:00:00.000Z,5,1760,1763,1755,1763
2021-10-04T13:00:00.000Z,9,1763,1779,1757,1778
2021-10-04T17:00:00.000Z,13,1777,1778,1730,1772
2021-10-04T21:00:00.000Z,17,1772,1776,1769,1774
2021-10-05T01:00:00.000Z,21,1774,1775,1765,1765
2021-10-05T05:00:00.000Z,1,1766,1770,1763,1766
2021-10-05T09:00:00.000Z,5,1765,1768,1759,1765
2021-10-05T13:00:00.000Z,9,1765,1769,1755,1766
2021-10-05T17:00:00.000Z,13,1767,1771,1762,1764
2021-10-05T21:00:00.000Z,17,1765,1765,1760,1762
2021-10-06T01:00:00.000Z,21,1762,1766,1757,1761
2021-10-06T05:00:00.000Z,1,1761,1763,1750,1753
2021-10-06T09:00:00.000Z,5,1754,1768,1750,1766
2021-10-06T13:00:00.000Z,9,1766,1768,1759,1765
2021-10-06T17:00:00.000Z,13,1764,1771,1759,1764
2021-10-06T21:00:00.000Z,17,1764,1768,1760,1763
2021-10-07T01:00:00.000Z,21,1764,1766,1756,1764
2021-10-07T05:00:00.000Z,1,1765,1773,1754,1765
2021-10-07T09:00:00.000Z,5,1764,1768,1760,1760
2021-10-07T13:00:00.000Z,9,1760,1766,1757,1765
2021-10-07T17:00:00.000Z,13,1765,1766,1760,1762
2021-10-07T21:00:00.000Z,17,1762,1764,1756,1759
2021-10-08T01:00:00.000Z,21,1759,1764,1757,1761
2021-10-08T05:00:00.000Z,1,1762,1766,1748,1759
2021-10-08T09:00:00.000Z,5,1759,1780,1757,1780
2021-10-08T13:00:00.000Z,9,1780,1784,1755,1761
2021-10-08T17:00:00.000Z,13,1761,1767,1756,1760
2021-10-10T21:00:00.000Z,17,1761,1765,1757,1761
2021-10-11T01:00:00.000Z,21,1760,1766,1757,1762
2021-10-11T05:00:00.000Z,1,1762,1764,1759,1760
2021-10-11T09:00:00.000Z,5,1761,1763,1756,1758
2021-10-11T13:00:00.000Z,9,1758,1767,1755,1760
2021-10-11T17:00:00.000Z,13,1759,1761,1755,1759
2021-10-11T21:00:00.000Z,17,1759,1767,1756,1759
2021-10-12T01:00:00.000Z,21,1758,1763,1757,1762
2021-10-12T05:00:00.000Z,1,1762,1770,1759,1765
2021-10-12T09:00:00.000Z,5,1765,1769,1759,1760
2021-10-12T13:00:00.000Z,9,1760,1774,1759,1766
2021-10-12T17:00:00.000Z,13,1766,1772,1761,1763
2021-10-12T21:00:00.000Z,17,1763,1772,1761,1767
2021-10-13T01:00:00.000Z,21,1767,1770,1766,1768
2021-10-13T05:00:00.000Z,1,1768,1773,1762,1772
2021-10-13T09:00:00.000Z,5,1771,1779,1766,1767
2021-10-13T13:00:00.000Z,9,1766,1801,1764,1795
2021-10-13T17:00:00.000Z,13,1795,1799,1789,1794
2021-10-13T21:00:00.000Z,17,1794,1798,1790,1794
2021-10-14T01:00:00.000Z,21,1794,1796,1788,1792
2021-10-14T05:00:00.000Z,1,1792,1799,1792,1799
2021-10-14T09:00:00.000Z,5,1799,1807,1797,1802
2021-10-14T13:00:00.000Z,9,1801,1810,1799,1802
2021-10-14T17:00:00.000Z,13,1803,1808,1800,1803
2021-10-14T21:00:00.000Z,17,1803,1803,1798,1800
2021-10-15T01:00:00.000Z,21,1800,1803,1797,1802
2021-10-15T05:00:00.000Z,1,1800,1805,1789,1789
2021-10-15T09:00:00.000Z,5,1792,1793,1768,1770
2021-10-15T13:00:00.000Z,9,1771,1781,1767,1774
2021-10-15T17:00:00.000Z,13,1775,1778,1771,1776
2021-10-17T21:00:00.000Z,17,1773,1780,1771,1778
2021-10-18T01:00:00.000Z,21,1779,1780,1773,1777
2021-10-18T05:00:00.000Z,1,1776,1777,1768,1769
2021-10-18T09:00:00.000Z,5,1769,1773,1765,1769
2021-10-18T13:00:00.000Z,9,1769,1777,1764,1771
2021-10-18T17:00:00.000Z,13,1771,1777,1767,1772
2021-10-18T21:00:00.000Z,17,1771,1773,1767,1770
2021-10-19T01:00:00.000Z,21,1771,1783,1770,1780
2021-10-19T05:00:00.000Z,1,1779,1784,1777,1784
2021-10-19T09:00:00.000Z,5,1784,1789,1782,1785
2021-10-19T13:00:00.000Z,9,1785,1787,1772,1777
2021-10-19T17:00:00.000Z,13,1778,1779,1771,1774
2021-10-19T21:00:00.000Z,17,1773,1781,1771,1776
2021-10-20T01:00:00.000Z,21,1775,1782,1774,1777
2021-10-20T05:00:00.000Z,1,1779,1785,1778,1783
2021-10-20T09:00:00.000Z,5,1784,1792,1779,1789
2021-10-20T13:00:00.000Z,9,1788,1793,1782,1792
2021-10-20T17:00:00.000Z,13,1793,1793,1783,1784
2021-10-20T21:00:00.000Z,17,1784,1787,1777,1786
2021-10-21T01:00:00.000Z,21,1786,1794,1783,1790
2021-10-21T05:00:00.000Z,1,1790,1791,1783,1789
2021-10-21T09:00:00.000Z,5,1789,1795,1779,1787
2021-10-21T13:00:00.000Z,9,1787,1790,1779,1785
2021-10-21T17:00:00.000Z,13,1786,1790,1782,1788
2021-10-21T21:00:00.000Z,17,1787,1791,1786,1790
2021-10-22T01:00:00.000Z,21,1790,1796,1787,1793
2021-10-22T05:00:00.000Z,1,1793,1798,1791,1794
2021-10-22T09:00:00.000Z,5,1794,1810,1791,1809
2021-10-22T13:00:00.000Z,9,1810,1819,1788,1802
2021-10-22T17:00:00.000Z,13,1802,1812,1796,1799
2021-10-24T21:00:00.000Z,17,1798,1803,1793,1803
2021-10-25T01:00:00.000Z,21,1803,1806,1791,1806
2021-10-25T05:00:00.000Z,1,1805,1810,1803,1807
2021-10-25T09:00:00.000Z,5,1808,1809,1806,1807
2021-10-25T13:00:00.000Z,9,1807,1817,1804,1813
2021-10-25T17:00:00.000Z,13,1812,1812,1802,1808
2021-10-25T21:00:00.000Z,17,1808,1818,1805,1810
2021-10-26T01:00:00.000Z,21,1810,1820,1807,1810
2021-10-26T05:00:00.000Z,1,1811,1814,1806,1808
2021-10-26T09:00:00.000Z,5,1809,1811,1801,1804
2021-10-26T13:00:00.000Z,9,1804,1804,1786,1794
2021-10-26T17:00:00.000Z,13,1794,1802,1793,1798
2021-10-26T21:00:00.000Z,17,1798,1799,1794,1796
2021-10-27T01:00:00.000Z,21,1797,1798,1793,1795
2021-10-27T05:00:00.000Z,1,1795,1797,1789,1791
2021-10-27T09:00:00.000Z,5,1792,1800,1788,1797
2021-10-27T13:00:00.000Z,9,1797,1809,1788,1799
2021-10-27T17:00:00.000Z,13,1799,1809,1796,1803
2021-10-27T21:00:00.000Z,17,1803,1805,1799,1800
2021-10-28T01:00:00.000Z,21,1801,1809,1797,1803
2021-10-28T05:00:00.000Z,1,1802,1811,1802,1809
2021-10-28T09:00:00.000Z,5,1807,1809,1799,1800
2021-10-28T13:00:00.000Z,9,1800,1812,1796,1803
2021-10-28T17:00:00.000Z,13,1802,1805,1797,1801
2021-10-28T21:00:00.000Z,17,1801,1805,1797,1802
2021-10-29T01:00:00.000Z,21,1801,1804,1794,1798
2021-10-29T05:00:00.000Z,1,1797,1798,1791,1794
2021-10-29T09:00:00.000Z,5,1793,1799,1777,1777
2021-10-29T13:00:00.000Z,9,1778,1784,1775,1782
2021-10-29T17:00:00.000Z,13,1782,1786,1779,1785
2021-10-31T21:00:00.000Z,17,1783,1787,1777,1782
2021-11-01T01:00:00.000Z,21,1782,1786,1777,1782
2021-11-01T05:00:00.000Z,1,1782,1787,1780,1783
2021-11-01T09:00:00.000Z,5,1782,1788,1780,1785
2021-11-01T13:00:00.000Z,9,1785,1797,1783,1788
2021-11-01T17:00:00.000Z,13,1788,1794,1785,1791
2021-11-01T21:00:00.000Z,17,1790,1794,1788,1792
2021-11-02T01:00:00.000Z,21,1793,1793,1786,1790
2021-11-02T05:00:00.000Z,1,1790,1797,1789,1791
2021-11-02T09:00:00.000Z,5,1791,1796,1788,1788
2021-11-02T13:00:00.000Z,9,1788,1795,1782,1789
2021-11-02T17:00:00.000Z,13,1790,1793,1785,1786
2021-11-02T21:00:00.000Z,17,1785,1791,1783,1789
2021-11-03T01:00:00.000Z,21,1789,1791,1780,1782
2021-11-03T05:00:00.000Z,1,1781,1785,1780,1784
2021-11-03T09:00:00.000Z,5,1784,1788,1777,1777
2021-11-03T13:00:00.000Z,9,1777,1778,1762,1766
2021-11-03T17:00:00.000Z,13,1766,1781,1765,1774
2021-11-03T21:00:00.000Z,17,1774,1788,1771,1778
2021-11-04T01:00:00.000Z,21,1778,1780,1775,1779
2021-11-04T05:00:00.000Z,1,1778,1780,1771,1776
2021-11-04T09:00:00.000Z,5,1776,1790,1772,1789
2021-11-04T13:00:00.000Z,9,1789,1797,1784,1790
2021-11-04T17:00:00.000Z,13,1790,1792,1785,1790
2021-11-04T21:00:00.000Z,17,1789,1792,1786,1792
2021-11-05T01:00:00.000Z,21,1792,1797,1791,1795
2021-11-05T05:00:00.000Z,1,1794,1801,1792,1798
2021-11-05T09:00:00.000Z,5,1798,1799,1786,1792
2021-11-05T13:00:00.000Z,9,1792,1825,1791,1811
2021-11-05T17:00:00.000Z,13,1810,1816,1807,1814
2021-11-07T22:00:00.000Z,17,1820,1821,1813,1818
2021-11-08T02:00:00.000Z,21,1819,1825,1818,1824
2021-11-08T06:00:00.000Z,1,1824,1825,1815,1817
2021-11-08T10:00:00.000Z,5,1818,1823,1814,1820
2021-11-08T14:00:00.000Z,9,1822,1827,1820,1822
2021-11-08T18:00:00.000Z,13,1823,1832,1820,1828
2021-11-08T22:00:00.000Z,17,1828,1831,1822,1827
2021-11-09T02:00:00.000Z,21,1828,1831,1824,1829
2021-11-09T06:00:00.000Z,1,1829,1836,1822,1827
2021-11-09T10:00:00.000Z,5,1827,1834,1824,1832
2021-11-09T14:00:00.000Z,9,1833,1836,1824,1834
2021-11-09T18:00:00.000Z,13,1835,1839,1830,1836
2021-11-09T22:00:00.000Z,17,1835,1839,1830,1831
2021-11-10T02:00:00.000Z,21,1831,1835,1827,1830
2021-11-10T06:00:00.000Z,1,1830,1833,1822,1828
2021-11-10T10:00:00.000Z,5,1828,1851,1824,1850
2021-11-10T14:00:00.000Z,9,1850,1866,1850,1853
2021-11-10T18:00:00.000Z,13,1852,1862,1842,1852
2021-11-10T22:00:00.000Z,17,1852,1865,1847,1849
2021-11-11T02:00:00.000Z,21,1849,1856,1845,1855
2021-11-11T06:00:00.000Z,1,1855,1871,1847,1864
2021-11-11T10:00:00.000Z,5,1863,1869,1853,1867
2021-11-11T14:00:00.000Z,9,1867,1869,1861,1866
2021-11-11T18:00:00.000Z,13,1866,1871,1862,1866
2021-11-11T22:00:00.000Z,17,1865,1868,1859,1860
2021-11-12T02:00:00.000Z,21,1861,1868,1856,1861
2021-11-12T06:00:00.000Z,1,1861,1862,1851,1855
2021-11-12T10:00:00.000Z,5,1854,1861,1844,1859
2021-11-12T14:00:00.000Z,9,1860,1875,1857,1868
2021-11-12T18:00:00.000Z,13,1868,1874,1866,1868
2021-11-14T22:00:00.000Z,17,1872,1876,1865,1866
2021-11-15T02:00:00.000Z,21,1866,1869,1863,1864
2021-11-15T06:00:00.000Z,1,1863,1873,1861,1871
2021-11-15T10:00:00.000Z,5,1870,1877,1868,1873
2021-11-15T14:00:00.000Z,9,1873,1876,1862,1869
2021-11-15T18:00:00.000Z,13,1869,1875,1863,1867
2021-11-15T22:00:00.000Z,17,1867,1878,1862,1869
2021-11-16T02:00:00.000Z,21,1870,1872,1864,1869
2021-11-16T06:00:00.000Z,1,1869,1876,1866,1876
2021-11-16T10:00:00.000Z,5,1875,1885,1869,1873
2021-11-16T14:00:00.000Z,9,1874,1877,1852,1857
2021-11-16T18:00:00.000Z,13,1858,1860,1852,1856
2021-11-16T22:00:00.000Z,17,1856,1860,1850,1856
2021-11-17T02:00:00.000Z,21,1856,1861,1850,1855
2021-11-17T06:00:00.000Z,1,1854,1865,1854,1862
2021-11-17T10:00:00.000Z,5,1862,1866,1854,1858
2021-11-17T14:00:00.000Z,9,1861,1870,1851,1869
2021-11-17T18:00:00.000Z,13,1869,1872,1851,1867
2021-11-17T22:00:00.000Z,17,1867,1876,1863,1872
2021-11-18T02:00:00.000Z,21,1872,1873,1865,1869
2021-11-18T06:00:00.000Z,1,1868,1874,1864,1868
2021-11-18T10:00:00.000Z,5,1868,1869,1856,1865
2021-11-18T14:00:00.000Z,9,1864,1868,1853,1858
2021-11-18T18:00:00.000Z,13,1858,1864,1851,1857
2021-11-18T22:00:00.000Z,17,1857,1864,1855,1863
2021-11-19T02:00:00.000Z,21,1863,1867,1856,1863
2021-11-19T06:00:00.000Z,1,1862,1865,1850,1861
2021-11-19T10:00:00.000Z,5,1861,1864,1851,1860
2021-11-19T14:00:00.000Z,9,1860,1862,1850,1850
2021-11-19T18:00:00.000Z,13,1851,1859,1837,1845
2021-11-21T22:00:00.000Z,17,1847,1850,1841,1842
2021-11-22T02:00:00.000Z,21,1843,1850,1839,1846
2021-11-22T06:00:00.000Z,1,1845,1849,1840,1842
2021-11-22T10:00:00.000Z,5,1842,1845,1839,1840
2021-11-22T14:00:00.000Z,9,1840,1840,1809,1812
2021-11-22T18:00:00.000Z,13,1812,1814,1803,1807
2021-11-22T22:00:00.000Z,17,1808,1816,1793,1814
2021-11-23T02:00:00.000Z,21,1813,1819,1810,1810
2021-11-23T06:00:00.000Z,1,1810,1813,1796,1798
2021-11-23T10:00:00.000Z,5,1798,1803,1785,1790
2021-11-23T14:00:00.000Z,9,1790,1807,1787,1788
2021-11-23T18:00:00.000Z,13,1787,1797,1783,1793
2021-11-23T22:00:00.000Z,17,1793,1805,1787,1793
2021-11-24T02:00:00.000Z,21,1793,1800,1792,1797
2021-11-24T06:00:00.000Z,1,1796,1799,1791,1794
2021-11-24T10:00:00.000Z,5,1794,1795,1784,1785
2021-11-24T14:00:00.000Z,9,1785,1793,1778,1787
2021-11-24T18:00:00.000Z,13,1788,1790,1783,1790
2021-11-24T22:00:00.000Z,17,1790,1796,1787,1792
2021-11-25T02:00:00.000Z,21,1792,1793,1790,1791
2021-11-25T06:00:00.000Z,1,1792,1798,1791,1795
2021-11-25T10:00:00.000Z,5,1795,1797,1791,1792
2021-11-25T14:00:00.000Z,9,1792,1796,1790,1791
2021-11-25T18:00:00.000Z,13,1791,1794,1789,1791
2021-11-25T22:00:00.000Z,17,1791,1798,1790,1795
2021-11-26T02:00:00.000Z,21,1795,1803,1794,1801
2021-11-26T06:00:00.000Z,1,1801,1811,1797,1808
2021-11-26T10:00:00.000Z,5,1809,1818,1793,1801
2021-11-26T14:00:00.000Z,9,1801,1809,1783,1786
2021-11-26T18:00:00.000Z,13,1786,1798,1785,1793
2021-11-28T22:00:00.000Z,17,1797,1798,1781,1795
2021-11-29T02:00:00.000Z,21,1796,1797,1791,1794
2021-11-29T06:00:00.000Z,1,1793,1799,1792,1798
2021-11-29T10:00:00.000Z,5,1799,1799,1788,1789
2021-11-29T14:00:00.000Z,9,1789,1791,1783,1787
2021-11-29T18:00:00.000Z,13,1787,1790,1783,1789
2021-11-29T22:00:00.000Z,17,1788,1792,1785,1789
2021-11-30T02:00:00.000Z,21,1790,1797,1787,1796
2021-11-30T06:00:00.000Z,1,1796,1798,1790,1796
2021-11-30T10:00:00.000Z,5,1796,1800,1790,1798
2021-11-30T14:00:00.000Z,9,1797,1817,1769,1778
2021-11-30T18:00:00.000Z,13,1779,1782,1772,1778
2021-11-30T22:00:00.000Z,17,1779,1784,1774,1779
2021-12-01T02:00:00.000Z,21,1779,1793,1777,1791
2021-12-01T06:00:00.000Z,1,1792,1795,1775,1783
2021-12-01T10:00:00.000Z,5,1783,1792,1782,1789
2021-12-01T14:00:00.000Z,9,1789,1791,1783,1784
2021-12-01T18:00:00.000Z,13,1785,1789,1777,1784
2021-12-01T22:00:00.000Z,17,1783,1785,1780,1782
2021-12-02T02:00:00.000Z,21,1783,1785,1778,1780
2021-12-02T06:00:00.000Z,1,1780,1782,1760,1771
2021-12-02T10:00:00.000Z,5,1771,1783,1770,1777
2021-12-02T14:00:00.000Z,9,1776,1780,1762,1766
2021-12-02T18:00:00.000Z,13,1766,1776,1763,1774
2021-12-02T22:00:00.000Z,17,1772,1775,1770,1773
2021-12-03T02:00:00.000Z,21,1772,1774,1771,1774
2021-12-03T06:00:00.000Z,1,1774,1774,1768,1772
2021-12-03T10:00:00.000Z,5,1772,1778,1763,1770
2021-12-03T14:00:00.000Z,9,1770,1790,1766,1780
2021-12-03T18:00:00.000Z,13,1780,1789,1774,1784
2021-12-05T22:00:00.000Z,17,1785,1790,1780,1786
2021-12-06T02:00:00.000Z,21,1787,1792,1781,1784
2021-12-06T06:00:00.000Z,1,1783,1789,1778,1781
2021-12-06T10:00:00.000Z,5,1781,1799,1776,1783
2021-12-06T14:00:00.000Z,9,1782,1789,1778,1782
2021-12-06T18:00:00.000Z,13,1783,1785,1778,1782
2021-12-06T22:00:00.000Z,17,1782,1785,1776,1780
2021-12-07T02:00:00.000Z,21,1780,1785,1778,1784
2021-12-07T06:00:00.000Z,1,1784,1790,1777,1783
2021-12-07T10:00:00.000Z,5,1783,1786,1774,1777
2021-12-07T14:00:00.000Z,9,1777,1791,1776,1784
2021-12-07T18:00:00.000Z,13,1783,1790,1782,1788
2021-12-07T22:00:00.000Z,17,1789,1799,1784,1786
2021-12-08T02:00:00.000Z,21,1787,1796,1787,1791
2021-12-08T06:00:00.000Z,1,1792,1800,1784,1790
2021-12-08T10:00:00.000Z,5,1791,1800,1782,1785
2021-12-08T14:00:00.000Z,9,1784,1788,1780,1783
2021-12-08T18:00:00.000Z,13,1783,1794,1780,1784
2021-12-08T22:00:00.000Z,17,1784,1790,1783,1787
2021-12-09T02:00:00.000Z,21,1788,1789,1782,1786
2021-12-09T06:00:00.000Z,1,1785,1793,1782,1785
2021-12-09T10:00:00.000Z,5,1785,1788,1777,1778
2021-12-09T14:00:00.000Z,9,1778,1784,1775,1780
2021-12-09T18:00:00.000Z,13,1780,1784,1771,1778
2021-12-09T22:00:00.000Z,17,1778,1780,1770,1777
2021-12-10T02:00:00.000Z,21,1778,1784,1777,1779
2021-12-10T06:00:00.000Z,1,1779,1779,1768,1774
2021-12-10T10:00:00.000Z,5,1773,1784,1770,1782
2021-12-10T14:00:00.000Z,9,1782,1797,1776,1787
2021-12-10T18:00:00.000Z,13,1787,1790,1781,1784
2021-12-12T22:00:00.000Z,17,1785,1788,1783,1786
2021-12-13T02:00:00.000Z,21,1786,1795,1783,1788
2021-12-13T06:00:00.000Z,1,1787,1788,1782,1786
2021-12-13T10:00:00.000Z,5,1787,1789,1782,1785
2021-12-13T14:00:00.000Z,9,1784,1794,1782,1790
2021-12-13T18:00:00.000Z,13,1791,1793,1783,1789
2021-12-13T22:00:00.000Z,17,1789,1796,1787,1792
2021-12-14T02:00:00.000Z,21,1792,1792,1787,1788
2021-12-14T06:00:00.000Z,1,1789,1797,1784,1787
2021-12-14T10:00:00.000Z,5,1787,1790,1775,1776
2021-12-14T14:00:00.000Z,9,1776,1779,1769,1773
2021-12-14T18:00:00.000Z,13,1773,1778,1772,1775
2021-12-14T22:00:00.000Z,17,1775,1780,1771,1775
2021-12-15T02:00:00.000Z,21,1775,1781,1772,1774
2021-12-15T06:00:00.000Z,1,1774,1776,1770,1774
2021-12-15T10:00:00.000Z,5,1774,1776,1771,1774
2021-12-15T14:00:00.000Z,9,1774,1776,1766,1769
2021-12-15T18:00:00.000Z,13,1768,1787,1759,1780
2021-12-15T22:00:00.000Z,17,1780,1781,1774,1781
2021-12-16T02:00:00.000Z,21,1782,1784,1775,1780
2021-12-16T06:00:00.000Z,1,1781,1788,1781,1786
2021-12-16T10:00:00.000Z,5,1786,1790,1779,1789
2021-12-16T14:00:00.000Z,9,1789,1802,1783,1798
2021-12-16T18:00:00.000Z,13,1799,1801,1792,1801
2021-12-16T22:00:00.000Z,17,1800,1805,1784,1805
2021-12-17T02:00:00.000Z,21,1804,1812,1803,1809
2021-12-17T06:00:00.000Z,1,1809,1816,1806,1812
2021-12-17T10:00:00.000Z,5,1812,1828,1810,1812
2021-12-17T14:00:00.000Z,9,1812,1820,1799,1810
2021-12-17T18:00:00.000Z,13,1810,1811,1802,1804
2021-12-19T22:00:00.000Z,17,1804,1805,1796,1805
2021-12-20T02:00:00.000Z,21,1804,1814,1802,1806
2021-12-20T06:00:00.000Z,1,1806,1810,1800,1804
2021-12-20T10:00:00.000Z,5,1805,1814,1802,1803
2021-12-20T14:00:00.000Z,9,1803,1810,1800,1801
2021-12-20T18:00:00.000Z,13,1801,1805,1796,1797
2021-12-20T22:00:00.000Z,17,1797,1804,1793,1800
2021-12-21T02:00:00.000Z,21,1799,1805,1795,1800
2021-12-21T06:00:00.000Z,1,1800,1803,1791,1797
2021-12-21T10:00:00.000Z,5,1798,1806,1795,1798
2021-12-21T14:00:00.000Z,9,1798,1804,1790,1792
2021-12-21T18:00:00.000Z,13,1793,1797,1792,1796
2021-12-21T22:00:00.000Z,17,1795,1797,1781,1794
2021-12-22T02:00:00.000Z,21,1794,1798,1792,1795
2021-12-22T06:00:00.000Z,1,1794,1800,1784,1792
2021-12-22T10:00:00.000Z,5,1793,1797,1791,1796
2021-12-22T14:00:00.000Z,9,1796,1806,1792,1801
2021-12-22T18:00:00.000Z,13,1802,1812,1801,1806
2021-12-22T22:00:00.000Z,17,1805,1809,1802,1808
2021-12-23T02:00:00.000Z,21,1807,1812,1807,1810
2021-12-23T06:00:00.000Z,1,1810,1818,1808,1813
2021-12-23T10:00:00.000Z,5,1813,1815,1806,1812
2021-12-23T14:00:00.000Z,9,1812,1817,1806,1813
2021-12-23T18:00:00.000Z,13,1813,1818,1805,1811
2021-12-23T22:00:00.000Z,17,1810,1819,1809,1816
2021-12-24T02:00:00.000Z,21,1816,1817,1809,1810
2021-12-24T06:00:00.000Z,1,1811,1814,1804,1809
2021-12-24T10:00:00.000Z,5,1810,1814,1808,1810
2021-12-24T14:00:00.000Z,9,1811,1813,1807,1809
2021-12-24T18:00:00.000Z,13,1810,1815,1807,1814
2021-12-26T22:00:00.000Z,17,1820,1821,1811,1817
2021-12-27T02:00:00.000Z,21,1817,1818,1813,1814
2021-12-27T06:00:00.000Z,1,1815,1816,1810,1811
2021-12-27T10:00:00.000Z,5,1812,1817,1808,1812
2021-12-27T14:00:00.000Z,9,1812,1823,1811,1814
2021-12-27T18:00:00.000Z,13,1814,1819,1812,1817
2021-12-27T22:00:00.000Z,17,1818,1825,1816,1817
2021-12-28T02:00:00.000Z,21,1817,1817,1810,1816
2021-12-28T06:00:00.000Z,1,1815,1822,1815,1818
2021-12-28T10:00:00.000Z,5,1818,1826,1816,1824
2021-12-28T14:00:00.000Z,9,1825,1825,1814,1817
2021-12-28T18:00:00.000Z,13,1816,1818,1808,1810
2021-12-28T22:00:00.000Z,17,1809,1814,1808,1808
2021-12-29T02:00:00.000Z,21,1809,1819,1807,1810
2021-12-29T06:00:00.000Z,1,1811,1815,1808,1810
2021-12-29T10:00:00.000Z,5,1810,1810,1797,1798
2021-12-29T14:00:00.000Z,9,1798,1816,1797,1811
2021-12-29T18:00:00.000Z,13,1812,1816,1807,1812
2021-12-29T22:00:00.000Z,17,1813,1816,1806,1811
2021-12-30T02:00:00.000Z,21,1811,1814,1806,1809
2021-12-30T06:00:00.000Z,1,1809,1822,1802,1809
2021-12-30T10:00:00.000Z,5,1809,1814,1804,1808
2021-12-30T14:00:00.000Z,9,1809,1821,1807,1821
2021-12-30T18:00:00.000Z,13,1821,1822,1818,1821
2021-12-30T22:00:00.000Z,17,1822,1826,1819,1823
2021-12-31T02:00:00.000Z,21,1823,1827,1819,1824
2021-12-31T06:00:00.000Z,1,1823,1829,1822,1826
2021-12-31T10:00:00.000Z,5,1826,1834,1823,1834
2021-12-31T14:00:00.000Z,9,1834,1835,1826,1832
2021-12-31T18:00:00.000Z,13,1833,1839,1828,1834
2022-01-02T22:00:00.000Z,17,1836,1839,1833,1834
2022-01-03T02:00:00.000Z,21,1835,1836,1828,1831
2022-01-03T06:00:00.000Z,1,1831,1831,1822,1830
2022-01-03T10:00:00.000Z,5,1830,1834,1814,1814
2022-01-03T14:00:00.000Z,9,1815,1817,1801,1807
2022-01-03T18:00:00.000Z,13,1807,1813,1803,1805
2022-01-03T22:00:00.000Z,17,1807,1813,1804,1810
2022-01-04T02:00:00.000Z,21,1809,1815,1807,1811
2022-01-04T06:00:00.000Z,1,1811,1814,1809,1811
2022-01-04T10:00:00.000Z,5,1812,1815,1803,1813
2022-01-04T14:00:00.000Z,9,1813,1821,1810,1817
2022-01-04T18:00:00.000Z,13,1818,1822,1812,1816
2022-01-04T22:00:00.000Z,17,1816,1820,1815,1818
2022-01-05T02:00:00.000Z,21,1818,1819,1814,1818
2022-01-05T06:00:00.000Z,1,1818,1822,1802,1821
2022-01-05T10:00:00.000Z,5,1821,1838,1817,1828
2022-01-05T14:00:00.000Z,9,1828,1834,1825,1828
2022-01-05T18:00:00.000Z,13,1828,1831,1815,1815
2022-01-05T22:00:00.000Z,17,1815,1869,1808,1817
2022-01-06T02:00:00.000Z,21,1815,1869,1811,1814
2022-01-06T06:00:00.000Z,1,1814,1819,1800,1801
2022-01-06T10:00:00.000Z,5,1803,1813,1795,1797
2022-01-06T14:00:00.000Z,9,1797,1805,1772,1795
2022-01-06T18:00:00.000Z,13,1796,1798,1791,1794
2022-01-06T22:00:00.000Z,17,1794,1799,1793,1797
2022-01-07T02:00:00.000Z,21,1797,1800,1783,1795
2022-01-07T06:00:00.000Z,1,1796,1798,1788,1795
2022-01-07T10:00:00.000Z,5,1795,1807,1788,1791
2022-01-07T14:00:00.000Z,9,1792,1801,1789,1799
2022-01-07T18:00:00.000Z,13,1799,1805,1797,1803
2022-01-09T22:00:00.000Z,17,1799,1800,1795,1796
2022-01-10T02:00:00.000Z,21,1797,1799,1792,1794
2022-01-10T06:00:00.000Z,1,1795,1802,1791,1799
2022-01-10T10:00:00.000Z,5,1799,1805,1792,1796
2022-01-10T14:00:00.000Z,9,1797,1802,1791,1801
2022-01-10T18:00:00.000Z,13,1802,1811,1798,1807
2022-01-10T22:00:00.000Z,17,1807,1808,1801,1806
2022-01-11T02:00:00.000Z,21,1807,1811,1806,1810
2022-01-11T06:00:00.000Z,1,1811,1815,1808,1812
2022-01-11T10:00:00.000Z,5,1812,1816,1805,1812
2022-01-11T14:00:00.000Z,9,1813,1825,1806,1820
2022-01-11T18:00:00.000Z,13,1820,1825,1815,1823
2022-01-11T22:00:00.000Z,17,1823,1830,1820,1826
2022-01-12T02:00:00.000Z,21,1826,1832,1822,1825
2022-01-12T06:00:00.000Z,1,1825,1827,1821,1823
2022-01-12T10:00:00.000Z,5,1823,1827,1814,1826
2022-01-12T14:00:00.000Z,9,1827,1832,1823,1831
2022-01-12T18:00:00.000Z,13,1831,1839,1828,1831
2022-01-12T22:00:00.000Z,17,1831,1834,1822,1830
2022-01-13T02:00:00.000Z,21,1831,1834,1810,1832
2022-01-13T06:00:00.000Z,1,1833,1833,1824,1828
2022-01-13T10:00:00.000Z,5,1828,1836,1823,1828
2022-01-13T14:00:00.000Z,9,1828,1831,1819,1825
2022-01-13T18:00:00.000Z,13,1825,1830,1820,1828
2022-01-13T22:00:00.000Z,17,1828,1829,1824,1827
2022-01-14T02:00:00.000Z,21,1828,1834,1826,1831
2022-01-14T06:00:00.000Z,1,1831,1836,1821,1828
2022-01-14T10:00:00.000Z,5,1828,1834,1822,1832
2022-01-14T14:00:00.000Z,9,1833,1833,1823,1824
2022-01-14T18:00:00.000Z,13,1824,1827,1822,1825
2022-01-16T22:00:00.000Z,17,1826,1827,1820,1821
2022-01-17T02:00:00.000Z,21,1821,1825,1821,1825
2022-01-17T06:00:00.000Z,1,1825,1827,1823,1827
2022-01-17T10:00:00.000Z,5,1827,1830,1819,1823
2022-01-17T14:00:00.000Z,9,1823,1827,1820,1824
2022-01-17T18:00:00.000Z,13,1824,1825,1820,1824
2022-01-17T22:00:00.000Z,17,1823,1825,1820,1824
2022-01-18T02:00:00.000Z,21,1824,1831,1818,1821
2022-01-18T06:00:00.000Z,1,1823,1823,1814,1816
2022-01-18T10:00:00.000Z,5,1816,1826,1812,1824
2022-01-18T14:00:00.000Z,9,1825,1828,1817,1818
2022-01-18T18:00:00.000Z,13,1819,1822,1815,1819
2022-01-18T22:00:00.000Z,17,1819,1822,1818,1821
2022-01-19T02:00:00.000Z,21,1821,1821,1814,1820
2022-01-19T06:00:00.000Z,1,1821,1824,1816,1822
2022-01-19T10:00:00.000Z,5,1823,1830,1822,1830
2022-01-19T14:00:00.000Z,9,1830,1851,1828,1848
2022-01-19T18:00:00.000Z,13,1849,1859,1844,1849
2022-01-19T22:00:00.000Z,17,1849,1860,1845,1849
2022-01-20T02:00:00.000Z,21,1850,1862,1847,1848
2022-01-20T06:00:00.000Z,1,1848,1853,1841,1845
2022-01-20T10:00:00.000Z,5,1845,1854,1840,1851
2022-01-20T14:00:00.000Z,9,1851,1858,1845,1846
2022-01-20T18:00:00.000Z,13,1847,1855,1840,1845
2022-01-20T22:00:00.000Z,17,1845,1854,1836,1841
2022-01-21T02:00:00.000Z,21,1840,1855,1838,1845
2022-01-21T06:00:00.000Z,1,1846,1857,1830,1841
2022-01-21T10:00:00.000Z,5,1842,1850,1837,1848
2022-01-21T14:00:00.000Z,9,1847,1852,1836,1841
2022-01-21T18:00:00.000Z,13,1841,1843,1830,1837
2022-01-23T22:00:00.000Z,17,1843,1845,1836,1841
2022-01-24T02:00:00.000Z,21,1841,1844,1840,1843
2022-01-24T06:00:00.000Z,1,1843,1854,1840,1849
2022-01-24T10:00:00.000Z,5,1849,1852,1840,1843
2022-01-24T14:00:00.000Z,9,1843,1847,1836,1844
2022-01-24T18:00:00.000Z,13,1844,1853,1839,1849
2022-01-24T22:00:00.000Z,17,1850,1853,1845,1846
2022-01-25T02:00:00.000Z,21,1846,1853,1843,1847
2022-01-25T06:00:00.000Z,1,1848,1853,1845,1847
2022-01-25T10:00:00.000Z,5,1847,1850,1839,1849
2022-01-25T14:00:00.000Z,9,1850,1863,1844,1857
2022-01-25T18:00:00.000Z,13,1857,1863,1851,1857
2022-01-25T22:00:00.000Z,17,1858,1860,1852,1858
2022-01-26T02:00:00.000Z,21,1858,1859,1851,1854
2022-01-26T06:00:00.000Z,1,1855,1858,1850,1854
2022-01-26T10:00:00.000Z,5,1855,1864,1851,1853
2022-01-26T14:00:00.000Z,9,1854,1854,1834,1839
2022-01-26T18:00:00.000Z,13,1840,1843,1830,1830
2022-01-26T22:00:00.000Z,17,1830,1840,1822,1824
2022-01-27T02:00:00.000Z,21,1824,1831,1822,1826
2022-01-27T06:00:00.000Z,1,1827,1832,1821,1826
2022-01-27T10:00:00.000Z,5,1827,1828,1806,1811
2022-01-27T14:00:00.000Z,9,1812,1820,1801,1804
2022-01-27T18:00:00.000Z,13,1803,1816,1801,1808
2022-01-27T22:00:00.000Z,17,1808,1827,1804,1809
2022-01-28T02:00:00.000Z,21,1808,1812,1806,1809
2022-01-28T06:00:00.000Z,1,1808,1813,1800,1803
2022-01-28T10:00:00.000Z,5,1803,1806,1795,1797
2022-01-28T14:00:00.000Z,9,1797,1804,1787,1791
2022-01-28T18:00:00.000Z,13,1792,1811,1791,1798
2022-01-30T22:00:00.000Z,17,1801,1802,1791,1794
2022-01-31T02:00:00.000Z,21,1796,1801,1790,1798
2022-01-31T06:00:00.000Z,1,1799,1800,1794,1798
2022-01-31T10:00:00.000Z,5,1797,1812,1796,1804
2022-01-31T14:00:00.000Z,9,1805,1809,1798,1806
2022-01-31T18:00:00.000Z,13,1806,1809,1798,1803
2022-01-31T22:00:00.000Z,17,1803,1807,1799,1800
2022-02-01T02:00:00.000Z,21,1800,1808,1799,1804
2022-02-01T06:00:00.000Z,1,1804,1813,1801,1808
2022-02-01T10:00:00.000Z,5,1809,1814,1807,1810
2022-02-01T14:00:00.000Z,9,1810,1817,1804,1806
2022-02-01T18:00:00.000Z,13,1807,1809,1804,1807
2022-02-01T22:00:00.000Z,17,1807,1808,1803,1806
2022-02-02T02:00:00.000Z,21,1806,1807,1803,1806
2022-02-02T06:00:00.000Z,1,1805,1809,1801,1808
2022-02-02T10:00:00.000Z,5,1809,1814,1807,1809
2022-02-02T14:00:00.000Z,9,1810,1817,1804,1816
2022-02-02T18:00:00.000Z,13,1816,1820,1805,1812
2022-02-02T22:00:00.000Z,17,1812,1817,1808,1813
2022-02-03T02:00:00.000Z,21,1813,1814,1808,1810
2022-02-03T06:00:00.000Z,1,1810,1811,1805,1805
2022-02-03T10:00:00.000Z,5,1806,1811,1804,1807
2022-02-03T14:00:00.000Z,9,1808,1814,1797,1809
2022-02-03T18:00:00.000Z,13,1808,1813,1805,1811
2022-02-03T22:00:00.000Z,17,1812,1814,1809,1812
2022-02-04T02:00:00.000Z,21,1814,1815,1810,1814
2022-02-04T06:00:00.000Z,1,1815,1820,1810,1820
2022-02-04T10:00:00.000Z,5,1820,1822,1804,1804
2022-02-04T14:00:00.000Z,9,1804,1818,1800,1814
2022-02-04T18:00:00.000Z,13,1814,1817,1810,1815
2022-02-06T22:00:00.000Z,17,1812,1822,1808,1816
2022-02-07T02:00:00.000Z,21,1817,1821,1811,1816
2022-02-07T06:00:00.000Z,1,1816,1822,1815,1819
2022-02-07T10:00:00.000Z,5,1819,1824,1817,1821
2022-02-07T14:00:00.000Z,9,1821,1827,1794,1824
2022-02-07T18:00:00.000Z,13,1825,1830,1821,1825
2022-02-07T22:00:00.000Z,17,1824,1830,1814,1825
2022-02-08T02:00:00.000Z,21,1825,1829,1818,1825
2022-02-08T06:00:00.000Z,1,1825,1831,1817,1823
2022-02-08T10:00:00.000Z,5,1823,1828,1817,1826
2022-02-08T14:00:00.000Z,9,1827,1835,1823,1832
2022-02-08T18:00:00.000Z,13,1833,1836,1824,1830
2022-02-08T22:00:00.000Z,17,1830,1833,1828,1831
2022-02-09T02:00:00.000Z,21,1832,1835,1828,1834
2022-02-09T06:00:00.000Z,1,1835,1835,1830,1832
2022-02-09T10:00:00.000Z,5,1833,1837,1829,1834
2022-02-09T14:00:00.000Z,9,1834,1844,1830,1841
2022-02-09T18:00:00.000Z,13,1841,1844,1837,1839
2022-02-09T22:00:00.000Z,17,1840,1844,1837,1840
2022-02-10T02:00:00.000Z,21,1841,1843,1839,1842
2022-02-10T06:00:00.000Z,1,1842,1844,1834,1840
2022-02-10T10:00:00.000Z,5,1840,1845,1827,1835
2022-02-10T14:00:00.000Z,9,1834,1847,1831,1840
2022-02-10T18:00:00.000Z,13,1841,1842,1828,1834
2022-02-10T22:00:00.000Z,17,1834,1837,1828,1830
2022-02-11T02:00:00.000Z,21,1830,1834,1827,1830
2022-02-11T06:00:00.000Z,1,1831,1836,1827,1831
2022-02-11T10:00:00.000Z,5,1831,1840,1828,1835
2022-02-11T14:00:00.000Z,9,1835,1844,1833,1843
2022-02-11T18:00:00.000Z,13,1844,1875,1841,1868
2022-02-13T22:00:00.000Z,17,1882,1891,1865,1868
2022-02-14T02:00:00.000Z,21,1868,1872,1858,1864
2022-02-14T06:00:00.000Z,1,1865,1872,1859,1866
2022-02-14T10:00:00.000Z,5,1867,1879,1861,1871
2022-02-14T14:00:00.000Z,9,1871,1885,1865,1875
2022-02-14T18:00:00.000Z,13,1875,1888,1870,1884
2022-02-14T22:00:00.000Z,17,1884,1889,1876,1882
2022-02-15T02:00:00.000Z,21,1882,1891,1875,1887
2022-02-15T06:00:00.000Z,1,1888,1891,1860,1864
2022-02-15T10:00:00.000Z,5,1865,1867,1848,1852
2022-02-15T14:00:00.000Z,9,1853,1863,1845,1857
2022-02-15T18:00:00.000Z,13,1858,1862,1855,1858
2022-02-15T22:00:00.000Z,17,1859,1861,1850,1852
2022-02-16T02:00:00.000Z,21,1852,1855,1849,1855
2022-02-16T06:00:00.000Z,1,1854,1867,1852,1860
2022-02-16T10:00:00.000Z,5,1859,1863,1854,1860
2022-02-16T14:00:00.000Z,9,1862,1884,1858,1877
2022-02-16T18:00:00.000Z,13,1878,1882,1873,1876
2022-02-16T22:00:00.000Z,17,1876,1877,1873,1876
2022-02-17T02:00:00.000Z,21,1876,1882,1873,1880
2022-02-17T06:00:00.000Z,1,1880,1901,1880,1894
2022-02-17T10:00:00.000Z,5,1895,1911,1889,1908
2022-02-17T14:00:00.000Z,9,1908,1915,1897,1912
2022-02-17T18:00:00.000Z,13,1911,1923,1905,1915
2022-02-17T22:00:00.000Z,17,1915,1921,1905,1906
2022-02-18T02:00:00.000Z,21,1907,1910,1899,1906
2022-02-18T06:00:00.000Z,1,1907,1911,1901,1907
2022-02-18T10:00:00.000Z,5,1907,1912,1895,1912
2022-02-18T14:00:00.000Z,9,1912,1915,1900,1911
2022-02-18T18:00:00.000Z,13,1912,1917,1901,1913
2022-02-20T22:00:00.000Z,17,1931,1948,1919,1921
2022-02-21T02:00:00.000Z,21,1921,1929,1912,1912
2022-02-21T06:00:00.000Z,1,1913,1925,1908,1919
2022-02-21T10:00:00.000Z,5,1919,1928,1915,1922
2022-02-21T14:00:00.000Z,9,1921,1932,1915,1923
2022-02-21T18:00:00.000Z,13,1924,1963.11,1920,1961
2022-02-21T22:00:00.000Z,17,1961,1978,1945,1960
2022-02-22T02:00:00.000Z,21,1961,1965,1951,1954
2022-02-22T06:00:00.000Z,1,1954,1957,1932,1936
2022-02-22T10:00:00.000Z,5,1936,1938,1918,1923
2022-02-22T14:00:00.000Z,9,1922,1933,1917,1921
2022-02-22T18:00:00.000Z,13,1922,1922,1905,1907
2022-02-22T22:00:00.000Z,17,1907,1924,1898,1907
2022-02-23T02:00:00.000Z,21,1908,1910,1898,1907
2022-02-23T06:00:00.000Z,1,1907,1907,1896,1897
2022-02-23T10:00:00.000Z,5,1898,1910,1895,1909
2022-02-23T14:00:00.000Z,9,1909,1923,1904,1913
2022-02-23T18:00:00.000Z,13,1913,1920,1912,1915
2022-02-23T22:00:00.000Z,17,1915,1927,1913,1921
2022-02-24T02:00:00.000Z,21,1921,1983,1917,1979
2022-02-24T06:00:00.000Z,1,1979,2002,1960,1991
2022-02-24T10:00:00.000Z,5,1990,2076,1990,2020
2022-02-24T14:00:00.000Z,9,2020,2036,1945,1976
2022-02-24T18:00:00.000Z,13,1975,1982,1903,1926
2022-02-24T22:00:00.000Z,17,1926,1946,1914,1936
2022-02-25T02:00:00.000Z,21,1936,1944,1920,1933
2022-02-25T06:00:00.000Z,1,1933,1944,1919,1925
2022-02-25T10:00:00.000Z,5,1926,1929,1901,1903
2022-02-25T14:00:00.000Z,9,1903,1905,1898,1902
2022-02-25T18:00:00.000Z,13,1903,1905,1888,1893
2022-02-27T22:00:00.000Z,17,1898,1929,1895,1915
2022-02-28T02:00:00.000Z,21,1915,1915,1900,1911
2022-02-28T06:00:00.000Z,1,1911,1913,1878,1892
2022-02-28T10:00:00.000Z,5,1892,1918,1890,1917
2022-02-28T14:00:00.000Z,9,1917,1917,1881,1888
2022-02-28T18:00:00.000Z,13,1888,1901,1885,1899
2022-02-28T22:00:00.000Z,17,1900,1902,1880,1889
2022-03-01T02:00:00.000Z,21,1890,1897,1887,1894
2022-03-01T06:00:00.000Z,1,1894,1909,1883,1908
2022-03-01T10:00:00.000Z,5,1907,1919,1901,1905
2022-03-01T14:00:00.000Z,9,1904,1926,1903,1923
2022-03-01T18:00:00.000Z,13,1924,1938,1922,1933
2022-03-01T22:00:00.000Z,17,1933,1939,1916,1923
2022-03-02T02:00:00.000Z,21,1923,1932,1916,1925
2022-03-02T06:00:00.000Z,1,1925,1939,1921,1926
2022-03-02T10:00:00.000Z,5,1927,1927,1910,1925
2022-03-02T14:00:00.000Z,9,1925,1927,1906,1911
2022-03-02T18:00:00.000Z,13,1912,1927,1910,1922
2022-03-02T22:00:00.000Z,17,1922,1930,1918,1925
2022-03-03T02:00:00.000Z,21,1925,1930,1916,1921
2022-03-03T06:00:00.000Z,1,1921,1931,1919,1926
2022-03-03T10:00:00.000Z,5,1927,1937,1915,1924
2022-03-03T14:00:00.000Z,9,1925,1929,1918,1926
2022-03-03T18:00:00.000Z,13,1926,1937,1923,1934
2022-03-03T22:00:00.000Z,17,1935,1945,1929,1930
2022-03-04T02:00:00.000Z,21,1932,1941,1930,1936
2022-03-04T06:00:00.000Z,1,1936,1942,1931,1942
2022-03-04T10:00:00.000Z,5,1941,1947,1939,1943
2022-03-04T14:00:00.000Z,9,1943,1963,1941,1957
2022-03-04T18:00:00.000Z,13,1957,1965,1954,1963
2022-03-06T22:00:00.000Z,17,1974,1998,1973,1998
2022-03-07T02:00:00.000Z,21,1998,1998,1986,1989
2022-03-07T06:00:00.000Z,1,1989,2004,1981,2004
2022-03-07T10:00:00.000Z,5,2004,2015,1970,1981
2022-03-07T14:00:00.000Z,9,1982,1993,1975,1989
2022-03-07T18:00:00.000Z,13,1989,2010,1985,2005
2022-03-07T22:00:00.000Z,17,2006,2006,1990,1992
2022-03-08T02:00:00.000Z,21,1993,2003,1989,1998
2022-03-08T06:00:00.000Z,1,1999,2024,1998,2013
2022-03-08T10:00:00.000Z,5,2014,2024,2010,2023
2022-03-08T14:00:00.000Z,9,2024,2071,2020,2036
2022-03-08T18:00:00.000Z,13,2035,2061,2025,2059
2022-03-08T22:00:00.000Z,17,2059,2060,2040,2044
2022-03-09T02:00:00.000Z,21,2045,2059,2043,2048
2022-03-09T06:00:00.000Z,1,2048,2052,2021,2021
2022-03-09T10:00:00.000Z,5,2021,2026,1994,1996
2022-03-09T14:00:00.000Z,9,1996,2008,1985,1988
2022-03-09T18:00:00.000Z,13,1988,1999,1982,1997
2022-03-09T22:00:00.000Z,17,1997,1999,1976,1978
2022-03-10T02:00:00.000Z,21,1978,1986,1975,1986
2022-03-10T06:00:00.000Z,1,1986,1994,1984,1989
2022-03-10T10:00:00.000Z,5,1990,2015,1987,2007
2022-03-10T14:00:00.000Z,9,2006,2010,1986,2005
2022-03-10T18:00:00.000Z,13,2005,2005,1992,1997
2022-03-10T22:00:00.000Z,17,1997,2002,1993,2000
2022-03-11T02:00:00.000Z,21,2000,2003,1990,1991
2022-03-11T06:00:00.000Z,1,1991,2002,1990,1997
2022-03-11T10:00:00.000Z,5,1997,1997,1961,1964
2022-03-11T14:00:00.000Z,9,1964,1989,1962,1988
2022-03-11T18:00:00.000Z,13,1988,1989,1978,1987
2022-03-13T21:00:00.000Z,17,1997,1999,1980,1985
2022-03-14T01:00:00.000Z,21,1985,1988,1981,1985
2022-03-14T05:00:00.000Z,1,1985,1988,1976,1977
2022-03-14T09:00:00.000Z,5,1978,1979,1959,1971
2022-03-14T13:00:00.000Z,9,1971,1975,1955,1966
2022-03-14T17:00:00.000Z,13,1965,1968,1956,1959
2022-03-14T21:00:00.000Z,17,1959,1964,1954,1956
2022-03-15T01:00:00.000Z,21,1956,1958,1940,1943
2022-03-15T05:00:00.000Z,1,1942,1943,1918,1937
2022-03-15T09:00:00.000Z,5,1937,1940,1926,1930
2022-03-15T13:00:00.000Z,9,1929,1937,1910,1936
2022-03-15T17:00:00.000Z,13,1937,1938,1921,1925
2022-03-15T21:00:00.000Z,17,1924,1934,1923,1930
2022-03-16T01:00:00.000Z,21,1930,1934,1924,1927
2022-03-16T05:00:00.000Z,1,1928,1931,1925,1928
2022-03-16T09:00:00.000Z,5,1927,1938,1926,1928
2022-03-16T13:00:00.000Z,9,1928,1931,1900,1914
2022-03-16T17:00:00.000Z,13,1913,1940,1905,1931
2022-03-16T21:00:00.000Z,17,1931,1938,1930,1934
2022-03-17T01:00:00.000Z,21,1935,1943,1934,1941
2022-03-17T05:00:00.000Z,1,1942,1947,1937,1947
2022-03-17T09:00:00.000Z,5,1946,1954,1943,1947
2022-03-17T13:00:00.000Z,9,1946,1956,1945,1949
2022-03-17T17:00:00.000Z,13,1948,1951,1941,1948
2022-03-17T21:00:00.000Z,17,1949,1952,1948,1950
2022-03-18T01:00:00.000Z,21,1950,1951,1938,1940
2022-03-18T05:00:00.000Z,1,1940,1949,1939,1940
2022-03-18T09:00:00.000Z,5,1940,1950,1934,1946
2022-03-18T13:00:00.000Z,9,1946,1946,1929,1932
2022-03-18T17:00:00.000Z,13,1933,1935,1920,1924
2022-03-20T21:00:00.000Z,17,1922,1928,1920,1925
2022-03-21T01:00:00.000Z,21,1925,1932,1916,1931
2022-03-21T05:00:00.000Z,1,1932,1933,1921,1924
2022-03-21T09:00:00.000Z,5,1924,1930,1921,1925
2022-03-21T13:00:00.000Z,9,1924,1940,1921,1933
2022-03-21T17:00:00.000Z,13,1933,1943,1929,1937
2022-03-21T21:00:00.000Z,17,1936,1938,1931,1934
2022-03-22T01:00:00.000Z,21,1933,1941,1930,1934
2022-03-22T05:00:00.000Z,1,1935,1938,1925,1927
2022-03-22T09:00:00.000Z,5,1927,1932,1923,1929
2022-03-22T13:00:00.000Z,9,1930,1930,1912,1919
2022-03-22T17:00:00.000Z,13,1920,1925,1917,1921
2022-03-22T21:00:00.000Z,17,1921,1921,1917,1919
2022-03-23T01:00:00.000Z,21,1919,1925,1916,1920
2022-03-23T05:00:00.000Z,1,1921,1924,1917,1923
2022-03-23T09:00:00.000Z,5,1925,1934,1924,1927
2022-03-23T13:00:00.000Z,9,1928,1936,1926,1935
2022-03-23T17:00:00.000Z,13,1934,1951,1933,1946
2022-03-23T21:00:00.000Z,17,1946,1950,1939,1950
2022-03-24T01:00:00.000Z,21,1949,1949,1935,1940
2022-03-24T05:00:00.000Z,1,1939,1945,1938,1941
2022-03-24T09:00:00.000Z,5,1942,1955,1938,1946
2022-03-24T13:00:00.000Z,9,1946,1964,1945,1959
2022-03-24T17:00:00.000Z,13,1959,1963,1951,1955
2022-03-24T21:00:00.000Z,17,1954,1969,1951,1959
2022-03-25T01:00:00.000Z,21,1960,1965,1957,1959
2022-03-25T05:00:00.000Z,1,1958,1960,1949,1953
2022-03-25T09:00:00.000Z,5,1952,1956,1944,1954
2022-03-25T13:00:00.000Z,9,1954,1960,1944,1953
2022-03-25T17:00:00.000Z,13,1952,1956,1948,1955
2022-03-27T21:00:00.000Z,17,1956,1959,1947,1954
2022-03-28T01:00:00.000Z,21,1954,1958,1939,1941
2022-03-28T05:00:00.000Z,1,1941,1942,1926,1930
2022-03-28T09:00:00.000Z,5,1930,1942,1924,1940
2022-03-28T13:00:00.000Z,9,1940,1942,1930,1935
2022-03-28T17:00:00.000Z,13,1936,1941,1918,1924
2022-03-28T21:00:00.000Z,17,1924,1929,1921,1925
2022-03-29T01:00:00.000Z,21,1926,1931,1923,1925
2022-03-29T05:00:00.000Z,1,1925,1928,1914,1918
2022-03-29T09:00:00.000Z,5,1917,1919,1892,1896
2022-03-29T13:00:00.000Z,9,1895,1920,1895,1914
2022-03-29T17:00:00.000Z,13,1915,1920,1913,1917
2022-03-29T21:00:00.000Z,17,1917,1923,1913,1918
2022-03-30T01:00:00.000Z,21,1918,1925,1916,1924
2022-03-30T05:00:00.000Z,1,1924,1925,1917,1919
2022-03-30T09:00:00.000Z,5,1919,1929,1915,1927
2022-03-30T13:00:00.000Z,9,1927,1939,1921,1929
2022-03-30T17:00:00.000Z,13,1929,1937,1929,1930
2022-03-30T21:00:00.000Z,17,1931,1934,1926,1929
2022-03-31T01:00:00.000Z,21,1929,1930,1920,1921
2022-03-31T05:00:00.000Z,1,1921,1931,1919,1924
2022-03-31T09:00:00.000Z,5,1923,1933,1923,1930
2022-03-31T13:00:00.000Z,9,1929,1944,1923,1940
2022-03-31T17:00:00.000Z,13,1940,1955,1921,1933
2022-03-31T21:00:00.000Z,17,1934,1938,1928,1932
2022-04-01T01:00:00.000Z,21,1932,1939,1930,1936
2022-04-01T05:00:00.000Z,1,1936,1936,1927,1930
2022-04-01T09:00:00.000Z,5,1930,1934,1924,1929
2022-04-01T13:00:00.000Z,9,1929,1932,1920,1922
2022-04-01T17:00:00.000Z,13,1923,1923,1916,1920
2022-04-03T21:00:00.000Z,17,1922,1926,1918,1924
2022-04-04T01:00:00.000Z,21,1923,1924,1918,1918
2022-04-04T05:00:00.000Z,1,1918,1928,1918,1928
2022-04-04T09:00:00.000Z,5,1928,1934,1918,1931
2022-04-04T13:00:00.000Z,9,1932,1935,1926,1930
2022-04-04T17:00:00.000Z,13,1930,1935,1927,1931
2022-04-04T21:00:00.000Z,17,1931,1932,1925,1930
2022-04-05T01:00:00.000Z,21,1929,1931,1927,1927
2022-04-05T05:00:00.000Z,1,1927,1929,1925,1928
2022-04-05T09:00:00.000Z,5,1927,1931,1922,1930
2022-04-05T13:00:00.000Z,9,1930,1940,1920,1921
2022-04-05T17:00:00.000Z,13,1922,1924,1917,1922
2022-04-05T21:00:00.000Z,17,1922,1924,1915,1918
2022-04-06T01:00:00.000Z,21,1918,1924,1917,1919
2022-04-06T05:00:00.000Z,1,1918,1924,1915,1923
2022-04-06T09:00:00.000Z,5,1923,1930,1917,1925
2022-04-06T13:00:00.000Z,9,1925,1933,1923,1925
2022-04-06T17:00:00.000Z,13,1925,1928,1918,1924
2022-04-06T21:00:00.000Z,17,1924,1928,1920,1927
2022-04-07T01:00:00.000Z,21,1927,1928,1921,1923
2022-04-07T05:00:00.000Z,1,1923,1928,1921,1925
2022-04-07T09:00:00.000Z,5,1926,1930,1922,1926
2022-04-07T13:00:00.000Z,9,1926,1935,1924,1934
2022-04-07T17:00:00.000Z,13,1934,1937,1925,1927
2022-04-07T21:00:00.000Z,17,1927,1938,1925,1930
2022-04-08T01:00:00.000Z,21,1929,1935,1928,1928
2022-04-08T05:00:00.000Z,1,1928,1933,1928,1930
2022-04-08T09:00:00.000Z,5,1930,1937,1929,1929
2022-04-08T13:00:00.000Z,9,1930,1946,1930,1941
2022-04-08T17:00:00.000Z,13,1941,1947,1938,1946
2022-04-10T21:00:00.000Z,17,1943,1946,1940,1942
2022-04-11T01:00:00.000Z,21,1943,1946,1940,1944
2022-04-11T05:00:00.000Z,1,1944,1957,1941,1955
2022-04-11T09:00:00.000Z,5,1955,1968,1952,1966
2022-04-11T13:00:00.000Z,9,1965,1966,1940,1943
2022-04-11T17:00:00.000Z,13,1943,1958,1941,1956
2022-04-11T21:00:00.000Z,17,1956,1960,1949,1952
2022-04-12T01:00:00.000Z,21,1952,1963,1949,1960
2022-04-12T05:00:00.000Z,1,1960,1963,1951,1953
2022-04-12T09:00:00.000Z,5,1953,1968,1949,1968
2022-04-12T13:00:00.000Z,9,1968,1978,1960,1974
2022-04-12T17:00:00.000Z,13,1975,1978,1965,1968
2022-04-12T21:00:00.000Z,17,1968,1973,1964,1966
2022-04-13T01:00:00.000Z,21,1967,1975,1965,1970
2022-04-13T05:00:00.000Z,1,1970,1976,1966,1975
2022-04-13T09:00:00.000Z,5,1975,1980,1970,1979
2022-04-13T13:00:00.000Z,9,1979,1980,1966,1978
2022-04-13T17:00:00.000Z,13,1978,1982,1972,1979
2022-04-13T21:00:00.000Z,17,1979,1982,1974,1976
2022-04-14T01:00:00.000Z,21,1975,1979,1972,1977
2022-04-14T05:00:00.000Z,1,1977,1978,1973,1975
2022-04-14T09:00:00.000Z,5,1974,1982,1966,1973
2022-04-14T13:00:00.000Z,9,1973,1977,1962,1975
2022-04-14T17:00:00.000Z,13,1975,1976,1969,1976
2022-04-14T21:00:00.000Z,17,1975,1978,1970,1976
2022-04-15T01:00:00.000Z,21,1976,1979,1974,1977
2022-04-15T05:00:00.000Z,1,1977,1979,1975,1978
2022-04-15T09:00:00.000Z,5,1977,1981,1973,1977
2022-04-15T13:00:00.000Z,9,1978,1979,1976,1978
2022-04-15T17:00:00.000Z,13,1978,1981,1977,1979
2022-04-17T21:00:00.000Z,17,1980,1988,1978,1988
2022-04-18T01:00:00.000Z,21,1988,1988,1983,1986
2022-04-18T05:00:00.000Z,1,1986,1998,1985,1994
2022-04-18T09:00:00.000Z,5,1995,1999,1992,1998
2022-04-18T13:00:00.000Z,9,1999,1999,1985,1992
2022-04-18T17:00:00.000Z,13,1992,1994,1977,1981
2022-04-18T21:00:00.000Z,17,1981,1984,1974,1980
2022-04-19T01:00:00.000Z,21,1980,1981,1976,1979
2022-04-19T05:00:00.000Z,1,1979,1987,1974,1981
2022-04-19T09:00:00.000Z,5,1981,1984,1968,1971
2022-04-19T13:00:00.000Z,9,1971,1971,1958,1963
2022-04-19T17:00:00.000Z,13,1962,1963,1952,1952
2022-04-19T21:00:00.000Z,17,1952,1955,1951,1952
2022-04-20T01:00:00.000Z,21,1953,1956,1946,1947
2022-04-20T05:00:00.000Z,1,1946,1951,1945,1950
2022-04-20T09:00:00.000Z,5,1950,1961,1950,1951
2022-04-20T13:00:00.000Z,9,1951,1962,1950,1959
2022-04-20T17:00:00.000Z,13,1959,1965,1954,1963
2022-04-20T21:00:00.000Z,17,1963,1966,1958,1959
2022-04-21T01:00:00.000Z,21,1959,1960,1957,1958
2022-04-21T05:00:00.000Z,1,1957,1959,1949,1951
2022-04-21T09:00:00.000Z,5,1951,1953,1933,1948
2022-04-21T13:00:00.000Z,9,1949,1952,1941,1943
2022-04-21T17:00:00.000Z,13,1942,1961,1942,1954
2022-04-21T21:00:00.000Z,17,1955,1959,1951,1955
2022-04-22T01:00:00.000Z,21,1955,1959,1950,1957
2022-04-22T05:00:00.000Z,1,1957,1959,1950,1951
2022-04-22T09:00:00.000Z,5,1950,1950,1935,1942
2022-04-22T13:00:00.000Z,9,1942,1950,1930,1941
2022-04-22T17:00:00.000Z,13,1941,1941,1934,1938
2022-04-24T21:00:00.000Z,17,1933,1938,1928,1933
2022-04-25T01:00:00.000Z,21,1933,1935,1923,1924
2022-04-25T05:00:00.000Z,1,1923,1932,1917,1922
2022-04-25T09:00:00.000Z,5,1923,1929,1901,1902
2022-04-25T13:00:00.000Z,9,1902,1908,1895,1902
2022-04-25T17:00:00.000Z,13,1903,1911,1902,1905
2022-04-25T21:00:00.000Z,17,1904,1911,1903,1910
2022-04-26T01:00:00.000Z,21,1909,1914,1900,1912
2022-04-26T05:00:00.000Z,1,1911,1915,1901,1910
2022-04-26T09:00:00.000Z,5,1910,1915,1880,1906
2022-04-26T13:00:00.000Z,9,1906,1913,1900,1907
2022-04-26T17:00:00.000Z,13,1907,1908,1897,1907
2022-04-26T21:00:00.000Z,17,1906,1910,1902,1908
2022-04-27T01:00:00.000Z,21,1908,1909,1899,1902
2022-04-27T05:00:00.000Z,1,1902,1906,1896,1897
2022-04-27T09:00:00.000Z,5,1896,1905,1893,1902
2022-04-27T13:00:00.000Z,9,1903,1903,1885,1892
2022-04-27T17:00:00.000Z,13,1893,1896,1887,1892
2022-04-27T21:00:00.000Z,17,1893,1896,1889,1890
2022-04-28T01:00:00.000Z,21,1891,1892,1882,1884
2022-04-28T05:00:00.000Z,1,1884,1893,1880,1890
2022-04-28T09:00:00.000Z,5,1890,1901,1890,1894
2022-04-28T13:00:00.000Z,9,1894,1899,1889,1896
2022-04-28T17:00:00.000Z,13,1896,1902,1895,1901
2022-04-28T21:00:00.000Z,17,1900,1901,1894,1899
2022-04-29T01:00:00.000Z,21,1900,1911,1900,1907
2022-04-29T05:00:00.000Z,1,1907,1925,1907,1920
2022-04-29T09:00:00.000Z,5,1920,1927,1912,1913
2022-04-29T13:00:00.000Z,9,1913,1920,1907,1911
2022-04-29T17:00:00.000Z,13,1911,1923,1900,1906
2022-05-01T21:00:00.000Z,17,1906,1909,1895,1898
2022-05-02T01:00:00.000Z,21,1899,1901,1892,1894
2022-05-02T05:00:00.000Z,1,1894,1900,1888,1890
2022-05-02T09:00:00.000Z,5,1889,1890,1867,1869
2022-05-02T13:00:00.000Z,9,1868,1875,1856,1868
2022-05-02T17:00:00.000Z,13,1869,1876,1865,1867
2022-05-02T21:00:00.000Z,17,1866,1879,1866,1868
2022-05-03T01:00:00.000Z,21,1868,1869,1851,1862
2022-05-03T05:00:00.000Z,1,1863,1864,1858,1859
2022-05-03T09:00:00.000Z,5,1858,1866,1852,1866
2022-05-03T13:00:00.000Z,9,1865,1879,1865,1871
2022-05-03T17:00:00.000Z,13,1872,1878,1865,1870
2022-05-03T21:00:00.000Z,17,1869,1872,1868,1869
2022-05-04T01:00:00.000Z,21,1869,1871,1866,1868
2022-05-04T05:00:00.000Z,1,1868,1875,1864,1870
2022-05-04T09:00:00.000Z,5,1870,1875,1867,1867
2022-05-04T13:00:00.000Z,9,1867,1870,1864,1867
2022-05-04T17:00:00.000Z,13,1868,1889,1865,1884
2022-05-04T21:00:00.000Z,17,1884,1893,1880,1892
2022-05-05T01:00:00.000Z,21,1893,1900,1893,1900
2022-05-05T05:00:00.000Z,1,1899,1901,1887,1890
2022-05-05T09:00:00.000Z,5,1890,1907,1890,1907
2022-05-05T13:00:00.000Z,9,1907,1908,1871,1876
2022-05-05T17:00:00.000Z,13,1876,1884,1870,1881
2022-05-05T21:00:00.000Z,17,1881,1881,1873,1876
2022-05-06T01:00:00.000Z,21,1876,1880,1869,1877
2022-05-06T05:00:00.000Z,1,1877,1885,1870,1881
2022-05-06T09:00:00.000Z,5,1883,1890,1877,1877
2022-05-06T13:00:00.000Z,9,1878,1893,1871,1890
2022-05-06T17:00:00.000Z,13,1891,1894,1876,1882
2022-05-08T21:00:00.000Z,17,1883,1896,1881,1882
2022-05-09T01:00:00.000Z,21,1882,1883,1874,1875
2022-05-09T05:00:00.000Z,1,1875,1875,1867,1869
2022-05-09T09:00:00.000Z,5,1869,1871,1854,1866
2022-05-09T13:00:00.000Z,9,1866,1869,1854,1857
2022-05-09T17:00:00.000Z,13,1857,1862,1847,1853
2022-05-09T21:00:00.000Z,17,1853,1860,1846,1851
2022-05-10T01:00:00.000Z,21,1852,1862,1848,1861
2022-05-10T05:00:00.000Z,1,1861,1863,1853,1862
2022-05-10T09:00:00.000Z,5,1861,1867,1855,1864
2022-05-10T13:00:00.000Z,9,1863,1866,1841,1843
2022-05-10T17:00:00.000Z,13,1843,1847,1836,1840
2022-05-10T21:00:00.000Z,17,1840,1842,1832,1833
2022-05-11T01:00:00.000Z,21,1834,1840,1832,1837
2022-05-11T05:00:00.000Z,1,1837,1872,1832,1853
2022-05-11T09:00:00.000Z,5,1853,1867,1821,1830
2022-05-11T13:00:00.000Z,9,1830,1862,1821,1851
2022-05-11T17:00:00.000Z,13,1851,1864,1845,1854
2022-05-11T21:00:00.000Z,17,1855,1866,1848,1857
2022-05-12T01:00:00.000Z,21,1857,1872,1849,1857
2022-05-12T05:00:00.000Z,1,1856,1954,1848,1868
2022-05-12T09:00:00.000Z,5,1870,1900,1846,1846
2022-05-12T13:00:00.000Z,9,1849,1866,1837,1841
2022-05-12T17:00:00.000Z,13,1840,1861,1823,1834
2022-05-12T21:00:00.000Z,17,1833,1845,1826,1840
2022-05-13T01:00:00.000Z,21,1840,1855,1834,1835
2022-05-13T05:00:00.000Z,1,1836,1842,1827,1829
2022-05-13T09:00:00.000Z,5,1830,1836,1810,1817
2022-05-13T13:00:00.000Z,9,1817,1819,1800,1812
2022-05-13T17:00:00.000Z,13,1812,1820,1801,1818
2022-05-15T21:00:00.000Z,17,1814,1821,1804,1813
2022-05-16T01:00:00.000Z,21,1814,1817,1806,1807
2022-05-16T05:00:00.000Z,1,1806,1815,1791,1800
2022-05-16T09:00:00.000Z,5,1800,1812,1795,1808
2022-05-16T13:00:00.000Z,9,1808,1818,1801,1817
2022-05-16T17:00:00.000Z,13,1816,1829,1812,1828
2022-05-16T21:00:00.000Z,17,1827,1830,1820,1828
2022-05-17T01:00:00.000Z,21,1828,1829,1823,1825
2022-05-17T05:00:00.000Z,1,1825,1831,1822,1829
2022-05-17T09:00:00.000Z,5,1829,1841,1827,1839
2022-05-17T13:00:00.000Z,9,1839,1840,1818,1827
2022-05-17T17:00:00.000Z,13,1828,1828,1818,1821
2022-05-17T21:00:00.000Z,17,1821,1830,1819,1821
2022-05-18T01:00:00.000Z,21,1820,1821,1810,1813
2022-05-18T05:00:00.000Z,1,1813,1821,1813,1820
2022-05-18T09:00:00.000Z,5,1820,1824,1814,1817
2022-05-18T13:00:00.000Z,9,1817,1829,1812,1828
2022-05-18T17:00:00.000Z,13,1827,1833,1819,1821
2022-05-18T21:00:00.000Z,17,1822,1822,1816,1818
2022-05-19T01:00:00.000Z,21,1818,1828,1817,1823
2022-05-19T05:00:00.000Z,1,1824,1826,1815,1824
2022-05-19T09:00:00.000Z,5,1825,1844,1824,1843
2022-05-19T13:00:00.000Z,9,1843,1854,1839,1848
2022-05-19T17:00:00.000Z,13,1848,1854,1848,1851
2022-05-19T21:00:00.000Z,17,1851,1855,1849,1853
2022-05-20T01:00:00.000Z,21,1853,1853,1843,1847
2022-05-20T05:00:00.000Z,1,1846,1852,1843,1849
2022-05-20T09:00:00.000Z,5,1849,1852,1841,1843
2022-05-20T13:00:00.000Z,9,1844,1853,1836,1846
2022-05-20T17:00:00.000Z,13,1847,1855,1841,1852
2022-05-22T21:00:00.000Z,17,1851,1859,1848,1856
2022-05-23T01:00:00.000Z,21,1856,1860,1852,1857
2022-05-23T05:00:00.000Z,1,1857,1868,1855,1865
2022-05-23T09:00:00.000Z,5,1866,1871,1862,1863
2022-05-23T13:00:00.000Z,9,1863,1865,1855,1855
2022-05-23T17:00:00.000Z,13,1855,1860,1847,1856
2022-05-23T21:00:00.000Z,17,1856,1860,1853,1855
2022-05-24T01:00:00.000Z,21,1855,1860,1854,1860
2022-05-24T05:00:00.000Z,1,1860,1872,1855,1860
2022-05-24T09:00:00.000Z,5,1861,1866,1856,1862
2022-05-24T13:00:00.000Z,9,1862,1877,1862,1872
2022-05-24T17:00:00.000Z,13,1871,1875,1866,1874
2022-05-24T21:00:00.000Z,17,1874,1877,1868,1870
2022-05-25T01:00:00.000Z,21,1870,1871,1860,1865
2022-05-25T05:00:00.000Z,1,1865,1866,1859,1860
2022-05-25T09:00:00.000Z,5,1861,1862,1855,1856
2022-05-25T13:00:00.000Z,9,1856,1860,1847,1850
2022-05-25T17:00:00.000Z,13,1850,1859,1849,1857
2022-05-25T21:00:00.000Z,17,1858,1864,1855,1862
2022-05-26T01:00:00.000Z,21,1862,1863,1854,1855
2022-05-26T05:00:00.000Z,1,1856,1856,1845,1847
2022-05-26T09:00:00.000Z,5,1848,1853,1843,1845
2022-05-26T13:00:00.000Z,9,1844,1859,1843,1847
2022-05-26T17:00:00.000Z,13,1847,1866,1847,1853
2022-05-26T21:00:00.000Z,17,1854,1856,1846,1848
2022-05-27T01:00:00.000Z,21,1848,1861,1846,1858
2022-05-27T05:00:00.000Z,1,1858,1865,1851,1859
2022-05-27T09:00:00.000Z,5,1859,1867,1856,1857
2022-05-27T13:00:00.000Z,9,1858,1864,1850,1854
2022-05-27T17:00:00.000Z,13,1853,1860,1849,1856
2022-05-29T21:00:00.000Z,17,1851,1855,1850,1851
2022-05-30T01:00:00.000Z,21,1851,1865,1850,1861
2022-05-30T05:00:00.000Z,1,1862,1867,1857,1860
2022-05-30T09:00:00.000Z,5,1860,1865,1852,1857
2022-05-30T13:00:00.000Z,9,1858,1863,1855,1858
2022-05-30T17:00:00.000Z,13,1858,1861,1852,1858
2022-05-30T21:00:00.000Z,17,1859,1865,1852,1853
2022-05-31T01:00:00.000Z,21,1851,1856,1850,1852
2022-05-31T05:00:00.000Z,1,1852,1867,1851,1855
2022-05-31T09:00:00.000Z,5,1856,1857,1850,1853
2022-05-31T13:00:00.000Z,9,1853,1856,1841,1846
2022-05-31T17:00:00.000Z,13,1846,1847,1833,1838
2022-05-31T21:00:00.000Z,17,1839,1839,1821,1835
2022-06-01T01:00:00.000Z,21,1835,1839,1834,1835
2022-06-01T05:00:00.000Z,1,1835,1839,1833,1835
2022-06-01T09:00:00.000Z,5,1835,1846,1827,1844
2022-06-01T13:00:00.000Z,9,1844,1850,1836,1849
2022-06-01T17:00:00.000Z,13,1850,1851,1840,1849
2022-06-01T21:00:00.000Z,17,1849,1855,1846,1853
2022-06-02T01:00:00.000Z,21,1852,1853,1847,1849
2022-06-02T05:00:00.000Z,1,1850,1856,1848,1853
2022-06-02T09:00:00.000Z,5,1853,1860,1849,1857
2022-06-02T13:00:00.000Z,9,1857,1872,1857,1869
2022-06-02T17:00:00.000Z,13,1870,1874,1868,1870
2022-06-02T21:00:00.000Z,17,1870,1874,1868,1874
2022-06-03T01:00:00.000Z,21,1873,1877,1870,1871
2022-06-03T05:00:00.000Z,1,1872,1872,1862,1866
2022-06-03T09:00:00.000Z,5,1867,1869,1860,1861
2022-06-03T13:00:00.000Z,9,1861,1867,1851,1852
2022-06-03T17:00:00.000Z,13,1853,1857,1852,1856
2022-06-05T21:00:00.000Z,17,1864,1865,1851,1857
2022-06-06T01:00:00.000Z,21,1857,1863,1855,1860
2022-06-06T05:00:00.000Z,1,1860,1861,1849,1856
2022-06-06T09:00:00.000Z,5,1855,1865,1854,1859
2022-06-06T13:00:00.000Z,9,1859,1861,1844,1848
2022-06-06T17:00:00.000Z,13,1848,1850,1845,1847
2022-06-06T21:00:00.000Z,17,1847,1849,1834,1840
2022-06-07T01:00:00.000Z,21,1840,1844,1837,1844
2022-06-07T05:00:00.000Z,1,1844,1849,1841,1848
2022-06-07T09:00:00.000Z,5,1848,1853,1845,1847
2022-06-07T13:00:00.000Z,9,1846,1862,1844,1853
2022-06-07T17:00:00.000Z,13,1854,1862,1853,1858
2022-06-07T21:00:00.000Z,17,1858,1861,1849,1855
2022-06-08T01:00:00.000Z,21,1855,1858,1845,1849
2022-06-08T05:00:00.000Z,1,1848,1855,1844,1850
2022-06-08T09:00:00.000Z,5,1851,1854,1847,1853
2022-06-08T13:00:00.000Z,9,1852,1860,1850,1857
2022-06-08T17:00:00.000Z,13,1856,1863,1855,1856
2022-06-08T21:00:00.000Z,17,1856,1860,1854,1856
2022-06-09T01:00:00.000Z,21,1856,1857,1856,1857
2022-06-09T05:00:00.000Z,1,1857,1859,1852,1854
2022-06-09T09:00:00.000Z,5,1854,1856,1848,1851
2022-06-09T13:00:00.000Z,9,1852,1853,1843,1850
2022-06-09T17:00:00.000Z,13,1850,1854,1845,1848
2022-06-09T21:00:00.000Z,17,1848,1852,1842,1846
2022-06-10T01:00:00.000Z,21,1846,1852,1845,1846
2022-06-10T05:00:00.000Z,1,1847,1847,1844,1846
2022-06-10T09:00:00.000Z,5,1847,1847,1830,1843
2022-06-10T13:00:00.000Z,9,1842,1878,1831,1874
2022-06-10T17:00:00.000Z,13,1873,1877,1871,1874
2022-06-12T21:00:00.000Z,17,1887,1893,1873,1880
2022-06-13T01:00:00.000Z,21,1878,1880,1862,1866
2022-06-13T05:00:00.000Z,1,1866,1872,1853,1856
2022-06-13T09:00:00.000Z,5,1853,1865,1845,1848
2022-06-13T13:00:00.000Z,9,1847,1859,1824,1839
2022-06-13T17:00:00.000Z,13,1839,1839,1825,1836
2022-06-13T21:00:00.000Z,17,1836,1839,1821,1828
2022-06-14T01:00:00.000Z,21,1827,1837,1821,1830
2022-06-14T05:00:00.000Z,1,1830,1840,1829,1832
2022-06-14T09:00:00.000Z,5,1832,1834,1821,1823
2022-06-14T13:00:00.000Z,9,1825,1830,1811,1819
2022-06-14T17:00:00.000Z,13,1819,1821,1807,1814
2022-06-14T21:00:00.000Z,17,1813,1818,1802,1814
2022-06-15T01:00:00.000Z,21,1814,1825,1810,1818
2022-06-15T05:00:00.000Z,1,1818,1830,1813,1826
2022-06-15T09:00:00.000Z,5,1826,1844,1825,1837
2022-06-15T13:00:00.000Z,9,1836,1840,1820,1825
2022-06-15T17:00:00.000Z,13,1825,1849,1813,1839
2022-06-15T21:00:00.000Z,17,1838,1847,1836,1840
2022-06-16T01:00:00.000Z,21,1841,1847,1834,1836
2022-06-16T05:00:00.000Z,1,1837,1838,1829,1836
2022-06-16T09:00:00.000Z,5,1836,1840,1822,1835
2022-06-16T13:00:00.000Z,9,1835,1857,1831,1854
2022-06-16T17:00:00.000Z,13,1854,1865,1850,1865
2022-06-16T21:00:00.000Z,17,1864,1870,1853,1856
2022-06-17T01:00:00.000Z,21,1857,1866,1848,1856
2022-06-17T05:00:00.000Z,1,1854,1859,1848,1858
2022-06-17T09:00:00.000Z,5,1858,1859,1849,1856
2022-06-17T13:00:00.000Z,9,1857,1859,1840,1842
2022-06-17T17:00:00.000Z,13,1842,1846,1839,1844
2022-06-19T21:00:00.000Z,17,1840,1845,1836,1844
2022-06-20T01:00:00.000Z,21,1844,1853,1838,1847
2022-06-20T05:00:00.000Z,1,1848,1852,1845,1847
2022-06-20T09:00:00.000Z,5,1846,1849,1842,1844
2022-06-20T13:00:00.000Z,9,1844,1851,1842,1844
2022-06-20T17:00:00.000Z,13,1844,1851,1838,1848
2022-06-20T21:00:00.000Z,17,1848,1851,1842,1846
2022-06-21T01:00:00.000Z,21,1846,1850,1846,1848
2022-06-21T05:00:00.000Z,1,1847,1851,1836,1843
2022-06-21T09:00:00.000Z,5,1843,1848,1838,1842
2022-06-21T13:00:00.000Z,9,1842,1849,1839,1843
2022-06-21T17:00:00.000Z,13,1843,1844,1832,1839
2022-06-21T21:00:00.000Z,17,1839,1842,1832,1835
2022-06-22T01:00:00.000Z,21,1835,1839,1831,1831
2022-06-22T05:00:00.000Z,1,1831,1835,1825,1830
2022-06-22T09:00:00.000Z,5,1830,1843,1824,1842
2022-06-22T13:00:00.000Z,9,1842,1855,1837,1842
2022-06-22T17:00:00.000Z,13,1841,1846,1840,1841
2022-06-22T21:00:00.000Z,17,1842,1847,1840,1842
2022-06-23T01:00:00.000Z,21,1842,1845,1838,1838
2022-06-23T05:00:00.000Z,1,1839,1843,1838,1839
2022-06-23T09:00:00.000Z,5,1840,1841,1832,1837
2022-06-23T13:00:00.000Z,9,1838,1848,1833,1833
2022-06-23T17:00:00.000Z,13,1834,1835,1821,1828
2022-06-23T21:00:00.000Z,17,1828,1831,1826,1829
2022-06-24T01:00:00.000Z,21,1830,1841,1826,1829
2022-06-24T05:00:00.000Z,1,1829,1834,1826,1830
2022-06-24T09:00:00.000Z,5,1830,1833,1826,1827
2022-06-24T13:00:00.000Z,9,1827,1833,1822,1832
2022-06-24T17:00:00.000Z,13,1831,1834,1824,1826
2022-06-26T21:00:00.000Z,17,1827,1835,1825,1828
2022-06-27T01:00:00.000Z,21,1828,1838,1828,1836
2022-06-27T05:00:00.000Z,1,1837,1840,1832,1838
2022-06-27T09:00:00.000Z,5,1838,1840,1832,1834
2022-06-27T13:00:00.000Z,9,1834,1835,1823,1830
2022-06-27T17:00:00.000Z,13,1830,1832,1825,1827
2022-06-27T21:00:00.000Z,17,1827,1830,1825,1827
2022-06-28T01:00:00.000Z,21,1828,1830,1825,1830
2022-06-28T05:00:00.000Z,1,1829,1835,1829,1833
2022-06-28T09:00:00.000Z,5,1833,1836,1826,1828
2022-06-28T13:00:00.000Z,9,1828,1838,1825,1826
2022-06-28T17:00:00.000Z,13,1827,1829,1822,1828
2022-06-28T21:00:00.000Z,17,1829,1832,1823,1828
2022-06-29T01:00:00.000Z,21,1828,1829,1822,1827
2022-06-29T05:00:00.000Z,1,1828,1828,1823,1824
2022-06-29T09:00:00.000Z,5,1824,1837,1820,1836
2022-06-29T13:00:00.000Z,9,1836,1837,1817,1820
2022-06-29T17:00:00.000Z,13,1821,1825,1820,1824
2022-06-29T21:00:00.000Z,17,1824,1825,1819,1824
2022-06-30T01:00:00.000Z,21,1823,1825,1821,1823
2022-06-30T05:00:00.000Z,1,1822,1827,1817,1822
2022-06-30T09:00:00.000Z,5,1822,1828,1811,1828
2022-06-30T13:00:00.000Z,9,1827,1829,1814,1817
2022-06-30T17:00:00.000Z,13,1816,1819,1808,1811
2022-06-30T21:00:00.000Z,17,1811,1823,1810,1812
2022-07-01T01:00:00.000Z,21,1813,1818,1805,1808
2022-07-01T05:00:00.000Z,1,1807,1809,1801,1803
2022-07-01T09:00:00.000Z,5,1803,1803,1792,1794
2022-07-01T13:00:00.000Z,9,1795,1812,1794,1807
2022-07-01T17:00:00.000Z,13,1807,1815,1804,1815
2022-07-03T21:00:00.000Z,17,1811,1815,1809,1814
2022-07-04T01:00:00.000Z,21,1815,1817,1810,1816
2022-07-04T05:00:00.000Z,1,1817,1817,1810,1812
2022-07-04T09:00:00.000Z,5,1811,1815,1806,1813
2022-07-04T13:00:00.000Z,9,1813,1818,1809,1813
2022-07-04T17:00:00.000Z,13,1812,1814,1808,1810
2022-07-04T21:00:00.000Z,17,1810,1815,1809,1812
2022-07-05T01:00:00.000Z,21,1811,1817,1809,1814
2022-07-05T05:00:00.000Z,1,1815,1820,1806,1808
2022-07-05T09:00:00.000Z,5,1808,1812,1799,1804
2022-07-05T13:00:00.000Z,9,1805,1805,1766,1772
2022-07-05T17:00:00.000Z,13,1772,1774,1757,1770
2022-07-05T21:00:00.000Z,17,1770,1776,1767,1774
2022-07-06T01:00:00.000Z,21,1774,1777,1770,1772
2022-07-06T05:00:00.000Z,1,1771,1774,1768,1772
2022-07-06T09:00:00.000Z,5,1772,1774,1764,1772
2022-07-06T13:00:00.000Z,9,1771,1771,1732,1741
2022-07-06T17:00:00.000Z,13,1741,1747,1737,1744
2022-07-06T21:00:00.000Z,17,1745,1749,1741,1744
2022-07-07T01:00:00.000Z,21,1744,1749,1742,1748
2022-07-07T05:00:00.000Z,1,1748,1749,1744,1746
2022-07-07T09:00:00.000Z,5,1746,1750,1744,1744
2022-07-07T13:00:00.000Z,9,1745,1755,1738,1747
2022-07-07T17:00:00.000Z,13,1747,1747,1739,1741
2022-07-07T21:00:00.000Z,17,1741,1745,1738,1745
2022-07-08T01:00:00.000Z,21,1745,1755,1735,1743
2022-07-08T05:00:00.000Z,1,1742,1747,1736,1738
2022-07-08T09:00:00.000Z,5,1738,1748,1732,1740
2022-07-08T13:00:00.000Z,9,1741,1756,1736,1747
2022-07-08T17:00:00.000Z,13,1746,1749,1744,1747
2022-07-10T21:00:00.000Z,17,1740,1746,1736,1744
2022-07-11T01:00:00.000Z,21,1743,1745,1739,1744
2022-07-11T05:00:00.000Z,1,1743,1744,1738,1741
2022-07-11T09:00:00.000Z,5,1741,1741,1732,1738
2022-07-11T13:00:00.000Z,9,1739,1743,1734,1737
2022-07-11T17:00:00.000Z,13,1737,1740,1726,1734
2022-07-11T21:00:00.000Z,17,1735,1737,1726,1732
2022-07-12T01:00:00.000Z,21,1733,1742,1726,1733
2022-07-12T05:00:00.000Z,1,1733,1740,1729,1740
2022-07-12T09:00:00.000Z,5,1739,1745,1729,1736
2022-07-12T13:00:00.000Z,9,1736,1737,1727,1735
2022-07-12T17:00:00.000Z,13,1735,1735,1725,1727
2022-07-12T21:00:00.000Z,17,1727,1729,1723,1726
2022-07-13T01:00:00.000Z,21,1726,1730,1725,1727
2022-07-13T05:00:00.000Z,1,1727,1729,1716,1726
2022-07-13T09:00:00.000Z,5,1727,1733,1701,1711
2022-07-13T13:00:00.000Z,9,1710,1745,1709,1740
2022-07-13T17:00:00.000Z,13,1740,1744,1734,1734
2022-07-13T21:00:00.000Z,17,1735,1751,1730,1733
2022-07-14T01:00:00.000Z,21,1733,1735,1730,1732
2022-07-14T05:00:00.000Z,1,1732,1732,1718,1718
2022-07-14T09:00:00.000Z,5,1719,1719,1707,1709
2022-07-14T13:00:00.000Z,9,1708,1718,1699,1709
2022-07-14T17:00:00.000Z,13,1710,1718,1704,1713
2022-07-14T21:00:00.000Z,17,1713,1715,1711,1713
2022-07-15T01:00:00.000Z,21,1714,1719,1711,1712
2022-07-15T05:00:00.000Z,1,1712,1713,1702,1705
2022-07-15T09:00:00.000Z,5,1705,1710,1702,1710
2022-07-15T13:00:00.000Z,9,1710,1712,1700,1702
2022-07-15T17:00:00.000Z,13,1703,1710,1702,1705
2022-07-17T21:00:00.000Z,17,1696,1708,1692,1705
2022-07-18T01:00:00.000Z,21,1704,1715,1703,1714
2022-07-18T05:00:00.000Z,1,1714,1720,1709,1718
2022-07-18T09:00:00.000Z,5,1718,1723,1708,1714
2022-07-18T13:00:00.000Z,9,1715,1717,1706,1709
2022-07-18T17:00:00.000Z,13,1709,1710,1703,1705
2022-07-18T21:00:00.000Z,17,1705,1712,1700,1705
2022-07-19T01:00:00.000Z,21,1706,1710,1701,1704
2022-07-19T05:00:00.000Z,1,1704,1712,1704,1710
2022-07-19T09:00:00.000Z,5,1710,1718,1709,1710
2022-07-19T13:00:00.000Z,9,1710,1716,1708,1710
2022-07-19T17:00:00.000Z,13,1709,1710,1703,1706
2022-07-19T21:00:00.000Z,17,1707,1709,1703,1707
2022-07-20T01:00:00.000Z,21,1707,1712,1707,1710
2022-07-20T05:00:00.000Z,1,1709,1712,1702,1704
2022-07-20T09:00:00.000Z,5,1705,1714,1704,1707
2022-07-20T13:00:00.000Z,9,1706,1710,1702,1703
2022-07-20T17:00:00.000Z,13,1703,1705,1688,1699
2022-07-20T21:00:00.000Z,17,1698,1702,1693,1694
2022-07-21T01:00:00.000Z,21,1693,1695,1687,1689
2022-07-21T05:00:00.000Z,1,1689,1692,1686,1687
2022-07-21T09:00:00.000Z,5,1687,1703,1680,1702
2022-07-21T13:00:00.000Z,9,1703,1716,1692,1711
2022-07-21T17:00:00.000Z,13,1711,1719,1710,1715
2022-07-21T21:00:00.000Z,17,1715,1717,1712,1716
2022-07-22T01:00:00.000Z,21,1716,1716,1709,1710
2022-07-22T05:00:00.000Z,1,1711,1718,1710,1715
2022-07-22T09:00:00.000Z,5,1716,1725,1716,1721
2022-07-22T13:00:00.000Z,9,1721,1734,1720,1726
2022-07-22T17:00:00.000Z,13,1726,1731,1720,1725
2022-07-24T21:00:00.000Z,17,1728,1729,1719,1723
2022-07-25T01:00:00.000Z,21,1722,1727,1721,1727
2022-07-25T05:00:00.000Z,1,1727,1728,1723,1726
2022-07-25T09:00:00.000Z,5,1725,1732,1724,1724
2022-07-25T13:00:00.000Z,9,1725,1725,1715,1720
2022-07-25T17:00:00.000Z,13,1720,1722,1714,1720
2022-07-25T21:00:00.000Z,17,1720,1721,1712,1716
2022-07-26T01:00:00.000Z,21,1716,1727,1716,1721
2022-07-26T05:00:00.000Z,1,1721,1725,1718,1722
2022-07-26T09:00:00.000Z,5,1722,1722,1713,1716
2022-07-26T13:00:00.000Z,9,1716,1717,1711,1716
2022-07-26T17:00:00.000Z,13,1716,1718,1711,1714
2022-07-26T21:00:00.000Z,17,1713,1720,1710,1719
2022-07-27T01:00:00.000Z,21,1720,1720,1714,1714
2022-07-27T05:00:00.000Z,1,1714,1720,1714,1720
2022-07-27T09:00:00.000Z,5,1720,1726,1718,1719
2022-07-27T13:00:00.000Z,9,1719,1720,1711,1715
2022-07-27T17:00:00.000Z,13,1715,1739,1713,1731
2022-07-27T21:00:00.000Z,17,1731,1737,1731,1732
2022-07-28T01:00:00.000Z,21,1733,1739,1726,1733
2022-07-28T05:00:00.000Z,1,1733,1744,1733,1743
2022-07-28T09:00:00.000Z,5,1744,1749,1736,1743
2022-07-28T13:00:00.000Z,9,1743,1757,1729,1748
2022-07-28T17:00:00.000Z,13,1749,1758,1746,1755
2022-07-28T21:00:00.000Z,17,1754,1756,1746,1751
2022-07-29T01:00:00.000Z,21,1751,1759,1749,1758
2022-07-29T05:00:00.000Z,1,1758,1765,1757,1758
2022-07-29T09:00:00.000Z,5,1757,1758,1722,1750
2022-07-29T13:00:00.000Z,9,1750,1771,1750,1761
2022-07-29T17:00:00.000Z,13,1761,1767,1760,1764
2022-07-31T21:00:00.000Z,17,1766,1767,1760,1761
2022-08-01T01:00:00.000Z,21,1761,1765,1757,1760
2022-08-01T05:00:00.000Z,1,1761,1764,1758,1763
2022-08-01T09:00:00.000Z,5,1763,1773,1760,1766
2022-08-01T13:00:00.000Z,9,1766,1772,1763,1768
2022-08-01T17:00:00.000Z,13,1768,1769,1762,1766
2022-08-01T21:00:00.000Z,17,1767,1775,1765,1775
2022-08-02T01:00:00.000Z,21,1775,1777,1771,1774
2022-08-02T05:00:00.000Z,1,1773,1776,1769,1770
2022-08-02T09:00:00.000Z,5,1771,1788,1769,1786
2022-08-02T13:00:00.000Z,9,1786,1786,1772,1773
2022-08-02T17:00:00.000Z,13,1773,1774,1758,1759
2022-08-02T21:00:00.000Z,17,1758,1759,1750,1750
2022-08-03T01:00:00.000Z,21,1750,1766,1749,1765
2022-08-03T05:00:00.000Z,1,1765,1769,1760,1760
2022-08-03T09:00:00.000Z,5,1761,1767,1759,1766
2022-08-03T13:00:00.000Z,9,1766,1768,1753,1756
2022-08-03T17:00:00.000Z,13,1756,1762,1754,1760
2022-08-03T21:00:00.000Z,17,1759,1761,1758,1760
2022-08-04T01:00:00.000Z,21,1760,1766,1760,1765
2022-08-04T05:00:00.000Z,1,1765,1770,1763,1770
2022-08-04T09:00:00.000Z,5,1770,1782,1768,1781
2022-08-04T13:00:00.000Z,9,1780,1787,1774,1783
2022-08-04T17:00:00.000Z,13,1784,1792,1783,1789
2022-08-04T21:00:00.000Z,17,1789,1790,1785,1789
2022-08-05T01:00:00.000Z,21,1789,1791,1786,1787
2022-08-05T05:00:00.000Z,1,1788,1789,1782,1783
2022-08-05T09:00:00.000Z,5,1782,1783,1766,1766
2022-08-05T13:00:00.000Z,9,1767,1776,1762,1769
2022-08-05T17:00:00.000Z,13,1769,1769,1766,1768
2022-08-07T21:00:00.000Z,17,1770,1770,1766,1768
2022-08-08T01:00:00.000Z,21,1768,1769,1767,1767
2022-08-08T05:00:00.000Z,1,1768,1773,1767,1770
2022-08-08T09:00:00.000Z,5,1769,1779,1768,1775
2022-08-08T13:00:00.000Z,9,1775,1782,1775,1780
2022-08-08T17:00:00.000Z,13,1780,1791,1778,1788
2022-08-08T21:00:00.000Z,17,1787,1788,1777,1780
2022-08-09T01:00:00.000Z,21,1780,1783,1776,1778
2022-08-09T05:00:00.000Z,1,1778,1785,1776,1784
2022-08-09T09:00:00.000Z,5,1784,1789,1780,1786
2022-08-09T13:00:00.000Z,9,1787,1793,1785,1789
2022-08-09T17:00:00.000Z,13,1789,1795,1785,1792
2022-08-09T21:00:00.000Z,17,1793,1799,1785,1787
2022-08-10T01:00:00.000Z,21,1787,1789,1786,1788
2022-08-10T05:00:00.000Z,1,1788,1789,1783,1786
2022-08-10T09:00:00.000Z,5,1787,1802,1784,1795
2022-08-10T13:00:00.000Z,9,1795,1796,1786,1793
2022-08-10T17:00:00.000Z,13,1792,1793,1779,1786
2022-08-10T21:00:00.000Z,17,1786,1791,1783,1789
2022-08-11T01:00:00.000Z,21,1788,1789,1778,1780
2022-08-11T05:00:00.000Z,1,1780,1783,1778,1780
2022-08-11T09:00:00.000Z,5,1780,1795,1780,1790
2022-08-11T13:00:00.000Z,9,1790,1792,1783,1784
2022-08-11T17:00:00.000Z,13,1784,1787,1779,1782
2022-08-11T21:00:00.000Z,17,1782,1782,1778,1780
2022-08-12T01:00:00.000Z,21,1780,1784,1778,1781
2022-08-12T05:00:00.000Z,1,1781,1786,1781,1782
2022-08-12T09:00:00.000Z,5,1782,1785,1776,1784
2022-08-12T13:00:00.000Z,9,1785,1790,1785,1789
2022-08-12T17:00:00.000Z,13,1789,1796,1788,1793
2022-08-14T21:00:00.000Z,17,1794,1798,1788,1795
2022-08-15T01:00:00.000Z,21,1795,1795,1787,1788
2022-08-15T05:00:00.000Z,1,1788,1789,1776,1778
2022-08-15T09:00:00.000Z,5,1777,1779,1768,1773
2022-08-15T13:00:00.000Z,9,1773,1778,1772,1777
2022-08-15T17:00:00.000Z,13,1777,1778,1770,1774
2022-08-15T21:00:00.000Z,17,1775,1776,1770,1773
2022-08-16T01:00:00.000Z,21,1773,1776,1768,1776
2022-08-16T05:00:00.000Z,1,1775,1776,1770,1771
2022-08-16T09:00:00.000Z,5,1770,1773,1767,1768
2022-08-16T13:00:00.000Z,9,1769,1772,1768,1770
2022-08-16T17:00:00.000Z,13,1771,1772,1767,1772
2022-08-16T21:00:00.000Z,17,1772,1772,1769,1771
2022-08-17T01:00:00.000Z,21,1770,1773,1768,1770
2022-08-17T05:00:00.000Z,1,1770,1777,1766,1769
2022-08-17T09:00:00.000Z,5,1769,1770,1760,1764
2022-08-17T13:00:00.000Z,9,1765,1765,1754,1756
2022-08-17T17:00:00.000Z,13,1756,1764,1755,1756
2022-08-17T21:00:00.000Z,17,1755,1758,1754,1757
2022-08-18T01:00:00.000Z,21,1758,1761,1757,1758
2022-08-18T05:00:00.000Z,1,1757,1759,1755,1757
2022-08-18T09:00:00.000Z,5,1758,1765,1758,1764
2022-08-18T13:00:00.000Z,9,1763,1764,1750,1752
2022-08-18T17:00:00.000Z,13,1752,1755,1751,1751
2022-08-18T21:00:00.000Z,17,1751,1752,1744,1749
2022-08-19T01:00:00.000Z,21,1749,1769,1745,1750
2022-08-19T05:00:00.000Z,1,1749,1750,1739,1746
2022-08-19T09:00:00.000Z,5,1746,1749,1739,1748
2022-08-19T13:00:00.000Z,9,1748,1751,1738,1743
2022-08-19T17:00:00.000Z,13,1743,1744,1720,1738
2022-08-21T21:00:00.000Z,17,1738,1742,1735,1738
2022-08-22T01:00:00.000Z,21,1738,1741,1736,1739
2022-08-22T05:00:00.000Z,1,1738,1740,1725,1728
2022-08-22T09:00:00.000Z,5,1729,1731,1723,1723
2022-08-22T13:00:00.000Z,9,1724,1734,1723,1731
2022-08-22T17:00:00.000Z,13,1730,1732,1726,1730
2022-08-22T21:00:00.000Z,17,1730,1734,1729,1730
2022-08-23T01:00:00.000Z,21,1731,1732,1729,1731
2022-08-23T05:00:00.000Z,1,1731,1736,1727,1735
2022-08-23T09:00:00.000Z,5,1735,1736,1727,1731
2022-08-23T13:00:00.000Z,9,1732,1747,1731,1743
2022-08-23T17:00:00.000Z,13,1742,1750,1738,1749
2022-08-23T21:00:00.000Z,17,1749,1750,1742,1743
2022-08-24T01:00:00.000Z,21,1743,1743,1739,1743
2022-08-24T05:00:00.000Z,1,1743,1748,1740,1747
2022-08-24T09:00:00.000Z,5,1747,1750,1741,1745
2022-08-24T13:00:00.000Z,9,1745,1750,1743,1747
2022-08-24T17:00:00.000Z,13,1747,1749,1744,1746
2022-08-24T21:00:00.000Z,17,1746,1748,1743,1748
2022-08-25T01:00:00.000Z,21,1748,1750,1747,1749
2022-08-25T05:00:00.000Z,1,1750,1758,1749,1757
2022-08-25T09:00:00.000Z,5,1757,1759,1753,1753
2022-08-25T13:00:00.000Z,9,1754,1754,1749,1750
2022-08-25T17:00:00.000Z,13,1750,1755,1750,1755
2022-08-25T21:00:00.000Z,17,1755,1755,1749,1750
2022-08-26T01:00:00.000Z,21,1750,1751,1749,1751
2022-08-26T05:00:00.000Z,1,1750,1751,1745,1746
2022-08-26T09:00:00.000Z,5,1746,1748,1739,1743
2022-08-26T13:00:00.000Z,9,1743,1748,1726,1730
2022-08-26T17:00:00.000Z,13,1730,1733,1727,1730
2022-08-28T21:00:00.000Z,17,1728,1735,1723,1727
2022-08-29T01:00:00.000Z,21,1727,1727,1702,1712
2022-08-29T05:00:00.000Z,1,1713,1716,1710,1711
2022-08-29T09:00:00.000Z,5,1711,1728,1710,1727
2022-08-29T13:00:00.000Z,9,1727,1738,1727,1732
2022-08-29T17:00:00.000Z,13,1732,1732,1727,1731
2022-08-29T21:00:00.000Z,17,1731,1732,1722,1731
2022-08-30T01:00:00.000Z,21,1732,1732,1726,1730
2022-08-30T05:00:00.000Z,1,1730,1730,1722,1728
2022-08-30T09:00:00.000Z,5,1728,1728,1721,1723
2022-08-30T13:00:00.000Z,9,1722,1723,1709,1714
2022-08-30T17:00:00.000Z,13,1714,1722,1713,1716
2022-08-30T21:00:00.000Z,17,1717,1720,1713,1716
2022-08-31T01:00:00.000Z,21,1716,1720,1715,1719
2022-08-31T05:00:00.000Z,1,1719,1723,1709,1711
2022-08-31T09:00:00.000Z,5,1711,1712,1704,1706
2022-08-31T13:00:00.000Z,9,1706,1715,1701,1712
2022-08-31T17:00:00.000Z,13,1712,1712,1705,1706
2022-08-31T21:00:00.000Z,17,1706,1708,1700,1702
2022-09-01T01:00:00.000Z,21,1703,1703,1696,1697
2022-09-01T05:00:00.000Z,1,1698,1701,1695,1697
2022-09-01T09:00:00.000Z,5,1697,1701,1692,1693
2022-09-01T13:00:00.000Z,9,1694,1697,1683,1688
2022-09-01T17:00:00.000Z,13,1689,1694,1688,1692
2022-09-01T21:00:00.000Z,17,1692,1695,1689,1690
2022-09-02T01:00:00.000Z,21,1690,1694,1688,1691
2022-09-02T05:00:00.000Z,1,1691,1697,1691,1696
2022-09-02T09:00:00.000Z,5,1696,1706,1695,1699
2022-09-02T13:00:00.000Z,9,1699,1710,1699,1704
2022-09-02T17:00:00.000Z,13,1704,1706,1698,1702
2022-09-04T21:00:00.000Z,17,1705,1707,1703,1704
2022-09-05T01:00:00.000Z,21,1704,1710,1703,1706
2022-09-05T05:00:00.000Z,1,1706,1707,1703,1706
2022-09-05T09:00:00.000Z,5,1706,1709,1702,1704
2022-09-05T13:00:00.000Z,9,1704,1706,1701,1703
2022-09-05T17:00:00.000Z,13,1703,1704,1700,1701
2022-09-05T21:00:00.000Z,17,1700,1721,1699,1719
2022-09-06T01:00:00.000Z,21,1719,1719,1708,1709
2022-09-06T05:00:00.000Z,1,1709,1715,1708,1708
2022-09-06T09:00:00.000Z,5,1709,1710,1703,1704
2022-09-06T13:00:00.000Z,9,1703,1704,1696,1697
2022-09-06T17:00:00.000Z,13,1697,1697,1690,1692
2022-09-06T21:00:00.000Z,17,1692,1695,1677,1687
2022-09-07T01:00:00.000Z,21,1687,1690,1682,1685
2022-09-07T05:00:00.000Z,1,1685,1697,1683,1695
2022-09-07T09:00:00.000Z,5,1696,1698,1692,1695
2022-09-07T13:00:00.000Z,9,1694,1707,1690,1707
2022-09-07T17:00:00.000Z,13,1707,1718,1705,1714
2022-09-07T21:00:00.000Z,17,1714,1715,1706,1708
2022-09-08T01:00:00.000Z,21,1707,1710,1707,1710
2022-09-08T05:00:00.000Z,1,1709,1714,1708,1712
2022-09-08T09:00:00.000Z,5,1712,1720,1709,1710
2022-09-08T13:00:00.000Z,9,1710,1711,1697,1700
2022-09-08T17:00:00.000Z,13,1701,1706,1700,1701
2022-09-08T21:00:00.000Z,17,1701,1706,1699,1705
2022-09-09T01:00:00.000Z,21,1705,1718,1705,1717
2022-09-09T05:00:00.000Z,1,1717,1725,1712,1724
2022-09-09T09:00:00.000Z,5,1723,1724,1714,1715
2022-09-09T13:00:00.000Z,9,1714,1715,1708,1712
2022-09-09T17:00:00.000Z,13,1712,1714,1709,1709
2022-09-11T21:00:00.000Z,17,1711,1716,1709,1711
2022-09-12T01:00:00.000Z,21,1712,1716,1706,1707
2022-09-12T05:00:00.000Z,1,1707,1720,1706,1719
2022-09-12T09:00:00.000Z,5,1718,1727,1715,1723
2022-09-12T13:00:00.000Z,9,1723,1734,1718,1726
2022-09-12T17:00:00.000Z,13,1725,1727,1716,1719
2022-09-12T21:00:00.000Z,17,1718,1720,1716,1719
2022-09-13T01:00:00.000Z,21,1718,1719,1716,1718
2022-09-13T05:00:00.000Z,1,1718,1723,1715,1720
2022-09-13T09:00:00.000Z,5,1720,1727,1694,1697
2022-09-13T13:00:00.000Z,9,1698,1705,1691,1700
2022-09-13T17:00:00.000Z,13,1699,1703,1692,1693
2022-09-13T21:00:00.000Z,17,1693,1695,1691,1692
2022-09-14T01:00:00.000Z,21,1693,1696,1693,1695
2022-09-14T05:00:00.000Z,1,1694,1696,1692,1695
2022-09-14T09:00:00.000Z,5,1696,1698,1692,1698
2022-09-14T13:00:00.000Z,9,1697,1699,1691,1695
2022-09-14T17:00:00.000Z,13,1695,1695,1686,1688
2022-09-14T21:00:00.000Z,17,1689,1693,1686,1688
2022-09-15T01:00:00.000Z,21,1688,1689,1682,1682
2022-09-15T05:00:00.000Z,1,1683,1685,1676,1677
2022-09-15T09:00:00.000Z,5,1678,1684,1677,1683
2022-09-15T13:00:00.000Z,9,1682,1683,1653,1660
2022-09-15T17:00:00.000Z,13,1660,1662,1654,1655
2022-09-15T21:00:00.000Z,17,1656,1658,1649,1657
2022-09-16T01:00:00.000Z,21,1657,1659,1651,1655
2022-09-16T05:00:00.000Z,1,1654,1656,1640,1650
2022-09-16T09:00:00.000Z,5,1651,1659,1650,1655
2022-09-16T13:00:00.000Z,9,1655,1671,1651,1665
2022-09-16T17:00:00.000Z,13,1666,1669,1663,1668
2022-09-18T21:00:00.000Z,17,1666,1671,1661,1668
2022-09-19T01:00:00.000Z,21,1668,1669,1656,1660
2022-09-19T05:00:00.000Z,1,1659,1661,1650,1655
2022-09-19T09:00:00.000Z,5,1655,1661,1652,1659
2022-09-19T13:00:00.000Z,9,1658,1670,1655,1662
2022-09-19T17:00:00.000Z,13,1662,1666,1658,1666
2022-09-19T21:00:00.000Z,17,1665,1670,1664,1669
2022-09-20T01:00:00.000Z,21,1668,1671,1665,1667
2022-09-20T05:00:00.000Z,1,1667,1668,1661,1661
2022-09-20T09:00:00.000Z,5,1661,1662,1658,1659
2022-09-20T13:00:00.000Z,9,1659,1660,1653,1654
2022-09-20T17:00:00.000Z,13,1655,1660,1645,1657
2022-09-20T21:00:00.000Z,17,1657,1658,1653,1658
2022-09-21T01:00:00.000Z,21,1657,1659,1655,1656
2022-09-21T05:00:00.000Z,1,1657,1667,1656,1664
2022-09-21T09:00:00.000Z,5,1664,1669,1663,1668
2022-09-21T13:00:00.000Z,9,1668,1668,1659,1659
2022-09-21T17:00:00.000Z,13,1659,1681,1646,1668
2022-09-21T21:00:00.000Z,17,1669,1669,1653,1655
2022-09-22T01:00:00.000Z,21,1656,1659,1651,1654
2022-09-22T05:00:00.000Z,1,1655,1670,1651,1666
2022-09-22T09:00:00.000Z,5,1666,1676,1659,1674
2022-09-22T13:00:00.000Z,9,1674,1674,1661,1668
2022-09-22T17:00:00.000Z,13,1668,1669,1661,1663
2022-09-22T21:00:00.000Z,17,1664,1668,1661,1666
2022-09-23T01:00:00.000Z,21,1666,1668,1662,1663
2022-09-23T05:00:00.000Z,1,1663,1666,1655,1655
2022-09-23T09:00:00.000Z,5,1655,1657,1634,1641
2022-09-23T13:00:00.000Z,9,1640,1650,1634,1640
2022-09-23T17:00:00.000Z,13,1640,1643,1633,1636
2022-09-25T21:00:00.000Z,17,1634,1638,1622,1622
2022-09-26T01:00:00.000Z,21,1622,1635,1622,1628
2022-09-26T05:00:00.000Z,1,1628,1641,1626,1639
2022-09-26T09:00:00.000Z,5,1640,1641,1629,1640
2022-09-26T13:00:00.000Z,9,1639,1641,1620,1623
2022-09-26T17:00:00.000Z,13,1623,1624,1610,1616
2022-09-26T21:00:00.000Z,17,1616,1622,1606,1622
2022-09-27T01:00:00.000Z,21,1622,1626,1620,1624
2022-09-27T05:00:00.000Z,1,1624,1633,1621,1628
2022-09-27T09:00:00.000Z,5,1627,1633,1622,1628
2022-09-27T13:00:00.000Z,9,1628,1630,1617,1620
2022-09-27T17:00:00.000Z,13,1620,1624,1618,1620
2022-09-27T21:00:00.000Z,17,1620,1623,1619,1619
2022-09-28T01:00:00.000Z,21,1619,1620,1612,1617
2022-09-28T05:00:00.000Z,1,1617,1617,1607,1612
2022-09-28T09:00:00.000Z,5,1612,1630,1607,1627
2022-09-28T13:00:00.000Z,9,1628,1654,1627,1650
2022-09-28T17:00:00.000Z,13,1650,1656,1648,1652
2022-09-28T21:00:00.000Z,17,1652,1653,1645,1646
2022-09-29T01:00:00.000Z,21,1645,1650,1645,1646
2022-09-29T05:00:00.000Z,1,1645,1645,1634,1637
2022-09-29T09:00:00.000Z,5,1637,1647,1637,1643
2022-09-29T13:00:00.000Z,9,1642,1656,1639,1652
2022-09-29T17:00:00.000Z,13,1652,1655,1648,1653
2022-09-29T21:00:00.000Z,17,1653,1659,1652,1658
2022-09-30T01:00:00.000Z,21,1657,1659,1653,1654
2022-09-30T05:00:00.000Z,1,1654,1666,1654,1665
2022-09-30T09:00:00.000Z,5,1664,1664,1654,1658
2022-09-30T13:00:00.000Z,9,1659,1670,1657,1660
2022-09-30T17:00:00.000Z,13,1659,1660,1653,1654
2022-10-02T21:00:00.000Z,17,1657,1659,1654,1658
2022-10-03T01:00:00.000Z,21,1658,1663,1658,1659
2022-10-03T05:00:00.000Z,1,1659,1663,1657,1658
2022-10-03T09:00:00.000Z,5,1658,1663,1654,1663
2022-10-03T13:00:00.000Z,9,1663,1689,1661,1684
2022-10-03T17:00:00.000Z,13,1683,1695,1683,1694
2022-10-03T21:00:00.000Z,17,1694,1698,1693,1693
2022-10-04T01:00:00.000Z,21,1694,1695,1691,1695
2022-10-04T05:00:00.000Z,1,1694,1706,1691,1701
2022-10-04T09:00:00.000Z,5,1701,1705,1696,1704
2022-10-04T13:00:00.000Z,9,1703,1720,1701,1718
2022-10-04T17:00:00.000Z,13,1717,1721,1709,1720
2022-10-04T21:00:00.000Z,17,1720,1722,1717,1717
2022-10-05T01:00:00.000Z,21,1717,1718,1711,1712
2022-10-05T05:00:00.000Z,1,1712,1718,1704,1706
2022-10-05T09:00:00.000Z,5,1707,1707,1697,1705
2022-10-05T13:00:00.000Z,9,1705,1706,1695,1703
2022-10-05T17:00:00.000Z,13,1704,1710,1703,1708
2022-10-05T21:00:00.000Z,17,1708,1717,1706,1715
2022-10-06T01:00:00.000Z,21,1714,1717,1714,1716
2022-10-06T05:00:00.000Z,1,1716,1717,1707,1709
2022-10-06T09:00:00.000Z,5,1709,1712,1706,1709
2022-10-06T13:00:00.000Z,9,1709,1710,1700,1702
2022-10-06T17:00:00.000Z,13,1703,1706,1702,1705
2022-10-06T21:00:00.000Z,17,1705,1708,1702,1705
2022-10-07T01:00:00.000Z,21,1705,1706,1702,1703
2022-10-07T05:00:00.000Z,1,1702,1705,1700,1705
2022-10-07T09:00:00.000Z,5,1704,1706,1686,1690
2022-10-07T13:00:00.000Z,9,1690,1701,1684,1693
2022-10-07T17:00:00.000Z,13,1693,1694,1686,1689
2022-10-09T21:00:00.000Z,17,1690,1691,1681,1687
2022-10-10T01:00:00.000Z,21,1687,1688,1679,1680
2022-10-10T05:00:00.000Z,1,1680,1682,1670,1672
2022-10-10T09:00:00.000Z,5,1673,1675,1669,1670
2022-10-10T13:00:00.000Z,9,1671,1671,1659,1660
2022-10-10T17:00:00.000Z,13,1661,1666,1660,1664
2022-10-10T21:00:00.000Z,17,1664,1664,1659,1664
2022-10-11T01:00:00.000Z,21,1664,1664,1656,1658
2022-10-11T05:00:00.000Z,1,1657,1663,1657,1660
2022-10-11T09:00:00.000Z,5,1659,1667,1657,1663
2022-10-11T13:00:00.000Z,9,1663,1675,1657,1675
2022-10-11T17:00:00.000Z,13,1675,1675,1658,1661
2022-10-11T21:00:00.000Z,17,1662,1663,1658,1658
2022-10-12T01:00:00.000Z,21,1659,1664,1657,1661
2022-10-12T05:00:00.000Z,1,1662,1671,1660,1664
2022-10-12T09:00:00.000Z,5,1665,1666,1659,1663
2022-10-12T13:00:00.000Z,9,1663,1667,1661,1663
2022-10-12T17:00:00.000Z,13,1663,1670,1661,1667
2022-10-12T21:00:00.000Z,17,1668,1668,1663,1665
2022-10-13T01:00:00.000Z,21,1665,1666,1659,1661
2022-10-13T05:00:00.000Z,1,1660,1665,1658,1665
2022-10-13T09:00:00.000Z,5,1665,1673,1639,1646
2022-10-13T13:00:00.000Z,9,1646,1660,1639,1658
2022-10-13T17:00:00.000Z,13,1657,1665,1657,1659
2022-10-13T21:00:00.000Z,17,1658,1660,1657,1657
2022-10-14T01:00:00.000Z,21,1657,1664,1655,1659
2022-10-14T05:00:00.000Z,1,1659,1663,1655,1656
2022-10-14T09:00:00.000Z,5,1655,1655,1646,1655
2022-10-14T13:00:00.000Z,9,1655,1656,1630,1635
2022-10-14T17:00:00.000Z,13,1636,1637,1634,1636
2022-10-16T21:00:00.000Z,17,1640,1641,1639,1641
2022-10-17T01:00:00.000Z,21,1641,1645,1639,1639
2022-10-17T05:00:00.000Z,1,1640,1648,1639,1648
2022-10-17T09:00:00.000Z,5,1647,1659,1644,1659
2022-10-17T13:00:00.000Z,9,1659,1660,1651,1652
2022-10-17T17:00:00.000Z,13,1651,1652,1639,1643
2022-10-17T21:00:00.000Z,17,1643,1647,1643,1646
2022-10-18T01:00:00.000Z,21,1646,1652,1643,1652
2022-10-18T05:00:00.000Z,1,1652,1652,1645,1645
2022-10-18T09:00:00.000Z,5,1645,1648,1643,1647
2022-10-18T13:00:00.000Z,9,1648,1648,1641,1643
2022-10-18T17:00:00.000Z,13,1643,1646,1640,1645
2022-10-18T21:00:00.000Z,17,1646,1647,1644,1645
2022-10-19T01:00:00.000Z,21,1644,1646,1641,1641
2022-10-19T05:00:00.000Z,1,1642,1642,1634,1636
2022-10-19T09:00:00.000Z,5,1635,1636,1627,1630
2022-10-19T13:00:00.000Z,9,1631,1632,1623,1624
2022-10-19T17:00:00.000Z,13,1625,1625,1621,1622
2022-10-19T21:00:00.000Z,17,1621,1624,1612,1621
2022-10-20T01:00:00.000Z,21,1621,1626,1617,1626
2022-10-20T05:00:00.000Z,1,1626,1627,1622,1625
2022-10-20T09:00:00.000Z,5,1624,1631,1621,1628
2022-10-20T13:00:00.000Z,9,1628,1638,1626,1629
2022-10-20T17:00:00.000Z,13,1630,1630,1619,1620
2022-10-20T21:00:00.000Z,17,1620,1621,1619,1619
2022-10-21T01:00:00.000Z,21,1620,1622,1615,1617
2022-10-21T05:00:00.000Z,1,1616,1622,1613,1617
2022-10-21T09:00:00.000Z,5,1616,1624,1610,1624
2022-10-21T13:00:00.000Z,9,1623,1645,1622,1645
2022-10-21T17:00:00.000Z,13,1644,1650,1643,1649
2022-10-23T21:00:00.000Z,17,1653,1662,1652,1654
2022-10-24T01:00:00.000Z,21,1653,1654,1648,1650
2022-10-24T05:00:00.000Z,1,1651,1651,1640,1642
2022-10-24T09:00:00.000Z,5,1642,1645,1641,1644
2022-10-24T13:00:00.000Z,9,1644,1646,1638,1644
2022-10-24T17:00:00.000Z,13,1644,1645,1643,1643
2022-10-24T21:00:00.000Z,17,1644,1646,1643,1645
2022-10-25T01:00:00.000Z,21,1646,1646,1642,1646
2022-10-25T05:00:00.000Z,1,1646,1646,1638,1638
2022-10-25T09:00:00.000Z,5,1638,1640,1634,1635
2022-10-25T13:00:00.000Z,9,1636,1655,1635,1650
2022-10-25T17:00:00.000Z,13,1650,1659,1642,1645
2022-10-25T21:00:00.000Z,17,1645,1650,1640,1645
2022-10-26T01:00:00.000Z,21,1646,1652,1645,1649
2022-10-26T05:00:00.000Z,1,1649,1671,1648,1668
2022-10-26T09:00:00.000Z,5,1668,1669,1657,1657
2022-10-26T13:00:00.000Z,9,1656,1668,1656,1659
2022-10-26T17:00:00.000Z,13,1658,1662,1656,1658
2022-10-26T21:00:00.000Z,17,1658,1662,1657,1659
2022-10-27T01:00:00.000Z,21,1660,1662,1655,1660
2022-10-27T05:00:00.000Z,1,1660,1662,1655,1657
2022-10-27T09:00:00.000Z,5,1657,1658,1650,1653
2022-10-27T13:00:00.000Z,9,1653,1659,1648,1653
2022-10-27T17:00:00.000Z,13,1652,1656,1650,1656
2022-10-27T21:00:00.000Z,17,1655,1660,1652,1655
2022-10-28T01:00:00.000Z,21,1654,1658,1653,1655
2022-10-28T05:00:00.000Z,1,1656,1656,1642,1644
2022-10-28T09:00:00.000Z,5,1644,1647,1635,1640
2022-10-28T13:00:00.000Z,9,1640,1644,1633,1640
2022-10-28T17:00:00.000Z,13,1640,1641,1633,1637
2022-10-30T21:00:00.000Z,17,1638,1640,1635,1637
2022-10-31T01:00:00.000Z,21,1637,1638,1633,1637
2022-10-31T05:00:00.000Z,1,1637,1639,1631,1632
2022-10-31T09:00:00.000Z,5,1633,1638,1632,1632
2022-10-31T13:00:00.000Z,9,1633,1635,1627,1631
2022-10-31T17:00:00.000Z,13,1631,1631,1622,1629
2022-10-31T21:00:00.000Z,17,1629,1630,1626,1628
2022-11-01T01:00:00.000Z,21,1628,1634,1627,1633
2022-11-01T05:00:00.000Z,1,1634,1641,1632,1638
2022-11-01T09:00:00.000Z,5,1640,1648,1638,1647
2022-11-01T13:00:00.000Z,9,1647,1648,1637,1638
2022-11-01T17:00:00.000Z,13,1638,1643,1633,1639
2022-11-01T21:00:00.000Z,17,1638,1641,1637,1641
2022-11-02T01:00:00.000Z,21,1642,1647,1639,1644
2022-11-02T05:00:00.000Z,1,1644,1648,1638,1647
2022-11-02T09:00:00.000Z,5,1647,1650,1645,1649
2022-11-02T13:00:00.000Z,9,1649,1650,1637,1640
2022-11-02T17:00:00.000Z,13,1639,1661,1625,1629
2022-11-02T21:00:00.000Z,17,1628,1632,1626,1632
2022-11-03T01:00:00.000Z,21,1632,1637,1631,1634
2022-11-03T05:00:00.000Z,1,1634,1634,1619,1624
2022-11-03T09:00:00.000Z,5,1623,1624,1612,1617
2022-11-03T13:00:00.000Z,9,1617,1624,1614,1623
2022-11-03T17:00:00.000Z,13,1623,1629,1622,1628
2022-11-03T21:00:00.000Z,17,1628,1629,1624,1627
2022-11-04T01:00:00.000Z,21,1627,1639,1623,1638
2022-11-04T05:00:00.000Z,1,1639,1644,1636,1642
2022-11-04T09:00:00.000Z,5,1643,1651,1637,1651
2022-11-04T13:00:00.000Z,9,1651,1668,1651,1663
2022-11-04T17:00:00.000Z,13,1664,1673,1663,1671
2022-11-06T22:00:00.000Z,17,1672,1672,1663,1666
2022-11-07T02:00:00.000Z,21,1666,1666,1662,1663
2022-11-07T06:00:00.000Z,1,1663,1673,1654,1671
2022-11-07T10:00:00.000Z,5,1672,1673,1667,1670
2022-11-07T14:00:00.000Z,9,1670,1673,1669,1671
2022-11-07T18:00:00.000Z,13,1670,1673,1664,1666
2022-11-07T22:00:00.000Z,17,1667,1669,1659,1667
2022-11-08T02:00:00.000Z,21,1667,1668,1658,1662
2022-11-08T06:00:00.000Z,1,1662,1664,1657,1662
2022-11-08T10:00:00.000Z,5,1662,1666,1659,1663
2022-11-08T14:00:00.000Z,9,1664,1714,1662,1704
2022-11-08T18:00:00.000Z,13,1705,1712,1685,1699
2022-11-08T22:00:00.000Z,17,1699,1706,1689,1700
2022-11-09T02:00:00.000Z,21,1700,1705,1694,1702
2022-11-09T06:00:00.000Z,1,1702,1710,1693,1699
2022-11-09T10:00:00.000Z,5,1701,1709,1691,1701
2022-11-09T14:00:00.000Z,9,1702,1717,1690,1707
2022-11-09T18:00:00.000Z,13,1707,1708,1682,1701
2022-11-09T22:00:00.000Z,17,1702,1708,1675,1702
2022-11-10T02:00:00.000Z,21,1702,1728,1696,1711
2022-11-10T06:00:00.000Z,1,1711,1712,1700,1709
2022-11-10T10:00:00.000Z,5,1709,1748,1702,1733
2022-11-10T14:00:00.000Z,9,1733,1757,1732,1743
2022-11-10T18:00:00.000Z,13,1742,1758,1740,1750
2022-11-10T22:00:00.000Z,17,1750,1754,1741,1743
2022-11-11T02:00:00.000Z,21,1744,1763,1743,1762
2022-11-11T06:00:00.000Z,1,1763,1764,1755,1762
2022-11-11T10:00:00.000Z,5,1762,1764,1756,1761
2022-11-11T14:00:00.000Z,9,1761,1768,1733,1765
2022-11-11T18:00:00.000Z,13,1766,1777,1760,1777
2022-11-13T22:00:00.000Z,17,1746,1747,1724,1733
2022-11-14T02:00:00.000Z,21,1734,1744,1720,1728
2022-11-14T06:00:00.000Z,1,1728,1739,1725,1731
2022-11-14T10:00:00.000Z,5,1730,1739,1718,1734
2022-11-14T14:00:00.000Z,9,1734,1763,1731,1762
2022-11-14T18:00:00.000Z,13,1762,1767,1730,1755
2022-11-14T22:00:00.000Z,17,1755,1758,1724,1757
2022-11-15T02:00:00.000Z,21,1757,1761,1740,1753
2022-11-15T06:00:00.000Z,1,1753,1764,1739,1756
2022-11-15T10:00:00.000Z,5,1756,1765,1756,1762
2022-11-15T14:00:00.000Z,9,1761,1766,1755,1764
2022-11-15T18:00:00.000Z,13,1765,1783,1756,1765
2022-11-15T22:00:00.000Z,17,1765,1777,1765,1769
2022-11-16T02:00:00.000Z,21,1769,1770,1765,1767
2022-11-16T06:00:00.000Z,1,1768,1768,1758,1764
2022-11-16T10:00:00.000Z,5,1764,1772,1762,1770
2022-11-16T14:00:00.000Z,9,1770,1772,1760,1766
2022-11-16T18:00:00.000Z,13,1766,1767,1759,1762
2022-11-16T22:00:00.000Z,17,1762,1767,1761,1766
2022-11-17T02:00:00.000Z,21,1767,1767,1751,1760
2022-11-17T06:00:00.000Z,1,1759,1765,1752,1757
2022-11-17T10:00:00.000Z,5,1756,1759,1749,1750
2022-11-17T14:00:00.000Z,9,1751,1759,1740,1754
2022-11-17T18:00:00.000Z,13,1753,1778,1743,1761
2022-11-17T22:00:00.000Z,17,1761,1762,1748,1757
2022-11-18T02:00:00.000Z,21,1758,1760,1754,1757
2022-11-18T06:00:00.000Z,1,1756,1760,1755,1759
2022-11-18T10:00:00.000Z,5,1758,1761,1756,1757
2022-11-18T14:00:00.000Z,9,1757,1758,1740,1746
2022-11-18T18:00:00.000Z,13,1745,1746,1737,1740
2022-11-20T22:00:00.000Z,17,1741,1752,1740,1748
2022-11-21T02:00:00.000Z,21,1749,1751,1743,1746
2022-11-21T06:00:00.000Z,1,1746,1747,1733,1737
2022-11-21T10:00:00.000Z,5,1736,1738,1732,1736
2022-11-21T14:00:00.000Z,9,1737,1746,1731,1741
2022-11-21T18:00:00.000Z,13,1741,1752,1729,1734
2022-11-21T22:00:00.000Z,17,1734,1749,1733,1735
2022-11-22T02:00:00.000Z,21,1736,1741,1735,1741
2022-11-22T06:00:00.000Z,1,1740,1742,1736,1740
2022-11-22T10:00:00.000Z,5,1739,1746,1738,1744
2022-11-22T14:00:00.000Z,9,1744,1748,1736,1736
2022-11-22T18:00:00.000Z,13,1736,1739,1734,1736
2022-11-22T22:00:00.000Z,17,1736,1741,1734,1739
2022-11-23T02:00:00.000Z,21,1738,1741,1732,1734
2022-11-23T06:00:00.000Z,1,1734,1739,1733,1735
2022-11-23T10:00:00.000Z,5,1735,1737,1726,1730
2022-11-23T14:00:00.000Z,9,1729,1741,1723,1739
2022-11-23T18:00:00.000Z,13,1740,1745,1739,1741
2022-11-23T22:00:00.000Z,17,1740,1748,1739,1747
2022-11-24T02:00:00.000Z,21,1746,1748,1744,1746
2022-11-24T06:00:00.000Z,1,1746,1748,1742,1747
2022-11-24T10:00:00.000Z,5,1747,1750,1745,1749
2022-11-24T14:00:00.000Z,9,1750,1750,1746,1748
2022-11-24T18:00:00.000Z,13,1748,1748,1740,1743
2022-11-24T22:00:00.000Z,17,1742,1748,1742,1747
2022-11-25T02:00:00.000Z,21,1748,1752,1746,1748
2022-11-25T06:00:00.000Z,1,1748,1749,1745,1746
2022-11-25T10:00:00.000Z,5,1746,1754,1743,1743
2022-11-25T14:00:00.000Z,9,1744,1754,1743,1747
2022-11-25T18:00:00.000Z,13,1747,1753,1746,1749
2022-11-27T22:00:00.000Z,17,1754,1755,1739,1741
2022-11-28T02:00:00.000Z,21,1740,1745,1739,1744
2022-11-28T06:00:00.000Z,1,1744,1754,1743,1753
2022-11-28T10:00:00.000Z,5,1753,1755,1748,1749
2022-11-28T14:00:00.000Z,9,1749,1750,1739,1745
2022-11-28T18:00:00.000Z,13,1744,1744,1737,1741
2022-11-28T22:00:00.000Z,17,1741,1743,1739,1742
2022-11-29T02:00:00.000Z,21,1743,1749,1742,1747
2022-11-29T06:00:00.000Z,1,1747,1752,1742,1749
2022-11-29T10:00:00.000Z,5,1749,1749,1739,1746
2022-11-29T14:00:00.000Z,9,1746,1747,1729,1743
2022-11-29T18:00:00.000Z,13,1744,1746,1738,1743
2022-11-29T22:00:00.000Z,17,1743,1750,1737,1747
2022-11-30T02:00:00.000Z,21,1748,1748,1742,1745
2022-11-30T06:00:00.000Z,1,1746,1751,1740,1750
2022-11-30T10:00:00.000Z,5,1751,1754,1749,1750
2022-11-30T14:00:00.000Z,9,1750,1752,1739,1745
2022-11-30T18:00:00.000Z,13,1745,1759,1740,1756
2022-11-30T22:00:00.000Z,17,1757,1770,1756,1770
2022-12-01T02:00:00.000Z,21,1769,1771,1762,1770
2022-12-01T06:00:00.000Z,1,1771,1773,1769,1770
2022-12-01T10:00:00.000Z,5,1769,1783,1767,1781
2022-12-01T14:00:00.000Z,9,1781,1793,1779,1789
2022-12-01T18:00:00.000Z,13,1790,1794,1784,1791
2022-12-01T22:00:00.000Z,17,1792,1794,1789,1790
2022-12-02T02:00:00.000Z,21,1790,1790,1780,1786
2022-12-02T06:00:00.000Z,1,1786,1792,1785,1792
2022-12-02T10:00:00.000Z,5,1792,1792,1773,1775
2022-12-02T14:00:00.000Z,9,1775,1788,1771,1786
2022-12-02T18:00:00.000Z,13,1786,1789,1783,1789
2022-12-04T22:00:00.000Z,17,1793,1796,1788,1795
2022-12-05T02:00:00.000Z,21,1796,1803,1795,1801
2022-12-05T06:00:00.000Z,1,1801,1802,1793,1795
2022-12-05T10:00:00.000Z,5,1796,1797,1792,1792
2022-12-05T14:00:00.000Z,9,1791,1792,1775,1776
2022-12-05T18:00:00.000Z,13,1776,1776,1767,1769
2022-12-05T22:00:00.000Z,17,1770,1780,1767,1780
2022-12-06T02:00:00.000Z,21,1780,1782,1778,1780
2022-12-06T06:00:00.000Z,1,1780,1780,1775,1775
2022-12-06T10:00:00.000Z,5,1776,1783,1775,1782
2022-12-06T14:00:00.000Z,9,1782,1783,1774,1776
2022-12-06T18:00:00.000Z,13,1777,1777,1773,1775
2022-12-06T22:00:00.000Z,17,1776,1778,1772,1775
2022-12-07T02:00:00.000Z,21,1775,1777,1773,1777
2022-12-07T06:00:00.000Z,1,1777,1779,1771,1776
2022-12-07T10:00:00.000Z,5,1776,1781,1772,1780
2022-12-07T14:00:00.000Z,9,1781,1788,1777,1784
2022-12-07T18:00:00.000Z,13,1784,1790,1783,1789
2022-12-07T22:00:00.000Z,17,1788,1789,1785,1785
2022-12-08T02:00:00.000Z,21,1785,1787,1784,1784
2022-12-08T06:00:00.000Z,1,1785,1787,1779,1784
2022-12-08T10:00:00.000Z,5,1784,1789,1781,1788
2022-12-08T14:00:00.000Z,9,1789,1789,1784,1784
2022-12-08T18:00:00.000Z,13,1785,1789,1783,1787
2022-12-08T22:00:00.000Z,17,1788,1789,1787,1789
2022-12-09T02:00:00.000Z,21,1788,1791,1787,1789
2022-12-09T06:00:00.000Z,1,1790,1791,1789,1791
2022-12-09T10:00:00.000Z,5,1790,1799,1789,1792
2022-12-09T14:00:00.000Z,9,1793,1802,1792,1802
2022-12-09T18:00:00.000Z,13,1801,1802,1789,1791
2022-12-11T22:00:00.000Z,17,1799,1800,1793,1793
2022-12-12T02:00:00.000Z,21,1794,1794,1781,1786
2022-12-12T06:00:00.000Z,1,1786,1790,1783,1790
2022-12-12T10:00:00.000Z,5,1790,1792,1788,1790
2022-12-12T14:00:00.000Z,9,1790,1791,1781,1783
2022-12-12T18:00:00.000Z,13,1782,1785,1774,1783
2022-12-12T22:00:00.000Z,17,1783,1784,1776,1780
2022-12-13T02:00:00.000Z,21,1780,1788,1779,1781
2022-12-13T06:00:00.000Z,1,1781,1783,1778,1780
2022-12-13T10:00:00.000Z,5,1780,1798,1773,1798
2022-12-13T14:00:00.000Z,9,1798,1815,1797,1801
2022-12-13T18:00:00.000Z,13,1802,1805,1800,1803
2022-12-13T22:00:00.000Z,17,1803,1815,1802,1810
2022-12-14T02:00:00.000Z,21,1811,1827,1809,1824
2022-12-14T06:00:00.000Z,1,1823,1825,1815,1816
2022-12-14T10:00:00.000Z,5,1816,1816,1799,1809
2022-12-14T14:00:00.000Z,9,1809,1813,1803,1811
2022-12-14T18:00:00.000Z,13,1811,1811,1798,1804
2022-12-14T22:00:00.000Z,17,1803,1807,1799,1800
2022-12-15T02:00:00.000Z,21,1800,1800,1786,1787
2022-12-15T06:00:00.000Z,1,1788,1798,1781,1783
2022-12-15T10:00:00.000Z,5,1783,1783,1779,1779
2022-12-15T14:00:00.000Z,9,1779,1784,1773,1779
2022-12-15T18:00:00.000Z,13,1779,1782,1773,1780
2022-12-15T22:00:00.000Z,17,1781,1801,1778,1785
2022-12-16T02:00:00.000Z,21,1785,1792,1785,1789
2022-12-16T06:00:00.000Z,1,1789,1792,1774,1775
2022-12-16T10:00:00.000Z,5,1774,1788,1774,1787
2022-12-16T14:00:00.000Z,9,1786,1796,1783,1795
2022-12-16T18:00:00.000Z,13,1795,1807,1795,1804
2022-12-18T22:00:00.000Z,17,1797,1799,1795,1799
2022-12-19T02:00:00.000Z,21,1799,1800,1796,1796
2022-12-19T06:00:00.000Z,1,1797,1803,1794,1802
2022-12-19T10:00:00.000Z,5,1802,1805,1799,1799
2022-12-19T14:00:00.000Z,9,1799,1802,1790,1795
2022-12-19T18:00:00.000Z,13,1795,1799,1794,1796
2022-12-19T22:00:00.000Z,17,1795,1800,1790,1797
2022-12-20T02:00:00.000Z,21,1797,1800,1790,1791
2022-12-20T06:00:00.000Z,1,1791,1805,1787,1804
2022-12-20T10:00:00.000Z,5,1805,1809,1804,1804
2022-12-20T14:00:00.000Z,9,1804,1818,1803,1816
2022-12-20T18:00:00.000Z,13,1817,1818,1814,1814
2022-12-20T22:00:00.000Z,17,1815,1817,1809,1813
2022-12-21T02:00:00.000Z,21,1813,1815,1812,1812
2022-12-21T06:00:00.000Z,1,1813,1815,1811,1812
2022-12-21T10:00:00.000Z,5,1813,1816,1808,1815
2022-12-21T14:00:00.000Z,9,1815,1820,1814,1817
2022-12-21T18:00:00.000Z,13,1817,1819,1814,1815
2022-12-21T22:00:00.000Z,17,1815,1815,1813,1815
2022-12-22T02:00:00.000Z,21,1815,1824,1814,1820
2022-12-22T06:00:00.000Z,1,1820,1821,1817,1820
2022-12-22T10:00:00.000Z,5,1820,1823,1807,1807
2022-12-22T14:00:00.000Z,9,1808,1808,1799,1799
2022-12-22T18:00:00.000Z,13,1799,1799,1791,1795
2022-12-22T22:00:00.000Z,17,1796,1797,1790,1794
2022-12-23T02:00:00.000Z,21,1794,1800,1794,1800
2022-12-23T06:00:00.000Z,1,1800,1815,1797,1812
2022-12-23T10:00:00.000Z,5,1812,1813,1805,1808
2022-12-23T14:00:00.000Z,9,1808,1809,1801,1806
2022-12-23T18:00:00.000Z,13,1807,1807,1803,1806
2022-12-25T22:00:00.000Z,17,1801,1801,1795,1798
2022-12-26T02:00:00.000Z,21,1799,1801,1799,1800
2022-12-26T06:00:00.000Z,1,1800,1801,1798,1799
2022-12-26T10:00:00.000Z,5,1800,1801,1798,1800
2022-12-26T14:00:00.000Z,9,1800,1803,1794,1802
2022-12-26T18:00:00.000Z,13,1802,1803,1800,1802
2022-12-26T22:00:00.000Z,17,1803,1803,1797,1800
2022-12-27T02:00:00.000Z,21,1800,1806,1800,1805
2022-12-27T06:00:00.000Z,1,1806,1809,1804,1808
2022-12-27T10:00:00.000Z,5,1808,1812,1807,1808
2022-12-27T14:00:00.000Z,9,1808,1821,1806,1813
2022-12-27T18:00:00.000Z,13,1814,1817,1813,1815
2022-12-27T22:00:00.000Z,17,1815,1816,1812,1812
2022-12-28T02:00:00.000Z,21,1813,1814,1811,1812
2022-12-28T06:00:00.000Z,1,1812,1812,1804,1804
2022-12-28T10:00:00.000Z,5,1804,1808,1804,1807
2022-12-28T14:00:00.000Z,9,1808,1809,1802,1808
2022-12-28T18:00:00.000Z,13,1808,1812,1802,1804
2022-12-28T22:00:00.000Z,17,1805,1815,1804,1807
2022-12-29T02:00:00.000Z,21,1807,1809,1804,1809
2022-12-29T06:00:00.000Z,1,1809,1811,1806,1810
2022-12-29T10:00:00.000Z,5,1810,1810,1802,1809
2022-12-29T14:00:00.000Z,9,1809,1814,1804,1813
2022-12-29T18:00:00.000Z,13,1814,1816,1811,1815
2022-12-29T22:00:00.000Z,17,1815,1817,1812,1812
2022-12-30T02:00:00.000Z,21,1812,1816,1806,1813
2022-12-30T06:00:00.000Z,1,1814,1817,1812,1816
2022-12-30T10:00:00.000Z,5,1816,1820,1814,1820
2022-12-30T14:00:00.000Z,9,1820,1823,1816,1819
2022-12-30T18:00:00.000Z,13,1820,1824,1819,1822
2023-01-01T22:00:00.000Z,17,1822,1825,1821,1824
2023-01-02T02:00:00.000Z,21,1824,1830,1823,1828
2023-01-02T06:00:00.000Z,1,1829,1830,1823,1825
2023-01-02T10:00:00.000Z,5,1824,1826,1823,1823
2023-01-02T14:00:00.000Z,9,1823,1826,1815,1821
2023-01-02T18:00:00.000Z,13,1822,1823,1821,1821
2023-01-02T22:00:00.000Z,17,1822,1828,1821,1828
2023-01-03T02:00:00.000Z,21,1827,1844,1827,1835
2023-01-03T06:00:00.000Z,1,1836,1840,1829,1835
2023-01-03T10:00:00.000Z,5,1835,1836,1830,1835
2023-01-03T14:00:00.000Z,9,1834,1839,1828,1836
2023-01-03T18:00:00.000Z,13,1837,1844,1836,1842
2023-01-03T22:00:00.000Z,17,1842,1843,1837,1841
2023-01-04T02:00:00.000Z,21,1841,1845,1840,1843
2023-01-04T06:00:00.000Z,1,1844,1861,1843,1859
2023-01-04T10:00:00.000Z,5,1859,1868,1853,1858
2023-01-04T14:00:00.000Z,9,1858,1859,1852,1853
2023-01-04T18:00:00.000Z,13,1853,1855,1837,1853
2023-01-04T22:00:00.000Z,17,1854,1855,1850,1854
2023-01-05T02:00:00.000Z,21,1853,1856,1850,1852
2023-01-05T06:00:00.000Z,1,1853,1855,1844,1846
2023-01-05T10:00:00.000Z,5,1846,1849,1839,1839
2023-01-05T14:00:00.000Z,9,1840,1840,1832,1835
2023-01-05T18:00:00.000Z,13,1835,1839,1832,1834
2023-01-05T22:00:00.000Z,17,1833,1837,1832,1833
2023-01-06T02:00:00.000Z,21,1834,1840,1833,1839
2023-01-06T06:00:00.000Z,1,1839,1842,1837,1839
2023-01-06T10:00:00.000Z,5,1839,1846,1830,1845
2023-01-06T14:00:00.000Z,9,1844,1855,1841,1855
2023-01-06T18:00:00.000Z,13,1854,1857,1849,1851
2023-01-08T22:00:00.000Z,17,1860,1862,1858,1861
2023-01-09T02:00:00.000Z,21,1861,1865,1859,1864
2023-01-09T06:00:00.000Z,1,1865,1866,1856,1860
2023-01-09T10:00:00.000Z,5,1860,1865,1859,1863
2023-01-09T14:00:00.000Z,9,1863,1866,1861,1862
2023-01-09T18:00:00.000Z,13,1861,1868,1860,1862
2023-01-09T22:00:00.000Z,17,1862,1863,1860,1860
2023-01-10T02:00:00.000Z,21,1861,1863,1860,1862
2023-01-10T06:00:00.000Z,1,1862,1865,1861,1865
2023-01-10T10:00:00.000Z,5,1864,1868,1862,1862
2023-01-10T14:00:00.000Z,9,1862,1865,1859,1863
2023-01-10T18:00:00.000Z,13,1863,1864,1861,1863
2023-01-10T22:00:00.000Z,17,1863,1865,1861,1864
2023-01-11T02:00:00.000Z,21,1865,1870,1863,1870
2023-01-11T06:00:00.000Z,1,1870,1883,1869,1876
2023-01-11T10:00:00.000Z,5,1876,1877,1871,1872
2023-01-11T14:00:00.000Z,9,1871,1872,1860,1864
2023-01-11T18:00:00.000Z,13,1864,1870,1863,1869
2023-01-11T22:00:00.000Z,17,1870,1876,1866,1872
2023-01-12T02:00:00.000Z,21,1872,1878,1872,1874
2023-01-12T06:00:00.000Z,1,1874,1894,1872,1877
2023-01-12T10:00:00.000Z,5,1878,1883,1869,1883
2023-01-12T14:00:00.000Z,9,1883,1885,1858,1882
2023-01-12T18:00:00.000Z,13,1882,1884,1877,1882
2023-01-12T22:00:00.000Z,17,1882,1886,1875,1881
2023-01-13T02:00:00.000Z,21,1881,1896,1880,1889
2023-01-13T06:00:00.000Z,1,1889,1900,1888,1897
2023-01-13T10:00:00.000Z,5,1897,1897,1885,1889
2023-01-13T14:00:00.000Z,9,1889,1902,1888,1897
2023-01-13T18:00:00.000Z,13,1897,1902,1895,1898
2023-01-15T22:00:00.000Z,17,1895,1906,1892,1897
2023-01-16T02:00:00.000Z,21,1898,1900,1893,1897
2023-01-16T06:00:00.000Z,1,1898,1898,1888,1889
2023-01-16T10:00:00.000Z,5,1889,1892,1885,1888
2023-01-16T14:00:00.000Z,9,1888,1896,1887,1892
2023-01-16T18:00:00.000Z,13,1893,1895,1887,1889
2023-01-16T22:00:00.000Z,17,1889,1892,1885,1888
2023-01-17T02:00:00.000Z,21,1888,1891,1884,1888
2023-01-17T06:00:00.000Z,1,1888,1892,1883,1886
2023-01-17T10:00:00.000Z,5,1886,1893,1884,1893
2023-01-17T14:00:00.000Z,9,1893,1894,1885,1887
2023-01-17T18:00:00.000Z,13,1887,1896,1885,1896
2023-01-17T22:00:00.000Z,17,1896,1896,1886,1889
2023-01-18T02:00:00.000Z,21,1889,1891,1886,1886
2023-01-18T06:00:00.000Z,1,1887,1893,1886,1892
2023-01-18T10:00:00.000Z,5,1892,1896,1890,1895
2023-01-18T14:00:00.000Z,9,1894,1897,1885,1887
2023-01-18T18:00:00.000Z,13,1887,1893,1881,1883
2023-01-18T22:00:00.000Z,17,1883,1895,1880,1883
2023-01-19T02:00:00.000Z,21,1882,1895,1881,1893
2023-01-19T06:00:00.000Z,1,1893,1900,1890,1897
2023-01-19T10:00:00.000Z,5,1897,1898,1892,1894
2023-01-19T14:00:00.000Z,9,1894,1904,1892,1901
2023-01-19T18:00:00.000Z,13,1901,1917,1894,1912
2023-01-19T22:00:00.000Z,17,1912,1919,1911,1914
2023-01-20T02:00:00.000Z,21,1915,1919,1902,1907
2023-01-20T06:00:00.000Z,1,1908,1915,1907,1910
2023-01-20T10:00:00.000Z,5,1910,1920,1904,1911
2023-01-20T14:00:00.000Z,9,1911,1917,1908,1914
2023-01-20T18:00:00.000Z,13,1915,1922,1908,1909
2023-01-22T22:00:00.000Z,17,1908,1914,1905,1913
2023-01-23T02:00:00.000Z,21,1913,1915,1911,1911
2023-01-23T06:00:00.000Z,1,1911,1913,1901,1911
2023-01-23T10:00:00.000Z,5,1910,1913,1906,1907
2023-01-23T14:00:00.000Z,9,1908,1910,1900,1906
2023-01-23T18:00:00.000Z,13,1906,1913,1903,1910
2023-01-23T22:00:00.000Z,17,1908,1913,1897,1909
2023-01-24T02:00:00.000Z,21,1910,1911,1900,1906
2023-01-24T06:00:00.000Z,1,1906,1912,1902,1908
2023-01-24T10:00:00.000Z,5,1906,1910,1903,1906
2023-01-24T14:00:00.000Z,9,1905,1913,1903,1907
2023-01-24T18:00:00.000Z,13,1907,1910,1903,1904
2023-01-24T22:00:00.000Z,17,1904,1912,1900,1908
2023-01-25T02:00:00.000Z,21,1907,1909,1900,1902
2023-01-25T06:00:00.000Z,1,1904,1908,1901,1906
2023-01-25T10:00:00.000Z,5,1906,1907,1902,1904
2023-01-25T14:00:00.000Z,9,1905,1906,1900,1906
2023-01-25T18:00:00.000Z,13,1906,1925,1902,1920
2023-01-25T22:00:00.000Z,17,1920,1927,1917,1922
2023-01-26T02:00:00.000Z,21,1921,1927,1919,1924
2023-01-26T06:00:00.000Z,1,1924,1927,1919,1920
2023-01-26T10:00:00.000Z,5,1920,1923,1917,1920
2023-01-26T14:00:00.000Z,9,1919,1922,1911,1916
2023-01-26T18:00:00.000Z,13,1916,1921,1916,1921
2023-01-26T22:00:00.000Z,17,1921,1922,1918,1919
2023-01-27T02:00:00.000Z,21,1919,1920,1916,1920
2023-01-27T06:00:00.000Z,1,1920,1920,1913,1916
2023-01-27T10:00:00.000Z,5,1916,1919,1915,1916
2023-01-27T14:00:00.000Z,9,1917,1919,1914,1917
2023-01-27T18:00:00.000Z,13,1917,1919,1914,1915
2023-01-29T22:00:00.000Z,17,1910,1914,1905,1907
2023-01-30T02:00:00.000Z,21,1907,1914,1902,1911
2023-01-30T06:00:00.000Z,1,1911,1911,1899,1905
2023-01-30T10:00:00.000Z,5,1903,1906,1898,1904
2023-01-30T14:00:00.000Z,9,1903,1904,1896,1899
2023-01-30T18:00:00.000Z,13,1900,1901,1890,1893
2023-01-30T22:00:00.000Z,17,1894,1897,1890,1895
2023-01-31T02:00:00.000Z,21,1895,1896,1892,1893
2023-01-31T06:00:00.000Z,1,1894,1895,1872,1877
2023-01-31T10:00:00.000Z,5,1877,1885,1873,1884
2023-01-31T14:00:00.000Z,9,1885,1897,1885,1896
2023-01-31T18:00:00.000Z,13,1895,1906,1892,1901
2023-01-31T22:00:00.000Z,17,1901,1906,1895,1904
2023-02-01T02:00:00.000Z,21,1905,1906,1898,1899
2023-02-01T06:00:00.000Z,1,1900,1901,1895,1899
2023-02-01T10:00:00.000Z,5,1898,1910,1896,1900
2023-02-01T14:00:00.000Z,9,1900,1909,1897,1904
2023-02-01T18:00:00.000Z,13,1904,1919,1899,1912
2023-02-01T22:00:00.000Z,17,1912,1922,1908,1916
2023-02-02T02:00:00.000Z,21,1916,1922,1913,1916
2023-02-02T06:00:00.000Z,1,1917,1921,1909,1919
2023-02-02T10:00:00.000Z,5,1919,1923,1917,1922
2023-02-02T14:00:00.000Z,9,1922,1924,1901,1901
2023-02-02T18:00:00.000Z,13,1901,1910,1897,1903
2023-02-02T22:00:00.000Z,17,1900,1907,1896,1907
2023-02-03T02:00:00.000Z,21,1907,1907,1893,1896
2023-02-03T06:00:00.000Z,1,1897,1899,1894,1898
2023-02-03T10:00:00.000Z,5,1898,1907,1877,1885
2023-02-03T14:00:00.000Z,9,1884,1887,1870,1873
2023-02-03T18:00:00.000Z,13,1874,1879,1859,1867
2023-02-05T22:00:00.000Z,17,1855,1866,1854,1865
2023-02-06T02:00:00.000Z,21,1865,1866,1860,1863
2023-02-06T06:00:00.000Z,1,1864,1869,1862,1867
2023-02-06T10:00:00.000Z,5,1868,1872,1865,1868
2023-02-06T14:00:00.000Z,9,1869,1869,1862,1863
2023-02-06T18:00:00.000Z,13,1863,1865,1860,1863
2023-02-06T22:00:00.000Z,17,1862,1874,1858,1866
2023-02-07T02:00:00.000Z,21,1867,1875,1865,1870
2023-02-07T06:00:00.000Z,1,1871,1875,1865,1868
2023-02-07T10:00:00.000Z,5,1868,1868,1859,1859
2023-02-07T14:00:00.000Z,9,1860,1870,1854,1865
2023-02-07T18:00:00.000Z,13,1867,1870,1855,1858
2023-02-07T22:00:00.000Z,17,1859,1864,1858,1861
2023-02-08T02:00:00.000Z,21,1861,1862,1856,1856
2023-02-08T06:00:00.000Z,1,1856,1866,1856,1866
2023-02-08T10:00:00.000Z,5,1866,1867,1861,1863
2023-02-08T14:00:00.000Z,9,1863,1865,1851,1858
2023-02-08T18:00:00.000Z,13,1858,1861,1857,1860
2023-02-08T22:00:00.000Z,17,1859,1866,1859,1865
2023-02-09T02:00:00.000Z,21,1865,1868,1859,1859
2023-02-09T06:00:00.000Z,1,1860,1866,1859,1865
2023-02-09T10:00:00.000Z,5,1864,1871,1864,1869
2023-02-09T14:00:00.000Z,9,1870,1871,1857,1859
2023-02-09T18:00:00.000Z,13,1860,1862,1844,1849
2023-02-09T22:00:00.000Z,17,1850,1853,1842,1845
2023-02-10T02:00:00.000Z,21,1845,1845,1832,1840
2023-02-10T06:00:00.000Z,1,1840,1842,1833,1834
2023-02-10T10:00:00.000Z,5,1836,1846,1832,1840
2023-02-10T14:00:00.000Z,9,1839,1846,1822,1833
2023-02-10T18:00:00.000Z,13,1834,1841,1824,1826
2023-02-12T22:00:00.000Z,17,1822,1831,1816,1821
2023-02-13T02:00:00.000Z,21,1821,1827,1814,1817
2023-02-13T06:00:00.000Z,1,1816,1819,1750,1797
2023-02-13T10:00:00.000Z,5,1798,1824,1716,1822
2023-02-13T14:00:00.000Z,9,1822,1830,1794,1824
2023-02-13T18:00:00.000Z,13,1825,1830,1800,1800
2023-02-13T22:00:00.000Z,17,1800,1834,1786,1823
2023-02-14T02:00:00.000Z,21,1823,1841,1806,1837
2023-02-14T06:00:00.000Z,1,1838,1849,1829,1843
2023-02-14T10:00:00.000Z,5,1844,1850,1829,1845
2023-02-14T14:00:00.000Z,9,1843,1848,1820,1831
2023-02-14T18:00:00.000Z,13,1833,1846,1826,1832
2023-02-14T22:00:00.000Z,17,1833,1838,1828,1832
2023-02-15T02:00:00.000Z,21,1834,1842,1831,1831
2023-02-15T06:00:00.000Z,1,1833,1833,1816,1819
2023-02-15T10:00:00.000Z,5,1821,1829,1815,1820
2023-02-15T14:00:00.000Z,9,1819,1821,1811,1818
2023-02-15T18:00:00.000Z,13,1818,1831,1814,1824
2023-02-15T22:00:00.000Z,17,1823,1830,1820,1825
2023-02-16T02:00:00.000Z,21,1825,1828,1823,1826
2023-02-16T06:00:00.000Z,1,1826,1828,1818,1823
2023-02-16T10:00:00.000Z,5,1823,1824,1812,1812
2023-02-16T14:00:00.000Z,9,1813,1824,1811,1817
2023-02-16T18:00:00.000Z,13,1817,1836,1814,1824
2023-02-16T22:00:00.000Z,17,1825,1825,1818,1820
2023-02-17T02:00:00.000Z,21,1820,1820,1816,1817
2023-02-17T06:00:00.000Z,1,1818,1818,1800,1804
2023-02-17T10:00:00.000Z,5,1803,1808,1803,1807
2023-02-17T14:00:00.000Z,9,1807,1817,1804,1816
2023-02-17T18:00:00.000Z,13,1816,1830,1816,1821
2023-02-19T22:00:00.000Z,17,1823,1824,1819,1823
2023-02-20T02:00:00.000Z,21,1824,1826,1821,1823
2023-02-20T06:00:00.000Z,1,1824,1828,1822,1828
2023-02-20T10:00:00.000Z,5,1828,1828,1815,1819
2023-02-20T14:00:00.000Z,9,1819,1821,1814,1815
2023-02-20T18:00:00.000Z,13,1816,1818,1811,1815
2023-02-20T22:00:00.000Z,17,1814,1816,1813,1815
2023-02-21T02:00:00.000Z,21,1815,1815,1812,1813
2023-02-21T06:00:00.000Z,1,1814,1816,1806,1811
2023-02-21T10:00:00.000Z,5,1812,1815,1806,1808
2023-02-21T14:00:00.000Z,9,1809,1818,1808,1813
2023-02-21T18:00:00.000Z,13,1814,1815,1809,1811
2023-02-21T22:00:00.000Z,17,1812,1813,1809,1810
2023-02-22T02:00:00.000Z,21,1810,1819,1809,1817
2023-02-22T06:00:00.000Z,1,1818,1820,1814,1817
2023-02-22T10:00:00.000Z,5,1819,1820,1816,1817
2023-02-22T14:00:00.000Z,9,1817,1820,1810,1813
2023-02-22T18:00:00.000Z,13,1813,1813,1807,1809
2023-02-22T22:00:00.000Z,17,1808,1812,1807,1812
2023-02-23T02:00:00.000Z,21,1812,1820,1811,1816
2023-02-23T06:00:00.000Z,1,1816,1818,1813,1813
2023-02-23T10:00:00.000Z,5,1813,1817,1807,1808
2023-02-23T14:00:00.000Z,9,1808,1812,1806,1810
2023-02-23T18:00:00.000Z,13,1810,1815,1810,1812
2023-02-23T22:00:00.000Z,17,1812,1816,1808,1812
2023-02-24T02:00:00.000Z,21,1811,1813,1806,1809
2023-02-24T06:00:00.000Z,1,1809,1813,1807,1808
2023-02-24T10:00:00.000Z,5,1808,1809,1803,1806
2023-02-24T14:00:00.000Z,9,1807,1807,1791,1798
2023-02-24T18:00:00.000Z,13,1797,1802,1797,1801
2023-02-26T22:00:00.000Z,17,1798,1799,1792,1797
2023-02-27T02:00:00.000Z,21,1797,1797,1795,1796
2023-02-27T06:00:00.000Z,1,1797,1801,1795,1801
2023-02-27T10:00:00.000Z,5,1800,1806,1798,1805
2023-02-27T14:00:00.000Z,9,1805,1805,1797,1800
2023-02-27T18:00:00.000Z,13,1800,1805,1796,1805
2023-02-27T22:00:00.000Z,17,1804,1807,1802,1804
2023-02-28T02:00:00.000Z,21,1804,1806,1804,1805
2023-02-28T06:00:00.000Z,1,1805,1806,1793,1795
2023-02-28T10:00:00.000Z,5,1796,1798,1792,1796
2023-02-28T14:00:00.000Z,9,1797,1816,1795,1814
2023-02-28T18:00:00.000Z,13,1813,1815,1804,1808
2023-02-28T22:00:00.000Z,17,1808,1809,1806,1807
2023-03-01T02:00:00.000Z,21,1806,1819,1806,1815
2023-03-01T06:00:00.000Z,1,1816,1822,1816,1817
2023-03-01T10:00:00.000Z,5,1818,1823,1814,1820
2023-03-01T14:00:00.000Z,9,1821,1826,1820,1825
2023-03-01T18:00:00.000Z,13,1825,1828,1823,1828
2023-03-01T22:00:00.000Z,17,1827,1828,1822,1823
2023-03-02T02:00:00.000Z,21,1824,1828,1820,1822
2023-03-02T06:00:00.000Z,1,1822,1823,1820,1821
2023-03-02T10:00:00.000Z,5,1821,1825,1819,1821
2023-03-02T14:00:00.000Z,9,1822,1825,1819,1820
2023-03-02T18:00:00.000Z,13,1820,1822,1816,1822
2023-03-02T22:00:00.000Z,17,1822,1832,1819,1820
2023-03-03T02:00:00.000Z,21,1820,1828,1819,1823
2023-03-03T06:00:00.000Z,1,1824,1833,1822,1830
2023-03-03T10:00:00.000Z,5,1830,1835,1828,1833
2023-03-03T14:00:00.000Z,9,1833,1835,1825,1827
2023-03-03T18:00:00.000Z,13,1827,1847,1826,1840
2023-03-05T22:00:00.000Z,17,1847,1854,1843,1853
2023-03-06T02:00:00.000Z,21,1852,1862,1846,1851
2023-03-06T06:00:00.000Z,1,1851,1859,1849,1852
2023-03-06T10:00:00.000Z,5,1852,1859,1843,1844
2023-03-06T14:00:00.000Z,9,1844,1847,1834,1843
2023-03-06T18:00:00.000Z,13,1841,1842,1830,1832
2023-03-06T22:00:00.000Z,17,1831,1839,1831,1839
2023-03-07T02:00:00.000Z,21,1838,1840,1835,1836
2023-03-07T06:00:00.000Z,1,1837,1839,1833,1834
2023-03-07T10:00:00.000Z,5,1833,1837,1827,1827
2023-03-07T14:00:00.000Z,9,1827,1830,1815,1816
2023-03-07T18:00:00.000Z,13,1816,1821,1802,1804
2023-03-07T22:00:00.000Z,17,1805,1805,1800,1804
2023-03-08T02:00:00.000Z,21,1804,1805,1797,1800
2023-03-08T06:00:00.000Z,1,1802,1805,1800,1804
2023-03-08T10:00:00.000Z,5,1804,1805,1802,1802
2023-03-08T14:00:00.000Z,9,1802,1813,1799,1801
2023-03-08T18:00:00.000Z,13,1802,1804,1799,1804
2023-03-08T22:00:00.000Z,17,1804,1809,1803,1806
2023-03-09T02:00:00.000Z,21,1806,1807,1804,1806
2023-03-09T06:00:00.000Z,1,1807,1810,1802,1804
2023-03-09T10:00:00.000Z,5,1805,1812,1804,1812
2023-03-09T14:00:00.000Z,9,1812,1819,1811,1815
2023-03-09T18:00:00.000Z,13,1816,1820,1806,1806
2023-03-09T22:00:00.000Z,17,1806,1812,1806,1812
2023-03-10T02:00:00.000Z,21,1811,1817,1811,1811
2023-03-10T06:00:00.000Z,1,1812,1822,1810,1818
2023-03-10T10:00:00.000Z,5,1817,1824,1812,1823
2023-03-10T14:00:00.000Z,9,1822,1855,1821,1850
2023-03-10T18:00:00.000Z,13,1850,1869,1849,1865
2023-03-12T21:00:00.000Z,17,1910,1938,1882,1896
2023-03-13T01:00:00.000Z,21,1896,1926,1889,1906
2023-03-13T05:00:00.000Z,1,1905,1919,1894,1904
2023-03-13T09:00:00.000Z,5,1904,1923,1901,1912
2023-03-13T13:00:00.000Z,9,1913,1929,1910,1919
2023-03-13T17:00:00.000Z,13,1917,1976,1911,1916
2023-03-13T21:00:00.000Z,17,1917,1930,1911,1926
2023-03-14T01:00:00.000Z,21,1926,1939,1910,1916
2023-03-14T05:00:00.000Z,1,1915,1929,1906,1907
2023-03-14T09:00:00.000Z,5,1907,1924,1901,1903
2023-03-14T13:00:00.000Z,9,1904,1914,1891,1904
2023-03-14T17:00:00.000Z,13,1904,1914,1893,1903
2023-03-14T21:00:00.000Z,17,1903,1913,1897,1905
2023-03-15T01:00:00.000Z,21,1906,1917,1904,1909
2023-03-15T05:00:00.000Z,1,1907,1911,1892,1897
2023-03-15T09:00:00.000Z,5,1898,1934,1892,1928
2023-03-15T13:00:00.000Z,9,1928,1940,1900,1940
2023-03-15T17:00:00.000Z,13,1939,1949,1920,1922
2023-03-15T21:00:00.000Z,17,1922,1940,1912,1923
2023-03-16T01:00:00.000Z,21,1922,1924,1916,1918
2023-03-16T05:00:00.000Z,1,1918,1924,1916,1919
2023-03-16T09:00:00.000Z,5,1919,1929,1919,1927
2023-03-16T13:00:00.000Z,9,1927,1930,1908,1908
2023-03-16T17:00:00.000Z,13,1909,1914,1903,1906
2023-03-16T21:00:00.000Z,17,1906,1909,1900,1903
2023-03-17T01:00:00.000Z,21,1902,1916,1902,1913
2023-03-17T05:00:00.000Z,1,1912,1924,1912,1913
2023-03-17T09:00:00.000Z,5,1913,1925,1905,1920
2023-03-17T13:00:00.000Z,9,1920,1951,1918,1940
2023-03-17T17:00:00.000Z,13,1941,2000,1940,1954
2023-03-19T21:00:00.000Z,17,1971,1980,1968,1972
2023-03-20T01:00:00.000Z,21,1973,1975,1963,1974
2023-03-20T05:00:00.000Z,1,1974,2013,1971,2002
2023-03-20T09:00:00.000Z,5,2001,2017,1971,1985
2023-03-20T13:00:00.000Z,9,1984,1990,1965,1970
2023-03-20T17:00:00.000Z,13,1970,1990,1969,1977
2023-03-20T21:00:00.000Z,17,1977,1988,1970,1983
2023-03-21T01:00:00.000Z,21,1983,1988,1973,1986
2023-03-21T05:00:00.000Z,1,1987,1987,1961,1961
2023-03-21T09:00:00.000Z,5,1961,1978,1954,1967
2023-03-21T13:00:00.000Z,9,1968,1970,1941,1947
2023-03-21T17:00:00.000Z,13,1946,1952,1941,1944
2023-03-21T21:00:00.000Z,17,1945,1952,1931,1942
2023-03-22T01:00:00.000Z,21,1943,1948,1940,1945
2023-03-22T05:00:00.000Z,1,1945,1946,1938,1944
2023-03-22T09:00:00.000Z,5,1944,1946,1939,1944
2023-03-22T13:00:00.000Z,9,1944,1980,1938,1946
2023-03-22T17:00:00.000Z,13,1947,1982,1942,1977
2023-03-22T21:00:00.000Z,17,1978,1980,1971,1980
2023-03-23T01:00:00.000Z,21,1980,1989,1973,1982
2023-03-23T05:00:00.000Z,1,1981,1988,1972,1974
2023-03-23T09:00:00.000Z,5,1974,1990,1971,1974
2023-03-23T13:00:00.000Z,9,1975,1994,1975,1987
2023-03-23T17:00:00.000Z,13,1987,2010,1981,1997
2023-03-23T21:00:00.000Z,17,1997,1999,1975,1991
2023-03-24T01:00:00.000Z,21,1992,1996,1983,1991
2023-03-24T05:00:00.000Z,1,1992,1993,1983,1989
2023-03-24T09:00:00.000Z,5,1989,2006,1988,1997
2023-03-24T13:00:00.000Z,9,1997,2010,1991,2000
2023-03-24T17:00:00.000Z,13,1999,2009,1981,1984
2023-03-26T21:00:00.000Z,17,1994,1997,1985,1987
2023-03-27T01:00:00.000Z,21,1987,1991,1985,1991
2023-03-27T05:00:00.000Z,1,1991,1992,1984,1986
2023-03-27T09:00:00.000Z,5,1986,1987,1967,1969
2023-03-27T13:00:00.000Z,9,1968,1980,1962,1970
2023-03-27T17:00:00.000Z,13,1970,1976,1966,1975
2023-03-27T21:00:00.000Z,17,1974,1998,1974,1989
2023-03-28T01:00:00.000Z,21,1988,1991,1974,1982
2023-03-28T05:00:00.000Z,1,1982,1986,1974,1975
2023-03-28T09:00:00.000Z,5,1975,1987,1971,1985
2023-03-28T13:00:00.000Z,9,1985,1987,1975,1984
2023-03-28T17:00:00.000Z,13,1985,1994,1983,1985
2023-03-28T21:00:00.000Z,17,1985,1989,1980,1986
2023-03-29T01:00:00.000Z,21,1987,1988,1985,1987
2023-03-29T05:00:00.000Z,1,1987,1997,1982,1986
2023-03-29T09:00:00.000Z,5,1986,1989,1982,1984
2023-03-29T13:00:00.000Z,9,1985,1989,1979,1984
2023-03-29T17:00:00.000Z,13,1983,1988,1979,1982
2023-03-29T21:00:00.000Z,17,1982,1984,1979,1980
2023-03-30T01:00:00.000Z,21,1980,1981,1968,1976
2023-03-30T05:00:00.000Z,1,1976,1982,1974,1979
2023-03-30T09:00:00.000Z,5,1979,1983,1975,1980
2023-03-30T13:00:00.000Z,9,1978,1985,1973,1985
2023-03-30T17:00:00.000Z,13,1985,1988,1976,1983
2023-03-30T21:00:00.000Z,17,1984,1986,1979,1979
2023-03-31T01:00:00.000Z,21,1981,1986,1981,1986
2023-03-31T05:00:00.000Z,1,1986,1991,1983,1988
2023-03-31T09:00:00.000Z,5,1988,1991,1985,1990
2023-03-31T13:00:00.000Z,9,1990,1992,1979,1982
2023-03-31T17:00:00.000Z,13,1981,1981,1970,1973
2023-04-02T21:00:00.000Z,17,1975,1978,1971,1972
2023-04-03T01:00:00.000Z,21,1973,1977,1968,1969
2023-04-03T05:00:00.000Z,1,1970,1975,1962,1972
2023-04-03T09:00:00.000Z,5,1972,1983,1970,1981
2023-04-03T13:00:00.000Z,9,1981,1993,1978,1987
2023-04-03T17:00:00.000Z,13,1987,1990,1984,1987
2023-04-03T21:00:00.000Z,17,1986,1988,1980,1985
2023-04-04T01:00:00.000Z,21,1985,1985,1978,1981
2023-04-04T05:00:00.000Z,1,1981,1987,1980,1984
2023-04-04T09:00:00.000Z,5,1984,1991,1981,1991
2023-04-04T13:00:00.000Z,9,1990,2025,1988,2020
2023-04-04T17:00:00.000Z,13,2018,2024,2013,2020
2023-04-04T21:00:00.000Z,17,2020,2029,2020,2028
2023-04-05T01:00:00.000Z,21,2028,2032,2026,2032
2023-04-05T05:00:00.000Z,1,2032,2054,2029,2044
2023-04-05T09:00:00.000Z,5,2044,2053,2026,2043
2023-04-05T13:00:00.000Z,9,2043,2048,2029,2036
2023-04-05T17:00:00.000Z,13,2036,2043,2026,2031
2023-04-05T21:00:00.000Z,17,2031,2036,2027,2028
2023-04-06T01:00:00.000Z,21,2028,2028,2023,2026
2023-04-06T05:00:00.000Z,1,2026,2028,2023,2026
2023-04-06T09:00:00.000Z,5,2026,2030,2008,2018
2023-04-06T13:00:00.000Z,9,2018,2019,2011,2016
2023-04-06T17:00:00.000Z,13,2016,2021,2013,2015
2023-04-06T21:00:00.000Z,17,2015,2020,2014,2017
2023-04-07T01:00:00.000Z,21,2018,2023,2013,2017
2023-04-07T05:00:00.000Z,1,2017,2021,2009,2021
2023-04-07T09:00:00.000Z,5,2020,2026,2019,2021
2023-04-07T13:00:00.000Z,9,2022,2027,2021,2025
2023-04-07T17:00:00.000Z,13,2025,2025,2019,2021
2023-04-09T21:00:00.000Z,17,2020,2025,2017,2017
2023-04-10T01:00:00.000Z,21,2017,2020,2005,2007
2023-04-10T05:00:00.000Z,1,2007,2015,2006,2014
2023-04-10T09:00:00.000Z,5,2015,2016,2009,2009
2023-04-10T13:00:00.000Z,9,2009,2014,2003,2007
2023-04-10T17:00:00.000Z,13,2007,2013,1998,2005
2023-04-10T21:00:00.000Z,17,2005,2013,1998,2010
2023-04-11T01:00:00.000Z,21,2010,2023,2000,2021
2023-04-11T05:00:00.000Z,1,2021,2024,2020,2023
2023-04-11T09:00:00.000Z,5,2023,2026,2020,2021
2023-04-11T13:00:00.000Z,9,2022,2022,2014,2018
2023-04-11T17:00:00.000Z,13,2018,2025,2015,2021
2023-04-11T21:00:00.000Z,17,2021,2030,2020,2022
2023-04-12T01:00:00.000Z,21,2022,2027,2019,2025
2023-04-12T05:00:00.000Z,1,2026,2027,2015,2019
2023-04-12T09:00:00.000Z,5,2018,2031,2018,2030
2023-04-12T13:00:00.000Z,9,2030,2031,2018,2025
2023-04-12T17:00:00.000Z,13,2025,2033,2019,2024
2023-04-12T21:00:00.000Z,17,2025,2031,2022,2030
2023-04-13T01:00:00.000Z,21,2030,2033,2029,2029
2023-04-13T05:00:00.000Z,1,2030,2043,2029,2042
2023-04-13T09:00:00.000Z,5,2042,2044,2030,2044
2023-04-13T13:00:00.000Z,9,2044,2049,2039,2042
2023-04-13T17:00:00.000Z,13,2042,2043,2039,2040
2023-04-13T21:00:00.000Z,17,2041,2048,2039,2048
2023-04-14T01:00:00.000Z,21,2048,2048,2040,2041
2023-04-14T05:00:00.000Z,1,2041,2041,2030,2040
2023-04-14T09:00:00.000Z,5,2040,2053,2016,2030
2023-04-14T13:00:00.000Z,9,2030,2032,2001,2011
2023-04-14T17:00:00.000Z,13,2011,2021,2011,2020
2023-04-16T21:00:00.000Z,17,2019,2020,2013,2014
2023-04-17T01:00:00.000Z,21,2014,2018,2012,2014
2023-04-17T05:00:00.000Z,1,2015,2030,2014,2025
2023-04-17T09:00:00.000Z,5,2025,2025,2014,2015
2023-04-17T13:00:00.000Z,9,2015,2015,2000,2009
2023-04-17T17:00:00.000Z,13,2009,2016,2007,2007
2023-04-17T21:00:00.000Z,17,2007,2014,2007,2010
2023-04-18T01:00:00.000Z,21,2011,2015,2008,2013
2023-04-18T05:00:00.000Z,1,2013,2019,2010,2016
2023-04-18T09:00:00.000Z,5,2016,2028,2014,2015
2023-04-18T13:00:00.000Z,9,2016,2026,2012,2020
2023-04-18T17:00:00.000Z,13,2020,2020,2016,2018
2023-04-18T21:00:00.000Z,17,2017,2018,2010,2014
2023-04-19T01:00:00.000Z,21,2013,2015,2012,2013
2023-04-19T05:00:00.000Z,1,2013,2015,1994,1995
2023-04-19T09:00:00.000Z,5,1995,1999,1991,1998
2023-04-19T13:00:00.000Z,9,1999,2012,1991,2004
2023-04-19T17:00:00.000Z,13,2005,2012,2002,2002
2023-04-19T21:00:00.000Z,17,2002,2005,1999,2004
2023-04-20T01:00:00.000Z,21,2004,2005,1996,1999
2023-04-20T05:00:00.000Z,1,1999,2006,1995,2004
2023-04-20T09:00:00.000Z,5,2004,2013,2002,2013
2023-04-20T13:00:00.000Z,9,2013,2014,2003,2004
2023-04-20T17:00:00.000Z,13,2004,2012,2003,2007
2023-04-20T21:00:00.000Z,17,2006,2008,2004,2005
2023-04-21T01:00:00.000Z,21,2005,2005,2001,2001
2023-04-21T05:00:00.000Z,1,2001,2005,1991,1994
2023-04-21T09:00:00.000Z,5,1994,2000,1994,1997
2023-04-21T13:00:00.000Z,9,1997,2004,1987,1988
2023-04-21T17:00:00.000Z,13,1989,1991,1985,1986
2023-04-23T21:00:00.000Z,17,1984,1989,1982,1989
2023-04-24T01:00:00.000Z,21,1989,1990,1985,1986
2023-04-24T05:00:00.000Z,1,1986,1987,1981,1983
2023-04-24T09:00:00.000Z,5,1984,1991,1983,1986
2023-04-24T13:00:00.000Z,9,1987,1991,1983,1987
2023-04-24T17:00:00.000Z,13,1987,1997,1986,1992
2023-04-24T21:00:00.000Z,17,1992,2001,1991,2000
2023-04-25T01:00:00.000Z,21,2000,2000,1994,1996
2023-04-25T05:00:00.000Z,1,1996,1999,1992,1994
2023-04-25T09:00:00.000Z,5,1994,1996,1983,1994
2023-04-25T13:00:00.000Z,9,1994,1999,1986,1991
2023-04-25T17:00:00.000Z,13,1992,2014,1991,1999
2023-04-25T21:00:00.000Z,17,1999,2003,1996,2000
2023-04-26T01:00:00.000Z,21,2000,2003,1995,1997
2023-04-26T05:00:00.000Z,1,1998,2001,1996,2001
2023-04-26T09:00:00.000Z,5,2001,2005,1995,2000
2023-04-26T13:00:00.000Z,9,2000,2006,1988,1990
2023-04-26T17:00:00.000Z,13,1990,1994,1984,1989
2023-04-26T21:00:00.000Z,17,1989,1996,1986,1991
2023-04-27T01:00:00.000Z,21,1992,1998,1990,1997
2023-04-27T05:00:00.000Z,1,1998,2000,1994,1999
2023-04-27T09:00:00.000Z,5,1999,2000,1985,1986
2023-04-27T13:00:00.000Z,9,1986,1990,1981,1987
2023-04-27T17:00:00.000Z,13,1987,1993,1982,1988
2023-04-27T21:00:00.000Z,17,1988,1991,1986,1988
2023-04-28T01:00:00.000Z,21,1988,1989,1987,1989
2023-04-28T05:00:00.000Z,1,1989,1989,1986,1987
2023-04-28T09:00:00.000Z,5,1987,1990,1983,1985
2023-04-28T13:00:00.000Z,9,1984,1994,1983,1991
2023-04-28T17:00:00.000Z,13,1991,1991,1984,1987
2023-04-30T21:00:00.000Z,17,2000,2002,1996,1996
2023-05-01T01:00:00.000Z,21,1996,1997,1985,1989
2023-05-01T05:00:00.000Z,1,1989,1990,1987,1988
2023-05-01T09:00:00.000Z,5,1987,2004,1985,2000
2023-05-01T13:00:00.000Z,9,2000,2001,1988,1991
2023-05-01T17:00:00.000Z,13,1992,1998,1990,1992
2023-05-01T21:00:00.000Z,17,1992,1996,1981,1990
2023-05-02T01:00:00.000Z,21,1990,1992,1985,1987
2023-05-02T05:00:00.000Z,1,1988,1992,1986,1988
2023-05-02T09:00:00.000Z,5,1988,1994,1985,1992
2023-05-02T13:00:00.000Z,9,1992,2013,1989,2007
2023-05-02T17:00:00.000Z,13,2007,2021,2001,2018
2023-05-02T21:00:00.000Z,17,2017,2019,2007,2013
2023-05-03T01:00:00.000Z,21,2013,2017,2013,2015
2023-05-03T05:00:00.000Z,1,2015,2018,2013,2016
2023-05-03T09:00:00.000Z,5,2017,2022,2014,2017
2023-05-03T13:00:00.000Z,9,2017,2022,2007,2020
2023-05-03T17:00:00.000Z,13,2019,2031,2013,2028
2023-05-03T21:00:00.000Z,17,2028,2049,2027,2049
2023-05-04T01:00:00.000Z,21,2049,2049,2037,2039
2023-05-04T05:00:00.000Z,1,2040,2043,2030,2031
2023-05-04T09:00:00.000Z,5,2031,2046,2030,2036
2023-05-04T13:00:00.000Z,9,2037,2048,2032,2041
2023-05-04T17:00:00.000Z,13,2042,2048,2038,2044
2023-05-04T21:00:00.000Z,17,2044,2087,2015,2045
2023-05-05T01:00:00.000Z,21,2045,2049,2042,2046
2023-05-05T05:00:00.000Z,1,2047,2049,2042,2043
2023-05-05T09:00:00.000Z,5,2042,2044,2014,2017
2023-05-05T13:00:00.000Z,9,2018,2025,2009,2014
2023-05-05T17:00:00.000Z,13,2014,2021,2013,2018
2023-05-07T21:00:00.000Z,17,2019,2020,2014,2017
2023-05-08T01:00:00.000Z,21,2017,2023,2009,2019
2023-05-08T05:00:00.000Z,1,2019,2023,2017,2023
2023-05-08T09:00:00.000Z,5,2022,2028,2022,2027
2023-05-08T13:00:00.000Z,9,2026,2032,2022,2031
2023-05-08T17:00:00.000Z,13,2031,2032,2022,2023
2023-05-08T21:00:00.000Z,17,2022,2028,2022,2027
2023-05-09T01:00:00.000Z,21,2027,2033,2024,2032
2023-05-09T05:00:00.000Z,1,2032,2036,2030,2032
2023-05-09T09:00:00.000Z,5,2031,2037,2031,2033
2023-05-09T13:00:00.000Z,9,2034,2036,2029,2036
2023-05-09T17:00:00.000Z,13,2036,2042,2036,2039
2023-05-09T21:00:00.000Z,17,2039,2042,2036,2041
2023-05-10T01:00:00.000Z,21,2041,2042,2032,2033
2023-05-10T05:00:00.000Z,1,2034,2039,2032,2035
2023-05-10T09:00:00.000Z,5,2034,2050,2033,2049
2023-05-10T13:00:00.000Z,9,2049,2049,2028,2033
2023-05-10T17:00:00.000Z,13,2033,2040,2029,2037
2023-05-10T21:00:00.000Z,17,2037,2044,2031,2041
2023-05-11T01:00:00.000Z,21,2041,2042,2038,2039
2023-05-11T05:00:00.000Z,1,2039,2040,2023,2027
2023-05-11T09:00:00.000Z,5,2027,2050,2026,2041
2023-05-11T13:00:00.000Z,9,2041,2042,2016,2021
2023-05-11T17:00:00.000Z,13,2021,2022,2015,2022
2023-05-11T21:00:00.000Z,17,2021,2025,2020,2024
2023-05-12T01:00:00.000Z,21,2023,2023,2015,2018
2023-05-12T05:00:00.000Z,1,2018,2023,2011,2016
2023-05-12T09:00:00.000Z,5,2017,2023,2011,2023
2023-05-12T13:00:00.000Z,9,2023,2030,2015,2022
2023-05-12T17:00:00.000Z,13,2023,2026,2017,2018
2023-05-14T21:00:00.000Z,17,2017,2019,2015,2017
2023-05-15T01:00:00.000Z,21,2017,2026,2017,2019
2023-05-15T05:00:00.000Z,1,2020,2027,2019,2026
2023-05-15T09:00:00.000Z,5,2026,2026,2021,2023
2023-05-15T13:00:00.000Z,9,2024,2028,2022,2027
2023-05-15T17:00:00.000Z,13,2027,2028,2010,2018
2023-05-15T21:00:00.000Z,17,2017,2018,2014,2017
2023-05-16T01:00:00.000Z,21,2017,2018,2016,2018
2023-05-16T05:00:00.000Z,1,2018,2018,2010,2017
2023-05-16T09:00:00.000Z,5,2017,2018,2009,2015
2023-05-16T13:00:00.000Z,9,2016,2016,2001,2002
2023-05-16T17:00:00.000Z,13,2003,2003,1989,1995
2023-05-16T21:00:00.000Z,17,1994,2001,1994,2000
2023-05-17T01:00:00.000Z,21,2000,2002,1998,2000
2023-05-17T05:00:00.000Z,1,2001,2002,1992,1994
2023-05-17T09:00:00.000Z,5,1994,1997,1990,1993
2023-05-17T13:00:00.000Z,9,1992,2001,1981,1994
2023-05-17T17:00:00.000Z,13,1994,1999,1991,1997
2023-05-17T21:00:00.000Z,17,1996,1997,1991,1994
2023-05-18T01:00:00.000Z,21,1994,1996,1992,1992
2023-05-18T05:00:00.000Z,1,1993,1996,1988,1989
2023-05-18T09:00:00.000Z,5,1990,1992,1981,1981
2023-05-18T13:00:00.000Z,9,1983,1993,1976,1979
2023-05-18T17:00:00.000Z,13,1978,1979,1969,1978
2023-05-18T21:00:00.000Z,17,1978,1987,1975,1977
2023-05-19T01:00:00.000Z,21,1977,1978,1974,1978
2023-05-19T05:00:00.000Z,1,1978,1982,1977,1981
2023-05-19T09:00:00.000Z,5,1981,1987,1977,1978
2023-05-19T13:00:00.000Z,9,1978,1999,1974,1993
2023-05-19T17:00:00.000Z,13,1994,1999,1992,1994
2023-05-21T21:00:00.000Z,17,1988,1990,1985,1986
2023-05-22T01:00:00.000Z,21,1985,1987,1981,1984
2023-05-22T05:00:00.000Z,1,1984,1986,1980,1985
2023-05-22T09:00:00.000Z,5,1985,1986,1979,1980
2023-05-22T13:00:00.000Z,9,1981,1982,1976,1981
2023-05-22T17:00:00.000Z,13,1981,1983,1980,1981
2023-05-22T21:00:00.000Z,17,1982,1984,1978,1978
2023-05-23T01:00:00.000Z,21,1978,1978,1971,1977
2023-05-23T05:00:00.000Z,1,1977,1977,1971,1972
2023-05-23T09:00:00.000Z,5,1973,1975,1971,1971
2023-05-23T13:00:00.000Z,9,1972,1983,1971,1983
2023-05-23T17:00:00.000Z,13,1982,1988,1982,1983
2023-05-23T21:00:00.000Z,17,1983,1986,1982,1983
2023-05-24T01:00:00.000Z,21,1983,1988,1982,1986
2023-05-24T05:00:00.000Z,1,1987,1988,1981,1986
2023-05-24T09:00:00.000Z,5,1986,1994,1985,1990
2023-05-24T13:00:00.000Z,9,1990,1990,1972,1975
2023-05-24T17:00:00.000Z,13,1974,1978,1971,1972
2023-05-24T21:00:00.000Z,17,1972,1973,1971,1973
2023-05-25T01:00:00.000Z,21,1972,1974,1970,1971
2023-05-25T05:00:00.000Z,1,1972,1975,1971,1974
2023-05-25T09:00:00.000Z,5,1974,1976,1958,1963
2023-05-25T13:00:00.000Z,9,1963,1967,1958,1961
2023-05-25T17:00:00.000Z,13,1961,1972,1961,1968
2023-05-25T21:00:00.000Z,17,1968,1969,1963,1965
2023-05-26T01:00:00.000Z,21,1965,1969,1961,1967
2023-05-26T05:00:00.000Z,1,1968,1976,1966,1971
2023-05-26T09:00:00.000Z,5,1972,1977,1961,1963
2023-05-26T13:00:00.000Z,9,1963,1969,1961,1961
2023-05-26T17:00:00.000Z,13,1962,1966,1961,1963
2023-05-28T21:00:00.000Z,17,1963,1970,1961,1962
2023-05-29T01:00:00.000Z,21,1962,1963,1958,1962
2023-05-29T05:00:00.000Z,1,1962,1963,1955,1957
2023-05-29T09:00:00.000Z,5,1957,1961,1954,1960
2023-05-29T13:00:00.000Z,9,1960,1962,1957,1957
2023-05-29T17:00:00.000Z,13,1958,1962,1956,1962
2023-05-29T21:00:00.000Z,17,1961,1963,1953,1956
2023-05-30T01:00:00.000Z,21,1956,1958,1953,1954
2023-05-30T05:00:00.000Z,1,1954,1958,1947,1958
2023-05-30T09:00:00.000Z,5,1958,1970,1956,1967
2023-05-30T13:00:00.000Z,9,1968,1974,1965,1973
2023-05-30T17:00:00.000Z,13,1972,1972,1965,1967
2023-05-30T21:00:00.000Z,17,1967,1970,1966,1968
2023-05-31T01:00:00.000Z,21,1968,1968,1964,1966
2023-05-31T05:00:00.000Z,1,1966,1971,1965,1965
2023-05-31T09:00:00.000Z,5,1965,1969,1964,1969
2023-05-31T13:00:00.000Z,9,1969,1981,1968,1975
2023-05-31T17:00:00.000Z,13,1975,1975,1968,1969
2023-05-31T21:00:00.000Z,17,1969,1970,1967,1968
2023-06-01T01:00:00.000Z,21,1969,1969,1957,1966
2023-06-01T05:00:00.000Z,1,1966,1967,1961,1963
2023-06-01T09:00:00.000Z,5,1963,1975,1963,1971
2023-06-01T13:00:00.000Z,9,1971,1985,1970,1983
2023-06-01T17:00:00.000Z,13,1983,1986,1979,1980
2023-06-01T21:00:00.000Z,17,1981,1983,1978,1980
2023-06-02T01:00:00.000Z,21,1980,1986,1980,1985
2023-06-02T05:00:00.000Z,1,1985,1986,1980,1982
2023-06-02T09:00:00.000Z,5,1982,1984,1974,1974
2023-06-02T13:00:00.000Z,9,1975,1980,1962,1962
2023-06-02T17:00:00.000Z,13,1962,1963,1957,1959
2023-06-04T21:00:00.000Z,17,1943,1955,1940,1941
2023-06-05T01:00:00.000Z,21,1942,1945,1942,1943
2023-06-05T05:00:00.000Z,1,1944,1944,1938,1941
2023-06-05T09:00:00.000Z,5,1940,1945,1938,1942
2023-06-05T13:00:00.000Z,9,1943,1955,1939,1942
2023-06-05T17:00:00.000Z,13,1943,1947,1923,1923
2023-06-05T21:00:00.000Z,17,1923,1932,1916,1919
2023-06-06T01:00:00.000Z,21,1919,1934,1918,1934
2023-06-06T05:00:00.000Z,1,1934,1935,1926,1927
2023-06-06T09:00:00.000Z,5,1926,1935,1926,1933
2023-06-06T13:00:00.000Z,9,1932,1948,1927,1948
2023-06-06T17:00:00.000Z,13,1947,1952,1937,1938
2023-06-06T21:00:00.000Z,17,1938,1938,1928,1936
2023-06-07T01:00:00.000Z,21,1936,1937,1932,1933
2023-06-07T05:00:00.000Z,1,1933,1939,1930,1932
2023-06-07T09:00:00.000Z,5,1932,1936,1930,1932
2023-06-07T13:00:00.000Z,9,1931,1938,1913,1914
2023-06-07T17:00:00.000Z,13,1914,1926,1914,1923
2023-06-07T21:00:00.000Z,17,1923,1926,1920,1923
2023-06-08T01:00:00.000Z,21,1924,1925,1916,1918
2023-06-08T05:00:00.000Z,1,1918,1929,1916,1925
2023-06-08T09:00:00.000Z,5,1926,1929,1916,1929
2023-06-08T13:00:00.000Z,9,1929,1940,1925,1938
2023-06-08T17:00:00.000Z,13,1938,1938,1926,1931
2023-06-08T21:00:00.000Z,17,1931,1931,1920,1922
2023-06-09T01:00:00.000Z,21,1922,1924,1910,1923
2023-06-09T05:00:00.000Z,1,1923,1933,1921,1932
2023-06-09T09:00:00.000Z,5,1933,1936,1930,1931
2023-06-09T13:00:00.000Z,9,1932,1932,1913,1917
2023-06-09T17:00:00.000Z,13,1917,1928,1913,1920
2023-06-11T21:00:00.000Z,17,1913,1925,1913,1918
2023-06-12T01:00:00.000Z,21,1918,1918,1911,1915
2023-06-12T05:00:00.000Z,1,1916,1929,1913,1925
2023-06-12T09:00:00.000Z,5,1924,1931,1924,1926
2023-06-12T13:00:00.000Z,9,1925,1926,1920,1923
2023-06-12T17:00:00.000Z,13,1924,1935,1921,1934
2023-06-12T21:00:00.000Z,17,1935,1935,1929,1931
2023-06-13T01:00:00.000Z,21,1931,1934,1931,1933
2023-06-13T05:00:00.000Z,1,1933,1938,1930,1933
2023-06-13T09:00:00.000Z,5,1933,1940,1932,1934
2023-06-13T13:00:00.000Z,9,1935,1938,1913,1914
2023-06-13T17:00:00.000Z,13,1914,1920,1912,1916
2023-06-13T21:00:00.000Z,17,1916,1918,1912,1917
2023-06-14T01:00:00.000Z,21,1917,1922,1916,1920
2023-06-14T05:00:00.000Z,1,1921,1923,1920,1922
2023-06-14T09:00:00.000Z,5,1923,1933,1922,1931
2023-06-14T13:00:00.000Z,9,1932,1939,1931,1935
2023-06-14T17:00:00.000Z,13,1934,1940,1918,1919
2023-06-14T21:00:00.000Z,17,1919,1920,1915,1920
2023-06-15T01:00:00.000Z,21,1920,1920,1917,1918
2023-06-15T05:00:00.000Z,1,1919,1923,1915,1922
2023-06-15T09:00:00.000Z,5,1921,1935,1910,1917
2023-06-15T13:00:00.000Z,9,1918,1939,1918,1933
2023-06-15T17:00:00.000Z,13,1933,1935,1923,1928
2023-06-15T21:00:00.000Z,17,1928,1935,1924,1932
2023-06-16T01:00:00.000Z,21,1932,1932,1927,1932
2023-06-16T05:00:00.000Z,1,1932,1935,1925,1931
2023-06-16T09:00:00.000Z,5,1931,1941,1930,1939
2023-06-16T13:00:00.000Z,9,1939,1940,1925,1936
2023-06-16T17:00:00.000Z,13,1936,1948,1933,1942
2023-06-18T21:00:00.000Z,17,1927,1932,1925,1928
2023-06-19T01:00:00.000Z,21,1928,1932,1928,1930
2023-06-19T05:00:00.000Z,1,1931,1931,1926,1928
2023-06-19T09:00:00.000Z,5,1927,1928,1925,1925
2023-06-19T13:00:00.000Z,9,1926,1930,1925,1925
2023-06-19T17:00:00.000Z,13,1925,1930,1921,1925
2023-06-19T21:00:00.000Z,17,1925,1929,1923,1925
2023-06-20T01:00:00.000Z,21,1926,1926,1923,1923
2023-06-20T05:00:00.000Z,1,1924,1929,1923,1925
2023-06-20T09:00:00.000Z,5,1925,1928,1924,1928
2023-06-20T13:00:00.000Z,9,1928,1928,1920,1922
2023-06-20T17:00:00.000Z,13,1922,1933,1921,1932
2023-06-20T21:00:00.000Z,17,1931,1932,1920,1928
2023-06-21T01:00:00.000Z,21,1927,1931,1924,1925
2023-06-21T05:00:00.000Z,1,1925,1925,1918,1918
2023-06-21T09:00:00.000Z,5,1918,1929,1916,1918
2023-06-21T13:00:00.000Z,9,1918,1930,1915,1924
2023-06-21T17:00:00.000Z,13,1923,1929,1921,1923
2023-06-21T21:00:00.000Z,17,1923,1926,1921,1922
2023-06-22T01:00:00.000Z,21,1922,1925,1918,1923
2023-06-22T05:00:00.000Z,1,1923,1924,1916,1919
2023-06-22T09:00:00.000Z,5,1919,1921,1915,1918
2023-06-22T13:00:00.000Z,9,1918,1918,1905,1908
2023-06-22T17:00:00.000Z,13,1907,1913,1901,1909
2023-06-22T21:00:00.000Z,17,1908,1913,1905,1909
2023-06-23T01:00:00.000Z,21,1909,1916,1900,1905
2023-06-23T05:00:00.000Z,1,1906,1908,1903,1905
2023-06-23T09:00:00.000Z,5,1904,1911,1897,1911
2023-06-23T13:00:00.000Z,9,1912,1919,1905,1910
2023-06-23T17:00:00.000Z,13,1909,1910,1894,1907
2023-06-25T21:00:00.000Z,17,1901,1907,1900,1906
2023-06-26T01:00:00.000Z,21,1906,1910,1903,1907
2023-06-26T05:00:00.000Z,1,1908,1914,1900,1913
2023-06-26T09:00:00.000Z,5,1914,1918,1911,1914
2023-06-26T13:00:00.000Z,9,1914,1919,1903,1905
2023-06-26T17:00:00.000Z,13,1906,1908,1904,1906
2023-06-26T21:00:00.000Z,17,1905,1907,1905,1905
2023-06-27T01:00:00.000Z,21,1906,1911,1905,1910
2023-06-27T05:00:00.000Z,1,1911,1914,1909,1910
2023-06-27T09:00:00.000Z,5,1910,1913,1908,1908
2023-06-27T13:00:00.000Z,9,1908,1911,1903,1906
2023-06-27T17:00:00.000Z,13,1905,1906,1901,1902
2023-06-27T21:00:00.000Z,17,1902,1905,1902,1905
2023-06-28T01:00:00.000Z,21,1905,1906,1901,1906
2023-06-28T05:00:00.000Z,1,1906,1906,1900,1900
2023-06-28T09:00:00.000Z,5,1901,1903,1894,1896
2023-06-28T13:00:00.000Z,9,1897,1903,1890,1900
2023-06-28T17:00:00.000Z,13,1899,1900,1889,1891
2023-06-28T21:00:00.000Z,17,1891,1897,1886,1895
2023-06-29T01:00:00.000Z,21,1895,1897,1895,1896
2023-06-29T05:00:00.000Z,1,1895,1896,1889,1891
2023-06-29T09:00:00.000Z,5,1891,1897,1888,1890
2023-06-29T13:00:00.000Z,9,1890,1898,1884,1891
2023-06-29T17:00:00.000Z,13,1890,1899,1890,1894
2023-06-29T21:00:00.000Z,17,1894,1898,1890,1895
2023-06-30T01:00:00.000Z,21,1895,1900,1893,1898
2023-06-30T05:00:00.000Z,1,1899,1899,1892,1893
2023-06-30T09:00:00.000Z,5,1892,1898,1890,1894
2023-06-30T13:00:00.000Z,9,1895,1908,1890,1907
2023-06-30T17:00:00.000Z,13,1906,1909,1902,1904
2023-07-02T21:00:00.000Z,17,1896,1900,1896,1897
2023-07-03T01:00:00.000Z,21,1897,1900,1895,1898
2023-07-03T05:00:00.000Z,1,1897,1899,1891,1892
2023-07-03T09:00:00.000Z,5,1891,1895,1882,1895
2023-07-03T13:00:00.000Z,9,1894,1907,1894,1902
2023-07-03T17:00:00.000Z,13,1902,1903,1890,1898
2023-07-03T21:00:00.000Z,17,1898,1899,1894,1894
2023-07-04T01:00:00.000Z,21,1894,1900,1894,1898
2023-07-04T05:00:00.000Z,1,1899,1903,1897,1903
2023-07-04T09:00:00.000Z,5,1903,1904,1900,1904
2023-07-04T13:00:00.000Z,9,1904,1904,1889,1896
2023-07-04T17:00:00.000Z,13,1895,1896,1891,1891
2023-07-04T21:00:00.000Z,17,1891,1901,1891,1897
2023-07-05T01:00:00.000Z,21,1897,1904,1897,1901
2023-07-05T05:00:00.000Z,1,1902,1903,1897,1900
2023-07-05T09:00:00.000Z,5,1899,1903,1895,1897
2023-07-05T13:00:00.000Z,9,1897,1898,1890,1893
2023-07-05T17:00:00.000Z,13,1893,1897,1890,1890
2023-07-05T21:00:00.000Z,17,1891,1895,1890,1893
2023-07-06T01:00:00.000Z,21,1892,1895,1892,1895
2023-07-06T05:00:00.000Z,1,1895,1901,1894,1900
2023-07-06T09:00:00.000Z,5,1899,1905,1895,1899
2023-07-06T13:00:00.000Z,9,1899,1900,1886,1889
2023-07-06T17:00:00.000Z,13,1888,1892,1887,1891
2023-07-06T21:00:00.000Z,17,1890,1893,1888,1893
2023-07-07T01:00:00.000Z,21,1893,1896,1889,1895
2023-07-07T05:00:00.000Z,1,1895,1900,1891,1897
2023-07-07T09:00:00.000Z,5,1898,1906,1897,1903
2023-07-07T13:00:00.000Z,9,1903,1913,1902,1907
2023-07-07T17:00:00.000Z,13,1907,1909,1906,1908
2023-07-09T21:00:00.000Z,17,1901,1905,1899,1901
2023-07-10T01:00:00.000Z,21,1902,1909,1901,1907
2023-07-10T05:00:00.000Z,1,1908,1910,1902,1905
2023-07-10T09:00:00.000Z,5,1905,1908,1896,1900
2023-07-10T13:00:00.000Z,9,1900,1908,1900,1908
2023-07-10T17:00:00.000Z,13,1908,1910,1903,1910
2023-07-10T21:00:00.000Z,17,1909,1910,1906,1909
2023-07-11T01:00:00.000Z,21,1910,1912,1908,1912
2023-07-11T05:00:00.000Z,1,1912,1921,1911,1917
2023-07-11T09:00:00.000Z,5,1917,1920,1914,1914
2023-07-11T13:00:00.000Z,9,1914,1919,1911,1916
2023-07-11T17:00:00.000Z,13,1915,1921,1913,1917
2023-07-11T21:00:00.000Z,17,1918,1920,1916,1920
2023-07-12T01:00:00.000Z,21,1920,1925,1919,1923
2023-07-12T05:00:00.000Z,1,1923,1925,1918,1921
2023-07-12T09:00:00.000Z,5,1920,1931,1910,1927
2023-07-12T13:00:00.000Z,9,1926,1939,1925,1935
2023-07-12T17:00:00.000Z,13,1935,1946,1929,1945
2023-07-12T21:00:00.000Z,17,1944,1947,1936,1944
2023-07-13T01:00:00.000Z,21,1945,1954,1944,1947
2023-07-13T05:00:00.000Z,1,1947,1948,1944,1947
2023-07-13T09:00:00.000Z,5,1946,1950,1944,1947
2023-07-13T13:00:00.000Z,9,1946,1960,1938,1944
2023-07-13T17:00:00.000Z,13,1944,1948,1931,1939
2023-07-13T21:00:00.000Z,17,1939,1942,1931,1941
2023-07-14T01:00:00.000Z,21,1940,1949,1939,1941
2023-07-14T05:00:00.000Z,1,1941,1941,1932,1933
2023-07-14T09:00:00.000Z,5,1934,1942,1934,1937
2023-07-14T13:00:00.000Z,9,1937,1940,1933,1936
2023-07-14T17:00:00.000Z,13,1936,1939,1926,1929
2023-07-16T21:00:00.000Z,17,1925,1928,1924,1926
2023-07-17T01:00:00.000Z,21,1927,1929,1924,1927
2023-07-17T05:00:00.000Z,1,1927,1929,1918,1923
2023-07-17T09:00:00.000Z,5,1922,1944,1918,1921
2023-07-17T13:00:00.000Z,9,1922,1925,1919,1923
2023-07-17T17:00:00.000Z,13,1922,1924,1912,1917
2023-07-17T21:00:00.000Z,17,1917,1919,1914,1918
2023-07-18T01:00:00.000Z,21,1919,1919,1918,1918
2023-07-18T05:00:00.000Z,1,1919,1924,1918,1921
2023-07-18T09:00:00.000Z,5,1922,1926,1920,1921
2023-07-18T13:00:00.000Z,9,1921,1952,1920,1947
2023-07-18T17:00:00.000Z,13,1947,1948,1937,1940
2023-07-18T21:00:00.000Z,17,1940,1943,1935,1940
2023-07-19T01:00:00.000Z,21,1940,1941,1938,1941
2023-07-19T05:00:00.000Z,1,1941,1942,1936,1938
2023-07-19T09:00:00.000Z,5,1938,1944,1935,1940
2023-07-19T13:00:00.000Z,9,1940,1940,1935,1939
2023-07-19T17:00:00.000Z,13,1940,1945,1938,1942
2023-07-19T21:00:00.000Z,17,1942,1944,1937,1940
2023-07-20T01:00:00.000Z,21,1939,1944,1934,1939
2023-07-20T05:00:00.000Z,1,1940,1943,1935,1940
2023-07-20T09:00:00.000Z,5,1940,1943,1935,1935
2023-07-20T13:00:00.000Z,9,1935,1940,1929,1931
2023-07-20T17:00:00.000Z,13,1931,1934,1929,1931
2023-07-20T21:00:00.000Z,17,1931,1936,1931,1935
2023-07-21T01:00:00.000Z,21,1935,1938,1932,1933
2023-07-21T05:00:00.000Z,1,1933,1935,1925,1927
2023-07-21T09:00:00.000Z,5,1927,1933,1924,1927
2023-07-21T13:00:00.000Z,9,1927,1932,1923,1931
2023-07-21T17:00:00.000Z,13,1931,1932,1925,1927
2023-07-23T21:00:00.000Z,17,1927,1938,1924,1934
2023-07-24T01:00:00.000Z,21,1934,1942,1930,1936
2023-07-24T05:00:00.000Z,1,1936,1942,1930,1934
2023-07-24T09:00:00.000Z,5,1934,1947,1932,1938
2023-07-24T13:00:00.000Z,9,1938,1939,1930,1938
2023-07-24T17:00:00.000Z,13,1938,1940,1931,1935
2023-07-24T21:00:00.000Z,17,1935,1939,1929,1935
2023-07-25T01:00:00.000Z,21,1936,1945,1935,1940
2023-07-25T05:00:00.000Z,1,1941,1945,1939,1942
2023-07-25T09:00:00.000Z,5,1943,1944,1936,1941
2023-07-25T13:00:00.000Z,9,1941,1946,1939,1942
2023-07-25T17:00:00.000Z,13,1942,1948,1940,1945
2023-07-25T21:00:00.000Z,17,1945,1951,1940,1945
2023-07-26T01:00:00.000Z,21,1945,1945,1941,1942
2023-07-26T05:00:00.000Z,1,1942,1956,1942,1955
2023-07-26T09:00:00.000Z,5,1954,1959,1952,1956
2023-07-26T13:00:00.000Z,9,1956,1959,1949,1954
2023-07-26T17:00:00.000Z,13,1953,1959,1950,1958
2023-07-26T21:00:00.000Z,17,1957,1965,1949,1956
2023-07-27T01:00:00.000Z,21,1956,1964,1956,1962
2023-07-27T05:00:00.000Z,1,1962,1966,1955,1960
2023-07-27T09:00:00.000Z,5,1961,1968,1946,1948
2023-07-27T13:00:00.000Z,9,1949,1952,1934,1937
2023-07-27T17:00:00.000Z,13,1937,1943,1937,1939
2023-07-27T21:00:00.000Z,17,1939,1942,1936,1942
2023-07-28T01:00:00.000Z,21,1941,1946,1940,1941
2023-07-28T05:00:00.000Z,1,1941,1946,1938,1939
2023-07-28T09:00:00.000Z,5,1939,1951,1938,1948
2023-07-28T13:00:00.000Z,9,1949,1951,1948,1950
2023-07-28T17:00:00.000Z,13,1950,1951,1946,1948
2023-07-30T21:00:00.000Z,17,1946,1948,1944,1946
2023-07-31T01:00:00.000Z,21,1946,1947,1940,1942
2023-07-31T05:00:00.000Z,1,1942,1945,1938,1941
2023-07-31T09:00:00.000Z,5,1942,1955,1940,1954
2023-07-31T13:00:00.000Z,9,1954,1961,1952,1959
2023-07-31T17:00:00.000Z,13,1959,1961,1953,1953
2023-07-31T21:00:00.000Z,17,1953,1957,1951,1952
2023-08-01T01:00:00.000Z,21,1953,1954,1944,1947
2023-08-01T05:00:00.000Z,1,1947,1949,1942,1945
2023-08-01T09:00:00.000Z,5,1945,1947,1938,1939
2023-08-01T13:00:00.000Z,9,1938,1943,1936,1939
2023-08-01T17:00:00.000Z,13,1940,1944,1938,1941
2023-08-01T21:00:00.000Z,17,1941,1949,1939,1943
2023-08-02T01:00:00.000Z,21,1944,1944,1935,1940
2023-08-02T05:00:00.000Z,1,1940,1943,1938,1942
2023-08-02T09:00:00.000Z,5,1941,1943,1938,1940
2023-08-02T13:00:00.000Z,9,1940,1940,1930,1931
2023-08-02T17:00:00.000Z,13,1931,1937,1924,1932
2023-08-02T21:00:00.000Z,17,1930,1937,1926,1937
2023-08-03T01:00:00.000Z,21,1935,1937,1925,1931
2023-08-03T05:00:00.000Z,1,1932,1934,1928,1933
2023-08-03T09:00:00.000Z,5,1933,1934,1928,1930
2023-08-03T13:00:00.000Z,9,1930,1935,1926,1931
2023-08-03T17:00:00.000Z,13,1931,1932,1923,1931
2023-08-03T21:00:00.000Z,17,1931,1935,1931,1933
2023-08-04T01:00:00.000Z,21,1934,1936,1933,1935
2023-08-04T05:00:00.000Z,1,1935,1935,1927,1930
2023-08-04T09:00:00.000Z,5,1929,1941,1924,1936
2023-08-04T13:00:00.000Z,9,1935,1945,1935,1940
2023-08-04T17:00:00.000Z,13,1940,1943,1936,1940
2023-08-06T21:00:00.000Z,17,1946,1949,1937,1941
2023-08-07T01:00:00.000Z,21,1941,1945,1941,1941
2023-08-07T05:00:00.000Z,1,1942,1946,1935,1937
2023-08-07T09:00:00.000Z,5,1937,1944,1934,1941
2023-08-07T13:00:00.000Z,9,1942,1946,1930,1934
2023-08-07T17:00:00.000Z,13,1933,1947,1933,1946
2023-08-07T21:00:00.000Z,17,1947,1947,1944,1945
2023-08-08T01:00:00.000Z,21,1944,1945,1937,1939
2023-08-08T05:00:00.000Z,1,1939,1940,1935,1938
2023-08-08T09:00:00.000Z,5,1937,1939,1937,1938
2023-08-08T13:00:00.000Z,9,1938,1940,1934,1938
2023-08-08T17:00:00.000Z,13,1939,1939,1932,1935
2023-08-08T21:00:00.000Z,17,1935,1937,1927,1931
2023-08-09T01:00:00.000Z,21,1931,1934,1927,1934
2023-08-09T05:00:00.000Z,1,1934,1939,1933,1936
2023-08-09T09:00:00.000Z,5,1935,1936,1925,1932
2023-08-09T13:00:00.000Z,9,1932,1932,1924,1924
2023-08-09T17:00:00.000Z,13,1924,1926,1915,1920
2023-08-09T21:00:00.000Z,17,1920,1921,1917,1920
2023-08-10T01:00:00.000Z,21,1920,1924,1919,1922
2023-08-10T05:00:00.000Z,1,1922,1925,1920,1920
2023-08-10T09:00:00.000Z,5,1921,1929,1920,1927
2023-08-10T13:00:00.000Z,9,1927,1927,1919,1923
2023-08-10T17:00:00.000Z,13,1924,1924,1917,1918
2023-08-10T21:00:00.000Z,17,1918,1919,1917,1919
2023-08-11T01:00:00.000Z,21,1919,1920,1918,1919
2023-08-11T05:00:00.000Z,1,1919,1924,1918,1920
2023-08-11T09:00:00.000Z,5,1921,1922,1916,1918
2023-08-11T13:00:00.000Z,9,1918,1921,1914,1917
2023-08-11T17:00:00.000Z,13,1917,1918,1913,1914
2023-08-13T21:00:00.000Z,17,1906,1911,1902,1904
2023-08-14T01:00:00.000Z,21,1904,1912,1903,1911
2023-08-14T05:00:00.000Z,1,1912,1915,1911,1913
2023-08-14T09:00:00.000Z,5,1912,1914,1900,1908
2023-08-14T13:00:00.000Z,9,1908,1909,1901,1906
2023-08-14T17:00:00.000Z,13,1905,1907,1900,1903
2023-08-14T21:00:00.000Z,17,1902,1903,1899,1901
2023-08-15T01:00:00.000Z,21,1902,1904,1900,1902
2023-08-15T05:00:00.000Z,1,1903,1904,1899,1902
2023-08-15T09:00:00.000Z,5,1903,1908,1899,1905
2023-08-15T13:00:00.000Z,9,1905,1911,1901,1907
2023-08-15T17:00:00.000Z,13,1906,1907,1897,1898
2023-08-15T21:00:00.000Z,17,1898,1904,1897,1899
2023-08-16T01:00:00.000Z,21,1900,1904,1897,1903
2023-08-16T05:00:00.000Z,1,1904,1908,1898,1904
2023-08-16T09:00:00.000Z,5,1902,1905,1894,1896
2023-08-16T13:00:00.000Z,9,1897,1904,1895,1902
2023-08-16T17:00:00.000Z,13,1901,1901,1891,1893
2023-08-16T21:00:00.000Z,17,1894,1897,1890,1894
2023-08-17T01:00:00.000Z,21,1894,1896,1890,1895
2023-08-17T05:00:00.000Z,1,1894,1899,1891,1896
2023-08-17T09:00:00.000Z,5,1896,1900,1892,1898
2023-08-17T13:00:00.000Z,9,1898,1902,1883,1884
2023-08-17T17:00:00.000Z,13,1883,1892,1881,1885
2023-08-17T21:00:00.000Z,17,1884,1896,1865,1893
2023-08-18T01:00:00.000Z,21,1892,1899,1890,1891
2023-08-18T05:00:00.000Z,1,1891,1894,1890,1893
2023-08-18T09:00:00.000Z,5,1891,1893,1890,1891
2023-08-18T13:00:00.000Z,9,1891,1893,1883,1885
2023-08-18T17:00:00.000Z,13,1885,1886,1878,1878
2023-08-20T21:00:00.000Z,17,1873,1878,1868,1877
2023-08-21T01:00:00.000Z,21,1877,1878,1871,1877
2023-08-21T05:00:00.000Z,1,1878,1882,1873,1876
2023-08-21T09:00:00.000Z,5,1877,1885,1875,1884
2023-08-21T13:00:00.000Z,9,1885,1886,1872,1875
2023-08-21T17:00:00.000Z,13,1876,1882,1875,1878
2023-08-21T21:00:00.000Z,17,1878,1880,1875,1878
2023-08-22T01:00:00.000Z,21,1878,1898,1877,1885
2023-08-22T05:00:00.000Z,1,1885,1898,1882,1889
2023-08-22T09:00:00.000Z,5,1889,1899,1888,1890
2023-08-22T13:00:00.000Z,9,1890,1894,1881,1886
2023-08-22T17:00:00.000Z,13,1887,1895,1882,1887
2023-08-22T21:00:00.000Z,17,1887,1896,1881,1888
2023-08-23T01:00:00.000Z,21,1888,1897,1888,1894
2023-08-23T05:00:00.000Z,1,1895,1901,1894,1899
2023-08-23T09:00:00.000Z,5,1898,1903,1896,1899
2023-08-23T13:00:00.000Z,9,1899,1914,1898,1911
2023-08-23T17:00:00.000Z,13,1911,1918,1908,1909
2023-08-23T21:00:00.000Z,17,1908,1913,1905,1910
2023-08-24T01:00:00.000Z,21,1910,1912,1907,1912
2023-08-24T05:00:00.000Z,1,1912,1913,1909,1912
2023-08-24T09:00:00.000Z,5,1912,1912,1904,1904
2023-08-24T13:00:00.000Z,9,1905,1913,1904,1911
2023-08-24T17:00:00.000Z,13,1910,1911,1905,1906
2023-08-24T21:00:00.000Z,17,1906,1910,1903,1908
2023-08-25T01:00:00.000Z,21,1908,1909,1900,1902
2023-08-25T05:00:00.000Z,1,1903,1906,1900,1905
2023-08-25T09:00:00.000Z,5,1905,1913,1904,1907
2023-08-25T13:00:00.000Z,9,1907,1910,1896,1899
2023-08-25T17:00:00.000Z,13,1899,1905,1899,1902
2023-08-27T21:00:00.000Z,17,1902,1903,1896,1902
2023-08-28T01:00:00.000Z,21,1902,1903,1899,1902
2023-08-28T05:00:00.000Z,1,1902,1906,1901,1903
2023-08-28T09:00:00.000Z,5,1904,1904,1901,1904
2023-08-28T13:00:00.000Z,9,1903,1911,1902,1907
2023-08-28T17:00:00.000Z,13,1908,1908,1902,1905
2023-08-28T21:00:00.000Z,17,1905,1906,1902,1904
2023-08-29T01:00:00.000Z,21,1905,1909,1904,1909
2023-08-29T05:00:00.000Z,1,1909,1909,1904,1906
2023-08-29T09:00:00.000Z,5,1906,1907,1902,1903
2023-08-29T13:00:00.000Z,9,1903,1920,1902,1915
2023-08-29T17:00:00.000Z,13,1914,1920,1913,1913
2023-08-29T21:00:00.000Z,17,1913,1915,1890,1912
2023-08-30T01:00:00.000Z,21,1911,1917,1910,1912
2023-08-30T05:00:00.000Z,1,1912,1914,1910,1911
2023-08-30T09:00:00.000Z,5,1911,1920,1910,1920
2023-08-30T13:00:00.000Z,9,1920,1929,1918,1922
2023-08-30T17:00:00.000Z,13,1924,1927,1919,1923
2023-08-30T21:00:00.000Z,17,1923,1926,1920,1924
2023-08-31T01:00:00.000Z,21,1924,1929,1915,1926
2023-08-31T05:00:00.000Z,1,1926,1928,1921,1922
2023-08-31T09:00:00.000Z,5,1922,1925,1918,1922
2023-08-31T13:00:00.000Z,9,1921,1924,1915,1915
2023-08-31T17:00:00.000Z,13,1916,1924,1915,1918
2023-08-31T21:00:00.000Z,17,1918,1934,1912,1919
2023-09-01T01:00:00.000Z,21,1920,1923,1916,1918
2023-09-01T05:00:00.000Z,1,1918,1923,1916,1921
2023-09-01T09:00:00.000Z,5,1920,1934,1920,1927
2023-09-01T13:00:00.000Z,9,1927,1930,1915,1920
2023-09-01T17:00:00.000Z,13,1920,1923,1916,1920
2023-09-03T21:00:00.000Z,17,1917,1922,1915,1921
2023-09-04T01:00:00.000Z,21,1920,1925,1920,1924
2023-09-04T05:00:00.000Z,1,1924,1928,1918,1918
2023-09-04T09:00:00.000Z,5,1918,1922,1917,1921
2023-09-04T13:00:00.000Z,9,1920,1922,1918,1921
2023-09-04T17:00:00.000Z,13,1921,1922,1916,1917
2023-09-04T21:00:00.000Z,17,1916,1921,1916,1919
2023-09-05T01:00:00.000Z,21,1919,1919,1915,1918
2023-09-05T05:00:00.000Z,1,1918,1919,1915,1916
2023-09-05T09:00:00.000Z,5,1915,1919,1913,1918
2023-09-05T13:00:00.000Z,9,1918,1918,1909,1912
2023-09-05T17:00:00.000Z,13,1911,1913,1906,1907
2023-09-05T21:00:00.000Z,17,1907,1913,1906,1911
2023-09-06T01:00:00.000Z,21,1911,1912,1910,1911
2023-09-06T05:00:00.000Z,1,1911,1912,1909,1910
2023-09-06T09:00:00.000Z,5,1909,1912,1908,1909
2023-09-06T13:00:00.000Z,9,1909,1912,1891,1903
2023-09-06T17:00:00.000Z,13,1904,1908,1899,1902
2023-09-06T21:00:00.000Z,17,1901,1901,1898,1898
2023-09-07T01:00:00.000Z,21,1898,1902,1898,1902
2023-09-07T05:00:00.000Z,1,1902,1902,1898,1899
2023-09-07T09:00:00.000Z,5,1900,1905,1899,1904
2023-09-07T13:00:00.000Z,9,1905,1907,1903,1905
2023-09-07T17:00:00.000Z,13,1905,1907,1899,1904
2023-09-07T21:00:00.000Z,17,1904,1910,1903,1910
2023-09-08T01:00:00.000Z,21,1910,1910,1904,1907
2023-09-08T05:00:00.000Z,1,1907,1908,1905,1907
2023-09-08T09:00:00.000Z,5,1907,1908,1903,1905
2023-09-08T13:00:00.000Z,9,1906,1911,1901,1902
2023-09-08T17:00:00.000Z,13,1902,1902,1899,1902
2023-09-10T21:00:00.000Z,17,1896,1902,1894,1901
2023-09-11T01:00:00.000Z,21,1901,1903,1899,1903
2023-09-11T05:00:00.000Z,1,1903,1908,1900,1905
2023-09-11T09:00:00.000Z,5,1904,1905,1900,1902
2023-09-11T13:00:00.000Z,9,1903,1908,1897,1905
2023-09-11T17:00:00.000Z,13,1906,1907,1900,1904
2023-09-11T21:00:00.000Z,17,1904,1906,1902,1905
2023-09-12T01:00:00.000Z,21,1904,1910,1901,1907
2023-09-12T05:00:00.000Z,1,1907,1907,1897,1897
2023-09-12T09:00:00.000Z,5,1897,1903,1890,1892
2023-09-12T13:00:00.000Z,9,1892,1896,1887,1893
2023-09-12T17:00:00.000Z,13,1893,1894,1885,1893
2023-09-12T21:00:00.000Z,17,1892,1895,1889,1892
2023-09-13T01:00:00.000Z,21,1892,1894,1889,1893
2023-09-13T05:00:00.000Z,1,1892,1893,1888,1891
2023-09-13T09:00:00.000Z,5,1892,1894,1886,1894
2023-09-13T13:00:00.000Z,9,1893,1900,1889,1891
2023-09-13T17:00:00.000Z,13,1891,1893,1882,1890
2023-09-13T21:00:00.000Z,17,1891,1896,1885,1895
2023-09-14T01:00:00.000Z,21,1896,1901,1890,1900
2023-09-14T05:00:00.000Z,1,1900,1901,1890,1895
2023-09-14T09:00:00.000Z,5,1895,1899,1892,1893
2023-09-14T13:00:00.000Z,9,1894,1897,1888,1894
2023-09-14T17:00:00.000Z,13,1895,1896,1889,1893
2023-09-14T21:00:00.000Z,17,1895,1897,1891,1896
2023-09-15T01:00:00.000Z,21,1896,1900,1894,1899
2023-09-15T05:00:00.000Z,1,1899,1906,1899,1905
2023-09-15T09:00:00.000Z,5,1904,1906,1893,1903
2023-09-15T13:00:00.000Z,9,1902,1914,1902,1911
2023-09-15T17:00:00.000Z,13,1910,1913,1906,1909
2023-09-17T21:00:00.000Z,17,1908,1911,1906,1910
2023-09-18T01:00:00.000Z,21,1910,1916,1910,1916
2023-09-18T05:00:00.000Z,1,1915,1919,1909,1913
2023-09-18T09:00:00.000Z,5,1912,1917,1909,1912
2023-09-18T13:00:00.000Z,9,1912,1916,1908,1916
2023-09-18T17:00:00.000Z,13,1915,1919,1915,1919
2023-09-18T21:00:00.000Z,17,1918,1925,1913,1920
2023-09-19T01:00:00.000Z,21,1920,1923,1915,1923
2023-09-19T05:00:00.000Z,1,1922,1923,1914,1921
2023-09-19T09:00:00.000Z,5,1921,1929,1915,1923
2023-09-19T13:00:00.000Z,9,1922,1923,1918,1920
2023-09-19T17:00:00.000Z,13,1920,1921,1916,1917
2023-09-19T21:00:00.000Z,17,1917,1922,1917,1921
2023-09-20T01:00:00.000Z,21,1922,1922,1918,1918
2023-09-20T05:00:00.000Z,1,1918,1920,1914,1918
2023-09-20T09:00:00.000Z,5,1918,1921,1915,1921
2023-09-20T13:00:00.000Z,9,1920,1933,1919,1933
2023-09-20T17:00:00.000Z,13,1933,1934,1921,1922
2023-09-20T21:00:00.000Z,17,1922,1924,1920,1921
2023-09-21T01:00:00.000Z,21,1921,1922,1918,1919
2023-09-21T05:00:00.000Z,1,1919,1923,1916,1917
2023-09-21T09:00:00.000Z,5,1916,1919,1909,1910
2023-09-21T13:00:00.000Z,9,1911,1912,1907,1911
2023-09-21T17:00:00.000Z,13,1911,1913,1910,1912
2023-09-21T21:00:00.000Z,17,1911,1912,1909,1911
2023-09-22T01:00:00.000Z,21,1911,1914,1911,1913
2023-09-22T05:00:00.000Z,1,1914,1917,1913,1916
2023-09-22T09:00:00.000Z,5,1916,1916,1912,1915
2023-09-22T13:00:00.000Z,9,1915,1917,1914,1915
2023-09-22T17:00:00.000Z,13,1915,1915,1912,1913
2023-09-24T21:00:00.000Z,17,1913,1916,1911,1911
2023-09-25T01:00:00.000Z,21,1911,1917,1910,1915
2023-09-25T05:00:00.000Z,1,1915,1919,1909,1916
2023-09-25T09:00:00.000Z,5,1915,1917,1913,1916
2023-09-25T13:00:00.000Z,9,1916,1918,1908,1911
2023-09-25T17:00:00.000Z,13,1911,1912,1908,1910
2023-09-25T21:00:00.000Z,17,1910,1911,1905,1908
2023-09-26T01:00:00.000Z,21,1907,1908,1907,1907
2023-09-26T05:00:00.000Z,1,1907,1910,1904,1909
2023-09-26T09:00:00.000Z,5,1908,1915,1905,1908
2023-09-26T13:00:00.000Z,9,1907,1908,1899,1900
2023-09-26T17:00:00.000Z,13,1900,1901,1897,1898
2023-09-26T21:00:00.000Z,17,1898,1901,1898,1901
2023-09-27T01:00:00.000Z,21,1901,1901,1895,1895
2023-09-27T05:00:00.000Z,1,1897,1900,1895,1897
2023-09-27T09:00:00.000Z,5,1898,1899,1892,1893
2023-09-27T13:00:00.000Z,9,1894,1895,1880,1880
2023-09-27T17:00:00.000Z,13,1880,1884,1878,1881
2023-09-27T21:00:00.000Z,17,1880,1883,1880,1883
2023-09-28T01:00:00.000Z,21,1882,1883,1880,1881
2023-09-28T05:00:00.000Z,1,1881,1884,1878,1882
2023-09-28T09:00:00.000Z,5,1882,1884,1878,1882
2023-09-28T13:00:00.000Z,9,1882,1883,1873,1874
2023-09-28T17:00:00.000Z,13,1874,1876,1868,1872
2023-09-28T21:00:00.000Z,17,1873,1873,1871,1872
2023-09-29T01:00:00.000Z,21,1873,1873,1868,1871
2023-09-29T05:00:00.000Z,1,1872,1882,1871,1877
2023-09-29T09:00:00.000Z,5,1878,1881,1877,1881
2023-09-29T13:00:00.000Z,9,1880,1884,1869,1870
2023-09-29T17:00:00.000Z,13,1871,1871,1862,1864
2023-10-01T21:00:00.000Z,17,1870,1871,1855,1864
2023-10-02T01:00:00.000Z,21,1865,1867,1862,1864
2023-10-02T05:00:00.000Z,1,1863,1865,1857,1860
2023-10-02T09:00:00.000Z,5,1860,1860,1842,1847
2023-10-02T13:00:00.000Z,9,1847,1852,1843,1844
2023-10-02T17:00:00.000Z,13,1844,1847,1841,1842
2023-10-02T21:00:00.000Z,17,1842,1846,1836,1838
2023-10-03T01:00:00.000Z,21,1838,1839,1832,1835
2023-10-03T05:00:00.000Z,1,1834,1838,1830,1834
2023-10-03T09:00:00.000Z,5,1834,1835,1827,1829
2023-10-03T13:00:00.000Z,9,1829,1834,1828,1828
2023-10-03T17:00:00.000Z,13,1829,1832,1829,1829
2023-10-03T21:00:00.000Z,17,1829,1833,1821,1822
2023-10-04T01:00:00.000Z,21,1822,1827,1822,1826
2023-10-04T05:00:00.000Z,1,1825,1830,1824,1830
2023-10-04T09:00:00.000Z,5,1829,1836,1829,1831
2023-10-04T13:00:00.000Z,9,1831,1834,1827,1832
2023-10-04T17:00:00.000Z,13,1832,1832,1827,1832
2023-10-04T21:00:00.000Z,17,1832,1839,1831,1835
2023-10-05T01:00:00.000Z,21,1836,1836,1835,1836
2023-10-05T05:00:00.000Z,1,1836,1837,1832,1835
2023-10-05T09:00:00.000Z,5,1836,1839,1830,1831
2023-10-05T13:00:00.000Z,9,1831,1835,1825,1830
2023-10-05T17:00:00.000Z,13,1831,1832,1827,1832
2023-10-05T21:00:00.000Z,17,1831,1832,1828,1829
2023-10-06T01:00:00.000Z,21,1828,1834,1828,1833
2023-10-06T05:00:00.000Z,1,1833,1834,1829,1830
2023-10-06T09:00:00.000Z,5,1830,1833,1823,1824
2023-10-06T13:00:00.000Z,9,1824,1840,1823,1837
2023-10-06T17:00:00.000Z,13,1837,1840,1837,1840
2023-10-08T21:00:00.000Z,17,1868,1872,1862,1869
2023-10-09T01:00:00.000Z,21,1869,1870,1863,1865
2023-10-09T05:00:00.000Z,1,1865,1868,1862,1866
2023-10-09T09:00:00.000Z,5,1865,1866,1855,1856
2023-10-09T13:00:00.000Z,9,1856,1864,1850,1857
2023-10-09T17:00:00.000Z,13,1857,1869,1856,1865
2023-10-09T21:00:00.000Z,17,1864,1871,1861,1870
2023-10-10T01:00:00.000Z,21,1869,1872,1868,1869
2023-10-10T05:00:00.000Z,1,1869,1869,1863,1865
2023-10-10T09:00:00.000Z,5,1865,1868,1862,1862
2023-10-10T13:00:00.000Z,9,1862,1867,1860,1866
2023-10-10T17:00:00.000Z,13,1867,1867,1863,1864
2023-10-10T21:00:00.000Z,17,1864,1865,1863,1864
2023-10-11T01:00:00.000Z,21,1864,1864,1859,1861
2023-10-11T05:00:00.000Z,1,1861,1869,1860,1868
2023-10-11T09:00:00.000Z,5,1868,1880,1868,1874
2023-10-11T13:00:00.000Z,9,1874,1874,1867,1873
2023-10-11T17:00:00.000Z,13,1872,1876,1869,1875
2023-10-11T21:00:00.000Z,17,1875,1879,1872,1876
2023-10-12T01:00:00.000Z,21,1876,1880,1873,1879
2023-10-12T05:00:00.000Z,1,1879,1882,1876,1878
2023-10-12T09:00:00.000Z,5,1878,1882,1875,1878
2023-10-12T13:00:00.000Z,9,1878,1878,1868,1869
2023-10-12T17:00:00.000Z,13,1870,1872,1862,1868
2023-10-12T21:00:00.000Z,17,1869,1876,1868,1872
2023-10-13T01:00:00.000Z,21,1871,1877,1870,1876
2023-10-13T05:00:00.000Z,1,1875,1881,1874,1880
2023-10-13T09:00:00.000Z,5,1880,1910,1880,1908
2023-10-13T13:00:00.000Z,9,1908,1919,1898,1917
2023-10-13T17:00:00.000Z,13,1917,1922,1912,1916
2023-10-15T21:00:00.000Z,17,1928,1930,1911,1914
2023-10-16T01:00:00.000Z,21,1913,1915,1910,1914
2023-10-16T05:00:00.000Z,1,1913,1919,1902,1907
2023-10-16T09:00:00.000Z,5,1907,1917,1906,1915
2023-10-16T13:00:00.000Z,9,1916,1921,1892,1903
2023-10-16T17:00:00.000Z,13,1903,1911,1902,1910
2023-10-16T21:00:00.000Z,17,1910,1911,1903,1904
2023-10-17T01:00:00.000Z,21,1904,1909,1900,1904
2023-10-17T05:00:00.000Z,1,1903,1913,1903,1909
2023-10-17T09:00:00.000Z,5,1909,1926,1907,1917
2023-10-17T13:00:00.000Z,9,1918,1923,1913,1916
2023-10-17T17:00:00.000Z,13,1915,1918,1908,1911
2023-10-17T21:00:00.000Z,17,1910,1923,1909,1922
2023-10-18T01:00:00.000Z,21,1920,1933,1919,1925
2023-10-18T05:00:00.000Z,1,1924,1929,1923,1928
2023-10-18T09:00:00.000Z,5,1927,1936,1927,1934
2023-10-18T13:00:00.000Z,9,1933,1947,1930,1939
2023-10-18T17:00:00.000Z,13,1939,1945,1935,1941
2023-10-18T21:00:00.000Z,17,1940,1945,1937,1943
2023-10-19T01:00:00.000Z,21,1943,1943,1933,1937
2023-10-19T05:00:00.000Z,1,1938,1941,1932,1940
2023-10-19T09:00:00.000Z,5,1940,1945,1937,1942
2023-10-19T13:00:00.000Z,9,1942,1947,1937,1947
2023-10-19T17:00:00.000Z,13,1947,1962,1946,1956
2023-10-19T21:00:00.000Z,17,1955,1964,1953,1961
2023-10-20T01:00:00.000Z,21,1960,1967,1958,1964
2023-10-20T05:00:00.000Z,1,1963,1969,1956,1969
2023-10-20T09:00:00.000Z,5,1969,1977,1961,1964
2023-10-20T13:00:00.000Z,9,1965,1979,1960,1970
2023-10-20T17:00:00.000Z,13,1970,1972,1960,1964
2023-10-22T21:00:00.000Z,17,1965,1972,1961,1964
2023-10-23T01:00:00.000Z,21,1964,1970,1959,1965
2023-10-23T05:00:00.000Z,1,1964,1975,1959,1964
2023-10-23T09:00:00.000Z,5,1963,1970,1955,1961
2023-10-23T13:00:00.000Z,9,1961,1972,1956,1961
2023-10-23T17:00:00.000Z,13,1961,1962,1953,1954
2023-10-23T21:00:00.000Z,17,1954,1968,1945,1961
2023-10-24T01:00:00.000Z,21,1961,1968,1957,1959
2023-10-24T05:00:00.000Z,1,1960,1968,1955,1957
2023-10-24T09:00:00.000Z,5,1957,1957,1936,1947
2023-10-24T13:00:00.000Z,9,1947,1956,1942,1956
2023-10-24T17:00:00.000Z,13,1955,1957,1951,1953
2023-10-24T21:00:00.000Z,17,1953,1959,1949,1958
2023-10-25T01:00:00.000Z,21,1958,1960,1952,1953
2023-10-25T05:00:00.000Z,1,1953,1957,1949,1951
2023-10-25T09:00:00.000Z,5,1951,1961,1949,1958
2023-10-25T13:00:00.000Z,9,1957,1968,1953,1959
2023-10-25T17:00:00.000Z,13,1959,1970,1956,1963
2023-10-25T21:00:00.000Z,17,1963,1963,1959,1963
2023-10-26T01:00:00.000Z,21,1963,1967,1962,1966
2023-10-26T05:00:00.000Z,1,1966,1971,1964,1970
2023-10-26T09:00:00.000Z,5,1970,1971,1958,1958
2023-10-26T13:00:00.000Z,9,1960,1965,1953,1964
2023-10-26T17:00:00.000Z,13,1964,1972,1961,1965
2023-10-26T21:00:00.000Z,17,1965,1969,1962,1966
2023-10-27T01:00:00.000Z,21,1966,1970,1962,1967
2023-10-27T05:00:00.000Z,1,1967,1974,1965,1966
2023-10-27T09:00:00.000Z,5,1966,1967,1961,1962
2023-10-27T13:00:00.000Z,9,1962,1974,1961,1968
2023-10-27T17:00:00.000Z,13,1969,1990,1963,1988
2023-10-29T21:00:00.000Z,17,1988,1990,1977,1988
2023-10-30T01:00:00.000Z,21,1989,1989,1980,1980
2023-10-30T05:00:00.000Z,1,1980,1983,1980,1981
2023-10-30T09:00:00.000Z,5,1982,1983,1971,1976
2023-10-30T13:00:00.000Z,9,1977,1983,1975,1979
2023-10-30T17:00:00.000Z,13,1978,1980,1974,1978
2023-10-30T21:00:00.000Z,17,1978,1979,1974,1976
2023-10-31T01:00:00.000Z,21,1976,1978,1974,1974
2023-10-31T05:00:00.000Z,1,1974,1978,1970,1975
2023-10-31T09:00:00.000Z,5,1975,1980,1974,1975
2023-10-31T13:00:00.000Z,9,1976,1986,1973,1974
2023-10-31T17:00:00.000Z,13,1974,1975,1962,1969
2023-10-31T21:00:00.000Z,17,1969,1970,1963,1964
2023-11-01T01:00:00.000Z,21,1964,1964,1948,1958
2023-11-01T05:00:00.000Z,1,1958,1963,1955,1960
2023-11-01T09:00:00.000Z,5,1960,1970,1957,1970
2023-11-01T13:00:00.000Z,9,1969,1973,1952,1959
2023-11-01T17:00:00.000Z,13,1959,1968,1954,1963
2023-11-01T21:00:00.000Z,17,1963,1966,1950,1963
2023-11-02T01:00:00.000Z,21,1964,1966,1957,1963
2023-11-02T05:00:00.000Z,1,1963,1966,1958,1965
2023-11-02T09:00:00.000Z,5,1965,1968,1950,1965
2023-11-02T13:00:00.000Z,9,1965,1967,1955,1962
2023-11-02T17:00:00.000Z,13,1961,1965,1960,1963
2023-11-02T21:00:00.000Z,17,1961,1963,1959,1961
2023-11-03T01:00:00.000Z,21,1960,1963,1958,1961
2023-11-03T05:00:00.000Z,1,1961,1964,1960,1963
2023-11-03T09:00:00.000Z,5,1963,1983,1961,1971
2023-11-03T13:00:00.000Z,9,1972,1979,1963,1968
2023-11-03T17:00:00.000Z,13,1968,1973,1967,1970
2023-11-05T22:00:00.000Z,17,1964,1967,1946,1962
2023-11-06T02:00:00.000Z,21,1962,1963,1955,1959
2023-11-06T06:00:00.000Z,1,1960,1963,1957,1962
2023-11-06T10:00:00.000Z,5,1963,1966,1958,1962
2023-11-06T14:00:00.000Z,9,1962,1964,1957,1959
2023-11-06T18:00:00.000Z,13,1958,1961,1951,1956
2023-11-06T22:00:00.000Z,17,1957,1960,1952,1955
2023-11-07T02:00:00.000Z,21,1955,1956,1950,1952
2023-11-07T06:00:00.000Z,1,1952,1954,1946,1946
2023-11-07T10:00:00.000Z,5,1946,1950,1941,1945
2023-11-07T14:00:00.000Z,9,1944,1950,1940,1948
2023-11-07T18:00:00.000Z,13,1947,1952,1944,1947
2023-11-07T22:00:00.000Z,17,1948,1950,1936,1948
2023-11-08T02:00:00.000Z,21,1948,1950,1944,1945
2023-11-08T06:00:00.000Z,1,1945,1950,1944,1947
2023-11-08T10:00:00.000Z,5,1947,1950,1942,1943
2023-11-08T14:00:00.000Z,9,1943,1945,1931,1936
2023-11-08T18:00:00.000Z,13,1937,1939,1928,1931
2023-11-08T22:00:00.000Z,17,1930,1938,1928,1931
2023-11-09T02:00:00.000Z,21,1932,1938,1930,1933
2023-11-09T06:00:00.000Z,1,1933,1937,1927,1928
2023-11-09T10:00:00.000Z,5,1929,1934,1924,1930
2023-11-09T14:00:00.000Z,9,1930,1945,1927,1940
2023-11-09T18:00:00.000Z,13,1939,1948,1935,1941
2023-11-09T22:00:00.000Z,17,1940,1949,1937,1939
2023-11-10T02:00:00.000Z,21,1939,1945,1930,1937
2023-11-10T06:00:00.000Z,1,1938,1941,1932,1933
2023-11-10T10:00:00.000Z,5,1933,1935,1919,1923
2023-11-10T14:00:00.000Z,9,1923,1933,1920,1922
2023-11-10T18:00:00.000Z,13,1923,1931,1919,1920
2023-11-12T22:00:00.000Z,17,1918,1921,1913,1920
2023-11-13T02:00:00.000Z,21,1920,1921,1914,1917
2023-11-13T06:00:00.000Z,1,1917,1920,1916,1919
2023-11-13T10:00:00.000Z,5,1919,1921,1914,1915
2023-11-13T14:00:00.000Z,9,1915,1929,1913,1926
2023-11-13T18:00:00.000Z,13,1926,1935,1922,1927
2023-11-13T22:00:00.000Z,17,1927,1941,1926,1931
2023-11-14T02:00:00.000Z,21,1931,1934,1924,1931
2023-11-14T06:00:00.000Z,1,1929,1931,1921,1926
2023-11-14T10:00:00.000Z,5,1926,1937,1922,1935
2023-11-14T14:00:00.000Z,9,1936,1953,1934,1943
2023-11-14T18:00:00.000Z,13,1943,1945,1939,1943
2023-11-14T22:00:00.000Z,17,1942,1945,1906,1941
2023-11-15T02:00:00.000Z,21,1941,1948,1941,1948
2023-11-15T06:00:00.000Z,1,1947,1953,1940,1949
2023-11-15T10:00:00.000Z,5,1949,1959,1944,1949
2023-11-15T14:00:00.000Z,9,1950,1952,1940,1942
2023-11-15T18:00:00.000Z,13,1941,1952,1936,1937
2023-11-15T22:00:00.000Z,17,1938,1944,1933,1938
2023-11-16T02:00:00.000Z,21,1938,1946,1930,1941
2023-11-16T06:00:00.000Z,1,1942,1948,1941,1946
2023-11-16T10:00:00.000Z,5,1945,1951,1937,1951
2023-11-16T14:00:00.000Z,9,1950,1966,1949,1962
2023-11-16T18:00:00.000Z,13,1961,1964,1956,1960
2023-11-16T22:00:00.000Z,17,1960,1966,1957,1965
2023-11-17T02:00:00.000Z,21,1965,1967,1962,1963
2023-11-17T06:00:00.000Z,1,1963,1972,1963,1971
2023-11-17T10:00:00.000Z,5,1971,1972,1965,1966
2023-11-17T14:00:00.000Z,9,1965,1977,1965,1967
2023-11-17T18:00:00.000Z,13,1966,1974,1965,1965
2023-11-19T22:00:00.000Z,17,1958,1964,1951,1961
2023-11-20T02:00:00.000Z,21,1960,1965,1959,1960
2023-11-20T06:00:00.000Z,1,1960,1964,1957,1962
2023-11-20T10:00:00.000Z,5,1962,1963,1950,1952
2023-11-20T14:00:00.000Z,9,1951,1961,1950,1957
2023-11-20T18:00:00.000Z,13,1957,1964,1955,1959
2023-11-20T22:00:00.000Z,17,1959,1970,1958,1969
2023-11-21T02:00:00.000Z,21,1969,1979,1968,1972
2023-11-21T06:00:00.000Z,1,1972,1985,1969,1969
2023-11-21T10:00:00.000Z,5,1970,1984,1968,1981
2023-11-21T14:00:00.000Z,9,1981,1989,1977,1980
2023-11-21T18:00:00.000Z,13,1979,1985,1976,1976
2023-11-21T22:00:00.000Z,17,1976,1983,1966,1980
2023-11-22T02:00:00.000Z,21,1981,1983,1975,1978
2023-11-22T06:00:00.000Z,1,1979,1985,1978,1983
2023-11-22T10:00:00.000Z,5,1983,1988,1979,1981
2023-11-22T14:00:00.000Z,9,1980,1987,1974,1979
2023-11-22T18:00:00.000Z,13,1979,1984,1977,1980
2023-11-22T22:00:00.000Z,17,1980,1983,1972,1979
2023-11-23T02:00:00.000Z,21,1979,1988,1978,1980
2023-11-23T06:00:00.000Z,1,1980,1982,1976,1981
2023-11-23T10:00:00.000Z,5,1981,1982,1976,1981
2023-11-23T14:00:00.000Z,9,1980,1988,1977,1979
2023-11-23T18:00:00.000Z,13,1979,1980,1976,1978
2023-11-23T22:00:00.000Z,17,1978,1982,1976,1980
2023-11-24T02:00:00.000Z,21,1981,1983,1977,1980
2023-11-24T06:00:00.000Z,1,1980,1985,1976,1982
2023-11-24T10:00:00.000Z,5,1981,1987,1977,1986
2023-11-24T14:00:00.000Z,9,1986,1987,1979,1981
2023-11-24T18:00:00.000Z,13,1981,1989,1979,1986
2023-11-26T22:00:00.000Z,17,1982,1997,1981,1995
2023-11-27T02:00:00.000Z,21,1994,1997,1989,1993
2023-11-27T06:00:00.000Z,1,1992,1997,1992,1995
2023-11-27T10:00:00.000Z,5,1995,1998,1992,1996
2023-11-27T14:00:00.000Z,9,1995,1998,1991,1997
2023-11-27T18:00:00.000Z,13,1996,2000,1992,1995
2023-11-27T22:00:00.000Z,17,1996,1999,1995,1997
2023-11-28T02:00:00.000Z,21,1997,2000,1993,1997
2023-11-28T06:00:00.000Z,1,1997,2000,1993,1999
2023-11-28T10:00:00.000Z,5,1999,2002,1997,2001
2023-11-28T14:00:00.000Z,9,2001,2024,2000,2023
2023-11-28T18:00:00.000Z,13,2022,2031,2019,2021
2023-11-28T22:00:00.000Z,17,2021,2030,2018,2027
2023-11-29T02:00:00.000Z,21,2026,2031,2011,2023
2023-11-29T06:00:00.000Z,1,2024,2027,2017,2019
2023-11-29T10:00:00.000Z,5,2020,2028,2017,2019
2023-11-29T14:00:00.000Z,9,2021,2029,2018,2028
2023-11-29T18:00:00.000Z,13,2027,2029,2022,2024
2023-11-29T22:00:00.000Z,17,2024,2027,2022,2022
2023-11-30T02:00:00.000Z,21,2022,2028,2021,2024
2023-11-30T06:00:00.000Z,1,2025,2028,2018,2022
2023-11-30T10:00:00.000Z,5,2021,2025,2015,2020
2023-11-30T14:00:00.000Z,9,2020,2031,2018,2027
2023-11-30T18:00:00.000Z,13,2026,2028,2019,2020
2023-11-30T22:00:00.000Z,17,2019,2027,2018,2025
2023-12-01T02:00:00.000Z,21,2025,2026,2022,2025
2023-12-01T06:00:00.000Z,1,2025,2032,2022,2028
2023-12-01T10:00:00.000Z,5,2029,2030,2021,2021
2023-12-01T14:00:00.000Z,9,2021,2048,2019,2047
2023-12-01T18:00:00.000Z,13,2046,2058,2044,2052
2023-12-03T22:00:00.000Z,17,2044,2095,2041,2069
2023-12-04T02:00:00.000Z,21,2068,2070,2060,2068
2023-12-04T06:00:00.000Z,1,2068,2070,2030,2047
2023-12-04T10:00:00.000Z,5,2047,2055,2040,2047
2023-12-04T14:00:00.000Z,9,2047,2048,2014,2025
2023-12-04T18:00:00.000Z,13,2025,2028,2018,2022
2023-12-04T22:00:00.000Z,17,2021,2034,2019,2027
2023-12-05T02:00:00.000Z,21,2027,2031,2023,2024
2023-12-05T06:00:00.000Z,1,2024,2029,2021,2022
2023-12-05T10:00:00.000Z,5,2022,2022,2010,2019
2023-12-05T14:00:00.000Z,9,2019,2021,2006,2017
2023-12-05T18:00:00.000Z,13,2017,2020,2009,2012
2023-12-05T22:00:00.000Z,17,2012,2017,2010,2012
2023-12-06T02:00:00.000Z,21,2011,2018,2010,2016
2023-12-06T06:00:00.000Z,1,2017,2020,2009,2009
2023-12-06T10:00:00.000Z,5,2010,2015,2002,2008
2023-12-06T14:00:00.000Z,9,2008,2019,2002,2013
2023-12-06T18:00:00.000Z,13,2013,2016,2003,2007
2023-12-06T22:00:00.000Z,17,2007,2012,2004,2011
2023-12-07T02:00:00.000Z,21,2011,2011,2005,2009
2023-12-07T06:00:00.000Z,1,2009,2022,2007,2021
2023-12-07T10:00:00.000Z,5,2021,2026,2015,2024
2023-12-07T14:00:00.000Z,9,2023,2025,2009,2016
2023-12-07T18:00:00.000Z,13,2016,2023,2011,2022
2023-12-07T22:00:00.000Z,17,2022,2022,2013,2021
2023-12-08T02:00:00.000Z,21,2021,2023,2019,2022
2023-12-08T06:00:00.000Z,1,2021,2023,2016,2016
2023-12-08T10:00:00.000Z,5,2017,2019,2009,2009
2023-12-08T14:00:00.000Z,9,2009,2010,1990,1994
2023-12-08T18:00:00.000Z,13,1993,2003,1989,2001
2023-12-10T22:00:00.000Z,17,1987,1994,1982,1994
2023-12-11T02:00:00.000Z,21,1992,1994,1975,1979
2023-12-11T06:00:00.000Z,1,1980,1981,1975,1978
2023-12-11T10:00:00.000Z,5,1979,1979,1967,1975
2023-12-11T14:00:00.000Z,9,1975,1977,1969,1969
2023-12-11T18:00:00.000Z,13,1969,1975,1965,1970
2023-12-11T22:00:00.000Z,17,1970,1975,1966,1969
2023-12-12T02:00:00.000Z,21,1969,1974,1965,1971
2023-12-12T06:00:00.000Z,1,1970,1973,1967,1969
2023-12-12T10:00:00.000Z,5,1970,1979,1967,1968
2023-12-12T14:00:00.000Z,9,1968,1972,1957,1963
2023-12-12T18:00:00.000Z,13,1963,1966,1960,1961
2023-12-12T22:00:00.000Z,17,1962,1966,1958,1959
2023-12-13T02:00:00.000Z,21,1959,1965,1957,1964
2023-12-13T06:00:00.000Z,1,1964,1964,1953,1961
2023-12-13T10:00:00.000Z,5,1960,1969,1950,1969
2023-12-13T14:00:00.000Z,9,1969,1970,1962,1969
2023-12-13T18:00:00.000Z,13,1969,2009,1966,2005
2023-12-13T22:00:00.000Z,17,2005,2020,2001,2013
2023-12-14T02:00:00.000Z,21,2013,2019,2009,2014
2023-12-14T06:00:00.000Z,1,2014,2019,2008,2015
2023-12-14T10:00:00.000Z,5,2014,2019,2001,2016
2023-12-14T14:00:00.000Z,9,2016,2029,2011,2016
2023-12-14T18:00:00.000Z,13,2016,2018,2008,2016
2023-12-14T22:00:00.000Z,17,2016,2027,2009,2014
2023-12-15T02:00:00.000Z,21,2014,2021,2011,2013
2023-12-15T06:00:00.000Z,1,2014,2023,2012,2019
2023-12-15T10:00:00.000Z,5,2020,2023,2007,2010
2023-12-15T14:00:00.000Z,9,2010,2022,2010,2013
2023-12-15T18:00:00.000Z,13,2013,2014,2003,2004
2023-12-17T22:00:00.000Z,17,1995,2003,1994,1999
2023-12-18T02:00:00.000Z,21,1999,2007,1999,2004
2023-12-18T06:00:00.000Z,1,2003,2010,2000,2005
2023-12-18T10:00:00.000Z,5,2004,2012,1998,2007
2023-12-18T14:00:00.000Z,9,2007,2012,2003,2012
2023-12-18T18:00:00.000Z,13,2012,2019,2007,2016
2023-12-18T22:00:00.000Z,17,2017,2019,2009,2017
2023-12-19T02:00:00.000Z,21,2018,2023,2005,2016
2023-12-19T06:00:00.000Z,1,2016,2019,2014,2016
2023-12-19T10:00:00.000Z,5,2015,2019,2008,2012
2023-12-19T14:00:00.000Z,9,2013,2028,2010,2023
2023-12-19T18:00:00.000Z,13,2024,2027,2018,2021
2023-12-19T22:00:00.000Z,17,2021,2024,2018,2019
2023-12-20T02:00:00.000Z,21,2018,2028,2018,2022
2023-12-20T06:00:00.000Z,1,2022,2024,2019,2020
2023-12-20T10:00:00.000Z,5,2020,2021,2011,2017
2023-12-20T14:00:00.000Z,9,2017,2023,2011,2014
2023-12-20T18:00:00.000Z,13,2015,2017,2007,2013
2023-12-20T22:00:00.000Z,17,2014,2019,2011,2014
2023-12-21T02:00:00.000Z,21,2015,2024,2013,2015
2023-12-21T06:00:00.000Z,1,2016,2019,2010,2014
2023-12-21T10:00:00.000Z,5,2014,2023,2011,2020
2023-12-21T14:00:00.000Z,9,2020,2026,2015,2019
2023-12-21T18:00:00.000Z,13,2020,2026,2017,2024
2023-12-21T22:00:00.000Z,17,2024,2033,2022,2030
2023-12-22T02:00:00.000Z,21,2029,2030,2026,2027
2023-12-22T06:00:00.000Z,1,2028,2034,2026,2031
2023-12-22T10:00:00.000Z,5,2032,2048,2032,2044
2023-12-22T14:00:00.000Z,9,2044,2048,2032,2033
2023-12-22T18:00:00.000Z,13,2033,2042,2029,2030
2023-12-24T22:00:00.000Z,17,2026,2031,2023,2027
2023-12-25T02:00:00.000Z,21,2029,2032,2026,2031
2023-12-25T06:00:00.000Z,1,2030,2032,2021,2028
2023-12-25T10:00:00.000Z,5,2027,2030,2016,2025
2023-12-25T14:00:00.000Z,9,2026,2030,2020,2028
2023-12-25T18:00:00.000Z,13,2027,2027,2021,2023
2023-12-25T22:00:00.000Z,17,2023,2033,2023,2031
2023-12-26T02:00:00.000Z,21,2030,2035,2027,2031
2023-12-26T06:00:00.000Z,1,2031,2037,2026,2033
2023-12-26T10:00:00.000Z,5,2034,2039,2030,2032
2023-12-26T14:00:00.000Z,9,2032,2036,2024,2034
2023-12-26T18:00:00.000Z,13,2035,2039,2028,2037
2023-12-26T22:00:00.000Z,17,2036,2039,2035,2039
2023-12-27T02:00:00.000Z,21,2038,2039,2034,2037
2023-12-27T06:00:00.000Z,1,2036,2044,2035,2040
2023-12-27T10:00:00.000Z,5,2040,2044,2035,2042
2023-12-27T14:00:00.000Z,9,2043,2050,2040,2049
2023-12-27T18:00:00.000Z,13,2050,2058,2043,2051
2023-12-27T22:00:00.000Z,17,2051,2059,2051,2058
2023-12-28T02:00:00.000Z,21,2057,2068,2056,2064
2023-12-28T06:00:00.000Z,1,2064,2068,2050,2053
2023-12-28T10:00:00.000Z,5,2053,2058,2047,2055
2023-12-28T14:00:00.000Z,9,2055,2069,2049,2055
2023-12-28T18:00:00.000Z,13,2054,2055,2040,2044
2023-12-28T22:00:00.000Z,17,2045,2050,2040,2049
2023-12-29T02:00:00.000Z,21,2048,2053,2042,2047
2023-12-29T06:00:00.000Z,1,2047,2054,2046,2047
2023-12-29T10:00:00.000Z,5,2046,2049,2033,2035
2023-12-29T14:00:00.000Z,9,2035,2053,2030,2037
2023-12-29T18:00:00.000Z,13,2036,2044,2030,2035
2023-12-31T22:00:00.000Z,17,2028,2034,2024,2030
2024-01-01T02:00:00.000Z,21,2029,2030,2026,2028
2024-01-01T06:00:00.000Z,1,2028,2030,2026,2029
2024-01-01T10:00:00.000Z,5,2027,2034,2024,2033
2024-01-01T14:00:00.000Z,9,2031,2034,2026,2029
2024-01-01T18:00:00.000Z,13,2030,2038,2028,2032
2024-01-01T22:00:00.000Z,17,2031,2040,2028,2037
2024-01-02T02:00:00.000Z,21,2036,2041,2025,2038
2024-01-02T06:00:00.000Z,1,2038,2051,2027,2042
2024-01-02T10:00:00.000Z,5,2042,2048,2006,2038
2024-01-02T14:00:00.000Z,9,2037,2047,2030,2036
2024-01-02T18:00:00.000Z,13,2036,2045,2030,2032
2024-01-02T22:00:00.000Z,17,2032,2039,2029,2033
2024-01-03T02:00:00.000Z,21,2033,2040,2030,2036
2024-01-03T06:00:00.000Z,1,2035,2043,2032,2036
2024-01-03T10:00:00.000Z,5,2036,2037,2000,2010
2024-01-03T14:00:00.000Z,9,2011,2030,2000,2004
2024-01-03T18:00:00.000Z,13,2003,2018,2003,2014
2024-01-03T22:00:00.000Z,17,2014,2025,2010,2017
2024-01-04T02:00:00.000Z,21,2017,2023,2017,2021
2024-01-04T06:00:00.000Z,1,2021,2028,2021,2026
2024-01-04T10:00:00.000Z,5,2025,2028,2010,2021
2024-01-04T14:00:00.000Z,9,2020,2024,2012,2018
2024-01-04T18:00:00.000Z,13,2017,2023,2014,2021
2024-01-04T22:00:00.000Z,17,2021,2026,2019,2024
2024-01-05T02:00:00.000Z,21,2025,2028,2020,2023
2024-01-05T06:00:00.000Z,1,2024,2028,2018,2023
2024-01-05T10:00:00.000Z,5,2023,2024,2011,2018
2024-01-05T14:00:00.000Z,9,2018,2040,2014,2023
2024-01-05T18:00:00.000Z,13,2021,2027,2018,2021
2024-01-07T22:00:00.000Z,17,2018,2020,2012,2018
2024-01-08T02:00:00.000Z,21,2016,2025,2004,2006
2024-01-08T06:00:00.000Z,1,2009,2022,2004,2016
2024-01-08T10:00:00.000Z,5,2015,2024,2004,2011
2024-01-08T14:00:00.000Z,9,2012,2015,2005,2012
2024-01-08T18:00:00.000Z,13,2012,2016,2000,2008
2024-01-08T22:00:00.000Z,17,2007,2013,2005,2013
2024-01-09T02:00:00.000Z,21,2012,2014,2008,2011
2024-01-09T06:00:00.000Z,1,2011,2019,2009,2016
2024-01-09T10:00:00.000Z,5,2015,2021,2009,2018
2024-01-09T14:00:00.000Z,9,2016,2022,2007,2013
2024-01-09T18:00:00.000Z,13,2013,2020,2006,2012
2024-01-09T22:00:00.000Z,17,2014,2023,2009,2020
2024-01-10T02:00:00.000Z,21,2019,2028,2012,2018
2024-01-10T06:00:00.000Z,1,2017,2021,2008,2017
2024-01-10T10:00:00.000Z,5,2017,2020,2007,2015
2024-01-10T14:00:00.000Z,9,2015,2018,2008,2008
2024-01-10T18:00:00.000Z,13,2008,2014,1995,2005
2024-01-10T22:00:00.000Z,17,2005,2008,1991,2000
2024-01-11T02:00:00.000Z,21,1999,2008,1997,2008
2024-01-11T06:00:00.000Z,1,2007,2011,2002,2003
2024-01-11T10:00:00.000Z,5,2004,2011,2000,2005
2024-01-11T14:00:00.000Z,9,2003,2007,1990,1998
2024-01-11T18:00:00.000Z,13,1997,2007,1995,2005
2024-01-11T22:00:00.000Z,17,2004,2015,2003,2006
2024-01-12T02:00:00.000Z,21,2005,2015,2004,2015
2024-01-12T06:00:00.000Z,1,2014,2020,2009,2015
2024-01-12T10:00:00.000Z,5,2016,2029,2015,2029
2024-01-12T14:00:00.000Z,9,2029,2034,2015,2022
2024-01-12T18:00:00.000Z,13,2022,2030,2012,2022
2024-01-14T22:00:00.000Z,17,2023,2032,2020,2031
2024-01-15T02:00:00.000Z,21,2030,2047,2030,2034
2024-01-15T06:00:00.000Z,1,2035,2050,2030,2041
2024-01-15T10:00:00.000Z,5,2041,2042,2040,2040
2024-01-15T14:00:00.000Z,9,2040,2049,2040,2040
2024-01-15T18:00:00.000Z,13,2041,2049,2033,2035
2024-01-15T22:00:00.000Z,17,2035,2047,2026,2033
2024-01-16T02:00:00.000Z,21,2031,2039,2031,2032
2024-01-16T06:00:00.000Z,1,2032,2035,2022,2024
2024-01-16T10:00:00.000Z,5,2024,2031,2021,2021
2024-01-16T14:00:00.000Z,9,2022,2032,2016,2019
2024-01-16T18:00:00.000Z,13,2019,2027,2011,2022
2024-01-16T22:00:00.000Z,17,2022,2026,2017,2020
2024-01-17T02:00:00.000Z,21,2019,2024,2015,2016
2024-01-17T06:00:00.000Z,1,2016,2019,2011,2014
2024-01-17T10:00:00.000Z,5,2014,2017,2005,2013
2024-01-17T14:00:00.000Z,9,2013,2017,2000,2003
2024-01-17T18:00:00.000Z,13,2003,2012,2000,2008
2024-01-17T22:00:00.000Z,17,2008,2011,2002,2008
2024-01-18T02:00:00.000Z,21,2009,2010,2003,2003
2024-01-18T06:00:00.000Z,1,2005,2011,2003,2008
2024-01-18T10:00:00.000Z,5,2007,2011,2001,2007
2024-01-18T14:00:00.000Z,9,2007,2017,2002,2016
2024-01-18T18:00:00.000Z,13,2016,2020,2009,2011
2024-01-18T22:00:00.000Z,17,2012,2020,2004,2018
2024-01-19T02:00:00.000Z,21,2016,2020,2014,2017
2024-01-19T06:00:00.000Z,1,2018,2022,2014,2020
2024-01-19T10:00:00.000Z,5,2021,2022,2015,2018
2024-01-19T14:00:00.000Z,9,2019,2022,2005,2012
2024-01-19T18:00:00.000Z,13,2012,2018,2008,2012
2024-01-21T22:00:00.000Z,17,2009,2012,2006,2008
2024-01-22T02:00:00.000Z,21,2007,2011,2004,2007
2024-01-22T06:00:00.000Z,1,2008,2009,2004,2009
2024-01-22T10:00:00.000Z,5,2009,2011,2002,2006
2024-01-22T14:00:00.000Z,9,2007,2011,2002,2005
2024-01-22T18:00:00.000Z,13,2005,2011,2000,2002
2024-01-22T22:00:00.000Z,17,2001,2007,2000,2004
2024-01-23T02:00:00.000Z,21,2004,2011,2001,2010
2024-01-23T06:00:00.000Z,1,2010,2016,2005,2007
2024-01-23T10:00:00.000Z,5,2008,2014,2003,2003
2024-01-23T14:00:00.000Z,9,2005,2010,2002,2004
2024-01-23T18:00:00.000Z,13,2003,2011,2002,2008
2024-01-23T22:00:00.000Z,17,2009,2012,2005,2007
2024-01-24T02:00:00.000Z,21,2008,2008,2005,2007
2024-01-24T06:00:00.000Z,1,2007,2013,2005,2010
2024-01-24T10:00:00.000Z,5,2010,2015,2009,2013
2024-01-24T14:00:00.000Z,9,2013,2014,2000,2004
2024-01-24T18:00:00.000Z,13,2004,2009,2000,2003
2024-01-24T22:00:00.000Z,17,2002,2006,2000,2000
2024-01-25T02:00:00.000Z,21,2000,2001,1998,1999
2024-01-25T06:00:00.000Z,1,1999,2007,1994,2000
2024-01-25T10:00:00.000Z,5,1999,2004,1997,2000
2024-01-25T14:00:00.000Z,9,2001,2010,2001,2008
2024-01-25T18:00:00.000Z,13,2008,2012,2000,2005
2024-01-25T22:00:00.000Z,17,2004,2006,2000,2004
2024-01-26T02:00:00.000Z,21,2005,2010,2003,2003
2024-01-26T06:00:00.000Z,1,2004,2009,2001,2006
2024-01-26T10:00:00.000Z,5,2004,2010,2002,2006
2024-01-26T14:00:00.000Z,9,2005,2007,2001,2003
2024-01-26T18:00:00.000Z,13,2004,2005,1999,2000
2024-01-28T22:00:00.000Z,17,2006,2009,2005,2007
2024-01-29T02:00:00.000Z,21,2007,2009,2006,2008
2024-01-29T06:00:00.000Z,1,2007,2013,2005,2008
2024-01-29T10:00:00.000Z,5,2009,2016,2005,2015
2024-01-29T14:00:00.000Z,9,2015,2016,2005,2010
2024-01-29T18:00:00.000Z,13,2011,2015,2001,2007
2024-01-29T22:00:00.000Z,17,2007,2010,2007,2009
2024-01-30T02:00:00.000Z,21,2008,2010,2007,2010
2024-01-30T06:00:00.000Z,1,2010,2010,2002,2004
2024-01-30T10:00:00.000Z,5,2005,2011,2004,2011
2024-01-30T14:00:00.000Z,9,2010,2014,2003,2013
2024-01-30T18:00:00.000Z,13,2012,2015,2012,2014
2024-01-30T22:00:00.000Z,17,2014,2017,2013,2013
2024-01-31T02:00:00.000Z,21,2013,2017,2012,2015
2024-01-31T06:00:00.000Z,1,2014,2019,2013,2015
2024-01-31T10:00:00.000Z,5,2016,2024,2014,2022
2024-01-31T14:00:00.000Z,9,2021,2036,2019,2032
2024-01-31T18:00:00.000Z,13,2032,2032,2012,2019
2024-01-31T22:00:00.000Z,17,2019,2026,2018,2021
2024-02-01T02:00:00.000Z,21,2021,2031,2021,2026
2024-02-01T06:00:00.000Z,1,2025,2030,2022,2029
2024-02-01T10:00:00.000Z,5,2029,2030,2017,2023
2024-02-01T14:00:00.000Z,9,2024,2044,2022,2036
2024-02-01T18:00:00.000Z,13,2035,2039,2034,2035
2024-02-01T22:00:00.000Z,17,2035,2040,2030,2038
2024-02-02T02:00:00.000Z,21,2037,2040,2035,2036
2024-02-02T06:00:00.000Z,1,2035,2040,2034,2040
2024-02-02T10:00:00.000Z,5,2037,2040,2017,2018
2024-02-02T14:00:00.000Z,9,2018,2032,2016,2023
2024-02-02T18:00:00.000Z,13,2023,2032,2020,2023
2024-02-04T22:00:00.000Z,17,2018,2023,2017,2018
2024-02-05T02:00:00.000Z,21,2018,2020,2015,2016
2024-02-05T06:00:00.000Z,1,2015,2019,2012,2013
2024-02-05T10:00:00.000Z,5,2014,2016,2008,2010
2024-02-05T14:00:00.000Z,9,2010,2015,2004,2009
2024-02-05T18:00:00.000Z,13,2009,2013,2003,2007
2024-02-05T22:00:00.000Z,17,2007,2011,2005,2010
2024-02-06T02:00:00.000Z,21,2010,2012,2007,2010
2024-02-06T06:00:00.000Z,1,2010,2011,2005,2008
2024-02-06T10:00:00.000Z,5,2008,2013,2006,2011
2024-02-06T14:00:00.000Z,9,2011,2019,2010,2016
2024-02-06T18:00:00.000Z,13,2016,2026,2016,2018
2024-02-06T22:00:00.000Z,17,2018,2021,2015,2018
2024-02-07T02:00:00.000Z,21,2018,2021,2016,2016
2024-02-07T06:00:00.000Z,1,2016,2019,2013,2015
2024-02-07T10:00:00.000Z,5,2015,2025,2014,2022
2024-02-07T14:00:00.000Z,9,2022,2025,2013,2017
2024-02-07T18:00:00.000Z,13,2018,2021,2012,2016
2024-02-07T22:00:00.000Z,17,2016,2021,2010,2017
2024-02-08T02:00:00.000Z,21,2017,2020,2010,2012
2024-02-08T06:00:00.000Z,1,2013,2019,2011,2015
2024-02-08T10:00:00.000Z,5,2015,2020,2007,2009
2024-02-08T14:00:00.000Z,9,2008,2019,1975,2010
2024-02-08T18:00:00.000Z,13,2010,2015,2008,2012
2024-02-08T22:00:00.000Z,17,2012,2015,2010,2014
2024-02-09T02:00:00.000Z,21,2014,2016,2010,2013
2024-02-09T06:00:00.000Z,1,2012,2014,2007,2009
2024-02-09T10:00:00.000Z,5,2009,2015,2006,2011
2024-02-09T14:00:00.000Z,9,2010,2014,2001,2009
2024-02-09T18:00:00.000Z,13,2009,2010,2001,2006
2024-02-11T22:00:00.000Z,17,2004,2007,1999,2003
2024-02-12T02:00:00.000Z,21,2003,2006,1998,2002
2024-02-12T06:00:00.000Z,1,2002,2010,1998,1998
2024-02-12T10:00:00.000Z,5,1998,2006,1998,2001
2024-02-12T14:00:00.000Z,9,2000,2008,1994,1999
2024-02-12T18:00:00.000Z,13,1999,2010,1998,2001
2024-02-12T22:00:00.000Z,17,2000,2006,1997,2001
2024-02-13T02:00:00.000Z,21,2000,2001,1997,2000
2024-02-13T06:00:00.000Z,1,2000,2009,1999,2005
2024-02-13T10:00:00.000Z,5,2006,2009,1996,1996
2024-02-13T14:00:00.000Z,9,1996,1998,1983,1984
2024-02-13T18:00:00.000Z,13,1984,1993,1981,1986
2024-02-13T22:00:00.000Z,17,1988,1994,1984,1987
2024-02-14T02:00:00.000Z,21,1986,1993,1982,1990
2024-02-14T06:00:00.000Z,1,1991,1994,1980,1987
2024-02-14T10:00:00.000Z,5,1987,1990,1978,1983
2024-02-14T14:00:00.000Z,9,1983,1988,1968,1978
2024-02-14T18:00:00.000Z,13,1978,1982,1973,1981
2024-02-14T22:00:00.000Z,17,1980,1989,1977,1982
2024-02-15T02:00:00.000Z,21,1981,1986,1971,1976
2024-02-15T06:00:00.000Z,1,1975,1983,1973,1980
2024-02-15T10:00:00.000Z,5,1979,1984,1976,1984
2024-02-15T14:00:00.000Z,9,1983,1988,1978,1983
2024-02-15T18:00:00.000Z,13,1983,1988,1980,1981
2024-02-15T22:00:00.000Z,17,1981,1988,1978,1984
2024-02-16T02:00:00.000Z,21,1985,1991,1979,1986
2024-02-16T06:00:00.000Z,1,1986,1990,1982,1986
2024-02-16T10:00:00.000Z,5,1986,1988,1980,1984
2024-02-16T14:00:00.000Z,9,1984,1994,1974,1991
2024-02-16T18:00:00.000Z,13,1991,1996,1986,1991
2024-02-18T22:00:00.000Z,17,1988,2000,1986,1996
2024-02-19T02:00:00.000Z,21,1996,2000,1993,1998
2024-02-19T06:00:00.000Z,1,1998,1999,1992,1998
2024-02-19T10:00:00.000Z,5,1997,1998,1992,1995
2024-02-19T14:00:00.000Z,9,1995,1997,1982,1992
2024-02-19T18:00:00.000Z,13,1992,1997,1990,1997
2024-02-19T22:00:00.000Z,17,1995,1997,1981,1991
2024-02-20T02:00:00.000Z,21,1991,1995,1990,1994
2024-02-20T06:00:00.000Z,1,1993,1997,1993,1996
2024-02-20T10:00:00.000Z,5,1997,2002,1996,2001
2024-02-20T14:00:00.000Z,9,2001,2009,1994,2007
2024-02-20T18:00:00.000Z,13,2006,2009,1999,2001
2024-02-20T22:00:00.000Z,17,2001,2008,2000,2002
2024-02-21T02:00:00.000Z,21,2003,2009,2002,2008
2024-02-21T06:00:00.000Z,1,2008,2009,2001,2005
2024-02-21T10:00:00.000Z,5,2004,2008,2002,2005
2024-02-21T14:00:00.000Z,9,2006,2009,2002,2003
2024-02-21T18:00:00.000Z,13,2003,2008,2000,2004
2024-02-21T22:00:00.000Z,17,2004,2007,2000,2003
2024-02-22T02:00:00.000Z,21,2003,2007,2000,2005
2024-02-22T06:00:00.000Z,1,2005,2010,2003,2005
2024-02-22T10:00:00.000Z,5,2007,2008,2000,2000
2024-02-22T14:00:00.000Z,9,2000,2003,1997,2002
2024-02-22T18:00:00.000Z,13,2001,2004,1999,2001
2024-02-22T22:00:00.000Z,17,2001,2003,1998,2000
2024-02-23T02:00:00.000Z,21,2001,2006,1996,2000
2024-02-23T06:00:00.000Z,1,1999,2003,1994,1996
2024-02-23T10:00:00.000Z,5,1996,2006,1995,2004
2024-02-23T14:00:00.000Z,9,2004,2015,1998,2012
2024-02-23T18:00:00.000Z,13,2012,2015,2009,2011
2024-02-25T22:00:00.000Z,17,2008,2010,2006,2007
2024-02-26T02:00:00.000Z,21,2007,2010,2005,2009
2024-02-26T06:00:00.000Z,1,2010,2014,2005,2009
2024-02-26T10:00:00.000Z,5,2010,2014,2007,2010
2024-02-26T14:00:00.000Z,9,2011,2012,2002,2005
2024-02-26T18:00:00.000Z,13,2005,2012,2001,2007
2024-02-26T22:00:00.000Z,17,2007,2008,2003,2007
2024-02-27T02:00:00.000Z,21,2007,2008,2002,2006
2024-02-27T06:00:00.000Z,1,2006,2008,2003,2008
2024-02-27T10:00:00.000Z,5,2007,2008,2001,2008
2024-02-27T14:00:00.000Z,9,2008,2008,2002,2007
2024-02-27T18:00:00.000Z,13,2006,2008,2000,2004
2024-02-27T22:00:00.000Z,17,2004,2010,2001,2008
2024-02-28T02:00:00.000Z,21,2007,2018,2003,2011
2024-02-28T06:00:00.000Z,1,2012,2022,2004,2013
2024-02-28T10:00:00.000Z,5,2012,2019,2002,2012
2024-02-28T14:00:00.000Z,9,2013,2020,2005,2017
2024-02-28T18:00:00.000Z,13,2017,2019,2006,2017
2024-02-28T22:00:00.000Z,17,2016,2023,2013,2019
2024-02-29T02:00:00.000Z,21,2019,2022,2012,2015
2024-02-29T06:00:00.000Z,1,2016,2020,2009,2013
2024-02-29T10:00:00.000Z,5,2013,2029,2004,2025
2024-02-29T14:00:00.000Z,9,2025,2029,2017,2022
2024-02-29T18:00:00.000Z,13,2023,2025,2012,2021
2024-02-29T22:00:00.000Z,17,2022,2022,1989,2000
2024-03-01T02:00:00.000Z,21,2000,2000,1997,2000
2024-03-01T06:00:00.000Z,1,2000,2000,1996,2000
2024-03-01T10:00:00.000Z,5,2000,2006,1992,1993
2024-03-01T14:00:00.000Z,9,1994,2039,1993,2016
2024-03-01T18:00:00.000Z,13,2016,2033,2002,2028
2024-03-03T22:00:00.000Z,17,2019,2030,2016,2020
2024-03-04T02:00:00.000Z,21,2019,2024,2018,2020
2024-03-04T06:00:00.000Z,1,2020,2022,2003,2019
2024-03-04T10:00:00.000Z,5,2018,2028,2010,2028
2024-03-04T14:00:00.000Z,9,2028,2070,2027,2058
2024-03-04T18:00:00.000Z,13,2058,2064,2052,2063
2024-03-04T22:00:00.000Z,17,2063,2077,2058,2065
2024-03-05T02:00:00.000Z,21,2065,2077,2057,2063
2024-03-05T06:00:00.000Z,1,2063,2083,2059,2083
2024-03-05T10:00:00.000Z,5,2082,2098,2064,2075
2024-03-05T14:00:00.000Z,9,2074,2093,2057,2093
2024-03-05T18:00:00.000Z,13,2092,2095,2069,2090
2024-03-05T22:00:00.000Z,17,2091,2095,2080,2090
2024-03-06T02:00:00.000Z,21,2089,2100,2087,2096
2024-03-06T06:00:00.000Z,1,2096,2103,2087,2100
2024-03-06T10:00:00.000Z,5,2099,2107,2081,2097
2024-03-06T14:00:00.000Z,9,2096,2111,2089,2107
2024-03-06T18:00:00.000Z,13,2107,2119,2104,2116
2024-03-06T22:00:00.000Z,17,2116,2118,2107,2118
2024-03-07T02:00:00.000Z,21,2118,2131,2116,2121
2024-03-07T06:00:00.000Z,1,2122,2136,2118,2131
2024-03-07T10:00:00.000Z,5,2131,2140,2125,2136
2024-03-07T14:00:00.000Z,9,2135,2137,2106,2127
2024-03-07T18:00:00.000Z,13,2127,2136,2121,2131
2024-03-07T22:00:00.000Z,17,2131,2135,2124,2128
2024-03-08T02:00:00.000Z,21,2128,2167,2125,2139
2024-03-08T06:00:00.000Z,1,2138,2150,2133,2144
2024-03-08T10:00:00.000Z,5,2144,2157,2140,2153
2024-03-08T14:00:00.000Z,9,2153,2163,2135,2152
2024-03-08T18:00:00.000Z,13,2152,2153,2130,2131
2024-03-10T21:00:00.000Z,17,2133,2159,2129,2155
2024-03-11T01:00:00.000Z,21,2155,2166,2143,2161
2024-03-11T05:00:00.000Z,1,2162,2174,2160,2162
2024-03-11T09:00:00.000Z,5,2162,2166,2145,2152
2024-03-11T13:00:00.000Z,9,2151,2167,2146,2158
2024-03-11T17:00:00.000Z,13,2158,2165,2151,2160
2024-03-11T21:00:00.000Z,17,2160,2164,2155,2157
2024-03-12T01:00:00.000Z,21,2157,2162,2151,2153
2024-03-12T05:00:00.000Z,1,2153,2158,2146,2156
2024-03-12T09:00:00.000Z,5,2157,2160,2144,2154
2024-03-12T13:00:00.000Z,9,2154,2154,2131,2142
2024-03-12T17:00:00.000Z,13,2142,2146,2132,2137
2024-03-12T21:00:00.000Z,17,2137,2148,2129,2145
2024-03-13T01:00:00.000Z,21,2145,2154,2144,2151
2024-03-13T05:00:00.000Z,1,2152,2154,2143,2149
2024-03-13T09:00:00.000Z,5,2150,2155,2137,2141
2024-03-13T13:00:00.000Z,9,2141,2157,2140,2152
2024-03-13T17:00:00.000Z,13,2152,2162,2148,2157
2024-03-13T21:00:00.000Z,17,2158,2159,2149,2152
2024-03-14T01:00:00.000Z,21,2152,2159,2148,2148
2024-03-14T05:00:00.000Z,1,2148,2160,2148,2154
2024-03-14T09:00:00.000Z,5,2155,2165,2140,2147
2024-03-14T13:00:00.000Z,9,2147,2160,2138,2149
2024-03-14T17:00:00.000Z,13,2149,2150,2139,2147
2024-03-14T21:00:00.000Z,17,2148,2153,2142,2146
2024-03-15T01:00:00.000Z,21,2146,2149,2130,2144
2024-03-15T05:00:00.000Z,1,2144,2155,2140,2149
2024-03-15T09:00:00.000Z,5,2148,2155,2136,2141
2024-03-15T13:00:00.000Z,9,2141,2147,2136,2139
2024-03-15T17:00:00.000Z,13,2139,2147,2124,2130
2024-03-17T21:00:00.000Z,17,2117,2126,2112,2121
2024-03-18T01:00:00.000Z,21,2120,2124,2117,2123
2024-03-18T05:00:00.000Z,1,2122,2133,2122,2130
2024-03-18T09:00:00.000Z,5,2131,2139,2129,2136
2024-03-18T13:00:00.000Z,9,2137,2143,2123,2136
2024-03-18T17:00:00.000Z,13,2137,2141,2132,2139
2024-03-18T21:00:00.000Z,17,2138,2147,2135,2137
2024-03-19T01:00:00.000Z,21,2137,2144,2130,2136
2024-03-19T05:00:00.000Z,1,2136,2143,2130,2132
2024-03-19T09:00:00.000Z,5,2132,2140,2127,2134
2024-03-19T13:00:00.000Z,9,2134,2138,2126,2130
2024-03-19T17:00:00.000Z,13,2131,2142,2128,2141
2024-03-19T21:00:00.000Z,17,2139,2142,2128,2139
2024-03-20T01:00:00.000Z,21,2139,2141,2132,2139
2024-03-20T05:00:00.000Z,1,2139,2147,2132,2139
2024-03-20T09:00:00.000Z,5,2140,2148,2135,2141
2024-03-20T13:00:00.000Z,9,2141,2154,2125,2150
2024-03-20T17:00:00.000Z,13,2149,2173,2146,2162
2024-03-20T21:00:00.000Z,17,2161,2196,2161,2177
2024-03-21T01:00:00.000Z,21,2177,2190,2175,2180
2024-03-21T05:00:00.000Z,1,2179,2192,2177,2184
2024-03-21T09:00:00.000Z,5,2183,2201,2179,2194
2024-03-21T13:00:00.000Z,9,2194,2194,2156,2170
2024-03-21T17:00:00.000Z,13,2169,2188,2160,2172
2024-03-21T21:00:00.000Z,17,2173,2179,2169,2171
2024-03-22T01:00:00.000Z,21,2171,2181,2164,2169
2024-03-22T05:00:00.000Z,1,2168,2181,2152,2155
2024-03-22T09:00:00.000Z,5,2155,2166,2150,2161
2024-03-22T13:00:00.000Z,9,2161,2162,2143,2147
2024-03-22T17:00:00.000Z,13,2147,2152,2142,2149
2024-03-24T21:00:00.000Z,17,2161,2163,2153,2159
2024-03-25T01:00:00.000Z,21,2158,2168,2154,2164
2024-03-25T05:00:00.000Z,1,2164,2165,2150,2153
2024-03-25T09:00:00.000Z,5,2152,2161,2150,2160
2024-03-25T13:00:00.000Z,9,2159,2176,2155,2172
2024-03-25T17:00:00.000Z,13,2171,2180,2160,2162
2024-03-25T21:00:00.000Z,17,2162,2175,2153,2173
2024-03-26T01:00:00.000Z,21,2173,2174,2159,2168
2024-03-26T05:00:00.000Z,1,2168,2178,2154,2159
2024-03-26T09:00:00.000Z,5,2159,2184,2159,2176
2024-03-26T13:00:00.000Z,9,2176,2179,2158,2163
2024-03-26T17:00:00.000Z,13,2162,2168,2159,2164
2024-03-26T21:00:00.000Z,17,2165,2172,2161,2166
2024-03-27T01:00:00.000Z,21,2165,2170,2159,2160
2024-03-27T05:00:00.000Z,1,2161,2169,2156,2163
2024-03-27T09:00:00.000Z,5,2163,2177,2159,2169
2024-03-27T13:00:00.000Z,9,2168,2177,2164,2171
2024-03-27T17:00:00.000Z,13,2171,2176,2164,2174
2024-03-27T21:00:00.000Z,17,2174,2174,2165,2167
2024-03-28T01:00:00.000Z,21,2166,2176,2165,2176
2024-03-28T05:00:00.000Z,1,2176,2181,2167,2175
2024-03-28T09:00:00.000Z,5,2174,2194,2171,2192
2024-03-28T13:00:00.000Z,9,2192,2200,2185,2197
2024-03-28T17:00:00.000Z,13,2197,2215,2195,2211
2024-03-28T21:00:00.000Z,17,2211,2218,2205,2217
2024-03-29T01:00:00.000Z,21,2216,2219,2210,2211
2024-03-29T05:00:00.000Z,1,2212,2215,2200,2209
2024-03-29T09:00:00.000Z,5,2209,2219,2208,2215
2024-03-29T13:00:00.000Z,9,2215,2218,2209,2210
2024-03-29T17:00:00.000Z,13,2209,2217,2207,2211
2024-03-31T21:00:00.000Z,17,2209,2231,2207,2230
2024-04-01T01:00:00.000Z,21,2229,2244,2229,2236
2024-04-01T05:00:00.000Z,1,2237,2245,2230,2241
2024-04-01T09:00:00.000Z,5,2241,2244,2230,2238
2024-04-01T13:00:00.000Z,9,2238,2238,2211,2219
2024-04-01T17:00:00.000Z,13,2219,2234,2214,2233
2024-04-01T21:00:00.000Z,17,2234,2239,2228,2234
2024-04-02T01:00:00.000Z,21,2233,2237,2223,2234
2024-04-02T05:00:00.000Z,1,2235,2245,2229,2240
2024-04-02T09:00:00.000Z,5,2240,2247,2227,2233
2024-04-02T13:00:00.000Z,9,2233,2245,2225,2239
2024-04-02T17:00:00.000Z,13,2238,2260,2234,2257
2024-04-02T21:00:00.000Z,17,2257,2276,2253,2268
2024-04-03T01:00:00.000Z,21,2267,2298,2262,2277
2024-04-03T05:00:00.000Z,1,2277,2283,2259,2266
2024-04-03T09:00:00.000Z,5,2266,2269,2253,2258
2024-04-03T13:00:00.000Z,9,2258,2282,2248,2276
2024-04-03T17:00:00.000Z,13,2275,2293,2272,2284
2024-04-03T21:00:00.000Z,17,2285,2330,2283,2300
2024-04-04T01:00:00.000Z,21,2300,2303,2291,2293
2024-04-04T05:00:00.000Z,1,2293,2299,2285,2288
2024-04-04T09:00:00.000Z,5,2289,2297,2283,2287
2024-04-04T13:00:00.000Z,9,2287,2291,2280,2281
2024-04-04T17:00:00.000Z,13,2281,2294,2270,2272
2024-04-04T21:00:00.000Z,17,2272,2279,2263,2269
2024-04-05T01:00:00.000Z,21,2269,2271,2250,2258
2024-04-05T05:00:00.000Z,1,2258,2276,2254,2275
2024-04-05T09:00:00.000Z,5,2274,2287,2266,2279
2024-04-05T13:00:00.000Z,9,2279,2319,2277,2317
2024-04-05T17:00:00.000Z,13,2316,2320,2300,2308
2024-04-07T21:00:00.000Z,17,2296,2302,2286,2288
2024-04-08T01:00:00.000Z,21,2288,2315,2286,2310
2024-04-08T05:00:00.000Z,1,2311,2329,2305,2322
2024-04-08T09:00:00.000Z,5,2322,2328,2311,2319
2024-04-08T13:00:00.000Z,9,2319,2328,2308,2314
2024-04-08T17:00:00.000Z,13,2314,2328,2308,2322
2024-04-08T21:00:00.000Z,17,2323,2326,2318,2320
2024-04-09T01:00:00.000Z,21,2319,2334,2317,2330
2024-04-09T05:00:00.000Z,1,2330,2340,2325,2337
2024-04-09T09:00:00.000Z,5,2336,2353,2331,2335
2024-04-09T13:00:00.000Z,9,2335,2343,2319,2322
2024-04-09T17:00:00.000Z,13,2322,2337,2316,2333
2024-04-09T21:00:00.000Z,17,2333,2338,2329,2334
2024-04-10T01:00:00.000Z,21,2334,2341,2327,2339
2024-04-10T05:00:00.000Z,1,2338,2344,2319,2334
2024-04-10T09:00:00.000Z,5,2334,2337,2307,2319
2024-04-10T13:00:00.000Z,9,2320,2330,2302,2316
2024-04-10T17:00:00.000Z,13,2316,2327,2300,2311
2024-04-10T21:00:00.000Z,17,2310,2325,2309,2323
2024-04-11T01:00:00.000Z,21,2323,2334,2322,2329
2024-04-11T05:00:00.000Z,1,2329,2332,2318,2319
2024-04-11T09:00:00.000Z,5,2318,2327,2316,2324
2024-04-11T13:00:00.000Z,9,2324,2341,2320,2338
2024-04-11T17:00:00.000Z,13,2339,2363,2327,2361
2024-04-11T21:00:00.000Z,17,2360,2375,2356,2365
2024-04-12T01:00:00.000Z,21,2365,2384,2365,2369
2024-04-12T05:00:00.000Z,1,2369,2399,2365,2397
2024-04-12T09:00:00.000Z,5,2397,2409,2382,2395
2024-04-12T13:00:00.000Z,9,2395,2429,2361,2368
2024-04-12T17:00:00.000Z,13,2366,2384,2289,2333
2024-04-14T21:00:00.000Z,17,2434,2460,2366,2374
2024-04-15T01:00:00.000Z,21,2374,2395,2370,2374
2024-04-15T05:00:00.000Z,1,2375,2382,2350,2367
2024-04-15T09:00:00.000Z,5,2366,2383,2350,2377
2024-04-15T13:00:00.000Z,9,2377,2378,2335,2363
2024-04-15T17:00:00.000Z,13,2363,2450,2357,2449
2024-04-15T21:00:00.000Z,17,2448,2487,2415,2436
2024-04-16T01:00:00.000Z,21,2436,2447,2422,2434
2024-04-16T05:00:00.000Z,1,2435,2447,2381,2389
2024-04-16T09:00:00.000Z,5,2389,2424,2386,2402
2024-04-16T13:00:00.000Z,9,2400,2419,2382,2414
2024-04-16T17:00:00.000Z,13,2413,2439,2396,2402
2024-04-16T21:00:00.000Z,17,2405,2409,2391,2394
2024-04-17T01:00:00.000Z,21,2393,2403,2385,2389
2024-04-17T05:00:00.000Z,1,2390,2418,2386,2418
2024-04-17T09:00:00.000Z,5,2418,2418,2396,2407
2024-04-17T13:00:00.000Z,9,2406,2413,2389,2395
2024-04-17T17:00:00.000Z,13,2393,2408,2381,2387
2024-04-17T21:00:00.000Z,17,2384,2398,2383,2387
2024-04-18T01:00:00.000Z,21,2387,2399,2383,2390
2024-04-18T05:00:00.000Z,1,2391,2401,2387,2396
2024-04-18T09:00:00.000Z,5,2397,2402,2384,2391
2024-04-18T13:00:00.000Z,9,2392,2404,2385,2395
2024-04-18T17:00:00.000Z,13,2395,2397,2386,2393
2024-04-18T21:00:00.000Z,17,2393,2393,2381,2385
2024-04-19T01:00:00.000Z,21,2385,2469,2374,2405
2024-04-19T05:00:00.000Z,1,2406,2412,2390,2396
2024-04-19T09:00:00.000Z,5,2396,2401,2383,2386
2024-04-19T13:00:00.000Z,9,2387,2399,2382,2399
2024-04-19T17:00:00.000Z,13,2399,2410,2393,2400
2024-04-21T21:00:00.000Z,17,2382,2385,2370,2373
2024-04-22T01:00:00.000Z,21,2374,2385,2370,2372
2024-04-22T05:00:00.000Z,1,2372,2377,2340,2343
2024-04-22T09:00:00.000Z,5,2344,2359,2340,2344
2024-04-22T13:00:00.000Z,9,2342,2349,2323,2325
2024-04-22T17:00:00.000Z,13,2324,2341,2311,2326
2024-04-22T21:00:00.000Z,17,2326,2337,2319,2321
2024-04-23T01:00:00.000Z,21,2324,2331,2311,2324
2024-04-23T05:00:00.000Z,1,2325,2341,2299,2300
2024-04-23T09:00:00.000Z,5,2300,2305,2281,2303
2024-04-23T13:00:00.000Z,9,2302,2325,2297,2314
2024-04-23T17:00:00.000Z,13,2314,2323,2300,2309
2024-04-23T21:00:00.000Z,17,2307,2317,2299,2313
2024-04-24T01:00:00.000Z,21,2314,2318,2306,2317
2024-04-24T05:00:00.000Z,1,2316,2318,2306,2308
2024-04-24T09:00:00.000Z,5,2307,2311,2303,2309
2024-04-24T13:00:00.000Z,9,2309,2322,2299,2304
2024-04-24T17:00:00.000Z,13,2303,2309,2292,2299
2024-04-24T21:00:00.000Z,17,2300,2303,2291,2300
2024-04-25T01:00:00.000Z,21,2300,2307,2292,2298
2024-04-25T05:00:00.000Z,1,2299,2310,2293,2309
2024-04-25T09:00:00.000Z,5,2310,2318,2301,2315
2024-04-25T13:00:00.000Z,9,2312,2367,2297,2327
2024-04-25T17:00:00.000Z,13,2329,2331,2314,2325
2024-04-25T21:00:00.000Z,17,2327,2332,2322,2323
2024-04-26T01:00:00.000Z,21,2323,2332,2317,2322
2024-04-26T05:00:00.000Z,1,2324,2335,2318,2332
2024-04-26T09:00:00.000Z,5,2332,2342,2330,2340
2024-04-26T13:00:00.000Z,9,2340,2345,2330,2340
2024-04-26T17:00:00.000Z,13,2340,2348,2338,2338
2024-04-28T21:00:00.000Z,17,2350,2362,2350,2352
2024-04-29T01:00:00.000Z,21,2352,2355,2333,2338
2024-04-29T05:00:00.000Z,1,2338,2346,2333,2344
2024-04-29T09:00:00.000Z,5,2343,2349,2341,2342
2024-04-29T13:00:00.000Z,9,2342,2352,2332,2351
2024-04-29T17:00:00.000Z,13,2351,2363,2341,2351
2024-04-29T21:00:00.000Z,17,2349,2355,2342,2352
2024-04-30T01:00:00.000Z,21,2353,2353,2334,2338
2024-04-30T05:00:00.000Z,1,2338,2341,2313,2318
2024-04-30T09:00:00.000Z,5,2318,2329,2303,2310
2024-04-30T13:00:00.000Z,9,2311,2320,2296,2301
2024-04-30T17:00:00.000Z,13,2300,2303,2288,2291
2024-04-30T21:00:00.000Z,17,2291,2305,2286,2300
2024-05-01T01:00:00.000Z,21,2300,2304,2290,2292
2024-05-01T05:00:00.000Z,1,2292,2299,2283,2289
2024-05-01T09:00:00.000Z,5,2291,2305,2281,2302
2024-05-01T13:00:00.000Z,9,2301,2316,2290,2295
2024-05-01T17:00:00.000Z,13,2295,2323,2287,2312
2024-05-01T21:00:00.000Z,17,2311,2314,2297,2307
2024-05-02T01:00:00.000Z,21,2307,2310,2297,2299
2024-05-02T05:00:00.000Z,1,2300,2304,2286,2287
2024-05-02T09:00:00.000Z,5,2288,2290,2280,2287
2024-05-02T13:00:00.000Z,9,2286,2308,2282,2298
2024-05-02T17:00:00.000Z,13,2299,2305,2290,2292
2024-05-02T21:00:00.000Z,17,2291,2305,2290,2292
2024-05-03T01:00:00.000Z,21,2292,2299,2282,2289
2024-05-03T05:00:00.000Z,1,2288,2298,2283,2290
2024-05-03T09:00:00.000Z,5,2288,2305,2283,2291
2024-05-03T13:00:00.000Z,9,2292,2297,2280,2288
2024-05-03T17:00:00.000Z,13,2289,2293,2284,2291
2024-05-05T21:00:00.000Z,17,2287,2289,2283,2285
2024-05-06T01:00:00.000Z,21,2285,2295,2284,2295
2024-05-06T05:00:00.000Z,1,2294,2309,2290,2301
2024-05-06T09:00:00.000Z,5,2301,2309,2291,2308
2024-05-06T13:00:00.000Z,9,2308,2314,2298,2305
2024-05-06T17:00:00.000Z,13,2306,2312,2294,2307
2024-05-06T21:00:00.000Z,17,2307,2308,2297,2305
2024-05-07T01:00:00.000Z,21,2304,2308,2298,2305
2024-05-07T05:00:00.000Z,1,2306,2308,2297,2301
2024-05-07T09:00:00.000Z,5,2301,2302,2291,2295
2024-05-07T13:00:00.000Z,9,2294,2304,2292,2297
2024-05-07T17:00:00.000Z,13,2297,2312,2289,2295
2024-05-07T21:00:00.000Z,17,2294,2299,2287,2296
2024-05-08T01:00:00.000Z,21,2295,2299,2289,2294
2024-05-08T05:00:00.000Z,1,2294,2306,2282,2286
2024-05-08T09:00:00.000Z,5,2287,2299,2283,2292
2024-05-08T13:00:00.000Z,9,2292,2308,2286,2304
2024-05-08T17:00:00.000Z,13,2303,2307,2287,2293
2024-05-08T21:00:00.000Z,17,2293,2300,2291,2298
2024-05-09T01:00:00.000Z,21,2299,2300,2288,2291
2024-05-09T05:00:00.000Z,1,2291,2322,2291,2311
2024-05-09T09:00:00.000Z,5,2312,2321,2304,2319
2024-05-09T13:00:00.000Z,9,2319,2332,2314,2322
2024-05-09T17:00:00.000Z,13,2321,2341,2321,2339
2024-05-09T21:00:00.000Z,17,2339,2344,2333,2339
2024-05-10T01:00:00.000Z,21,2339,2351,2323,2334
2024-05-10T05:00:00.000Z,1,2335,2350,2318,2347
2024-05-10T09:00:00.000Z,5,2347,2358,2344,2346
2024-05-10T13:00:00.000Z,9,2346,2361,2330,2343
2024-05-10T17:00:00.000Z,13,2343,2354,2338,2345
2024-05-12T21:00:00.000Z,17,2337,2347,2335,2342
2024-05-13T01:00:00.000Z,21,2343,2350,2336,2341
2024-05-13T05:00:00.000Z,1,2342,2345,2338,2340
2024-05-13T09:00:00.000Z,5,2339,2343,2322,2330
2024-05-13T13:00:00.000Z,9,2331,2337,2323,2326
2024-05-13T17:00:00.000Z,13,2326,2334,2321,2323
2024-05-13T21:00:00.000Z,17,2323,2330,2320,2326
2024-05-14T01:00:00.000Z,21,2325,2338,2325,2335
2024-05-14T05:00:00.000Z,1,2335,2340,2321,2325
2024-05-14T09:00:00.000Z,5,2327,2334,2325,2332
2024-05-14T13:00:00.000Z,9,2331,2340,2328,2338
2024-05-14T17:00:00.000Z,13,2337,2344,2334,2341
2024-05-14T21:00:00.000Z,17,2340,2344,2338,2341
2024-05-15T01:00:00.000Z,21,2341,2349,2338,2343
2024-05-15T05:00:00.000Z,1,2342,2355,2340,2354
2024-05-15T09:00:00.000Z,5,2353,2365,2344,2357
2024-05-15T13:00:00.000Z,9,2357,2369,2341,2368
2024-05-15T17:00:00.000Z,13,2367,2387,2365,2373
2024-05-15T21:00:00.000Z,17,2373,2392,2368,2380
2024-05-16T01:00:00.000Z,21,2381,2388,2378,2382
2024-05-16T05:00:00.000Z,1,2380,2382,2365,2369
2024-05-16T09:00:00.000Z,5,2369,2372,2361,2363
2024-05-16T13:00:00.000Z,9,2363,2369,2353,2365
2024-05-16T17:00:00.000Z,13,2365,2369,2358,2361
2024-05-16T21:00:00.000Z,17,2360,2365,2357,2361
2024-05-17T01:00:00.000Z,21,2361,2366,2357,2360
2024-05-17T05:00:00.000Z,1,2361,2378,2361,2367
2024-05-17T09:00:00.000Z,5,2367,2378,2364,2376
2024-05-17T13:00:00.000Z,9,2377,2397,2374,2384
2024-05-17T17:00:00.000Z,13,2385,2397,2382,2393
2024-05-19T21:00:00.000Z,17,2414,2415,2401,2408
2024-05-20T01:00:00.000Z,21,2408,2427,2407,2413
2024-05-20T05:00:00.000Z,1,2413,2423,2405,2407
2024-05-20T09:00:00.000Z,5,2409,2422,2392,2397
2024-05-20T13:00:00.000Z,9,2396,2411,2396,2410
2024-05-20T17:00:00.000Z,13,2410,2422,2397,2406
2024-05-20T21:00:00.000Z,17,2406,2423,2402,2417
2024-05-21T01:00:00.000Z,21,2417,2421,2399,2401
2024-05-21T05:00:00.000Z,1,2401,2416,2400,2413
2024-05-21T09:00:00.000Z,5,2414,2421,2409,2413
2024-05-21T13:00:00.000Z,9,2414,2419,2410,2410
2024-05-21T17:00:00.000Z,13,2411,2415,2410,2412
2024-05-21T21:00:00.000Z,17,2413,2417,2400,2411
2024-05-22T01:00:00.000Z,21,2410,2414,2403,2406
2024-05-22T05:00:00.000Z,1,2406,2412,2400,2402
2024-05-22T09:00:00.000Z,5,2404,2408,2392,2395
2024-05-22T13:00:00.000Z,9,2395,2396,2370,2382
2024-05-22T17:00:00.000Z,13,2382,2396,2372,2390
2024-05-22T21:00:00.000Z,17,2389,2395,2381,2383
2024-05-23T01:00:00.000Z,21,2383,2389,2370,2379
2024-05-23T05:00:00.000Z,1,2379,2382,2363,2366
2024-05-23T09:00:00.000Z,5,2366,2381,2360,2369
2024-05-23T13:00:00.000Z,9,2369,2372,2350,2350
2024-05-23T17:00:00.000Z,13,2350,2353,2334,2340
2024-05-23T21:00:00.000Z,17,2339,2363,2331,2346
2024-05-24T01:00:00.000Z,21,2345,2353,2342,2345
2024-05-24T05:00:00.000Z,1,2346,2354,2341,2347
2024-05-24T09:00:00.000Z,5,2346,2400,2341,2347
2024-05-24T13:00:00.000Z,9,2347,2351,2341,2344
2024-05-24T17:00:00.000Z,13,2344,2352,2342,2342
2024-05-26T21:00:00.000Z,17,2349,2355,2346,2352
2024-05-27T01:00:00.000Z,21,2352,2364,2342,2349
2024-05-27T05:00:00.000Z,1,2349,2355,2342,2354
2024-05-27T09:00:00.000Z,5,2352,2362,2349,2358
2024-05-27T13:00:00.000Z,9,2356,2370,2355,2364
2024-05-27T17:00:00.000Z,13,2363,2366,2355,2358
2024-05-27T21:00:00.000Z,17,2359,2361,2354,2355
2024-05-28T01:00:00.000Z,21,2354,2361,2354,2355
2024-05-28T05:00:00.000Z,1,2355,2360,2326,2350
2024-05-28T09:00:00.000Z,5,2351,2357,2345,2353
2024-05-28T13:00:00.000Z,9,2353,2361,2347,2354
2024-05-28T17:00:00.000Z,13,2352,2355,2344,2354
2024-05-28T21:00:00.000Z,17,2354,2355,2346,2350
2024-05-29T01:00:00.000Z,21,2350,2358,2348,2355
2024-05-29T05:00:00.000Z,1,2355,2358,2342,2344
2024-05-29T09:00:00.000Z,5,2344,2348,2336,2336
2024-05-29T13:00:00.000Z,9,2338,2342,2328,2333
2024-05-29T17:00:00.000Z,13,2335,2340,2329,2336
2024-05-29T21:00:00.000Z,17,2335,2340,2325,2328
2024-05-30T01:00:00.000Z,21,2328,2336,2324,2336
2024-05-30T05:00:00.000Z,1,2335,2337,2331,2334
2024-05-30T09:00:00.000Z,5,2333,2340,2318,2335
2024-05-30T13:00:00.000Z,9,2335,2350,2331,2343
2024-05-30T17:00:00.000Z,13,2343,2347,2335,2342
2024-05-30T21:00:00.000Z,17,2340,2343,2336,2339
2024-05-31T01:00:00.000Z,21,2339,2344,2336,2338
2024-05-31T05:00:00.000Z,1,2339,2343,2334,2339
2024-05-31T09:00:00.000Z,5,2339,2351,2332,2351
2024-05-31T13:00:00.000Z,9,2352,2355,2331,2333
2024-05-31T17:00:00.000Z,13,2334,2337,2325,2330
2024-06-02T21:00:00.000Z,17,2345,2348,2331,2332
2024-06-03T01:00:00.000Z,21,2334,2353,2330,2343
2024-06-03T05:00:00.000Z,1,2343,2344,2325,2331
2024-06-03T09:00:00.000Z,5,2332,2339,2327,2338
2024-06-03T13:00:00.000Z,9,2338,2345,2335,2342
2024-06-03T17:00:00.000Z,13,2344,2352,2342,2351
2024-06-03T21:00:00.000Z,17,2351,2352,2342,2350
2024-06-04T01:00:00.000Z,21,2351,2352,2342,2351
2024-06-04T05:00:00.000Z,1,2351,2353,2341,2342
2024-06-04T09:00:00.000Z,5,2342,2343,2334,2339
2024-06-04T13:00:00.000Z,9,2338,2344,2325,2333
2024-06-04T17:00:00.000Z,13,2333,2338,2326,2334
2024-06-04T21:00:00.000Z,17,2333,2339,2331,2337
2024-06-05T01:00:00.000Z,21,2337,2341,2332,2340
2024-06-05T05:00:00.000Z,1,2340,2342,2334,2334
2024-06-05T09:00:00.000Z,5,2334,2346,2331,2346
2024-06-05T13:00:00.000Z,9,2346,2357,2337,2346
2024-06-05T17:00:00.000Z,13,2348,2355,2345,2353
2024-06-05T21:00:00.000Z,17,2353,2359,2348,2358
2024-06-06T01:00:00.000Z,21,2359,2363,2355,2356
2024-06-06T05:00:00.000Z,1,2356,2363,2349,2357
2024-06-06T09:00:00.000Z,5,2357,2363,2354,2358
2024-06-06T13:00:00.000Z,9,2358,2364,2355,2364
2024-06-06T17:00:00.000Z,13,2364,2369,2352,2360
2024-06-06T21:00:00.000Z,17,2360,2369,2359,2365
2024-06-07T01:00:00.000Z,21,2365,2369,2359,2368
2024-06-07T05:00:00.000Z,1,2368,2371,2351,2352
2024-06-07T09:00:00.000Z,5,2353,2354,2330,2331
2024-06-07T13:00:00.000Z,9,2334,2340,2311,2320
2024-06-07T17:00:00.000Z,13,2320,2322,2292,2301
2024-06-09T21:00:00.000Z,17,2313,2316,2307,2311
2024-06-10T01:00:00.000Z,21,2312,2312,2304,2308
2024-06-10T05:00:00.000Z,1,2309,2311,2304,2304
2024-06-10T09:00:00.000Z,5,2305,2314,2304,2312
2024-06-10T13:00:00.000Z,9,2312,2321,2312,2319
2024-06-10T17:00:00.000Z,13,2319,2325,2311,2314
2024-06-10T21:00:00.000Z,17,2316,2321,2309,2314
2024-06-11T01:00:00.000Z,21,2316,2317,2306,2311
2024-06-11T05:00:00.000Z,1,2311,2316,2310,2311
2024-06-11T09:00:00.000Z,5,2312,2323,2310,2318
2024-06-11T13:00:00.000Z,9,2319,2321,2310,2315
2024-06-11T17:00:00.000Z,13,2315,2320,2310,2315
2024-06-11T21:00:00.000Z,17,2315,2318,2310,2318
2024-06-12T01:00:00.000Z,21,2317,2321,2310,2318
2024-06-12T05:00:00.000Z,1,2318,2322,2314,2319
2024-06-12T09:00:00.000Z,5,2319,2339,2314,2338
2024-06-12T13:00:00.000Z,9,2338,2344,2317,2328
2024-06-12T17:00:00.000Z,13,2327,2332,2311,2317
2024-06-12T21:00:00.000Z,17,2317,2321,2310,2316
2024-06-13T01:00:00.000Z,21,2315,2318,2305,2308
2024-06-13T05:00:00.000Z,1,2308,2313,2305,2308
2024-06-13T09:00:00.000Z,5,2309,2316,2304,2315
2024-06-13T13:00:00.000Z,9,2315,2315,2295,2297
2024-06-13T17:00:00.000Z,13,2298,2308,2298,2302
2024-06-13T21:00:00.000Z,17,2303,2309,2292,2307
2024-06-14T01:00:00.000Z,21,2306,2313,2305,2308
2024-06-14T05:00:00.000Z,1,2307,2316,2305,2310
2024-06-14T09:00:00.000Z,5,2309,2324,2307,2322
2024-06-14T13:00:00.000Z,9,2321,2329,2309,2315
2024-06-14T17:00:00.000Z,13,2316,2329,2310,2320
2024-06-16T21:00:00.000Z,17,2332,2333,2321,2324
2024-06-17T01:00:00.000Z,21,2324,2325,2320,2320
2024-06-17T05:00:00.000Z,1,2321,2321,2310,2314
2024-06-17T09:00:00.000Z,5,2315,2316,2307,2307
2024-06-17T13:00:00.000Z,9,2308,2317,2304,2313
2024-06-17T17:00:00.000Z,13,2313,2322,2304,2319
2024-06-17T21:00:00.000Z,17,2319,2322,2305,2318
2024-06-18T01:00:00.000Z,21,2319,2322,2306,2314
2024-06-18T05:00:00.000Z,1,2313,2318,2307,2307
2024-06-18T09:00:00.000Z,5,2308,2317,2304,2310
2024-06-18T13:00:00.000Z,9,2310,2330,2306,2327
2024-06-18T17:00:00.000Z,13,2327,2330,2312,2317
2024-06-18T21:00:00.000Z,17,2317,2328,2311,2321
2024-06-19T01:00:00.000Z,21,2322,2328,2313,2316
2024-06-19T05:00:00.000Z,1,2316,2317,2312,2314
2024-06-19T09:00:00.000Z,5,2315,2325,2311,2320
2024-06-19T13:00:00.000Z,9,2320,2322,2313,2319
2024-06-19T17:00:00.000Z,13,2319,2323,2313,2316
2024-06-19T21:00:00.000Z,17,2316,2321,2313,2319
2024-06-20T01:00:00.000Z,21,2319,2323,2317,2322
2024-06-20T05:00:00.000Z,1,2322,2336,2322,2327
2024-06-20T09:00:00.000Z,5,2327,2336,2323,2328
2024-06-20T13:00:00.000Z,9,2328,2347,2324,2339
2024-06-20T17:00:00.000Z,13,2339,2342,2337,2341
2024-06-20T21:00:00.000Z,17,2341,2348,2330,2345
2024-06-21T01:00:00.000Z,21,2346,2349,2343,2346
2024-06-21T05:00:00.000Z,1,2346,2349,2338,2343
2024-06-21T09:00:00.000Z,5,2342,2349,2339,2345
2024-06-21T13:00:00.000Z,9,2346,2347,2316,2319
2024-06-21T17:00:00.000Z,13,2319,2322,2311,2318
2024-06-23T21:00:00.000Z,17,2314,2318,2313,2313
2024-06-24T01:00:00.000Z,21,2314,2319,2310,2315
2024-06-24T05:00:00.000Z,1,2315,2321,2306,2315
2024-06-24T09:00:00.000Z,5,2316,2320,2303,2316
2024-06-24T13:00:00.000Z,9,2315,2321,2306,2308
2024-06-24T17:00:00.000Z,13,2311,2319,2306,2313
2024-06-24T21:00:00.000Z,17,2313,2318,2304,2309
2024-06-25T01:00:00.000Z,21,2309,2319,2305,2313
2024-06-25T05:00:00.000Z,1,2313,2316,2303,2307
2024-06-25T09:00:00.000Z,5,2308,2316,2305,2309
2024-06-25T13:00:00.000Z,9,2310,2314,2299,2301
2024-06-25T17:00:00.000Z,13,2301,2312,2296,2302
2024-06-25T21:00:00.000Z,17,2302,2304,2300,2301
2024-06-26T01:00:00.000Z,21,2302,2305,2298,2303
2024-06-26T05:00:00.000Z,1,2302,2304,2296,2302
2024-06-26T09:00:00.000Z,5,2302,2305,2295,2297
2024-06-26T13:00:00.000Z,9,2297,2300,2286,2295
2024-06-26T17:00:00.000Z,13,2295,2299,2290,2294
2024-06-26T21:00:00.000Z,17,2295,2299,2290,2291
2024-06-27T01:00:00.000Z,21,2291,2296,2290,2293
2024-06-27T05:00:00.000Z,1,2294,2299,2290,2297
2024-06-27T09:00:00.000Z,5,2298,2310,2296,2308
2024-06-27T13:00:00.000Z,9,2309,2315,2305,2311
2024-06-27T17:00:00.000Z,13,2310,2314,2305,2308
2024-06-27T21:00:00.000Z,17,2309,2312,2306,2309
2024-06-28T01:00:00.000Z,21,2309,2311,2306,2308
2024-06-28T05:00:00.000Z,1,2309,2310,2306,2308
2024-06-28T09:00:00.000Z,5,2309,2320,2308,2318
2024-06-28T13:00:00.000Z,9,2318,2319,2307,2311
2024-06-28T17:00:00.000Z,13,2311,2313,2307,2311
2024-06-30T21:00:00.000Z,17,2312,2315,2306,2310
2024-07-01T01:00:00.000Z,21,2310,2319,2308,2312
2024-07-01T05:00:00.000Z,1,2312,2314,2308,2310
2024-07-01T09:00:00.000Z,5,2310,2320,2308,2316
2024-07-01T13:00:00.000Z,9,2315,2319,2308,2313
2024-07-01T17:00:00.000Z,13,2314,2317,2311,2317
2024-07-01T21:00:00.000Z,17,2317,2318,2312,2316
2024-07-02T01:00:00.000Z,21,2316,2319,2314,2316
2024-07-02T05:00:00.000Z,1,2316,2328,2313,2319
2024-07-02T09:00:00.000Z,5,2319,2325,2315,2321
2024-07-02T13:00:00.000Z,9,2321,2323,2313,2319
2024-07-02T17:00:00.000Z,13,2319,2324,2318,2321
2024-07-02T21:00:00.000Z,17,2322,2327,2318,2325
2024-07-03T01:00:00.000Z,21,2324,2329,2316,2321
2024-07-03T05:00:00.000Z,1,2321,2334,2315,2328
2024-07-03T09:00:00.000Z,5,2329,2337,2325,2330
2024-07-03T13:00:00.000Z,9,2332,2347,2328,2340
2024-07-03T17:00:00.000Z,13,2340,2342,2326,2335
2024-07-03T21:00:00.000Z,17,2335,2346,2334,2344
2024-07-04T01:00:00.000Z,21,2344,2347,2331,2336
2024-07-04T05:00:00.000Z,1,2339,2346,2323,2337
2024-07-04T09:00:00.000Z,5,2337,2340,2331,2332
2024-07-04T13:00:00.000Z,9,2334,2340,2328,2335
2024-07-04T17:00:00.000Z,13,2335,2342,2329,2333
2024-07-04T21:00:00.000Z,17,2332,2338,2320,2328
2024-07-05T01:00:00.000Z,21,2329,2344,2313,2331
2024-07-05T05:00:00.000Z,1,2329,2335,2322,2328
2024-07-05T09:00:00.000Z,5,2328,2345,2322,2333
2024-07-05T13:00:00.000Z,9,2334,2358,2332,2349
2024-07-05T17:00:00.000Z,13,2349,2357,2346,2357
2024-07-07T21:00:00.000Z,17,2358,2362,2346,2353
2024-07-08T01:00:00.000Z,21,2352,2362,2347,2355
2024-07-08T05:00:00.000Z,1,2355,2363,2348,2358
2024-07-08T09:00:00.000Z,5,2358,2364,2349,2351
2024-07-08T13:00:00.000Z,9,2350,2355,2327,2333
2024-07-08T17:00:00.000Z,13,2333,2343,2333,2339
2024-07-08T21:00:00.000Z,17,2339,2347,2339,2344
2024-07-09T01:00:00.000Z,21,2345,2350,2341,2348
2024-07-09T05:00:00.000Z,1,2348,2349,2342,2345
2024-07-09T09:00:00.000Z,5,2343,2349,2338,2340
2024-07-09T13:00:00.000Z,9,2341,2349,2336,2340
2024-07-09T17:00:00.000Z,13,2340,2345,2337,2342
2024-07-09T21:00:00.000Z,17,2343,2347,2339,2343
2024-07-10T01:00:00.000Z,21,2343,2351,2339,2346
2024-07-10T05:00:00.000Z,1,2347,2352,2346,2351
2024-07-10T09:00:00.000Z,5,2352,2358,2351,2357
2024-07-10T13:00:00.000Z,9,2358,2362,2349,2357
2024-07-10T17:00:00.000Z,13,2358,2358,2352,2353
2024-07-10T21:00:00.000Z,17,2353,2357,2351,2355
2024-07-11T01:00:00.000Z,21,2355,2360,2353,2359
2024-07-11T05:00:00.000Z,1,2359,2363,2358,2361
2024-07-11T09:00:00.000Z,5,2361,2390,2360,2389
2024-07-11T13:00:00.000Z,9,2389,2399,2375,2386
2024-07-11T17:00:00.000Z,13,2387,2398,2386,2390
2024-07-11T21:00:00.000Z,17,2390,2392,2385,2386
2024-07-12T01:00:00.000Z,21,2387,2387,2381,2385
2024-07-12T05:00:00.000Z,1,2385,2385,2372,2383
2024-07-12T09:00:00.000Z,5,2382,2383,2375,2376
2024-07-12T13:00:00.000Z,9,2376,2400,2374,2396
2024-07-12T17:00:00.000Z,13,2396,2396,2386,2389
2024-07-14T21:00:00.000Z,17,2394,2402,2383,2394
2024-07-15T01:00:00.000Z,21,2394,2401,2386,2399
2024-07-15T05:00:00.000Z,1,2399,2402,2379,2391
2024-07-15T09:00:00.000Z,5,2391,2397,2387,2392
2024-07-15T13:00:00.000Z,9,2392,2413,2390,2408
2024-07-15T17:00:00.000Z,13,2408,2408,2396,2398
2024-07-15T21:00:00.000Z,17,2399,2409,2396,2400
2024-07-16T01:00:00.000Z,21,2401,2421,2400,2409
2024-07-16T05:00:00.000Z,1,2409,2450,2409,2422
2024-07-16T09:00:00.000Z,5,2422,2433,2420,2422
2024-07-16T13:00:00.000Z,9,2423,2450,2421,2442
2024-07-16T17:00:00.000Z,13,2442,2453,2439,2449
2024-07-16T21:00:00.000Z,17,2447,2455,2443,2453
2024-07-17T01:00:00.000Z,21,2453,2467,2448,2454
2024-07-17T05:00:00.000Z,1,2455,2462,2445,2456
2024-07-17T09:00:00.000Z,5,2456,2462,2450,2454
2024-07-17T13:00:00.000Z,9,2454,2463,2432,2437
2024-07-17T17:00:00.000Z,13,2436,2447,2436,2438
2024-07-17T21:00:00.000Z,17,2438,2443,2434,2442
2024-07-18T01:00:00.000Z,21,2442,2447,2441,2445
2024-07-18T05:00:00.000Z,1,2446,2460,2445,2449
2024-07-18T09:00:00.000Z,5,2448,2451,2440,2448
2024-07-18T13:00:00.000Z,9,2447,2453,2411,2436
2024-07-18T17:00:00.000Z,13,2437,2437,2421,2425
2024-07-18T21:00:00.000Z,17,2425,2431,2410,2414
2024-07-19T01:00:00.000Z,21,2414,2418,2405,2412
2024-07-19T05:00:00.000Z,1,2411,2425,2405,2420
2024-07-19T09:00:00.000Z,5,2420,2427,2410,2415
2024-07-19T13:00:00.000Z,9,2415,2418,2387,2398
2024-07-19T17:00:00.000Z,13,2399,2410,2391,2402
2024-07-21T21:00:00.000Z,17,2408,2417,2404,2414
2024-07-22T01:00:00.000Z,21,2414,2415,2406,2406
2024-07-22T05:00:00.000Z,1,2407,2408,2396,2401
2024-07-22T09:00:00.000Z,5,2401,2407,2395,2395
2024-07-22T13:00:00.000Z,9,2395,2438,2387,2397
2024-07-22T17:00:00.000Z,13,2396,2402,2392,2397
2024-07-22T21:00:00.000Z,17,2397,2399,2385,2398
2024-07-23T01:00:00.000Z,21,2398,2403,2395,2395
2024-07-23T05:00:00.000Z,1,2396,2403,2383,2398
2024-07-23T09:00:00.000Z,5,2399,2406,2394,2398
2024-07-23T13:00:00.000Z,9,2397,2402,2388,2391
2024-07-23T17:00:00.000Z,13,2391,2399,2388,2396
2024-07-23T21:00:00.000Z,17,2395,2404,2390,2394
2024-07-24T01:00:00.000Z,21,2393,2404,2393,2403
2024-07-24T05:00:00.000Z,1,2403,2414,2403,2408
2024-07-24T09:00:00.000Z,5,2408,2411,2404,2411
2024-07-24T13:00:00.000Z,9,2410,2419,2410,2414
2024-07-24T17:00:00.000Z,13,2413,2414,2388,2393
2024-07-24T21:00:00.000Z,17,2393,2395,2385,2390
2024-07-25T01:00:00.000Z,21,2391,2391,2360,2367
2024-07-25T05:00:00.000Z,1,2367,2376,2361,2373
2024-07-25T09:00:00.000Z,5,2372,2376,2355,2361
2024-07-25T13:00:00.000Z,9,2361,2374,2356,2368
2024-07-25T17:00:00.000Z,13,2367,2369,2361,2362
2024-07-25T21:00:00.000Z,17,2362,2375,2361,2374
2024-07-26T01:00:00.000Z,21,2374,2383,2363,2378
2024-07-26T05:00:00.000Z,1,2377,2381,2369,2379
2024-07-26T09:00:00.000Z,5,2380,2410,2375,2384
2024-07-26T13:00:00.000Z,9,2382,2392,2382,2390
2024-07-26T17:00:00.000Z,13,2390,2391,2383,2389
2024-07-28T21:00:00.000Z,17,2390,2401,2389,2396
2024-07-29T01:00:00.000Z,21,2394,2410,2392,2405
2024-07-29T05:00:00.000Z,1,2405,2411,2396,2397
2024-07-29T09:00:00.000Z,5,2397,2403,2391,2395
2024-07-29T13:00:00.000Z,9,2393,2402,2371,2384
2024-07-29T17:00:00.000Z,13,2384,2391,2379,2390
2024-07-29T21:00:00.000Z,17,2390,2394,2382,2384
2024-07-30T01:00:00.000Z,21,2384,2390,2382,2387
2024-07-30T05:00:00.000Z,1,2387,2394,2382,2390
2024-07-30T09:00:00.000Z,5,2391,2399,2386,2390
2024-07-30T13:00:00.000Z,9,2391,2400,2388,2399
2024-07-30T17:00:00.000Z,13,2399,2405,2395,2404
2024-07-30T21:00:00.000Z,17,2404,2410,2389,2400
2024-07-31T01:00:00.000Z,21,2400,2416,2397,2412
2024-07-31T05:00:00.000Z,1,2412,2419,2407,2416
2024-07-31T09:00:00.000Z,5,2416,2421,2413,2420
2024-07-31T13:00:00.000Z,9,2420,2424,2413,2418
2024-07-31T17:00:00.000Z,13,2417,2452,2409,2440
2024-07-31T21:00:00.000Z,17,2438,2446,2426,2439
2024-08-01T01:00:00.000Z,21,2439,2453,2425,2429
2024-08-01T05:00:00.000Z,1,2430,2440,2417,2420
2024-08-01T09:00:00.000Z,5,2420,2448,2416,2439
2024-08-01T13:00:00.000Z,9,2439,2448,2428,2433
2024-08-01T17:00:00.000Z,13,2429,2436,2421,2434
2024-08-01T21:00:00.000Z,17,2434,2438,2425,2438
2024-08-02T01:00:00.000Z,21,2437,2445,2427,2442
2024-08-02T05:00:00.000Z,1,2442,2455,2441,2452
2024-08-02T09:00:00.000Z,5,2452,2460,2443,2460
2024-08-02T13:00:00.000Z,9,2460,2464,2405,2423
2024-08-02T17:00:00.000Z,13,2424,2461,2411,2460
2024-08-04T21:00:00.000Z,17,2468,2477,2428,2429
2024-08-05T01:00:00.000Z,21,2429,2460,2400,2435
2024-08-05T05:00:00.000Z,1,2435,2445,2390,2422
2024-08-05T09:00:00.000Z,5,2423,2427,2339,2351
2024-08-05T13:00:00.000Z,9,2350,2399,2347,2391
2024-08-05T17:00:00.000Z,13,2392,2399,2377,2392
2024-08-05T21:00:00.000Z,17,2391,2408,2385,2405
2024-08-06T01:00:00.000Z,21,2405,2410,2395,2398
2024-08-06T05:00:00.000Z,1,2398,2402,2384,2396
2024-08-06T09:00:00.000Z,5,2396,2402,2389,2394
2024-08-06T13:00:00.000Z,9,2394,2418,2390,2397
2024-08-06T17:00:00.000Z,13,2397,2402,2388,2393
2024-08-06T21:00:00.000Z,17,2393,2401,2375,2382
2024-08-07T01:00:00.000Z,21,2383,2392,2379,2388
2024-08-07T05:00:00.000Z,1,2388,2392,2374,2385
2024-08-07T09:00:00.000Z,5,2386,2392,2376,2390
2024-08-07T13:00:00.000Z,9,2390,2392,2385,2388
2024-08-07T17:00:00.000Z,13,2388,2391,2371,2375
2024-08-07T21:00:00.000Z,17,2375,2387,2370,2377
2024-08-08T01:00:00.000Z,21,2376,2389,2371,2383
2024-08-08T05:00:00.000Z,1,2382,2390,2382,2388
2024-08-08T09:00:00.000Z,5,2388,2408,2388,2399
2024-08-08T13:00:00.000Z,9,2398,2416,2396,2411
2024-08-08T17:00:00.000Z,13,2411,2422,2408,2417
2024-08-08T21:00:00.000Z,17,2417,2427,2411,2411
2024-08-09T01:00:00.000Z,21,2411,2417,2411,2414
2024-08-09T05:00:00.000Z,1,2415,2419,2410,2415
2024-08-09T09:00:00.000Z,5,2415,2424,2409,2420
2024-08-09T13:00:00.000Z,9,2420,2425,2416,2422
2024-08-09T17:00:00.000Z,13,2422,2425,2419,2422
2024-08-11T21:00:00.000Z,17,2432,2437,2424,2425
2024-08-12T01:00:00.000Z,21,2426,2431,2421,2430
2024-08-12T05:00:00.000Z,1,2430,2437,2427,2433
2024-08-12T09:00:00.000Z,5,2433,2442,2433,2441
2024-08-12T13:00:00.000Z,9,2441,2457,2437,2452
2024-08-12T17:00:00.000Z,13,2452,2469,2452,2462
2024-08-12T21:00:00.000Z,17,2461,2469,2452,2462
2024-08-13T01:00:00.000Z,21,2462,2464,2450,2451
2024-08-13T05:00:00.000Z,1,2451,2469,2449,2453
2024-08-13T09:00:00.000Z,5,2453,2471,2453,2464
2024-08-13T13:00:00.000Z,9,2464,2469,2455,2464
2024-08-13T17:00:00.000Z,13,2463,2477,2407,2454
2024-08-13T21:00:00.000Z,17,2454,2459,2449,2457
2024-08-14T01:00:00.000Z,21,2457,2461,2440,2452
2024-08-14T05:00:00.000Z,1,2453,2470,2452,2468
2024-08-14T09:00:00.000Z,5,2468,2474,2460,2466
2024-08-14T13:00:00.000Z,9,2463,2467,2438,2443
2024-08-14T17:00:00.000Z,13,2443,2447,2438,2447
2024-08-14T21:00:00.000Z,17,2448,2455,2442,2447
2024-08-15T01:00:00.000Z,21,2448,2451,2443,2446
2024-08-15T05:00:00.000Z,1,2446,2454,2441,2446
2024-08-15T09:00:00.000Z,5,2446,2468,2443,2445
2024-08-15T13:00:00.000Z,9,2444,2460,2439,2455
2024-08-15T17:00:00.000Z,13,2457,2460,2446,2450
2024-08-15T21:00:00.000Z,17,2449,2456,2442,2452
2024-08-16T01:00:00.000Z,21,2452,2456,2447,2449
2024-08-16T05:00:00.000Z,1,2449,2462,2445,2455
2024-08-16T09:00:00.000Z,5,2456,2484,2427,2483
2024-08-16T13:00:00.000Z,9,2483,2499,2477,2493
2024-08-16T17:00:00.000Z,13,2493,2499,2490,2496
2024-08-18T21:00:00.000Z,17,2507,2510,2498,2501
2024-08-19T01:00:00.000Z,21,2501,2508,2494,2505
2024-08-19T05:00:00.000Z,1,2506,2509,2492,2502
2024-08-19T09:00:00.000Z,5,2504,2505,2486,2493
2024-08-19T13:00:00.000Z,9,2492,2503,2488,2501
2024-08-19T17:00:00.000Z,13,2501,2504,2498,2503
2024-08-19T21:00:00.000Z,17,2503,2511,2502,2505
2024-08-20T01:00:00.000Z,21,2505,2512,2491,2503
2024-08-20T05:00:00.000Z,1,2503,2515,2499,2513
2024-08-20T09:00:00.000Z,5,2513,2518,2508,2516
2024-08-20T13:00:00.000Z,9,2515,2521,2495,2500
2024-08-20T17:00:00.000Z,13,2500,2511,2498,2506
2024-08-20T21:00:00.000Z,17,2506,2514,2500,2508
2024-08-21T01:00:00.000Z,21,2507,2510,2497,2503
2024-08-21T05:00:00.000Z,1,2503,2510,2500,2501
2024-08-21T09:00:00.000Z,5,2500,2509,2497,2504
2024-08-21T13:00:00.000Z,9,2505,2508,2490,2499
2024-08-21T17:00:00.000Z,13,2500,2513,2499,2505
2024-08-21T21:00:00.000Z,17,2505,2508,2496,2503
2024-08-22T01:00:00.000Z,21,2502,2503,2493,2496
2024-08-22T05:00:00.000Z,1,2496,2504,2495,2499
2024-08-22T09:00:00.000Z,5,2498,2504,2492,2496
2024-08-22T13:00:00.000Z,9,2497,2498,2476,2484
2024-08-22T17:00:00.000Z,13,2484,2488,2479,2485
2024-08-22T21:00:00.000Z,17,2485,2492,2481,2486
2024-08-23T01:00:00.000Z,21,2486,2493,2485,2489
2024-08-23T05:00:00.000Z,1,2489,2500,2488,2495
2024-08-23T09:00:00.000Z,5,2495,2502,2491,2497
2024-08-23T13:00:00.000Z,9,2498,2517,2494,2506
2024-08-23T17:00:00.000Z,13,2505,2520,2504,2509
2024-08-25T21:00:00.000Z,17,2513,2517,2506,2512
2024-08-26T01:00:00.000Z,21,2512,2516,2509,2510
2024-08-26T05:00:00.000Z,1,2509,2524,2505,2522
2024-08-26T09:00:00.000Z,5,2522,2523,2506,2518
2024-08-26T13:00:00.000Z,9,2518,2520,2482,2511
2024-08-26T17:00:00.000Z,13,2512,2517,2507,2510
2024-08-26T21:00:00.000Z,17,2510,2512,2504,2505
2024-08-27T01:00:00.000Z,21,2506,2506,2498,2499
2024-08-27T05:00:00.000Z,1,2499,2509,2498,2504
2024-08-27T09:00:00.000Z,5,2504,2505,2491,2500
2024-08-27T13:00:00.000Z,9,2501,2507,2492,2499
2024-08-27T17:00:00.000Z,13,2498,2512,2498,2508
2024-08-27T21:00:00.000Z,17,2508,2520,2490,2509
2024-08-28T01:00:00.000Z,21,2510,2512,2497,2499
2024-08-28T05:00:00.000Z,1,2498,2499,2486,2491
2024-08-28T09:00:00.000Z,5,2491,2503,2484,2490
2024-08-28T13:00:00.000Z,9,2490,2499,2485,2493
2024-08-28T17:00:00.000Z,13,2493,2501,2490,2497
2024-08-28T21:00:00.000Z,17,2500,2505,2496,2503
2024-08-29T01:00:00.000Z,21,2503,2507,2501,2506
2024-08-29T05:00:00.000Z,1,2506,2513,2505,2507
2024-08-29T09:00:00.000Z,5,2507,2515,2499,2503
2024-08-29T13:00:00.000Z,9,2504,2516,2503,2514
2024-08-29T17:00:00.000Z,13,2514,2516,2506,2510
2024-08-29T21:00:00.000Z,17,2510,2511,2505,2506
2024-08-30T01:00:00.000Z,21,2507,2512,2502,2504
2024-08-30T05:00:00.000Z,1,2504,2515,2503,2512
2024-08-30T09:00:00.000Z,5,2511,2515,2507,2511
2024-08-30T13:00:00.000Z,9,2511,2511,2490,2491
2024-08-30T17:00:00.000Z,13,2491,2499,2487,2496
2024-09-01T21:00:00.000Z,17,2493,2515,2490,2494
2024-09-02T01:00:00.000Z,21,2494,2524,2480,2490
2024-09-02T05:00:00.000Z,1,2491,2503,2488,2503
2024-09-02T09:00:00.000Z,5,2503,2503,2491,2498
2024-09-02T13:00:00.000Z,9,2499,2500,2492,2498
2024-09-02T17:00:00.000Z,13,2498,2508,2495,2502
2024-09-02T21:00:00.000Z,17,2502,2506,2494,2495
2024-09-03T01:00:00.000Z,21,2496,2503,2490,2494
2024-09-03T05:00:00.000Z,1,2497,2504,2489,2501
2024-09-03T09:00:00.000Z,5,2502,2505,2487,2497
2024-09-03T13:00:00.000Z,9,2497,2499,2479,2485
2024-09-03T17:00:00.000Z,13,2485,2494,2484,2493
2024-09-03T21:00:00.000Z,17,2493,2498,2489,2490
2024-09-04T01:00:00.000Z,21,2490,2502,2481,2494
2024-09-04T05:00:00.000Z,1,2494,2494,2476,2478
2024-09-04T09:00:00.000Z,5,2479,2497,2473,2492
2024-09-04T13:00:00.000Z,9,2492,2503,2489,2499
2024-09-04T17:00:00.000Z,13,2499,2500,2490,2499
2024-09-04T21:00:00.000Z,17,2499,2503,2496,2500
2024-09-05T01:00:00.000Z,21,2500,2503,2493,2498
2024-09-05T05:00:00.000Z,1,2498,2514,2493,2514
2024-09-05T09:00:00.000Z,5,2514,2516,2509,2511
2024-09-05T13:00:00.000Z,9,2511,2516,2500,2506
2024-09-05T17:00:00.000Z,13,2506,2513,2505,2509
2024-09-05T21:00:00.000Z,17,2509,2513,2506,2510
2024-09-06T01:00:00.000Z,21,2511,2514,2508,2513
2024-09-06T05:00:00.000Z,1,2513,2523,2512,2523
2024-09-06T09:00:00.000Z,5,2522,2533,2520,2528
2024-09-06T13:00:00.000Z,9,2528,2529,2496,2500
2024-09-06T17:00:00.000Z,13,2500,2504,2493,2493
2024-09-08T21:00:00.000Z,17,2504,2507,2496,2501
2024-09-09T01:00:00.000Z,21,2501,2507,2497,2506
2024-09-09T05:00:00.000Z,1,2506,2507,2496,2497
2024-09-09T09:00:00.000Z,5,2497,2511,2496,2511
2024-09-09T13:00:00.000Z,9,2511,2512,2502,2509
2024-09-09T17:00:00.000Z,13,2508,2512,2502,2506
2024-09-09T21:00:00.000Z,17,2506,2518,2504,2507
2024-09-10T01:00:00.000Z,21,2507,2511,2507,2509
2024-09-10T05:00:00.000Z,1,2509,2512,2502,2511
2024-09-10T09:00:00.000Z,5,2511,2518,2507,2517
2024-09-10T13:00:00.000Z,9,2518,2523,2503,2515
2024-09-10T17:00:00.000Z,13,2515,2520,2506,2515
2024-09-10T21:00:00.000Z,17,2515,2520,2513,2517
2024-09-11T01:00:00.000Z,21,2517,2522,2515,2517
2024-09-11T05:00:00.000Z,1,2519,2527,2517,2521
2024-09-11T09:00:00.000Z,5,2522,2522,2500,2505
2024-09-11T13:00:00.000Z,9,2506,2519,2500,2514
2024-09-11T17:00:00.000Z,13,2514,2518,2509,2513
2024-09-11T21:00:00.000Z,17,2513,2514,2509,2513
2024-09-12T01:00:00.000Z,21,2514,2523,2512,2521
2024-09-12T05:00:00.000Z,1,2521,2525,2520,2521
2024-09-12T09:00:00.000Z,5,2521,2533,2520,2528
2024-09-12T13:00:00.000Z,9,2528,2554,2523,2549
2024-09-12T17:00:00.000Z,13,2549,2555,2546,2555
2024-09-12T21:00:00.000Z,17,2554,2557,2546,2555
2024-09-13T01:00:00.000Z,21,2556,2565,2554,2562
2024-09-13T05:00:00.000Z,1,2561,2567,2560,2567
2024-09-13T09:00:00.000Z,5,2567,2570,2552,2570
2024-09-13T13:00:00.000Z,9,2570,2583,2566,2578
2024-09-13T17:00:00.000Z,13,2579,2581,2574,2577
2024-09-15T21:00:00.000Z,17,2581,2585,2575,2580
2024-09-16T01:00:00.000Z,21,2580,2586,2577,2585
2024-09-16T05:00:00.000Z,1,2585,2598,2581,2588
2024-09-16T09:00:00.000Z,5,2589,2596,2580,2587
2024-09-16T13:00:00.000Z,9,2588,2591,2580,2589
2024-09-16T17:00:00.000Z,13,2589,2595,2586,2591
2024-09-16T21:00:00.000Z,17,2592,2609,2588,2591
2024-09-17T01:00:00.000Z,21,2592,2601,2585,2588
2024-09-17T05:00:00.000Z,1,2588,2618,2585,2602
2024-09-17T09:00:00.000Z,5,2602,2603,2586,2589
2024-09-17T13:00:00.000Z,9,2588,2593,2571,2573
2024-09-17T17:00:00.000Z,13,2574,2583,2572,2581
2024-09-17T21:00:00.000Z,17,2582,2583,2576,2579
2024-09-18T01:00:00.000Z,21,2580,2584,2578,2578
2024-09-18T05:00:00.000Z,1,2578,2589,2577,2584
2024-09-18T09:00:00.000Z,5,2584,2594,2579,2586
2024-09-18T13:00:00.000Z,9,2587,2593,2580,2586
2024-09-18T17:00:00.000Z,13,2586,2608,2560,2569
2024-09-18T21:00:00.000Z,17,2569,2581,2567,2574
2024-09-19T01:00:00.000Z,21,2573,2573,2553,2573
2024-09-19T05:00:00.000Z,1,2572,2588,2572,2587
2024-09-19T09:00:00.000Z,5,2588,2597,2578,2581
2024-09-19T13:00:00.000Z,9,2581,2595,2575,2593
2024-09-19T17:00:00.000Z,13,2593,2594,2586,2590
2024-09-19T21:00:00.000Z,17,2590,2592,2585,2590
2024-09-20T01:00:00.000Z,21,2590,2599,2587,2599
2024-09-20T05:00:00.000Z,1,2599,2611,2593,2609
2024-09-20T09:00:00.000Z,5,2609,2619,2601,2613
2024-09-20T13:00:00.000Z,9,2613,2630,2604,2623
2024-09-20T17:00:00.000Z,13,2623,2628,2619,2623
2024-09-22T21:00:00.000Z,17,2624,2628,2617,2623
2024-09-23T01:00:00.000Z,21,2623,2636,2617,2628
2024-09-23T05:00:00.000Z,1,2628,2632,2611,2616
2024-09-23T09:00:00.000Z,5,2617,2625,2615,2624
2024-09-23T13:00:00.000Z,9,2624,2632,2623,2624
2024-09-23T17:00:00.000Z,13,2624,2630,2624,2629
2024-09-23T21:00:00.000Z,17,2628,2631,2622,2623
2024-09-24T01:00:00.000Z,21,2623,2637,2623,2635
2024-09-24T05:00:00.000Z,1,2635,2640,2624,2631
2024-09-24T09:00:00.000Z,5,2631,2643,2627,2634
2024-09-24T13:00:00.000Z,9,2635,2653,2634,2653
2024-09-24T17:00:00.000Z,13,2653,2660,2649,2654
2024-09-24T21:00:00.000Z,17,2653,2659,2650,2652
2024-09-25T01:00:00.000Z,21,2653,2665,2650,2655
2024-09-25T05:00:00.000Z,1,2656,2656,2648,2653
2024-09-25T09:00:00.000Z,5,2654,2661,2652,2661
2024-09-25T13:00:00.000Z,9,2660,2667,2653,2655
2024-09-25T17:00:00.000Z,13,2654,2661,2651,2652
2024-09-25T21:00:00.000Z,17,2652,2656,2650,2653
2024-09-26T01:00:00.000Z,21,2654,2663,2653,2660
2024-09-26T05:00:00.000Z,1,2660,2666,2655,2664
2024-09-26T09:00:00.000Z,5,2663,2678,2655,2671
2024-09-26T13:00:00.000Z,9,2671,2671,2648,2661
2024-09-26T17:00:00.000Z,13,2661,2664,2654,2659
2024-09-26T21:00:00.000Z,17,2658,2664,2658,2660
2024-09-27T01:00:00.000Z,21,2660,2662,2655,2660
2024-09-27T05:00:00.000Z,1,2660,2662,2650,2656
2024-09-27T09:00:00.000Z,5,2656,2668,2653,2664
2024-09-27T13:00:00.000Z,9,2665,2673,2645,2654
2024-09-27T17:00:00.000Z,13,2654,2657,2645,2656
2024-09-29T21:00:00.000Z,17,2659,2665,2656,2662
2024-09-30T01:00:00.000Z,21,2662,2664,2640,2644
2024-09-30T05:00:00.000Z,1,2644,2654,2643,2648
2024-09-30T09:00:00.000Z,5,2648,2648,2631,2640
2024-09-30T13:00:00.000Z,9,2639,2658,2630,2643
2024-09-30T17:00:00.000Z,13,2642,2643,2619,2636
2024-09-30T21:00:00.000Z,17,2635,2642,2633,2641
2024-10-01T01:00:00.000Z,21,2641,2642,2637,2641
2024-10-01T05:00:00.000Z,1,2641,2648,2635,2645
2024-10-01T09:00:00.000Z,5,2645,2655,2644,2650
2024-10-01T13:00:00.000Z,9,2649,2681,2645,2673
2024-10-01T17:00:00.000Z,13,2674,2693,2662,2674
2024-10-01T21:00:00.000Z,17,2674,2700,2673,2690
2024-10-02T01:00:00.000Z,21,2690,2699,2663,2668
2024-10-02T05:00:00.000Z,1,2667,2670,2650,2658
2024-10-02T09:00:00.000Z,5,2657,2665,2654,2660
2024-10-02T13:00:00.000Z,9,2661,2673,2653,2659
2024-10-02T17:00:00.000Z,13,2660,2668,2657,2663
2024-10-02T21:00:00.000Z,17,2662,2677,2659,2671
2024-10-03T01:00:00.000Z,21,2671,2677,2661,2665
2024-10-03T05:00:00.000Z,1,2666,2669,2649,2655
2024-10-03T09:00:00.000Z,5,2655,2665,2650,2655
2024-10-03T13:00:00.000Z,9,2654,2672,2651,2671
2024-10-03T17:00:00.000Z,13,2671,2677,2660,2660
2024-10-03T21:00:00.000Z,17,2661,2672,2660,2667
2024-10-04T01:00:00.000Z,21,2667,2673,2665,2670
2024-10-04T05:00:00.000Z,1,2670,2675,2665,2665
2024-10-04T09:00:00.000Z,5,2665,2672,2648,2654
2024-10-04T13:00:00.000Z,9,2654,2691,2648,2657
2024-10-04T17:00:00.000Z,13,2657,2672,2655,2662
2024-10-06T21:00:00.000Z,17,2679,2688,2673,2683
2024-10-07T01:00:00.000Z,21,2684,2691,2665,2669
2024-10-07T05:00:00.000Z,1,2667,2675,2661,2672
2024-10-07T09:00:00.000Z,5,2672,2675,2659,2661
2024-10-07T13:00:00.000Z,9,2660,2672,2658,2665
2024-10-07T17:00:00.000Z,13,2665,2669,2659,2660
2024-10-07T21:00:00.000Z,17,2660,2668,2653,2661
2024-10-08T01:00:00.000Z,21,2663,2663,2655,2658
2024-10-08T05:00:00.000Z,1,2658,2665,2653,2655
2024-10-08T09:00:00.000Z,5,2655,2668,2653,2664
2024-10-08T13:00:00.000Z,9,2661,2665,2611,2624
2024-10-08T17:00:00.000Z,13,2624,2637,2624,2631
2024-10-08T21:00:00.000Z,17,2631,2637,2628,2636
2024-10-09T01:00:00.000Z,21,2635,2641,2624,2627
2024-10-09T05:00:00.000Z,1,2626,2644,2626,2633
2024-10-09T09:00:00.000Z,5,2633,2639,2630,2632
2024-10-09T13:00:00.000Z,9,2632,2635,2622,2625
2024-10-09T17:00:00.000Z,13,2625,2627,2617,2621
2024-10-09T21:00:00.000Z,17,2621,2626,2618,2625
2024-10-10T01:00:00.000Z,21,2624,2630,2616,2626
2024-10-10T05:00:00.000Z,1,2626,2629,2625,2627
2024-10-10T09:00:00.000Z,5,2626,2638,2621,2634
2024-10-10T13:00:00.000Z,9,2634,2640,2628,2630
2024-10-10T17:00:00.000Z,13,2630,2647,2626,2641
2024-10-10T21:00:00.000Z,17,2640,2647,2640,2644
2024-10-11T01:00:00.000Z,21,2644,2662,2644,2659
2024-10-11T05:00:00.000Z,1,2659,2660,2654,2657
2024-10-11T09:00:00.000Z,5,2657,2660,2650,2657
2024-10-11T13:00:00.000Z,9,2657,2670,2655,2666
2024-10-11T17:00:00.000Z,13,2667,2672,2663,2668
2024-10-13T21:00:00.000Z,17,2669,2672,2660,2662
2024-10-14T01:00:00.000Z,21,2662,2678,2661,2670
2024-10-14T05:00:00.000Z,1,2670,2677,2666,2673
2024-10-14T09:00:00.000Z,5,2673,2677,2664,2665
2024-10-14T13:00:00.000Z,9,2665,2674,2661,2663
2024-10-14T17:00:00.000Z,13,2663,2668,2659,2661
2024-10-14T21:00:00.000Z,17,2661,2664,2658,2659
2024-10-15T01:00:00.000Z,21,2659,2662,2654,2655
2024-10-15T05:00:00.000Z,1,2656,2665,2651,2661
2024-10-15T09:00:00.000Z,5,2661,2664,2654,2656
2024-10-15T13:00:00.000Z,9,2656,2673,2656,2666
2024-10-15T17:00:00.000Z,13,2668,2673,2663,2670
2024-10-15T21:00:00.000Z,17,2670,2673,2668,2671
2024-10-16T01:00:00.000Z,21,2671,2680,2670,2677
2024-10-16T05:00:00.000Z,1,2677,2684,2674,2683
2024-10-16T09:00:00.000Z,5,2682,2688,2679,2685
2024-10-16T13:00:00.000Z,9,2685,2688,2673,2680
2024-10-16T17:00:00.000Z,13,2680,2683,2675,2676
2024-10-16T21:00:00.000Z,17,2676,2682,2675,2680
2024-10-17T01:00:00.000Z,21,2680,2695,2680,2686
2024-10-17T05:00:00.000Z,1,2687,2696,2684,2690
2024-10-17T09:00:00.000Z,5,2690,2699,2685,2688
2024-10-17T13:00:00.000Z,9,2688,2704,2687,2696
2024-10-17T17:00:00.000Z,13,2695,2710,2694,2696
2024-10-17T21:00:00.000Z,17,2696,2707,2695,2701
2024-10-18T01:00:00.000Z,21,2701,2724,2700,2717
2024-10-18T05:00:00.000Z,1,2717,2726,2706,2711
2024-10-18T09:00:00.000Z,5,2711,2726,2711,2719
2024-10-18T13:00:00.000Z,9,2720,2740,2713,2728
2024-10-18T17:00:00.000Z,13,2728,2732,2725,2728
2024-10-20T21:00:00.000Z,17,2746,2750,2741,2744
2024-10-21T01:00:00.000Z,21,2744,2747,2743,2745
2024-10-21T05:00:00.000Z,1,2745,2747,2741,2744
2024-10-21T09:00:00.000Z,5,2744,2754,2741,2749
2024-10-21T13:00:00.000Z,9,2749,2755,2738,2744
2024-10-21T17:00:00.000Z,13,2744,2749,2730,2734
2024-10-21T21:00:00.000Z,17,2734,2737,2732,2736
2024-10-22T01:00:00.000Z,21,2736,2756,2736,2754
2024-10-22T05:00:00.000Z,1,2754,2757,2745,2752
2024-10-22T09:00:00.000Z,5,2752,2761,2749,2754
2024-10-22T13:00:00.000Z,9,2754,2764,2750,2759
2024-10-22T17:00:00.000Z,13,2759,2763,2756,2762
2024-10-22T21:00:00.000Z,17,2762,2765,2758,2759
2024-10-23T01:00:00.000Z,21,2759,2764,2747,2760
2024-10-23T05:00:00.000Z,1,2760,2778,2760,2775
2024-10-23T09:00:00.000Z,5,2776,2783,2764,2765
2024-10-23T13:00:00.000Z,9,2765,2768,2731,2735
2024-10-23T17:00:00.000Z,13,2736,2739,2727,2737
2024-10-23T21:00:00.000Z,17,2737,2750,2736,2748
2024-10-24T01:00:00.000Z,21,2748,2758,2743,2747
2024-10-24T05:00:00.000Z,1,2747,2759,2746,2755
2024-10-24T09:00:00.000Z,5,2756,2762,2753,2755
2024-10-24T13:00:00.000Z,9,2756,2763,2738,2748
2024-10-24T17:00:00.000Z,13,2747,2756,2747,2754
2024-10-24T21:00:00.000Z,17,2754,2756,2750,2750
2024-10-25T01:00:00.000Z,21,2750,2756,2745,2748
2024-10-25T05:00:00.000Z,1,2748,2751,2736,2744
2024-10-25T09:00:00.000Z,5,2744,2754,2740,2748
2024-10-25T13:00:00.000Z,9,2748,2760,2743,2750
2024-10-25T17:00:00.000Z,13,2750,2765,2750,2758
2024-10-27T21:00:00.000Z,17,2765,2770,2747,2750
2024-10-28T01:00:00.000Z,21,2749,2755,2748,2755
2024-10-28T05:00:00.000Z,1,2755,2768,2752,2758
2024-10-28T09:00:00.000Z,5,2759,2763,2752,2757
2024-10-28T13:00:00.000Z,9,2757,2762,2755,2758
2024-10-28T17:00:00.000Z,13,2759,2761,2757,2757
2024-10-28T21:00:00.000Z,17,2757,2760,2748,2757
2024-10-29T01:00:00.000Z,21,2757,2768,2753,2763
2024-10-29T05:00:00.000Z,1,2762,2765,2759,2762
2024-10-29T09:00:00.000Z,5,2762,2764,2745,2751
2024-10-29T13:00:00.000Z,9,2751,2772,2745,2771
2024-10-29T17:00:00.000Z,13,2770,2774,2755,2763
2024-10-29T21:00:00.000Z,17,2763,2770,2758,2768
2024-10-30T01:00:00.000Z,21,2768,2777,2763,2774
2024-10-30T05:00:00.000Z,1,2774,2782,2772,2779
2024-10-30T09:00:00.000Z,5,2779,2784,2772,2778
2024-10-30T13:00:00.000Z,9,2779,2785,2770,2784
2024-10-30T17:00:00.000Z,13,2784,2785,2779,2783
2024-10-30T21:00:00.000Z,17,2784,2786,2782,2783
2024-10-31T01:00:00.000Z,21,2783,2786,2781,2782
2024-10-31T05:00:00.000Z,1,2783,2785,2775,2779
2024-10-31T09:00:00.000Z,5,2779,2785,2774,2779
2024-10-31T13:00:00.000Z,9,2779,2780,2750,2755
2024-10-31T17:00:00.000Z,13,2755,2760,2754,2757
2024-10-31T21:00:00.000Z,17,2757,2758,2753,2754
2024-11-01T01:00:00.000Z,21,2754,2759,2751,2756
2024-11-01T05:00:00.000Z,1,2756,2760,2752,2757
2024-11-01T09:00:00.000Z,5,2756,2766,2755,2762
2024-11-01T13:00:00.000Z,9,2763,2768,2748,2750
2024-11-01T17:00:00.000Z,13,2750,2752,2743,2744
2024-11-03T22:00:00.000Z,17,2744,2754,2742,2750
2024-11-04T02:00:00.000Z,21,2751,2754,2747,2752
2024-11-04T06:00:00.000Z,1,2752,2752,2745,2751
2024-11-04T10:00:00.000Z,5,2752,2755,2747,2752
2024-11-04T14:00:00.000Z,9,2752,2753,2741,2746
2024-11-04T18:00:00.000Z,13,2746,2748,2740,2742
2024-11-04T22:00:00.000Z,17,2743,2750,2738,2741
2024-11-05T02:00:00.000Z,21,2741,2746,2734,2740
2024-11-05T06:00:00.000Z,1,2742,2749,2735,2741
2024-11-05T10:00:00.000Z,5,2742,2749,2736,2746
2024-11-05T14:00:00.000Z,9,2746,2750,2734,2739
2024-11-05T18:00:00.000Z,13,2740,2742,2733,2736
2024-11-05T22:00:00.000Z,17,2737,2740,2728,2736
2024-11-06T02:00:00.000Z,21,2736,2741,2721,2731
2024-11-06T06:00:00.000Z,1,2731,2732,2697,2707
2024-11-06T10:00:00.000Z,5,2708,2711,2639,2651
2024-11-06T14:00:00.000Z,9,2650,2672,2641,2663
2024-11-06T18:00:00.000Z,13,2662,2673,2651,2655
2024-11-06T22:00:00.000Z,17,2655,2666,2648,2652
2024-11-07T02:00:00.000Z,21,2652,2669,2652,2659
2024-11-07T06:00:00.000Z,1,2659,2667,2652,2664
2024-11-07T10:00:00.000Z,5,2664,2691,2663,2685
2024-11-07T14:00:00.000Z,9,2686,2696,2679,2688
2024-11-07T18:00:00.000Z,13,2688,2709,2683,2698
2024-11-07T22:00:00.000Z,17,2698,2715,2690,2694
2024-11-08T02:00:00.000Z,21,2695,2696,2684,2687
2024-11-08T06:00:00.000Z,1,2687,2687,2671,2679
2024-11-08T10:00:00.000Z,5,2679,2689,2674,2688
2024-11-08T14:00:00.000Z,9,2688,2694,2673,2679
2024-11-08T18:00:00.000Z,13,2680,2682,2670,2671
2024-11-10T22:00:00.000Z,17,2648,2667,2646,2653
2024-11-11T02:00:00.000Z,21,2653,2657,2642,2648
2024-11-11T06:00:00.000Z,1,2646,2653,2643,2644
2024-11-11T10:00:00.000Z,5,2644,2652,2612,2614
2024-11-11T14:00:00.000Z,9,2615,2620,2585,2592
2024-11-11T18:00:00.000Z,13,2592,2605,2589,2603
2024-11-11T22:00:00.000Z,17,2603,2608,2591,2599
2024-11-12T02:00:00.000Z,21,2600,2604,2588,2588
2024-11-12T06:00:00.000Z,1,2589,2594,2552,2565
2024-11-12T10:00:00.000Z,5,2566,2633,2542,2587
2024-11-12T14:00:00.000Z,9,2585,2599,2566,2569
2024-11-12T18:00:00.000Z,13,2570,2579,2562,2568
2024-11-12T22:00:00.000Z,17,2568,2572,2550,2571
2024-11-13T02:00:00.000Z,21,2571,2585,2565,2569
2024-11-13T06:00:00.000Z,1,2570,2590,2569,2582
2024-11-13T10:00:00.000Z,5,2583,2610,2575,2595
2024-11-13T14:00:00.000Z,9,2595,2605,2573,2584
2024-11-13T18:00:00.000Z,13,2583,2584,2557,2566
2024-11-13T22:00:00.000Z,17,2566,2581,2559,2570
2024-11-14T02:00:00.000Z,21,2569,2577,2560,2560
2024-11-14T06:00:00.000Z,1,2561,2569,2551,2560
2024-11-14T10:00:00.000Z,5,2560,2564,2548,2561
2024-11-14T14:00:00.000Z,9,2562,2575,2545,2570
2024-11-14T18:00:00.000Z,13,2569,2573,2556,2560
2024-11-14T22:00:00.000Z,17,2561,2570,2553,2561
2024-11-15T02:00:00.000Z,21,2562,2566,2555,2558
2024-11-15T06:00:00.000Z,1,2558,2584,2554,2569
2024-11-15T10:00:00.000Z,5,2569,2580,2561,2572
2024-11-15T14:00:00.000Z,9,2572,2581,2565,2566
2024-11-15T18:00:00.000Z,13,2566,2571,2563,2568
2024-11-17T22:00:00.000Z,17,2578,2600,2574,2597
2024-11-18T02:00:00.000Z,21,2597,2602,2590,2594
2024-11-18T06:00:00.000Z,1,2594,2597,2577,2593
2024-11-18T10:00:00.000Z,5,2593,2628,2584,2603
2024-11-18T14:00:00.000Z,9,2605,2621,2603,2610
2024-11-18T18:00:00.000Z,13,2613,2623,2609,2621
2024-11-18T22:00:00.000Z,17,2622,2629,2614,2623
2024-11-19T02:00:00.000Z,21,2624,2630,2623,2626
2024-11-19T06:00:00.000Z,1,2626,2649,2620,2636
2024-11-19T10:00:00.000Z,5,2636,2647,2635,2641
2024-11-19T14:00:00.000Z,9,2641,2649,2621,2638
2024-11-19T18:00:00.000Z,13,2639,2646,2635,2644
2024-11-19T22:00:00.000Z,17,2644,2650,2639,2647
2024-11-20T02:00:00.000Z,21,2647,2650,2644,2647
2024-11-20T06:00:00.000Z,1,2647,2647,2630,2635
2024-11-20T10:00:00.000Z,5,2635,2648,2628,2646
2024-11-20T14:00:00.000Z,9,2646,2662,2640,2658
2024-11-20T18:00:00.000Z,13,2657,2659,2643,2653
2024-11-20T22:00:00.000Z,17,2654,2660,2649,2655
2024-11-21T02:00:00.000Z,21,2654,2662,2651,2658
2024-11-21T06:00:00.000Z,1,2658,2680,2655,2674
2024-11-21T10:00:00.000Z,5,2674,2686,2671,2680
2024-11-21T14:00:00.000Z,9,2680,2684,2671,2683
2024-11-21T18:00:00.000Z,13,2684,2690,2674,2675
2024-11-21T22:00:00.000Z,17,2676,2685,2665,2676
2024-11-22T02:00:00.000Z,21,2675,2688,2674,2682
2024-11-22T06:00:00.000Z,1,2682,2699,2680,2697
2024-11-22T10:00:00.000Z,5,2697,2708,2688,2692
2024-11-22T14:00:00.000Z,9,2691,2708,2684,2705
2024-11-22T18:00:00.000Z,13,2706,2719,2702,2719
2024-11-24T22:00:00.000Z,17,2734,2735,2707,2709
2024-11-25T02:00:00.000Z,21,2709,2712,2678,2681
2024-11-25T06:00:00.000Z,1,2683,2690,2670,2682
2024-11-25T10:00:00.000Z,5,2682,2697,2678,2689
2024-11-25T14:00:00.000Z,9,2690,2690,2639,2639
2024-11-25T18:00:00.000Z,13,2640,2650,2631,2639
2024-11-25T22:00:00.000Z,17,2640,2656,2625,2646
2024-11-26T02:00:00.000Z,21,2646,2654,2635,2644
2024-11-26T06:00:00.000Z,1,2644,2645,2623,2637
2024-11-26T10:00:00.000Z,5,2637,2658,2635,2642
2024-11-26T14:00:00.000Z,9,2642,2646,2631,2635
2024-11-26T18:00:00.000Z,13,2635,2643,2626,2637
2024-11-26T22:00:00.000Z,17,2636,2642,2630,2638
2024-11-27T02:00:00.000Z,21,2638,2648,2635,2647
2024-11-27T06:00:00.000Z,1,2648,2665,2640,2654
2024-11-27T10:00:00.000Z,5,2655,2661,2640,2656
2024-11-27T14:00:00.000Z,9,2656,2669,2632,2639
2024-11-27T18:00:00.000Z,13,2640,2651,2638,2641
2024-11-27T22:00:00.000Z,17,2641,2650,2630,2635
2024-11-28T02:00:00.000Z,21,2635,2639,2623,2638
2024-11-28T06:00:00.000Z,1,2638,2653,2635,2643
2024-11-28T10:00:00.000Z,5,2644,2650,2640,2644
2024-11-28T14:00:00.000Z,9,2645,2649,2635,2636
2024-11-28T18:00:00.000Z,13,2636,2641,2635,2638
2024-11-28T22:00:00.000Z,17,2639,2650,2633,2644
2024-11-29T02:00:00.000Z,21,2644,2659,2644,2654
2024-11-29T06:00:00.000Z,1,2655,2663,2649,2659
2024-11-29T10:00:00.000Z,5,2660,2660,2650,2657
2024-11-29T14:00:00.000Z,9,2656,2657,2634,2646
2024-11-29T18:00:00.000Z,13,2647,2650,2639,2643
2024-12-01T22:00:00.000Z,17,2660,2660,2635,2637
2024-12-02T02:00:00.000Z,21,2639,2643,2632,2634
2024-12-02T06:00:00.000Z,1,2635,2638,2627,2632
2024-12-02T10:00:00.000Z,5,2633,2646,2629,2642
2024-12-02T14:00:00.000Z,9,2642,2647,2633,2636
2024-12-02T18:00:00.000Z,13,2637,2640,2631,2638
2024-12-02T22:00:00.000Z,17,2639,2642,2632,2633
2024-12-03T02:00:00.000Z,21,2633,2641,2631,2636
2024-12-03T06:00:00.000Z,1,2636,2643,2633,2636
2024-12-03T10:00:00.000Z,5,2636,2637,2631,2637
2024-12-03T14:00:00.000Z,9,2636,2642,2631,2639
2024-12-03T18:00:00.000Z,13,2640,2644,2633,2640
2024-12-03T22:00:00.000Z,17,2642,2644,2633,2636
2024-12-04T02:00:00.000Z,21,2636,2643,2632,2642
2024-12-04T06:00:00.000Z,1,2642,2644,2632,2638
2024-12-04T10:00:00.000Z,5,2638,2643,2632,2642
2024-12-04T14:00:00.000Z,9,2642,2644,2631,2643
2024-12-04T18:00:00.000Z,13,2643,2644,2633,2640
2024-12-04T22:00:00.000Z,17,2640,2641,2632,2636
2024-12-05T02:00:00.000Z,21,2636,2644,2632,2644
2024-12-05T06:00:00.000Z,1,2644,2648,2629,2634
2024-12-05T10:00:00.000Z,5,2634,2647,2632,2640
2024-12-05T14:00:00.000Z,9,2640,2641,2625,2629
2024-12-05T18:00:00.000Z,13,2629,2631,2624,2627
2024-12-05T22:00:00.000Z,17,2628,2629,2605,2619
2024-12-06T02:00:00.000Z,21,2618,2635,2616,2627
2024-12-06T06:00:00.000Z,1,2627,2634,2624,2630
2024-12-06T10:00:00.000Z,5,2631,2631,2621,2626
2024-12-06T14:00:00.000Z,9,2626,2640,2619,2627
2024-12-06T18:00:00.000Z,13,2627,2635,2623,2627
2024-12-08T22:00:00.000Z,17,2627,2635,2622,2630
2024-12-09T02:00:00.000Z,21,2631,2636,2622,2629
2024-12-09T06:00:00.000Z,1,2629,2644,2627,2640
2024-12-09T10:00:00.000Z,5,2640,2656,2637,2650
2024-12-09T14:00:00.000Z,9,2651,2658,2647,2653
2024-12-09T18:00:00.000Z,13,2652,2658,2626,2649
2024-12-09T22:00:00.000Z,17,2650,2659,2641,2659
2024-12-10T02:00:00.000Z,21,2659,2667,2647,2652
2024-12-10T06:00:00.000Z,1,2653,2664,2652,2654
2024-12-10T10:00:00.000Z,5,2655,2666,2651,2663
2024-12-10T14:00:00.000Z,9,2663,2755,2663,2683
2024-12-10T18:00:00.000Z,13,2683,2695,2671,2676
2024-12-10T22:00:00.000Z,17,2677,2692,2671,2689
2024-12-11T02:00:00.000Z,21,2688,2695,2670,2678
2024-12-11T06:00:00.000Z,1,2679,2687,2673,2679
2024-12-11T10:00:00.000Z,5,2679,2688,2675,2685
2024-12-11T14:00:00.000Z,9,2685,2701,2682,2700
2024-12-11T18:00:00.000Z,13,2700,2704,2685,2698
2024-12-11T22:00:00.000Z,17,2699,2711,2691,2697
2024-12-12T02:00:00.000Z,21,2698,2708,2691,2707
2024-12-12T06:00:00.000Z,1,2707,2712,2703,2708
2024-12-12T10:00:00.000Z,5,2708,2709,2688,2695
2024-12-12T14:00:00.000Z,9,2696,2697,2681,2689
2024-12-12T18:00:00.000Z,13,2690,2690,2678,2683
2024-12-12T22:00:00.000Z,17,2685,2688,2672,2683
2024-12-13T02:00:00.000Z,21,2683,2688,2678,2683
2024-12-13T06:00:00.000Z,1,2683,2687,2672,2672
2024-12-13T10:00:00.000Z,5,2673,2680,2665,2669
2024-12-13T14:00:00.000Z,9,2669,2669,2660,2661
2024-12-13T18:00:00.000Z,13,2661,2663,2656,2658
2024-12-15T22:00:00.000Z,17,2652,2663,2648,2658
2024-12-16T02:00:00.000Z,21,2658,2664,2653,2657
2024-12-16T06:00:00.000Z,1,2658,2664,2647,2660
2024-12-16T10:00:00.000Z,5,2660,2669,2658,2666
2024-12-16T14:00:00.000Z,9,2665,2675,2652,2665
2024-12-16T18:00:00.000Z,13,2667,2670,2654,2657
2024-12-16T22:00:00.000Z,17,2657,2661,2652,2660
2024-12-17T02:00:00.000Z,21,2659,2669,2655,2664
2024-12-17T06:00:00.000Z,1,2664,2668,2652,2655
2024-12-17T10:00:00.000Z,5,2655,2670,2650,2654
2024-12-17T14:00:00.000Z,9,2654,2659,2643,2659
2024-12-17T18:00:00.000Z,13,2658,2661,2650,2655
2024-12-17T22:00:00.000Z,17,2656,2660,2649,2658
2024-12-18T02:00:00.000Z,21,2656,2659,2649,2655
2024-12-18T06:00:00.000Z,1,2655,2660,2650,2651
2024-12-18T10:00:00.000Z,5,2652,2661,2650,2658
2024-12-18T14:00:00.000Z,9,2658,2661,2649,2653
2024-12-18T18:00:00.000Z,13,2654,2661,2603,2607
2024-12-18T22:00:00.000Z,17,2608,2632,2597,2622
2024-12-19T02:00:00.000Z,21,2622,2636,2620,2628
2024-12-19T06:00:00.000Z,1,2629,2640,2626,2632
2024-12-19T10:00:00.000Z,5,2633,2641,2625,2626
2024-12-19T14:00:00.000Z,9,2626,2647,2601,2611
2024-12-19T18:00:00.000Z,13,2609,2658,2604,2614
2024-12-19T22:00:00.000Z,17,2615,2619,2605,2616
2024-12-20T02:00:00.000Z,21,2617,2625,2613,2625
2024-12-20T06:00:00.000Z,1,2622,2630,2615,2617
2024-12-20T10:00:00.000Z,5,2618,2622,2603,2616
2024-12-20T14:00:00.000Z,9,2615,2639,2603,2638
2024-12-20T18:00:00.000Z,13,2638,2639,2621,2626
2024-12-22T22:00:00.000Z,17,2624,2626,2616,2623
2024-12-23T02:00:00.000Z,21,2623,2654,2621,2645
2024-12-23T06:00:00.000Z,1,2645,2649,2631,2637
2024-12-23T10:00:00.000Z,5,2637,2642,2623,2626
2024-12-23T14:00:00.000Z,9,2626,2640,2618,2620
2024-12-23T18:00:00.000Z,13,2621,2634,2616,2618
2024-12-23T22:00:00.000Z,17,2616,2636,2608,2627
2024-12-24T02:00:00.000Z,21,2626,2637,2621,2633
2024-12-24T06:00:00.000Z,1,2634,2634,2622,2626
2024-12-24T10:00:00.000Z,5,2626,2633,2623,2633
2024-12-24T14:00:00.000Z,9,2632,2636,2626,2632
2024-12-24T18:00:00.000Z,13,2631,2637,2623,2628
2024-12-24T22:00:00.000Z,17,2628,2634,2625,2630
2024-12-25T02:00:00.000Z,21,2629,2636,2627,2631
2024-12-25T06:00:00.000Z,1,2631,2633,2623,2627
2024-12-25T10:00:00.000Z,5,2627,2644,2625,2631
2024-12-25T14:00:00.000Z,9,2631,2634,2628,2634
2024-12-25T18:00:00.000Z,13,2634,2644,2632,2636
2024-12-25T22:00:00.000Z,17,2637,2648,2631,2643
2024-12-26T02:00:00.000Z,21,2643,2648,2637,2641
2024-12-26T06:00:00.000Z,1,2641,2647,2636,2640
2024-12-26T10:00:00.000Z,5,2641,2643,2635,2638
2024-12-26T14:00:00.000Z,9,2639,2654,2636,2641
2024-12-26T18:00:00.000Z,13,2640,2654,2640,2651
2024-12-26T22:00:00.000Z,17,2652,2656,2651,2655
2024-12-27T02:00:00.000Z,21,2654,2655,2646,2647
2024-12-27T06:00:00.000Z,1,2648,2651,2644,2645
2024-12-27T10:00:00.000Z,5,2646,2650,2638,2642
2024-12-27T14:00:00.000Z,9,2642,2642,2630,2638
2024-12-27T18:00:00.000Z,13,2638,2643,2627,2637
2024-12-29T22:00:00.000Z,17,2653,2659,2647,2654
2024-12-30T02:00:00.000Z,21,2655,2660,2652,2654
2024-12-30T06:00:00.000Z,1,2655,2656,2638,2640
2024-12-30T10:00:00.000Z,5,2640,2645,2631,2631
2024-12-30T14:00:00.000Z,9,2632,2640,2620,2623
2024-12-30T18:00:00.000Z,13,2623,2631,2623,2626
2024-12-30T22:00:00.000Z,17,2627,2630,2618,2626
2024-12-31T02:00:00.000Z,21,2626,2628,2621,2625
2024-12-31T06:00:00.000Z,1,2626,2637,2618,2633
2024-12-31T10:00:00.000Z,5,2633,2633,2619,2626
2024-12-31T14:00:00.000Z,9,2624,2641,2622,2640
2024-12-31T18:00:00.000Z,13,2639,2641,2632,2632
2024-12-31T22:00:00.000Z,17,2632,2660,2632,2639
2025-01-01T02:00:00.000Z,21,2640,2642,2635,2636
2025-01-01T06:00:00.000Z,1,2638,2639,2632,2633
2025-01-01T10:00:00.000Z,5,2634,2637,2632,2634
2025-01-01T14:00:00.000Z,9,2635,2638,2627,2628
2025-01-01T18:00:00.000Z,13,2628,2634,2628,2629
2025-01-01T22:00:00.000Z,17,2631,2642,2627,2640
2025-01-02T02:00:00.000Z,21,2641,2655,2639,2642
2025-01-02T06:00:00.000Z,1,2642,2650,2636,2646
2025-01-02T10:00:00.000Z,5,2647,2651,2640,2644
2025-01-02T14:00:00.000Z,9,2645,2655,2643,2651
2025-01-02T18:00:00.000Z,13,2653,2655,2650,2654
2025-01-02T22:00:00.000Z,17,2654,2661,2652,2659
2025-01-03T02:00:00.000Z,21,2659,2664,2659,2660
2025-01-03T06:00:00.000Z,1,2660,2664,2647,2655
2025-01-03T10:00:00.000Z,5,2656,2662,2654,2655
2025-01-03T14:00:00.000Z,9,2656,2659,2648,2653
2025-01-03T18:00:00.000Z,13,2651,2653,2648,2649
2025-01-05T22:00:00.000Z,17,2646,2650,2644,2649
2025-01-06T02:00:00.000Z,21,2650,2656,2649,2651
2025-01-06T06:00:00.000Z,1,2651,2651,2641,2644
2025-01-06T10:00:00.000Z,5,2645,2656,2641,2644
2025-01-06T14:00:00.000Z,9,2643,2653,2639,2644
2025-01-06T18:00:00.000Z,13,2644,2653,2643,2650
2025-01-06T22:00:00.000Z,17,2652,2660,2648,2649
2025-01-07T02:00:00.000Z,21,2650,2655,2648,2653
2025-01-07T06:00:00.000Z,1,2653,2655,2649,2652
2025-01-07T10:00:00.000Z,5,2652,2669,2650,2666
2025-01-07T14:00:00.000Z,9,2666,2668,2647,2659
2025-01-07T18:00:00.000Z,13,2657,2662,2647,2649
2025-01-07T22:00:00.000Z,17,2649,2666,2641,2654
2025-01-08T02:00:00.000Z,21,2655,2661,2645,2653
2025-01-08T06:00:00.000Z,1,2653,2659,2648,2654
2025-01-08T10:00:00.000Z,5,2653,2661,2649,2660
2025-01-08T14:00:00.000Z,9,2660,2680,2654,2662
2025-01-08T18:00:00.000Z,13,2662,2670,2660,2666
2025-01-08T22:00:00.000Z,17,2667,2674,2662,2668
2025-01-09T02:00:00.000Z,21,2668,2676,2662,2672
2025-01-09T06:00:00.000Z,1,2674,2681,2659,2670
2025-01-09T10:00:00.000Z,5,2669,2683,2667,2678
2025-01-09T14:00:00.000Z,9,2677,2683,2670,2671
2025-01-09T18:00:00.000Z,13,2672,2681,2670,2675
2025-01-09T22:00:00.000Z,17,2674,2680,2669,2677
2025-01-10T02:00:00.000Z,21,2678,2682,2670,2676
2025-01-10T06:00:00.000Z,1,2677,2692,2672,2677
2025-01-10T10:00:00.000Z,5,2678,2683,2666,2682
2025-01-10T14:00:00.000Z,9,2682,2694,2681,2690
2025-01-10T18:00:00.000Z,13,2690,2694,2685,2688
2025-01-12T22:00:00.000Z,17,2705,2710,2691,2691
2025-01-13T02:00:00.000Z,21,2692,2698,2683,2687
2025-01-13T06:00:00.000Z,1,2686,2694,2679,2691
2025-01-13T10:00:00.000Z,5,2691,2700,2670,2672
2025-01-13T14:00:00.000Z,9,2673,2675,2661,2661
2025-01-13T18:00:00.000Z,13,2661,2674,2659,2670
2025-01-13T22:00:00.000Z,17,2671,2676,2661,2671
2025-01-14T02:00:00.000Z,21,2672,2676,2669,2675
2025-01-14T06:00:00.000Z,1,2675,2681,2666,2673
2025-01-14T10:00:00.000Z,5,2674,2674,2660,2664
2025-01-14T14:00:00.000Z,9,2664,2673,2662,2672
2025-01-14T18:00:00.000Z,13,2672,2675,2660,2673
2025-01-14T22:00:00.000Z,17,2674,2680,2671,2672
2025-01-15T02:00:00.000Z,21,2672,2681,2668,2680
2025-01-15T06:00:00.000Z,1,2680,2697,2680,2697
2025-01-15T10:00:00.000Z,5,2697,2705,2688,2702
2025-01-15T14:00:00.000Z,9,2702,2705,2686,2697
2025-01-15T18:00:00.000Z,13,2697,2705,2688,2696
2025-01-15T22:00:00.000Z,17,2696,2706,2687,2698
2025-01-16T02:00:00.000Z,21,2699,2708,2692,2696
2025-01-16T06:00:00.000Z,1,2696,2702,2691,2700
2025-01-16T10:00:00.000Z,5,2701,2714,2697,2713
2025-01-16T14:00:00.000Z,9,2712,2724,2705,2723
2025-01-16T18:00:00.000Z,13,2722,2723,2710,2715
2025-01-16T22:00:00.000Z,17,2715,2718,2709,2716
2025-01-17T02:00:00.000Z,21,2716,2720,2706,2711
2025-01-17T06:00:00.000Z,1,2710,2717,2707,2709
2025-01-17T10:00:00.000Z,5,2709,2713,2700,2705
2025-01-17T14:00:00.000Z,9,2704,2716,2700,2707
2025-01-17T18:00:00.000Z,13,2707,2711,2701,2708
2025-01-19T22:00:00.000Z,17,2677,2694,2668,2692
2025-01-20T02:00:00.000Z,21,2693,2704,2690,2701
2025-01-20T06:00:00.000Z,1,2701,2718,2695,2702
2025-01-20T10:00:00.000Z,5,2702,2706,2692,2702
2025-01-20T14:00:00.000Z,9,2702,2711,2697,2708
2025-01-20T18:00:00.000Z,13,2708,2713,2701,2703
2025-01-20T22:00:00.000Z,17,2704,2713,2696,2712
2025-01-21T02:00:00.000Z,21,2713,2723,2711,2719
2025-01-21T06:00:00.000Z,1,2720,2729,2717,2720
2025-01-21T10:00:00.000Z,5,2720,2725,2716,2725
2025-01-21T14:00:00.000Z,9,2725,2739,2722,2736
2025-01-21T18:00:00.000Z,13,2736,2747,2733,2738
2025-01-21T22:00:00.000Z,17,2740,2745,2733,2742
2025-01-22T02:00:00.000Z,21,2743,2748,2740,2747
2025-01-22T06:00:00.000Z,1,2747,2752,2740,2751
2025-01-22T10:00:00.000Z,5,2752,2775,2746,2757
2025-01-22T14:00:00.000Z,9,2758,2777,2756,2757
2025-01-22T18:00:00.000Z,13,2757,2763,2753,2758
2025-01-22T22:00:00.000Z,17,2758,2763,2751,2754
2025-01-23T02:00:00.000Z,21,2754,2757,2747,2757
2025-01-23T06:00:00.000Z,1,2757,2762,2744,2745
2025-01-23T10:00:00.000Z,5,2746,2753,2736,2737
2025-01-23T14:00:00.000Z,9,2737,2754,2736,2753
2025-01-23T18:00:00.000Z,13,2753,2758,2746,2746
2025-01-23T22:00:00.000Z,17,2747,2757,2736,2742
2025-01-24T02:00:00.000Z,21,2740,2766,2740,2766
2025-01-24T06:00:00.000Z,1,2765,2768,2760,2764
2025-01-24T10:00:00.000Z,5,2765,2770,2758,2763
2025-01-24T14:00:00.000Z,9,2764,2771,2756,2764
2025-01-24T18:00:00.000Z,13,2766,2771,2758,2764
2025-01-26T22:00:00.000Z,17,2765,2766,2753,2756
2025-01-27T02:00:00.000Z,21,2757,2759,2747,2749
2025-01-27T06:00:00.000Z,1,2749,2753,2730,2752
2025-01-27T10:00:00.000Z,5,2753,2760,2748,2751
2025-01-27T14:00:00.000Z,9,2751,2752,2731,2732
2025-01-27T18:00:00.000Z,13,2732,2761,2732,2741
2025-01-27T22:00:00.000Z,17,2742,2750,2734,2738
2025-01-28T02:00:00.000Z,21,2740,2743,2736,2738
2025-01-28T06:00:00.000Z,1,2738,2742,2736,2742
2025-01-28T10:00:00.000Z,5,2741,2750,2741,2750
2025-01-28T14:00:00.000Z,9,2750,2758,2735,2752
2025-01-28T18:00:00.000Z,13,2753,2763,2752,2759
2025-01-28T22:00:00.000Z,17,2759,2772,2757,2766
2025-01-29T02:00:00.000Z,21,2766,2769,2759,2767
2025-01-29T06:00:00.000Z,1,2768,2797,2757,2766
2025-01-29T10:00:00.000Z,5,2765,2770,2757,2764
2025-01-29T14:00:00.000Z,9,2762,2769,2755,2757
2025-01-29T18:00:00.000Z,13,2757,2767,2746,2763
2025-01-29T22:00:00.000Z,17,2763,2767,2761,2764
2025-01-30T02:00:00.000Z,21,2764,2767,2761,2766
2025-01-30T06:00:00.000Z,1,2766,2775,2761,2772
2025-01-30T10:00:00.000Z,5,2770,2780,2769,2780
2025-01-30T14:00:00.000Z,9,2780,2800,2776,2789
2025-01-30T18:00:00.000Z,13,2789,2796,2786,2794
2025-01-30T22:00:00.000Z,17,2794,2805,2790,2803
2025-01-31T02:00:00.000Z,21,2803,2806,2796,2799
2025-01-31T06:00:00.000Z,1,2798,2806,2790,2801
2025-01-31T10:00:00.000Z,5,2800,2819,2792,2809
2025-01-31T14:00:00.000Z,9,2808,2818,2807,2815
2025-01-31T18:00:00.000Z,13,2816,2816,2798,2803
2025-02-02T22:00:00.000Z,17,2918,2939,2773,2786
2025-02-03T02:00:00.000Z,21,2787,2807,2772,2795
2025-02-03T06:00:00.000Z,1,2795,2821,2792,2808
2025-02-03T10:00:00.000Z,5,2807,2833,2803,2832
2025-02-03T14:00:00.000Z,9,2832,2850,2823,2836
2025-02-03T18:00:00.000Z,13,2837,2840,2824,2832
2025-02-03T22:00:00.000Z,17,2832,2838,2821,2831
2025-02-04T02:00:00.000Z,21,2832,2835,2815,2819
2025-02-04T06:00:00.000Z,1,2819,2838,2812,2833
2025-02-04T10:00:00.000Z,5,2834,2843,2826,2835
2025-02-04T14:00:00.000Z,9,2835,2851,2835,2848
2025-02-04T18:00:00.000Z,13,2848,2853,2838,2848
2025-02-04T22:00:00.000Z,17,2848,2863,2844,2862
2025-02-05T02:00:00.000Z,21,2862,2887,2859,2877
2025-02-05T06:00:00.000Z,1,2878,2895,2872,2892
2025-02-05T10:00:00.000Z,5,2892,2908,2886,2887
2025-02-05T14:00:00.000Z,9,2888,2915,2887,2910
2025-02-05T18:00:00.000Z,13,2910,2910,2878,2889
2025-02-05T22:00:00.000Z,17,2890,2928,2888,2897
2025-02-06T02:00:00.000Z,21,2898,2927,2885,2912
2025-02-06T06:00:00.000Z,1,2914,2921,2888,2915
2025-02-06T10:00:00.000Z,5,2915,2915,2869,2888
2025-02-06T14:00:00.000Z,9,2888,2888,2866,2870
2025-02-06T18:00:00.000Z,13,2870,2900,2870,2883
2025-02-06T22:00:00.000Z,17,2883,2884,2875,2881
2025-02-07T02:00:00.000Z,21,2882,2885,2880,2884
2025-02-07T06:00:00.000Z,1,2884,2926,2882,2900
2025-02-07T10:00:00.000Z,5,2900,2903,2883,2883
2025-02-07T14:00:00.000Z,9,2883,2906,2880,2885
2025-02-07T18:00:00.000Z,13,2886,2888,2869,2873
2025-02-09T22:00:00.000Z,17,2894,2912,2886,2903
2025-02-10T02:00:00.000Z,21,2904,2921,2901,2906
2025-02-10T06:00:00.000Z,1,2905,2926,2902,2925
2025-02-10T10:00:00.000Z,5,2926,2934,2923,2926
2025-02-10T14:00:00.000Z,9,2928,2929,2917,2922
2025-02-10T18:00:00.000Z,13,2923,2924,2911,2924
2025-02-10T22:00:00.000Z,17,2924,2944,2923,2942
2025-02-11T02:00:00.000Z,21,2942,2947,2929,2939
2025-02-11T06:00:00.000Z,1,2940,2947,2909,2927
2025-02-11T10:00:00.000Z,5,2927,2932,2910,2917
2025-02-11T14:00:00.000Z,9,2917,2950,2913,2924
2025-02-11T18:00:00.000Z,13,2925,2931,2912,2913
2025-02-11T22:00:00.000Z,17,2915,2922,2908,2920
2025-02-12T02:00:00.000Z,21,2921,2923,2906,2909
2025-02-12T06:00:00.000Z,1,2910,2914,2905,2907
2025-02-12T10:00:00.000Z,5,2907,2909,2890,2898
2025-02-12T14:00:00.000Z,9,2897,2930,2897,2918
2025-02-12T18:00:00.000Z,13,2918,2919,2906,2911
2025-02-12T22:00:00.000Z,17,2912,2928,2907,2920
2025-02-13T02:00:00.000Z,21,2919,2930,2911,2924
2025-02-13T06:00:00.000Z,1,2925,2938,2924,2934
2025-02-13T10:00:00.000Z,5,2936,2942,2924,2927
2025-02-13T14:00:00.000Z,9,2928,2938,2925,2932
2025-02-13T18:00:00.000Z,13,2931,2941,2928,2940
2025-02-13T22:00:00.000Z,17,2941,2950,2936,2948
2025-02-14T02:00:00.000Z,21,2947,2950,2940,2949
2025-02-14T06:00:00.000Z,1,2950,2956,2947,2949
2025-02-14T10:00:00.000Z,5,2949,2957,2920,2939
2025-02-14T14:00:00.000Z,9,2938,2944,2908,2911
2025-02-14T18:00:00.000Z,13,2912,2917,2898,2907
2025-02-16T22:00:00.000Z,17,2899,2908,2898,2906
2025-02-17T02:00:00.000Z,21,2907,2932,2905,2919
2025-02-17T06:00:00.000Z,1,2919,2929,2911,2926
2025-02-17T10:00:00.000Z,5,2926,2930,2917,2920
2025-02-17T14:00:00.000Z,9,2920,2928,2914,2920
2025-02-17T18:00:00.000Z,13,2921,2922,2909,2912
2025-02-17T22:00:00.000Z,17,2913,2916,2909,2913
2025-02-18T02:00:00.000Z,21,2914,2944,2910,2932
2025-02-18T06:00:00.000Z,1,2932,2933,2921,2926
2025-02-18T10:00:00.000Z,5,2926,2945,2922,2938
2025-02-18T14:00:00.000Z,9,2938,2949,2935,2942
2025-02-18T18:00:00.000Z,13,2942,2946,2937,2945
2025-02-18T22:00:00.000Z,17,2945,2960,2944,2951
2025-02-19T02:00:00.000Z,21,2952,2956,2942,2949
2025-02-19T06:00:00.000Z,1,2949,2960,2944,2958
2025-02-19T10:00:00.000Z,5,2959,2985,2948,2952
2025-02-19T14:00:00.000Z,9,2953,2956,2927,2933
2025-02-19T18:00:00.000Z,13,2933,2946,2932,2941
2025-02-19T22:00:00.000Z,17,2941,2951,2935,2950
2025-02-20T02:00:00.000Z,21,2950,2959,2945,2951
2025-02-20T06:00:00.000Z,1,2949,2962,2948,2960
2025-02-20T10:00:00.000Z,5,2960,2965,2948,2950
2025-02-20T14:00:00.000Z,9,2949,2961,2942,2956
2025-02-20T18:00:00.000Z,13,2957,2961,2931,2950
2025-02-20T22:00:00.000Z,17,2948,2957,2941,2943
2025-02-21T02:00:00.000Z,21,2943,2953,2943,2947
2025-02-21T06:00:00.000Z,1,2947,2951,2937,2943
2025-02-21T10:00:00.000Z,5,2943,2949,2941,2943
2025-02-21T14:00:00.000Z,9,2943,2957,2935,2954
2025-02-21T18:00:00.000Z,13,2954,2957,2942,2946
2025-02-23T22:00:00.000Z,17,2962,2967,2952,2953
2025-02-24T02:00:00.000Z,21,2953,2966,2953,2959
2025-02-24T06:00:00.000Z,1,2957,2966,2956,2965
2025-02-24T10:00:00.000Z,5,2965,2971,2955,2970
2025-02-24T14:00:00.000Z,9,2971,2991,2951,2963
2025-02-24T18:00:00.000Z,13,2964,2973,2962,2970
2025-02-24T22:00:00.000Z,17,2970,3000,2961,2985
2025-02-25T02:00:00.000Z,21,2985,2992,2965,2965
2025-02-25T06:00:00.000Z,1,2966,2976,2960,2969
2025-02-25T10:00:00.000Z,5,2969,2981,2960,2970
2025-02-25T14:00:00.000Z,9,2970,2971,2920,2928
2025-02-25T18:00:00.000Z,13,2928,2937,2919,2931
2025-02-25T22:00:00.000Z,17,2930,2944,2924,2943
2025-02-26T02:00:00.000Z,21,2942,2944,2931,2937
2025-02-26T06:00:00.000Z,1,2936,2939,2924,2926
2025-02-26T10:00:00.000Z,5,2927,2933,2922,2928
2025-02-26T14:00:00.000Z,9,2927,2927,2908,2914
2025-02-26T18:00:00.000Z,13,2915,2933,2912,2929
2025-02-26T22:00:00.000Z,17,2929,2935,2923,2929
2025-02-27T02:00:00.000Z,21,2929,2932,2908,2910
2025-02-27T06:00:00.000Z,1,2910,2920,2896,2905
2025-02-27T10:00:00.000Z,5,2905,2911,2897,2908
2025-02-27T14:00:00.000Z,9,2908,2910,2888,2893
2025-02-27T18:00:00.000Z,13,2893,2900,2880,2884
2025-02-27T22:00:00.000Z,17,2884,2893,2877,2880
2025-02-28T02:00:00.000Z,21,2879,2893,2821,2859
2025-02-28T06:00:00.000Z,1,2859,2872,2847,2867
2025-02-28T10:00:00.000Z,5,2867,2869,2832,2850
2025-02-28T14:00:00.000Z,9,2850,2871,2831,2848
2025-02-28T18:00:00.000Z,13,2849,2865,2844,2864
2025-03-02T22:00:00.000Z,17,2862,2878,2859,2875
2025-03-03T02:00:00.000Z,21,2876,2877,2862,2866
2025-03-03T06:00:00.000Z,1,2866,2878,2863,2868
2025-03-03T10:00:00.000Z,5,2868,2881,2868,2876
2025-03-03T14:00:00.000Z,9,2878,2898,2874,2896
2025-03-03T18:00:00.000Z,13,2894,2896,2870,2884
2025-03-03T22:00:00.000Z,17,2884,2895,2880,2885
2025-03-04T02:00:00.000Z,21,2884,2895,2877,2892
2025-03-04T06:00:00.000Z,1,2891,2923,2887,2920
2025-03-04T10:00:00.000Z,5,2919,2945,2915,2934
2025-03-04T14:00:00.000Z,9,2934,2938,2912,2922
2025-03-04T18:00:00.000Z,13,2922,2939,2917,2929
2025-03-04T22:00:00.000Z,17,2931,2934,2925,2930
2025-03-05T02:00:00.000Z,21,2931,2938,2920,2929
2025-03-05T06:00:00.000Z,1,2929,2938,2926,2929
2025-03-05T10:00:00.000Z,5,2929,2934,2912,2917
2025-03-05T14:00:00.000Z,9,2917,2938,2914,2927
2025-03-05T18:00:00.000Z,13,2927,2949,2925,2931
2025-03-05T22:00:00.000Z,17,2932,2937,2928,2935
2025-03-06T02:00:00.000Z,21,2935,2938,2930,2935
2025-03-06T06:00:00.000Z,1,2935,2935,2905,2905
2025-03-06T10:00:00.000Z,5,2907,2922,2905,2910
2025-03-06T14:00:00.000Z,9,2912,2936,2910,2929
2025-03-06T18:00:00.000Z,13,2929,2938,2922,2924
2025-03-06T22:00:00.000Z,17,2926,2928,2911,2925
2025-03-07T02:00:00.000Z,21,2925,2928,2917,2926
2025-03-07T06:00:00.000Z,1,2926,2942,2921,2941
2025-03-07T10:00:00.000Z,5,2941,2944,2931,2935
2025-03-07T14:00:00.000Z,9,2934,2944,2925,2929
2025-03-07T18:00:00.000Z,13,2927,2933,2921,2927
2025-03-09T21:00:00.000Z,17,2929,2936,2925,2928
2025-03-10T01:00:00.000Z,21,2929,2930,2911,2914
2025-03-10T05:00:00.000Z,1,2915,2921,2906,2908
2025-03-10T09:00:00.000Z,5,2908,2926,2906,2914
2025-03-10T13:00:00.000Z,9,2914,2915,2903,2904
2025-03-10T17:00:00.000Z,13,2905,2905,2883,2896
2025-03-10T21:00:00.000Z,17,2896,2899,2888,2891
2025-03-11T01:00:00.000Z,21,2891,2907,2887,2905
2025-03-11T05:00:00.000Z,1,2904,2913,2898,2911
2025-03-11T09:00:00.000Z,5,2912,2924,2910,2919
2025-03-11T13:00:00.000Z,9,2918,2927,2912,2920
2025-03-11T17:00:00.000Z,13,2920,2928,2917,2922
2025-03-11T21:00:00.000Z,17,2922,2926,2915,2917
2025-03-12T01:00:00.000Z,21,2917,2928,2912,2925
2025-03-12T05:00:00.000Z,1,2925,2930,2905,2919
2025-03-12T09:00:00.000Z,5,2920,2949,2920,2932
2025-03-12T13:00:00.000Z,9,2932,2949,2922,2947
2025-03-12T17:00:00.000Z,13,2947,2949,2941,2946
2025-03-12T21:00:00.000Z,17,2947,2947,2941,2946
2025-03-13T01:00:00.000Z,21,2947,2971,2946,2958
2025-03-13T05:00:00.000Z,1,2957,2960,2945,2956
2025-03-13T09:00:00.000Z,5,2955,2974,2950,2963
2025-03-13T13:00:00.000Z,9,2962,2998,2959,2993
2025-03-13T17:00:00.000Z,13,2992,2998,2983,2996
2025-03-13T21:00:00.000Z,17,2996,3007,2995,3005
2025-03-14T01:00:00.000Z,21,3006,3012,3002,3004
2025-03-14T05:00:00.000Z,1,3005,3013,2999,3011
2025-03-14T09:00:00.000Z,5,3011,3030,3009,3019
2025-03-14T13:00:00.000Z,9,3019,3021,2990,3002
2025-03-14T17:00:00.000Z,13,3002,3002,2987,2993
2025-03-16T21:00:00.000Z,17,2999,3003,2994,3001
2025-03-17T01:00:00.000Z,21,3002,3005,2997,3001
2025-03-17T05:00:00.000Z,1,3001,3004,2997,2997
2025-03-17T09:00:00.000Z,5,2997,3005,2992,2996
2025-03-17T13:00:00.000Z,9,2996,3017,2990,3008
2025-03-17T17:00:00.000Z,13,3008,3017,3005,3012
2025-03-17T21:00:00.000Z,17,3013,3014,3005,3012
2025-03-18T01:00:00.000Z,21,3012,3028,3008,3025
2025-03-18T05:00:00.000Z,1,3026,3163,3019,3056
2025-03-18T09:00:00.000Z,5,3056,3075,3045,3057
2025-03-18T13:00:00.000Z,9,3057,3069,3044,3068
2025-03-18T17:00:00.000Z,13,3068,3069,3051,3067
2025-03-18T21:00:00.000Z,17,3067,3073,3058,3068
2025-03-19T01:00:00.000Z,21,3068,3071,3060,3068
2025-03-19T05:00:00.000Z,1,3068,3081,3056,3057
2025-03-19T09:00:00.000Z,5,3057,3076,3056,3064
2025-03-19T13:00:00.000Z,9,3064,3066,3054,3056
2025-03-19T17:00:00.000Z,13,3056,3069,3044,3058
2025-03-19T21:00:00.000Z,17,3060,3070,3050,3062
2025-03-20T01:00:00.000Z,21,3064,3072,3058,3070
2025-03-20T05:00:00.000Z,1,3068,3072,3057,3059
2025-03-20T09:00:00.000Z,5,3059,3064,3047,3058
2025-03-20T13:00:00.000Z,9,3058,3065,3048,3053
2025-03-20T17:00:00.000Z,13,3053,3068,3052,3060
2025-03-20T21:00:00.000Z,17,3061,3062,3054,3056
2025-03-21T01:00:00.000Z,21,3057,3100,3053,3062
2025-03-21T05:00:00.000Z,1,3062,3074,3050,3062
2025-03-21T09:00:00.000Z,5,3061,3063,3052,3055
2025-03-21T13:00:00.000Z,9,3056,3058,3031,3040
2025-03-21T17:00:00.000Z,13,3040,3043,3034,3042
2025-03-23T21:00:00.000Z,17,3057,3058,3045,3049
2025-03-24T01:00:00.000Z,21,3048,3053,3040,3048
2025-03-24T05:00:00.000Z,1,3046,3054,3041,3048
2025-03-24T09:00:00.000Z,5,3050,3054,3038,3042
2025-03-24T13:00:00.000Z,9,3042,3045,3010,3016
2025-03-24T17:00:00.000Z,13,3014,3020,3002,3020
2025-03-24T21:00:00.000Z,17,3018,3024,3011,3019
2025-03-25T01:00:00.000Z,21,3018,3027,3017,3022
2025-03-25T05:00:00.000Z,1,3022,3030,3021,3026
2025-03-25T09:00:00.000Z,5,3028,3031,3022,3028
2025-03-25T13:00:00.000Z,9,3029,3046,3023,3032
2025-03-25T17:00:00.000Z,13,3032,3032,3027,3029
2025-03-25T21:00:00.000Z,17,3028,3030,3026,3028
2025-03-26T01:00:00.000Z,21,3028,3037,3023,3023
2025-03-26T05:00:00.000Z,1,3025,3036,3020,3032
2025-03-26T09:00:00.000Z,5,3033,3037,3027,3037
2025-03-26T13:00:00.000Z,9,3037,3037,3017,3020
2025-03-26T17:00:00.000Z,13,3020,3024,3018,3023
2025-03-26T21:00:00.000Z,17,3023,3030,3020,3029
2025-03-27T01:00:00.000Z,21,3030,3040,3029,3039
2025-03-27T05:00:00.000Z,1,3040,3052,3035,3048
2025-03-27T09:00:00.000Z,5,3048,3068,3048,3059
2025-03-27T13:00:00.000Z,9,3058,3064,3042,3054
2025-03-27T17:00:00.000Z,13,3054,3061,3050,3061
2025-03-27T21:00:00.000Z,17,3060,3064,3057,3062
2025-03-28T01:00:00.000Z,21,3062,3077,3060,3071
2025-03-28T05:00:00.000Z,1,3071,3089,3065,3083
2025-03-28T09:00:00.000Z,5,3083,3088,3078,3087
2025-03-28T13:00:00.000Z,9,3087,3098,3075,3088
2025-03-28T17:00:00.000Z,13,3087,3094,3084,3090
2025-03-30T21:00:00.000Z,17,3114,3122,3106,3112
2025-03-31T01:00:00.000Z,21,3112,3138,3110,3136
2025-03-31T05:00:00.000Z,1,3138,3162,3123,3146
2025-03-31T09:00:00.000Z,5,3146,3154,3134,3154
2025-03-31T13:00:00.000Z,9,3152,3166,3135,3145
2025-03-31T17:00:00.000Z,13,3144,3158,3140,3147
2025-03-31T21:00:00.000Z,17,3147,3163,3142,3153
2025-04-01T01:00:00.000Z,21,3153,3171,3153,3169
2025-04-01T05:00:00.000Z,1,3169,3181,3144,3145
2025-04-01T09:00:00.000Z,5,3145,3161,3143,3153
2025-04-01T13:00:00.000Z,9,3154,3155,3126,3131
2025-04-01T17:00:00.000Z,13,3131,3146,3125,3133
2025-04-01T21:00:00.000Z,17,3134,3139,3124,3138
2025-04-02T01:00:00.000Z,21,3138,3150,3126,3132
2025-04-02T05:00:00.000Z,1,3132,3147,3120,3144
2025-04-02T09:00:00.000Z,5,3145,3145,3125,3141
2025-04-02T13:00:00.000Z,9,3140,3144,3130,3139
2025-04-02T17:00:00.000Z,13,3139,3155,3126,3150
2025-04-02T21:00:00.000Z,17,3151,3193,3141,3181
2025-04-03T01:00:00.000Z,21,3181,3195,3160,3163
2025-04-03T05:00:00.000Z,1,3162,3163,3131,3146
2025-04-03T09:00:00.000Z,5,3147,3149,3078,3097
2025-04-03T13:00:00.000Z,9,3098,3149,3078,3121
2025-04-03T17:00:00.000Z,13,3120,3132,3113,3124
2025-04-03T21:00:00.000Z,17,3124,3129,3120,3123
2025-04-04T01:00:00.000Z,21,3123,3129,3104,3111
2025-04-04T05:00:00.000Z,1,3112,3123,3097,3099
2025-04-04T09:00:00.000Z,5,3100,3158,3092,3093
2025-04-04T13:00:00.000Z,9,3093,3106,3045,3052
2025-04-04T17:00:00.000Z,13,3053,3067,3043,3056
2025-04-06T21:00:00.000Z,17,3037,3048,2987,3001
2025-04-07T01:00:00.000Z,21,3000,3066,3000,3057
2025-04-07T05:00:00.000Z,1,3057,3069,3035,3044
2025-04-07T09:00:00.000Z,5,3045,3066,3033,3049
2025-04-07T13:00:00.000Z,9,3049,3059,2993,2996
2025-04-07T17:00:00.000Z,13,2995,3011,2990,3003
2025-04-07T21:00:00.000Z,17,3003,3019,3001,3003
2025-04-08T01:00:00.000Z,21,3003,3027,3002,3018
2025-04-08T05:00:00.000Z,1,3017,3033,3013,3029
2025-04-08T09:00:00.000Z,5,3029,3033,3017,3021
2025-04-08T13:00:00.000Z,9,3022,3039,3003,3004
2025-04-08T17:00:00.000Z,13,3004,3013,2990,3003
2025-04-08T21:00:00.000Z,17,3003,3012,2996,3001
2025-04-09T01:00:00.000Z,21,3001,3031,2995,3031
2025-04-09T05:00:00.000Z,1,3031,3066,3026,3064
2025-04-09T09:00:00.000Z,5,3064,3091,3053,3070
2025-04-09T13:00:00.000Z,9,3070,3111,3068,3111
2025-04-09T17:00:00.000Z,13,3111,3116,3072,3099
2025-04-09T21:00:00.000Z,17,3100,3116,3089,3112
2025-04-10T01:00:00.000Z,21,3111,3142,3096,3137
2025-04-10T05:00:00.000Z,1,3137,3146,3123,3129
2025-04-10T09:00:00.000Z,5,3128,3148,3124,3139
2025-04-10T13:00:00.000Z,9,3140,3199,3137,3176
2025-04-10T17:00:00.000Z,13,3177,3199,3175,3196
2025-04-10T21:00:00.000Z,17,3196,3246,3192,3232
2025-04-11T01:00:00.000Z,21,3231,3264,3231,3239
2025-04-11T05:00:00.000Z,1,3240,3253,3213,3248
2025-04-11T09:00:00.000Z,5,3247,3264,3234,3252
2025-04-11T13:00:00.000Z,9,3253,3271,3244,3248
2025-04-11T17:00:00.000Z,13,3249,3264,3249,3259
2025-04-13T21:00:00.000Z,17,3260,3266,3242,3246
2025-04-14T01:00:00.000Z,21,3245,3272,3240,3248
2025-04-14T05:00:00.000Z,1,3247,3258,3241,3249
2025-04-14T09:00:00.000Z,5,3248,3252,3221,3226
2025-04-14T13:00:00.000Z,9,3225,3233,3211,3222
2025-04-14T17:00:00.000Z,13,3221,3236,3221,3230
2025-04-14T21:00:00.000Z,17,3230,3238,3227,3235
2025-04-15T01:00:00.000Z,21,3236,3249,3232,3249
2025-04-15T05:00:00.000Z,1,3248,3253,3235,3247
2025-04-15T09:00:00.000Z,5,3249,3250,3234,3237
2025-04-15T13:00:00.000Z,9,3237,3246,3230,3241
2025-04-15T17:00:00.000Z,13,3241,3250,3241,3249
2025-04-15T21:00:00.000Z,17,3249,3295,3247,3283
2025-04-16T01:00:00.000Z,21,3283,3308,3276,3305
2025-04-16T05:00:00.000Z,1,3304,3336,3300,3323
2025-04-16T09:00:00.000Z,5,3324,3345,3317,3334
2025-04-16T13:00:00.000Z,9,3333,3360,3321,3349
2025-04-16T17:00:00.000Z,13,3350,3366,3342,3359
2025-04-16T21:00:00.000Z,17,3360,3381,3357,3374
2025-04-17T01:00:00.000Z,21,3374,3385,3345,3361
2025-04-17T05:00:00.000Z,1,3362,3364,3331,3343
2025-04-17T09:00:00.000Z,5,3342,3360,3340,3348
2025-04-17T13:00:00.000Z,9,3348,3353,3309,3333
2025-04-17T17:00:00.000Z,13,3334,3344,3329,3342
2025-04-17T21:00:00.000Z,17,3341,3349,3337,3341
2025-04-18T01:00:00.000Z,21,3342,3350,3337,3344
2025-04-18T05:00:00.000Z,1,3344,3355,3343,3349
2025-04-18T09:00:00.000Z,5,3349,3363,3349,3354
2025-04-18T13:00:00.000Z,9,3354,3364,3352,3357
2025-04-18T17:00:00.000Z,13,3357,3360,3352,3355
2025-04-20T21:00:00.000Z,17,3348,3388,3348,3383
2025-04-21T01:00:00.000Z,21,3384,3409,3383,3396
2025-04-21T05:00:00.000Z,1,3396,3432,3395,3421
2025-04-21T09:00:00.000Z,5,3420,3445,3415,3444
2025-04-21T13:00:00.000Z,9,3444,3453,3428,3430
2025-04-21T17:00:00.000Z,13,3431,3454,3425,3447
2025-04-21T21:00:00.000Z,17,3447,3471,3442,3458
2025-04-22T01:00:00.000Z,21,3459,3516,3459,3512
2025-04-22T05:00:00.000Z,1,3512,3523,3460,3462
2025-04-22T09:00:00.000Z,5,3462,3491,3447,3452
2025-04-22T13:00:00.000Z,9,3452,3462,3393,3411
2025-04-22T17:00:00.000Z,13,3411,3426,3391,3398
2025-04-22T21:00:00.000Z,17,3399,3399,3332,3387
2025-04-23T01:00:00.000Z,21,3386,3404,3353,3370
2025-04-23T05:00:00.000Z,1,3371,3375,3315,3343
2025-04-23T09:00:00.000Z,5,3342,3360,3330,3330
2025-04-23T13:00:00.000Z,9,3330,3331,3280,3314
2025-04-23T17:00:00.000Z,13,3313,3317,3298,3303
2025-04-23T21:00:00.000Z,17,3304,3353,3300,3349
2025-04-24T01:00:00.000Z,21,3349,3384,3337,3347
2025-04-24T05:00:00.000Z,1,3346,3362,3333,3359
2025-04-24T09:00:00.000Z,5,3359,3367,3347,3360
2025-04-24T13:00:00.000Z,9,3359,3359,3324,3347
2025-04-24T17:00:00.000Z,13,3347,3363,3347,3362
2025-04-24T21:00:00.000Z,17,3362,3383,3360,3369
2025-04-25T01:00:00.000Z,21,3369,3375,3330,3337
2025-04-25T05:00:00.000Z,1,3337,3340,3295,3316
2025-04-25T09:00:00.000Z,5,3316,3324,3291,3297
2025-04-25T13:00:00.000Z,9,3297,3298,3260,3286
2025-04-25T17:00:00.000Z,13,3287,3315,3282,3315
2025-04-27T21:00:00.000Z,17,3324,3331,3306,3321
2025-04-28T01:00:00.000Z,21,3320,3321,3278,3302
2025-04-28T05:00:00.000Z,1,3303,3303,3281,3284
2025-04-28T09:00:00.000Z,5,3285,3304,3277,3296
2025-04-28T13:00:00.000Z,9,3296,3346,3293,3340
2025-04-28T17:00:00.000Z,13,3340,3355,3327,3345
2025-04-28T21:00:00.000Z,17,3345,3350,3331,3333
2025-04-29T01:00:00.000Z,21,3332,3339,3312,3313
2025-04-29T05:00:00.000Z,1,3314,3325,3309,3315
2025-04-29T09:00:00.000Z,5,3315,3320,3306,3316
2025-04-29T13:00:00.000Z,9,3316,3330,3306,3329
2025-04-29T17:00:00.000Z,13,3330,3331,3317,3321
2025-04-29T21:00:00.000Z,17,3321,3325,3312,3313
2025-04-30T01:00:00.000Z,21,3313,3323,3305,3312
2025-04-30T05:00:00.000Z,1,3312,3316,3289,3293
2025-04-30T09:00:00.000Z,5,3294,3315,3280,3308
2025-04-30T13:00:00.000Z,9,3307,3331,3300,3318
2025-04-30T17:00:00.000Z,13,3318,3318,3289,3294
2025-04-30T21:00:00.000Z,17,3295,3299,3258,3259
2025-05-01T01:00:00.000Z,21,3259,3266,3240,3245
2025-05-01T05:00:00.000Z,1,3246,3260,3243,3249
2025-05-01T09:00:00.000Z,5,3249,3250,3218,3240
2025-05-01T13:00:00.000Z,9,3241,3248,3227,3238
2025-05-01T17:00:00.000Z,13,3239,3288,3228,3256
2025-05-01T21:00:00.000Z,17,3255,3260,3244,3245
2025-05-02T01:00:00.000Z,21,3245,3269,3243,3260
2025-05-02T05:00:00.000Z,1,3261,3282,3257,3273
2025-05-02T09:00:00.000Z,5,3274,3282,3258,3263
2025-05-02T13:00:00.000Z,9,3262,3275,3242,3242
2025-05-02T17:00:00.000Z,13,3243,3261,3242,3259
2025-05-04T21:00:00.000Z,17,3258,3267,3252,3263
2025-05-05T01:00:00.000Z,21,3264,3290,3263,3273
2025-05-05T05:00:00.000Z,1,3274,3298,3271,3298
2025-05-05T09:00:00.000Z,5,3298,3335,3297,3335
2025-05-05T13:00:00.000Z,9,3335,3340,3317,3323
2025-05-05T17:00:00.000Z,13,3323,3351,3322,3347
2025-05-05T21:00:00.000Z,17,3346,3366,3341,3345
2025-05-06T01:00:00.000Z,21,3346,3396,3346,3378
2025-05-06T05:00:00.000Z,1,3378,3399,3364,3387
2025-05-06T09:00:00.000Z,5,3387,3407,3381,3404
2025-05-06T13:00:00.000Z,9,3404,3426,3390,3419
2025-05-06T17:00:00.000Z,13,3419,3447,3416,3442
2025-05-06T21:00:00.000Z,17,3443,3456,3366,3384
2025-05-07T01:00:00.000Z,21,3385,3407,3369,3387
2025-05-07T05:00:00.000Z,1,3386,3402,3379,3381
2025-05-07T09:00:00.000Z,5,3382,3396,3366,3394
2025-05-07T13:00:00.000Z,9,3393,3400,3380,3395
2025-05-07T17:00:00.000Z,13,3395,3406,3370,3372
2025-05-07T21:00:00.000Z,17,3373,3394,3368,3384
2025-05-08T01:00:00.000Z,21,3385,3418,3381,3382
2025-05-08T05:00:00.000Z,1,3382,3382,3327,3342
2025-05-08T09:00:00.000Z,5,3342,3364,3338,3363
2025-05-08T13:00:00.000Z,9,3363,3373,3311,3319
2025-05-08T17:00:00.000Z,13,3320,3322,3258,3317
2025-05-08T21:00:00.000Z,17,3317,3329,3312,3329
2025-05-09T01:00:00.000Z,21,3329,3332,3287,3328
2025-05-09T05:00:00.000Z,1,3329,3337,3318,3333
2025-05-09T09:00:00.000Z,5,3333,3341,3324,3338
2025-05-09T13:00:00.000Z,9,3339,3352,3327,3341
2025-05-09T17:00:00.000Z,13,3342,3351,3331,3332
2025-05-11T21:00:00.000Z,17,3311,3313,3276,3289
2025-05-12T01:00:00.000Z,21,3289,3291,3269,3286
2025-05-12T05:00:00.000Z,1,3286,3287,3226,3240
2025-05-12T09:00:00.000Z,5,3240,3251,3223,3249
2025-05-12T13:00:00.000Z,9,3250,3263,3239,3240
2025-05-12T17:00:00.000Z,13,3241,3253,3234,3246
2025-05-12T21:00:00.000Z,17,3246,3251,3239,3248
2025-05-13T01:00:00.000Z,21,3249,3263,3228,3263
2025-05-13T05:00:00.000Z,1,3263,3273,3256,3267
2025-05-13T09:00:00.000Z,5,3267,3274,3251,3255
2025-05-13T13:00:00.000Z,9,3256,3268,3240,3261
2025-05-13T17:00:00.000Z,13,3260,3264,3252,3258
2025-05-13T21:00:00.000Z,17,3258,3265,3246,3253
2025-05-14T01:00:00.000Z,21,3253,3261,3232,3234
2025-05-14T05:00:00.000Z,1,3234,3250,3232,3241
2025-05-14T09:00:00.000Z,5,3241,3247,3200,3201
2025-05-14T13:00:00.000Z,9,3202,3211,3188,3200
2025-05-14T17:00:00.000Z,13,3200,3202,3183,3191
2025-05-14T21:00:00.000Z,17,3191,3198,3184,3197
2025-05-15T01:00:00.000Z,21,3198,3202,3155,3156
2025-05-15T05:00:00.000Z,1,3157,3179,3142,3177
2025-05-15T09:00:00.000Z,5,3178,3204,3174,3203
2025-05-15T13:00:00.000Z,9,3204,3234,3201,3232
2025-05-15T17:00:00.000Z,13,3233,3252,3221,3250
2025-05-15T21:00:00.000Z,17,3250,3261,3240,3252
2025-05-16T01:00:00.000Z,21,3251,3252,3219,3232
2025-05-16T05:00:00.000Z,1,3233,3242.53,3209.54,3219.53
2025-05-16T09:00:00.000Z,5,3219.14,3224.92,3169.34,3192.83
2025-05-16T13:00:00.000Z,9,3193.13,3204.9,3188.01,3204.9
2025-05-16T17:00:00.000Z,13,3204.9,3221,3203,3220.57
2025-05-18T21:00:00.000Z,17,3217.2,3263.62,3216.76,3258.88
2025-05-19T01:00:00.000Z,21,3258.78,3258.79,3225,3228.59
2025-05-19T05:00:00.000Z,1,3228.6,3260.63,3228.6,3259.01
2025-05-19T09:00:00.000Z,5,3259.02,3270.14,3250,3250.57
2025-05-19T13:00:00.000Z,9,3250.57,3261.99,3240.8,3248.56
2025-05-19T17:00:00.000Z,13,3248.54,3251,3242.59,3246.36
2025-05-19T21:00:00.000Z,17,3246.36,3247.15,3232,3236.35
2025-05-20T01:00:00.000Z,21,3236.36,3244.54,3219,3231.99
2025-05-20T05:00:00.000Z,1,3231.74,3253.63,3226.71,3253.63
2025-05-20T09:00:00.000Z,5,3253.64,3265.6,3247.65,3260.56
2025-05-20T13:00:00.000Z,9,3260.5,3299.99,3250.98,3292.23
2025-05-20T17:00:00.000Z,13,3292.24,3307,3289.56,3297.49
2025-05-20T21:00:00.000Z,17,3297.49,3316.49,3296,3315.04
2025-05-21T01:00:00.000Z,21,3315.05,3324,3299,3312.03
2025-05-21T05:00:00.000Z,1,3312.02,3327.55,3306.81,3318.22
2025-05-21T09:00:00.000Z,5,3318.01,3327.26,3300,3310.27
2025-05-21T13:00:00.000Z,9,3310.27,3321.99,3277.35,3307.26
2025-05-21T17:00:00.000Z,13,3307.18,3333.59,3307.01,3324.2
2025-05-21T21:00:00.000Z,17,3324.21,3330,3318.51,3325.82
2025-05-22T01:00:00.000Z,21,3325.83,3349.78,3324.13,3344.21
2025-05-22T05:00:00.000Z,1,3344.16,3344.71,3318.58,3319.26
2025-05-22T09:00:00.000Z,5,3319.26,3322.99,3293.69,3313.46
2025-05-22T13:00:00.000Z,9,3313.67,3325,3292.69,3308
2025-05-22T17:00:00.000Z,13,3308.01,3311.47,3300.39,3304.58
2025-05-22T21:00:00.000Z,17,3304.58,3318.65,3300,3309.91
2025-05-23T01:00:00.000Z,21,3309.81,3322.68,3303.27,3319.54
2025-05-23T05:00:00.000Z,1,3319.42,3339.72,3319.19,3330.78
2025-05-23T09:00:00.000Z,5,3330.59,3364.94,3330.02,3360.41
2025-05-23T13:00:00.000Z,9,3360.69,3368.99,3337.44,3362.28
2025-05-23T17:00:00.000Z,13,3362.62,3371,3360.16,3363.06
2025-05-25T21:00:00.000Z,17,3370.46,3370.46,3337.27,3344.27
2025-05-26T01:00:00.000Z,21,3344.27,3359.24,3340.42,3352.05
2025-05-26T05:00:00.000Z,1,3352.05,3360,3340.12,3342.93
2025-05-26T09:00:00.000Z,5,3342.92,3343.7,3334.21,3342.26
2025-05-26T13:00:00.000Z,9,3342.26,3353.8,3339.44,3352.94
2025-05-26T17:00:00.000Z,13,3353.24,3371.5,3350,3355.94
2025-05-26T21:00:00.000Z,17,3355.94,3361.21,3352,3356.56
2025-05-27T01:00:00.000Z,21,3356.56,3358.22,3344.34,3345.34
2025-05-27T05:00:00.000Z,1,3345.35,3346.03,3310,3314.11
2025-05-27T09:00:00.000Z,5,3314.11,3321.01,3302,3309.61
2025-05-27T13:00:00.000Z,9,3309.65,3315.82,3302,3310.67
2025-05-27T17:00:00.000Z,13,3310.67,3328,3309.85,3313.01
2025-05-27T21:00:00.000Z,17,3313.01,3328,3310.67,3320.46
2025-05-28T01:00:00.000Z,21,3320.46,3322.84,3305.08,3306.13
2025-05-28T05:00:00.000Z,1,3306.5,3337.88,3305.37,3334.12
2025-05-28T09:00:00.000Z,5,3334.37,3336.11,3319.61,3325.22
2025-05-28T13:00:00.000Z,9,3325.22,3328.78,3304.59,3307.51
2025-05-28T17:00:00.000Z,13,3307.51,3317.93,3294.3,3300.26
2025-05-28T21:00:00.000Z,17,3300.25,3308.79,3268.41,3280.12
2025-05-29T01:00:00.000Z,21,3280.61,3293.17,3262.56,3284.56
2025-05-29T05:00:00.000Z,1,3284.56,3301.49,3281.21,3296.62
2025-05-29T09:00:00.000Z,5,3296.54,3327.94,3291.11,3327.17
2025-05-29T13:00:00.000Z,9,3327,3339.78,3314.76,3333.02
2025-05-29T17:00:00.000Z,13,3333.06,3334.65,3323.03,3327.33
2025-05-29T21:00:00.000Z,17,3327.45,3335,3320.22,3321.1
2025-05-30T01:00:00.000Z,21,3321.1,3333.37,3302.94,3308.85
2025-05-30T05:00:00.000Z,1,3309.05,3318.37,3302.18,3306.74
2025-05-30T09:00:00.000Z,5,3306.83,3324.39,3298.35,3319.39
2025-05-30T13:00:00.000Z,9,3319.37,3322.44,3288.2,3304.55
2025-05-30T17:00:00.000Z,13,3304.82,3306.63,3299.4,3302.14
2025-06-01T21:00:00.000Z,17,3310.22,3325.14,3308,3319.89
2025-06-02T01:00:00.000Z,21,3321.1,3329.32,3312,3327.6
2025-06-02T05:00:00.000Z,1,3327.57,3370.75,3327.57,3364.2
2025-06-02T09:00:00.000Z,5,3364.21,3374.74,3354.81,3367.21
2025-06-02T13:00:00.000Z,9,3367.62,3391.01,3361.52,3384.55
2025-06-02T17:00:00.000Z,13,3384.55,3393.52,3384.01,3392.47
2025-06-02T21:00:00.000Z,17,3392.46,3403.9,3385.94,3386.01
2025-06-03T01:00:00.000Z,21,3386,3387.35,3369.01,3370.41
2025-06-03T05:00:00.000Z,1,3370.58,3377.27,3363.67,3370.4
2025-06-03T09:00:00.000Z,5,3370.39,3374,3361.17,3369.57
2025-06-03T13:00:00.000Z,9,3369.97,3374.24,3346.85,3360.81
2025-06-03T17:00:00.000Z,13,3360.82,3366.99,3353.76,3365.29
2025-06-03T21:00:00.000Z,17,3365.45,3371.52,3360.91,3361.88
2025-06-04T01:00:00.000Z,21,3361.88,3383.96,3358.51,3366.98
2025-06-04T05:00:00.000Z,1,3367.68,3376.79,3361,3375.93
2025-06-04T09:00:00.000Z,5,3375.93,3376.99,3358.55,3369.45
2025-06-04T13:00:00.000Z,9,3369.46,3394.95,3365.09,3388.61
2025-06-04T17:00:00.000Z,13,3388.61,3393.2,3382.47,3384.77
2025-06-04T21:00:00.000Z,17,3384.78,3394.7,3383.99,3392.79
2025-06-05T01:00:00.000Z,21,3393.05,3396.4,3378.33,3381.79
2025-06-05T05:00:00.000Z,1,3382.07,3392.83,3375.61,3390.98
2025-06-05T09:00:00.000Z,5,3390.83,3418.53,3390.23,3399.05
2025-06-05T13:00:00.000Z,9,3399.61,3403.74,3361,3371.5
2025-06-05T17:00:00.000Z,13,3371.51,3378.21,3365.41,3366.6
2025-06-05T21:00:00.000Z,17,3366.61,3418,3366.6,3379.5
2025-06-06T01:00:00.000Z,21,3379.5,3393.9,3376.88,3393.9
2025-06-06T05:00:00.000Z,1,3393.89,3399.94,3370.4,3379.23
2025-06-06T09:00:00.000Z,5,3379,3380,3365,3370.64
2025-06-06T13:00:00.000Z,9,3370.56,3376,3336.06,3340.19
2025-06-06T17:00:00.000Z,13,3340.2,3346.12,3330.56,3334.41
2025-06-08T21:00:00.000Z,17,3338.8,3342.58,3320,3325.64
2025-06-09T01:00:00.000Z,21,3325.47,3334.6,3316.87,3333.6
2025-06-09T05:00:00.000Z,1,3333.61,3349,3331.6,3341.38
2025-06-09T09:00:00.000Z,5,3340.84,3343.75,3334.37,3339.08
2025-06-09T13:00:00.000Z,9,3339.08,3355.98,3333.47,3355
2025-06-09T17:00:00.000Z,13,3355.34,3356.99,3339.99,3341.58
2025-06-09T21:00:00.000Z,17,3341.6,3347.49,3336.25,3337.2
2025-06-10T01:00:00.000Z,21,3337.21,3339.23,3324.39,3329
2025-06-10T05:00:00.000Z,1,3329.01,3349,3320.82,3345.4
2025-06-10T09:00:00.000Z,5,3345.4,3355,3343.08,3352.24
2025-06-10T13:00:00.000Z,9,3352.24,3362.01,3335.77,3337.19
2025-06-10T17:00:00.000Z,13,3337.18,3346.19,3328,3337.38
2025-06-10T21:00:00.000Z,17,3337.39,3346.7,3331.65,3344.97
2025-06-11T01:00:00.000Z,21,3344.97,3356.36,3342.64,3356.06
2025-06-11T05:00:00.000Z,1,3356.06,3360.3,3346.99,3358.84
2025-06-11T09:00:00.000Z,5,3358.84,3371.52,3344.86,3352.63
2025-06-11T13:00:00.000Z,9,3352.62,3356.8,3343.33,3346.33
2025-06-11T17:00:00.000Z,13,3346.8,3372.75,3337.6,3372.02
2025-06-11T21:00:00.000Z,17,3372.02,3387.23,3368.4,3382.61
2025-06-12T01:00:00.000Z,21,3381.83,3428.61,3380.2,3386.33
2025-06-12T05:00:00.000Z,1,3386.32,3390.42,3357.52,3376.99
2025-06-12T09:00:00.000Z,5,3376.98,3407.62,3376.44,3406.29
2025-06-12T13:00:00.000Z,9,3406.83,3412.55,3394.9,3402.7
2025-06-12T17:00:00.000Z,13,3402.7,3404.66,3391.1,3397.2
2025-06-12T21:00:00.000Z,17,3397.21,3437.98,3393.55,3432.68
2025-06-13T01:00:00.000Z,21,3432.68,3600,3432,3449.95
2025-06-13T05:00:00.000Z,1,3449.68,3467.83,3430,3448.81
2025-06-13T09:00:00.000Z,5,3448.81,3463.61,3440.16,3463.11
2025-06-13T13:00:00.000Z,9,3463.11,3475.96,3441,3449.61
2025-06-13T17:00:00.000Z,13,3449.62,3462.77,3446.27,3454.99
2025-06-15T21:00:00.000Z,17,3485.42,3491.99,3465,3476.83
2025-06-16T01:00:00.000Z,21,3476.56,3476.56,3451.77,3452.44
2025-06-16T05:00:00.000Z,1,3452.45,3455.04,3433,3439.61
2025-06-16T09:00:00.000Z,5,3439.62,3449.41,3430,3442.01
2025-06-16T13:00:00.000Z,9,3442.01,3443.75,3413.97,3422.21
2025-06-16T17:00:00.000Z,13,3422.21,3422.6,3401,3405
2025-06-16T21:00:00.000Z,17,3405,3436.04,3404.37,3422.47
2025-06-17T01:00:00.000Z,21,3422.47,3431.59,3405.03,3418.98
2025-06-17T05:00:00.000Z,1,3418.97,3423.31,3405.3,3405.59
2025-06-17T09:00:00.000Z,5,3405.59,3430.55,3403.6,3414.79
2025-06-17T13:00:00.000Z,9,3414.79,3424.65,3392.2,3403.17
2025-06-17T17:00:00.000Z,13,3403.17,3416.19,3402.44,3412.75
2025-06-17T21:00:00.000Z,17,3412.75,3422.21,3408.56,3409.01
2025-06-18T01:00:00.000Z,21,3409.01,3418.79,3397.39,3414.98
2025-06-18T05:00:00.000Z,1,3414.98,3414.98,3402.14,3405.81
2025-06-18T09:00:00.000Z,5,3405.81,3413.77,3399.31,3408.61
2025-06-18T13:00:00.000Z,9,3408.41,3418,3397,3408.67
2025-06-18T17:00:00.000Z,13,3408.67,3413.71,3384.36,3389.39
2025-06-18T21:00:00.000Z,17,3389.38,3403.14,3386.52,3399.28
2025-06-19T01:00:00.000Z,21,3399.29,3405.12,3388,3393.2
2025-06-19T05:00:00.000Z,1,3393.11,3393.11,3370,3388
2025-06-19T09:00:00.000Z,5,3388.41,3396.51,3383.47,3388.08
2025-06-19T13:00:00.000Z,9,3388.04,3391.63,3382.1,3390.68
2025-06-19T17:00:00.000Z,13,3390.69,3397.59,3388,3394.8
2025-06-19T21:00:00.000Z,17,3394.98,3396.39,3385.34,3391.59
2025-06-20T01:00:00.000Z,21,3390.61,3391.19,3369.2,3375.24
2025-06-20T05:00:00.000Z,1,3375.25,3377.7,3363.5,3371.94
2025-06-20T09:00:00.000Z,5,3371.94,3378.57,3362.75,3364.41
2025-06-20T13:00:00.000Z,9,3364.41,3390.35,3363.2,3387.89
2025-06-20T17:00:00.000Z,13,3387.9,3389.82,3382.2,3387.51
2025-06-22T21:00:00.000Z,17,3437.28,3451.31,3399.4,3404.01
2025-06-23T01:00:00.000Z,21,3404.44,3409.39,3381,3381.6
2025-06-23T05:00:00.000Z,1,3381.6,3394.02,3370.6,3381.5
2025-06-23T09:00:00.000Z,5,3381.5,3400.6,3378,3384
2025-06-23T13:00:00.000Z,9,3383.99,3416.32,3383.69,3410.62
2025-06-23T17:00:00.000Z,13,3410.62,3413.57,3380.41,3383.4
2025-06-23T21:00:00.000Z,17,3383.13,3431.6,3356.33,3376.02
2025-06-24T01:00:00.000Z,21,3376.02,3386.02,3358.44,3370.6
2025-06-24T05:00:00.000Z,1,3370.6,3374.71,3340,3352.8
2025-06-24T09:00:00.000Z,5,3352.81,3356,3329.79,3340.02
2025-06-24T13:00:00.000Z,9,3340.02,3342.21,3322,3338.2
2025-06-24T17:00:00.000Z,13,3338.2,3378,3335.7,3343.8
2025-06-24T21:00:00.000Z,17,3343.8,3350,3338.47,3347.71
2025-06-25T01:00:00.000Z,21,3347.72,3353.97,3343.54,3345.2
2025-06-25T05:00:00.000Z,1,3345.2,3351.05,3340.24,3340.9
2025-06-25T09:00:00.000Z,5,3340.91,3343.19,3332.01,3333.02
2025-06-25T13:00:00.000Z,9,3333.02,3346.96,3323.87,3346.76
2025-06-25T17:00:00.000Z,13,3346.76,3346.87,3337.55,3344.59
2025-06-25T21:00:00.000Z,17,3344.59,3353,3343.72,3348.39
2025-06-26T01:00:00.000Z,21,3348.39,3354.35,3343.41,3343.78
2025-06-26T05:00:00.000Z,1,3343.79,3359,3343.27,3358.99
2025-06-26T09:00:00.000Z,5,3358.23,3358.23,3336.26,3336.26
2025-06-26T13:00:00.000Z,9,3336.25,3346.82,3327.7,3344.61
2025-06-26T17:00:00.000Z,13,3344.6,3350.6,3339.88,3339.88
2025-06-26T21:00:00.000Z,17,3339.88,3339.89,3329.4,3332.84
2025-06-27T01:00:00.000Z,21,3332.96,3335.87,3307.2,3308.31
2025-06-27T05:00:00.000Z,1,3308.3,3313.98,3297.2,3302.81
2025-06-27T09:00:00.000Z,5,3302.81,3302.82,3285.75,3285.75
2025-06-27T13:00:00.000Z,9,3285.74,3295.87,3274.97,3293.18
2025-06-27T17:00:00.000Z,13,3293.18,3297.2,3285.8,3293.34
2025-06-29T21:00:00.000Z,17,3283.37,3289.57,3265.62,3277.02
2025-06-30T01:00:00.000Z,21,3277.02,3296.06,3273.34,3295.61
2025-06-30T05:00:00.000Z,1,3295.61,3307.77,3295,3299.23
2025-06-30T09:00:00.000Z,5,3299.23,3299.23,3284.8,3291.7
2025-06-30T13:00:00.000Z,9,3291.7,3305.52,3288,3305
2025-06-30T17:00:00.000Z,13,3305.02,3316.46,3301,3310
2025-06-30T21:00:00.000Z,17,3310,3321.77,3310,3321.64
2025-07-01T01:00:00.000Z,21,3321.64,3331,3321,3328.83
2025-07-01T05:00:00.000Z,1,3328.83,3348.96,3328.83,3344.78
2025-07-01T09:00:00.000Z,5,3344.79,3363,3343.81,3361.49
2025-07-01T13:00:00.000Z,9,3361.49,3361.49,3342.32,3347.5
2025-07-01T17:00:00.000Z,13,3347.5,3348.59,3340.56,3347.32
2025-07-01T21:00:00.000Z,17,3347.32,3351.35,3340,3345.2
2025-07-02T01:00:00.000Z,21,3345.2,3349.04,3337,3346.12
2025-07-02T05:00:00.000Z,1,3346.16,3349.28,3335.03,3340.19
2025-07-02T09:00:00.000Z,5,3340.19,3356.78,3335,3353.2
2025-07-02T13:00:00.000Z,9,3353.2,3353.2,3340,3351.63
2025-07-02T17:00:00.000Z,13,3351.64,3360.54,3346.4,3357.34
2025-07-02T21:00:00.000Z,17,3357.33,3364.5,3347.41,3347.89
2025-07-03T01:00:00.000Z,21,3347.9,3354.2,3345,3353.01
2025-07-03T05:00:00.000Z,1,3353,3362.6,3352,3357.66
2025-07-03T09:00:00.000Z,5,3357.61,3358.1,3320,3329.83
2025-07-03T13:00:00.000Z,9,3330.14,3341.18,3326.69,3337.78
2025-07-03T17:00:00.000Z,13,3337.77,3338.49,3330.73,3330.73
2025-07-03T21:00:00.000Z,17,3330.73,3335.52,3329.12,3333.27
2025-07-04T01:00:00.000Z,21,3333.28,3344.18,3331.01,3344.18
2025-07-04T05:00:00.000Z,1,3344.17,3347.53,3338.45,3346.41
2025-07-04T09:00:00.000Z,5,3346.4,3346.41,3336.41,3340.49
2025-07-04T13:00:00.000Z,9,3340.31,3341.98,3335.96,3339.57
2025-07-04T17:00:00.000Z,13,3339.58,3346.15,3339.58,3343.38
2025-07-06T21:00:00.000Z,17,3346,3348.39,3330.2,3333.4
2025-07-07T01:00:00.000Z,21,3333.4,3334.19,3312.11,3317.38
2025-07-07T05:00:00.000Z,1,3317.37,3324.2,3311.11,3318.12
2025-07-07T09:00:00.000Z,5,3318.13,3321.9,3306.2,3316.69
2025-07-07T13:00:00.000Z,9,3317.01,3332.54,3315.26,3332.07
2025-07-07T17:00:00.000Z,13,3332.18,3342.57,3332.05,3339.94
2025-07-07T21:00:00.000Z,17,3339.94,3347.37,3334.01,3336.71
2025-07-08T01:00:00.000Z,21,3336.71,3342.6,3332.23,3333.2
2025-07-08T05:00:00.000Z,1,3333.19,3343.77,3330,3330.01
2025-07-08T09:00:00.000Z,5,3330,3333.56,3326.21,3332.92
2025-07-08T13:00:00.000Z,9,3332.99,3333.48,3297.8,3307.66
2025-07-08T17:00:00.000Z,13,3307.67,3315.75,3305.21,3306.12
2025-07-08T21:00:00.000Z,17,3306.12,3314.6,3304.5,3314.6
2025-07-09T01:00:00.000Z,21,3314.59,3314.64,3295.8,3304.73
2025-07-09T05:00:00.000Z,1,3304.72,3306.89,3292.58,3294.62
2025-07-09T09:00:00.000Z,5,3294.61,3305.55,3293.4,3305.54
2025-07-09T13:00:00.000Z,9,3305.37,3318,3301.56,3318
2025-07-09T17:00:00.000Z,13,3317.99,3323.84,3315.18,3320.73
2025-07-09T21:00:00.000Z,17,3320.33,3323,3300.75,3319.37
2025-07-10T01:00:00.000Z,21,3319.37,3326.8,3316.93,3323.6
2025-07-10T05:00:00.000Z,1,3323.6,3329.35,3320.59,3328.61
2025-07-10T09:00:00.000Z,5,3328.6,3329.6,3320.9,3325.19
2025-07-10T13:00:00.000Z,9,3325.19,3329.57,3312.21,3315.76
2025-07-10T17:00:00.000Z,13,3315.77,3329.81,3315.59,3322.8
2025-07-10T21:00:00.000Z,17,3322.8,3332.4,3315.93,3329.09
2025-07-11T01:00:00.000Z,21,3329.08,3335.35,3323.61,3328.62
2025-07-11T05:00:00.000Z,1,3328.62,3339.15,3328.12,3329.01
2025-07-11T09:00:00.000Z,5,3329.01,3351.66,3329,3350.2
2025-07-11T13:00:00.000Z,9,3350.2,3362.3,3346.19,3348.66
2025-07-11T17:00:00.000Z,13,3348.63,3352.2,3343.1,3347.99
2025-07-13T21:00:00.000Z,17,3346.91,3360.13,3343.37,3355
2025-07-14T01:00:00.000Z,21,3354.57,3355.44,3343.37,3349.58
2025-07-14T05:00:00.000Z,1,3349.58,3366.32,3346.2,3361.53
2025-07-14T09:00:00.000Z,5,3361.29,3370.73,3356.66,3360
2025-07-14T13:00:00.000Z,9,3360,3370.75,3350.23,3351.01
2025-07-14T17:00:00.000Z,13,3351.11,3355.9,3346.8,3347.8
2025-07-14T21:00:00.000Z,17,3347.79,3352.6,3345.29,3351.2
2025-07-15T01:00:00.000Z,21,3351.19,3364.24,3349.4,3363.19
2025-07-15T05:00:00.000Z,1,3363.19,3369,3359.4,3362.82
2025-07-15T09:00:00.000Z,5,3362.82,3368.75,3351.6,3353.18
2025-07-15T13:00:00.000Z,9,3353.25,3363.03,3329.9,3337.84
2025-07-15T17:00:00.000Z,13,3338.17,3341.59,3332.9,3336.6
2025-07-15T21:00:00.000Z,17,3336.59,3339.4,3334.2,3338.41
2025-07-16T01:00:00.000Z,21,3338.41,3343.4,3333.41,3343.4
2025-07-16T05:00:00.000Z,1,3343.4,3349.77,3342.13,3347.37
2025-07-16T09:00:00.000Z,5,3347.38,3350,3339.25,3342
2025-07-16T13:00:00.000Z,9,3342.01,3375,3328,3355.14
2025-07-16T17:00:00.000Z,13,3355.15,3361.07,3350.13,3352.75
2025-07-16T21:00:00.000Z,17,3352.76,3356.65,3345.87,3346.01
2025-07-17T01:00:00.000Z,21,3346.02,3352.29,3343.96,3348.99
2025-07-17T05:00:00.000Z,1,3348.99,3349.4,3334.76,3336.24
2025-07-17T09:00:00.000Z,5,3336.24,3339.88,3321.41,3324.97
2025-07-17T13:00:00.000Z,9,3324.41,3345.37,3322.3,3344.75
2025-07-17T17:00:00.000Z,13,3344.75,3346.2,3341.11,3342.79
2025-07-17T21:00:00.000Z,17,3342.79,3348.07,3335.94,3339.48
2025-07-18T01:00:00.000Z,21,3339.49,3342.99,3332.67,3335.36
2025-07-18T05:00:00.000Z,1,3335.36,3349.07,3332.47,3345.09
2025-07-18T09:00:00.000Z,5,3345.09,3366.8,3345.09,3364.99
2025-07-18T13:00:00.000Z,9,3364.99,3366.21,3355.7,3357.87
2025-07-18T17:00:00.000Z,13,3357.88,3357.88,3351.52,3355.06
2025-07-20T21:00:00.000Z,17,3352.13,3358,3351.2,3355.8
2025-07-21T01:00:00.000Z,21,3355.8,3361,3355.8,3360.37
2025-07-21T05:00:00.000Z,1,3360.37,3372.22,3360.36,3366.8
2025-07-21T09:00:00.000Z,5,3366.86,3387.26,3360.55,3386.1
2025-07-21T13:00:00.000Z,9,3386.1,3399.37,3383.18,3393.39
2025-07-21T17:00:00.000Z,13,3393.38,3399.39,3389.66,3397.33
2025-07-21T21:00:00.000Z,17,3397.33,3400.86,3390.59,3394.8
2025-07-22T01:00:00.000Z,21,3394.99,3395.39,3387.21,3390.44
2025-07-22T05:00:00.000Z,1,3390.99,3392.02,3385.2,3391.26
2025-07-22T09:00:00.000Z,5,3391.26,3406.85,3388.33,3406.84
2025-07-22T13:00:00.000Z,9,3406.85,3429,3406.72,3428.62
2025-07-22T17:00:00.000Z,13,3428.79,3429.99,3423.78,3427.09
2025-07-22T21:00:00.000Z,17,3427.08,3434.52,3424.36,3424.77
2025-07-23T01:00:00.000Z,21,3424.7,3425.92,3416.3,3421.79
2025-07-23T05:00:00.000Z,1,3421.78,3429.67,3417.78,3427.59
2025-07-23T09:00:00.000Z,5,3427.6,3432.44,3420,3421.06
2025-07-23T13:00:00.000Z,9,3421.07,3421.07,3386.11,3389.8
2025-07-23T17:00:00.000Z,13,3390,3400,3388.61,3389.03
2025-07-23T21:00:00.000Z,17,3389.03,3396.34,3388.14,3395.51
2025-07-24T01:00:00.000Z,21,3395.51,3395.9,3380,3384.39
2025-07-24T05:00:00.000Z,1,3384.39,3384.39,3371.6,3373.97
2025-07-24T09:00:00.000Z,5,3373.97,3373.97,3360.01,3361.18
2025-07-24T13:00:00.000Z,9,3361.17,3379.86,3359.33,3373.4
2025-07-24T17:00:00.000Z,13,3373.39,3377.4,3370.09,3370.59
2025-07-24T21:00:00.000Z,17,3370.59,3378.93,3368.79,3378.18
2025-07-25T01:00:00.000Z,21,3378.19,3378.19,3364.36,3369.01
2025-07-25T05:00:00.000Z,1,3369.01,3369.81,3354.09,3355
2025-07-25T09:00:00.000Z,5,3355.01,3357.19,3349.5,3351.22
2025-07-25T13:00:00.000Z,9,3351.21,3357.25,3336.03,3340.23
2025-07-25T17:00:00.000Z,13,3340.2,3351.48,3340.2,3347.17
2025-07-27T21:00:00.000Z,17,3352.25,3353,3340,3347.26
2025-07-28T01:00:00.000Z,21,3347.26,3351.53,3339,3344.4
2025-07-28T05:00:00.000Z,1,3344.4,3351.01,3340.63,3341.59
2025-07-28T09:00:00.000Z,5,3341.59,3348.84,3332,3333.61
2025-07-28T13:00:00.000Z,9,3333.61,3335.59,3312,3318.93
2025-07-28T17:00:00.000Z,13,3318.93,3325.36,3316.67,3322.01
2025-07-28T21:00:00.000Z,17,3322.01,3328,3318.39,3320.79
2025-07-29T01:00:00.000Z,21,3320.79,3329.91,3318.74,3325.5
2025-07-29T05:00:00.000Z,1,3325,3335,3321.01,3333.43
2025-07-29T09:00:00.000Z,5,3333.42,3333.43,3322.85,3330.61
2025-07-29T13:00:00.000Z,9,3330.37,3337.27,3320.53,3331.4
2025-07-29T17:00:00.000Z,13,3331.4,3338.09,3331.39,3334.24
2025-07-29T21:00:00.000Z,17,3334.23,3340.28,3332.84,3338.07
2025-07-30T01:00:00.000Z,21,3338.18,3339.91,3331.39,3334
2025-07-30T05:00:00.000Z,1,3334.2,3338.68,3330.22,3337.75
2025-07-30T09:00:00.000Z,5,3337.76,3339.42,3319,3320.6
2025-07-30T13:00:00.000Z,9,3320.4,3323.88,3302.66,3313.12
2025-07-30T17:00:00.000Z,13,3313.12,3317.49,3283,3291.98
2025-07-30T21:00:00.000Z,17,3292.2,3302.52,3288.88,3301.84
2025-07-31T01:00:00.000Z,21,3301.41,3310.05,3298.8,3305.99
2025-07-31T05:00:00.000Z,1,3306,3321.34,3302.83,3316.18
2025-07-31T09:00:00.000Z,5,3316.17,3318.61,3303.19,3316.4
2025-07-31T13:00:00.000Z,9,3316.31,3316.82,3299.07,3305.4
2025-07-31T17:00:00.000Z,13,3305.4,3308.32,3294.4,3299.41
2025-07-31T21:00:00.000Z,17,3299.42,3302.21,3293.34,3295.75
2025-08-01T01:00:00.000Z,21,3295.75,3302.99,3289.05,3300.61
2025-08-01T05:00:00.000Z,1,3300.64,3306.39,3290,3298.86
2025-08-01T09:00:00.000Z,5,3298.86,3342.6,3295.56,3341.4
2025-08-01T13:00:00.000Z,9,3341.41,3360,3336.82,3346.02
2025-08-01T17:00:00.000Z,13,3346.02,3362,3345.12,3361.89
2025-08-03T21:00:00.000Z,17,3368.83,3371,3353.38,3353.8
2025-08-04T01:00:00.000Z,21,3353.8,3365.21,3348.8,3362.79
2025-08-04T05:00:00.000Z,1,3362.78,3364.81,3356.12,3361.53
2025-08-04T09:00:00.000Z,5,3361.53,3373.2,3357.4,3372.22
2025-08-04T13:00:00.000Z,9,3372.22,3384.39,3371.48,3374.14
2025-08-04T17:00:00.000Z,13,3374.14,3380.25,3374,3378.96
2025-08-04T21:00:00.000Z,17,3378.97,3381.19,3368.97,3380.48
2025-08-05T01:00:00.000Z,21,3380.49,3389.58,3373.91,3374.81
2025-08-05T05:00:00.000Z,1,3374.8,3375.18,3367.29,3367.29
2025-08-05T09:00:00.000Z,5,3367.29,3367.79,3353.8,3367.54
2025-08-05T13:00:00.000Z,9,3367.54,3393.62,3367.5,3381.19
2025-08-05T17:00:00.000Z,13,3381.19,3383,3376.52,3379.58
2025-08-05T21:00:00.000Z,17,3379.59,3385.25,3379.4,3382.39
2025-08-06T01:00:00.000Z,21,3382.39,3382.92,3375.8,3375.84
2025-08-06T05:00:00.000Z,1,3375.84,3381.35,3368.4,3368.76
2025-08-06T09:00:00.000Z,5,3368.76,3371.6,3362.51,3370.01
2025-08-06T13:00:00.000Z,9,3370.01,3381.27,3366.23,3377.01
2025-08-06T17:00:00.000Z,13,3377.01,3378,3368.49,3371.53
2025-08-06T21:00:00.000Z,17,3371.54,3376.19,3368.36,3375.92
2025-08-07T01:00:00.000Z,21,3375.91,3383.24,3374.2,3378.13
2025-08-07T05:00:00.000Z,1,3378.14,3394.98,3375,3379.98
2025-08-07T09:00:00.000Z,5,3379.86,3386.19,3374.16,3378.73
2025-08-07T13:00:00.000Z,9,3378.73,3387.93,3376.1,3383.41
2025-08-07T17:00:00.000Z,13,3383.4,3393.57,3381.84,3389.29
2025-08-07T21:00:00.000Z,17,3389.03,3397.81,3382.99,3387.6
2025-08-08T01:00:00.000Z,21,3387.55,3393.6,3380.69,3390.6
2025-08-08T05:00:00.000Z,1,3390.43,3394.63,3386.67,3390.21
2025-08-08T09:00:00.000Z,5,3390.2,3394.99,3377.77,3383.99
2025-08-08T13:00:00.000Z,9,3383.97,3390.5,3377.28,3389.5
2025-08-08T17:00:00.000Z,13,3389.5,3390,3375.19,3387.21
2025-08-10T21:00:00.000Z,17,3387.97,3391.7,3377.93,3377.93
2025-08-11T01:00:00.000Z,21,3377.78,3377.78,3365.56,3371.62
2025-08-11T05:00:00.000Z,1,3371.61,3374.32,3352.61,3358.1
2025-08-11T09:00:00.000Z,5,3358.1,3360,3342.05,3351.75
2025-08-11T13:00:00.000Z,9,3351.74,3358.92,3340.4,3340.98
2025-08-11T17:00:00.000Z,13,3340.98,3373.85,3339.63,3344.13
2025-08-11T21:00:00.000Z,17,3344.14,3353.23,3338.72,3352.04
2025-08-12T01:00:00.000Z,21,3352.04,3357.09,3345.54,3349.54
2025-08-12T05:00:00.000Z,1,3349.9,3357.52,3339.33,3349.03
2025-08-12T09:00:00.000Z,5,3349.05,3354.19,3338.51,3347.92
2025-08-12T13:00:00.000Z,9,3347.93,3357.21,3332,3345.58
2025-08-12T17:00:00.000Z,13,3346.02,3346.02,3340.41,3342.47
2025-08-12T21:00:00.000Z,17,3342.52,3351.42,3336.1,3336.63
2025-08-13T01:00:00.000Z,21,3336.64,3348.07,3335.55,3342.32
2025-08-13T05:00:00.000Z,1,3342.24,3351.78,3341.44,3349.05
2025-08-13T09:00:00.000Z,5,3349,3355,3345.99,3347.12
2025-08-13T13:00:00.000Z,9,3347.11,3358.6,3344.27,3352.05
2025-08-13T17:00:00.000Z,13,3352.05,3352.06,3345,3350.8
2025-08-13T21:00:00.000Z,17,3350.8,3361,3348.61,3357.82
2025-08-14T01:00:00.000Z,21,3357.66,3360.19,3348.72,3351.4
2025-08-14T05:00:00.000Z,1,3351.49,3355.61,3338.18,3341
2025-08-14T09:00:00.000Z,5,3341,3350,3335.01,3339.7
2025-08-14T13:00:00.000Z,9,3339.69,3343.41,3324.39,3328.63
2025-08-14T17:00:00.000Z,13,3328.59,3334.07,3327.16,3330.23
2025-08-14T21:00:00.000Z,17,3330.23,3330.54,3326.01,3329.4
2025-08-15T01:00:00.000Z,21,3329.4,3338,3328.12,3337.11
2025-08-15T05:00:00.000Z,1,3337.11,3341.09,3334.03,3336.06
2025-08-15T09:00:00.000Z,5,3335.88,3340.03,3330.13,3336.66
2025-08-15T13:00:00.000Z,9,3336.82,3339.51,3328.2,3329.38
2025-08-15T17:00:00.000Z,13,3329.38,3333.9,3328.9,3329.36
2025-08-17T21:00:00.000Z,17,3328.06,3337.86,3322,3333.98
2025-08-18T01:00:00.000Z,21,3333.98,3353.64,3333.4,3350.79
2025-08-18T05:00:00.000Z,1,3350.79,3380,3340.39,3346.35
2025-08-18T09:00:00.000Z,5,3346.35,3353.2,3339.57,3339.64
2025-08-18T13:00:00.000Z,9,3339.64,3339.64,3328.25,3332.7
2025-08-18T17:00:00.000Z,13,3332.76,3333.14,3326.63,3331.75
2025-08-18T21:00:00.000Z,17,3331.76,3337.46,3326.51,3332.7
2025-08-19T01:00:00.000Z,21,3332.7,3337.98,3329.25,3334.29
2025-08-19T05:00:00.000Z,1,3334.3,3337.96,3332.4,3335.08
2025-08-19T09:00:00.000Z,5,3335.08,3339.95,3331.73,3331.73
2025-08-19T13:00:00.000Z,9,3331.7,3342.06,3317,3317
2025-08-19T17:00:00.000Z,13,3317,3318.79,3308.01,3314.82
2025-08-19T21:00:00.000Z,17,3314.84,3316.7,3307.58,3312.4
2025-08-20T01:00:00.000Z,21,3312.38,3316.2,3301.77,3312.38
2025-08-20T05:00:00.000Z,1,3312.47,3320.69,3312,3319.6
2025-08-20T09:00:00.000Z,5,3319.65,3333.78,3317.08,3333.76
2025-08-20T13:00:00.000Z,9,3333.75,3338.19,3330.47,3334.26
2025-08-20T17:00:00.000Z,13,3334.27,3339.91,3334,3339.88
2025-08-20T21:00:00.000Z,17,3339.88,3342.56,3336.56,3336.56
2025-08-21T01:00:00.000Z,21,3336.57,3339.15,3333,3333.12
2025-08-21T05:00:00.000Z,1,3333.13,3335.58,3330,3335.29
2025-08-21T09:00:00.000Z,5,3335.26,3336.32,3318.25,3333.72
2025-08-21T13:00:00.000Z,9,3333.73,3338.38,3329.4,3332
2025-08-21T17:00:00.000Z,13,3332,3334,3331,3332.14
2025-08-21T21:00:00.000Z,17,3332.13,3335.28,3330.54,3332.82
2025-08-22T01:00:00.000Z,21,3332.82,3333.16,3324.74,3325
2025-08-22T05:00:00.000Z,1,3325,3332,3323.06,3325.07
2025-08-22T09:00:00.000Z,5,3325.23,3328.02,3318.28,3319.71
2025-08-22T13:00:00.000Z,9,3319.71,3363.43,3319.7,3354.69
2025-08-22T17:00:00.000Z,13,3354.69,3363.42,3354.69,3363.42
2025-08-24T21:00:00.000Z,17,3356.06,3361.5,3354.83,3355.54
2025-08-25T01:00:00.000Z,21,3355.76,3358.88,3352.54,3357.4
2025-08-25T05:00:00.000Z,1,3357.39,3358.85,3351.99,3353.31
2025-08-25T09:00:00.000Z,5,3353.28,3362.71,3353.27,3358.76
2025-08-25T13:00:00.000Z,9,3358.75,3363.3,3355.48,3362.95
2025-08-25T17:00:00.000Z,13,3362.95,3363.3,3349.12,3349.54
2025-08-25T21:00:00.000Z,17,3349.54,3370.66,3336,3367.02
2025-08-26T01:00:00.000Z,21,3366.1,3367.98,3357.65,3364.44
2025-08-26T05:00:00.000Z,1,3364.47,3369.06,3358.48,3366.07
2025-08-26T09:00:00.000Z,5,3366.07,3367.35,3357.69,3361.34
2025-08-26T13:00:00.000Z,9,3361,3374.03,3358.17,3372.13
2025-08-26T17:00:00.000Z,13,3372.13,3379.98,3368.44,3379.95
2025-08-26T21:00:00.000Z,17,3379.9,3382.93,3375.78,3379.23
2025-08-27T01:00:00.000Z,21,3379.24,3382.75,3365,3365.84
2025-08-27T05:00:00.000Z,1,3365.84,3375.66,3365.83,3373.81
2025-08-27T09:00:00.000Z,5,3373.82,3374.9,3367.15,3370.89
2025-08-27T13:00:00.000Z,9,3371.34,3384.92,3366.67,3382.58
2025-08-27T17:00:00.000Z,13,3382.44,3388.82,3381.9,3388.82
2025-08-27T21:00:00.000Z,17,3388.81,3390.77,3384.65,3384.65
2025-08-28T01:00:00.000Z,21,3384.65,3389.97,3378,3381.7
2025-08-28T05:00:00.000Z,1,3381.71,3397.51,3380.64,3396.35
2025-08-28T09:00:00.000Z,5,3396.35,3402.32,3390.96,3394.31
2025-08-28T13:00:00.000Z,9,3394.09,3415.37,3392.2,3413.76
2025-08-28T17:00:00.000Z,13,3413.75,3423.25,3413.13,3419.78
2025-08-28T21:00:00.000Z,17,3419.77,3420.61,3409.52,3414.3
2025-08-29T01:00:00.000Z,21,3414.3,3419.96,3407.99,3411.94
2025-08-29T05:00:00.000Z,1,3411.95,3426.91,3408.69,3410.82
2025-08-29T09:00:00.000Z,5,3410.82,3418.67,3407.8,3418.16
2025-08-29T13:00:00.000Z,9,3418.17,3455.71,3415.97,3455.6
2025-08-29T17:00:00.000Z,13,3455.48,3464.7,3445.98,3455.59
2025-08-31T21:00:00.000Z,17,3468.01,3471.16,3455,3456.95
2025-09-01T01:00:00.000Z,21,3456.94,3498.02,3451.13,3490.8
2025-09-01T05:00:00.000Z,1,3490.8,3502,3486.84,3491.46
2025-09-01T09:00:00.000Z,5,3491.46,3491.96,3480.73,3480.74
2025-09-01T13:00:00.000Z,9,3480.74,3493.4,3480,3492.17
2025-09-01T17:00:00.000Z,13,3492.17,3494.45,3488.71,3490.83
2025-09-01T21:00:00.000Z,17,3490.82,3538,3489.37,3507.62
2025-09-02T01:00:00.000Z,21,3507.61,3540,3507.43,3518.36
2025-09-02T05:00:00.000Z,1,3517.96,3518.39,3486.35,3491.52
2025-09-02T09:00:00.000Z,5,3491.86,3508.99,3490.02,3497
2025-09-02T13:00:00.000Z,9,3497.64,3545.62,3493.84,3545.02
2025-09-02T17:00:00.000Z,13,3545.01,3556.69,3541.14,3550.4
2025-09-02T21:00:00.000Z,17,3550.4,3560,3543.21,3558.15
2025-09-03T01:00:00.000Z,21,3558.15,3562.3,3542.4,3550.71
2025-09-03T05:00:00.000Z,1,3550.72,3558.79,3546.04,3555.2
2025-09-03T09:00:00.000Z,5,3555.29,3567.43,3549,3566.41
2025-09-03T13:00:00.000Z,9,3566.31,3583.3,3563.24,3583.3
2025-09-03T17:00:00.000Z,13,3583.3,3587.5,3573.01,3573.33
2025-09-03T21:00:00.000Z,17,3573.33,3578.25,3569.08,3575.14
2025-09-04T01:00:00.000Z,21,3575.64,3577.09,3527.55,3543.99
2025-09-04T05:00:00.000Z,1,3544,3560.97,3534.03,3551.41
2025-09-04T09:00:00.000Z,5,3551.41,3558.03,3546.6,3553.23
2025-09-04T13:00:00.000Z,9,3553.23,3565.66,3544.8,3560.3
2025-09-04T17:00:00.000Z,13,3560.31,3562.5,3551.27,3553.16
2025-09-04T21:00:00.000Z,17,3553.16,3562.37,3548.64,3558.96
2025-09-05T01:00:00.000Z,21,3558.96,3565.6,3555.9,3564.88
2025-09-05T05:00:00.000Z,1,3564.66,3566.78,3550,3550.56
2025-09-05T09:00:00.000Z,5,3550.55,3587.36,3550.55,3581.93
2025-09-05T13:00:00.000Z,9,3581.94,3599,3572,3595.29
2025-09-05T17:00:00.000Z,13,3595.41,3599.1,3590,3590.01
2025-09-07T21:00:00.000Z,17,3613.17,3621.95,3595.04,3602.37
2025-09-08T01:00:00.000Z,21,3602.37,3604.9,3588.12,3591.32
2025-09-08T05:00:00.000Z,1,3591.32,3623.44,3590.8,3618.1
2025-09-08T09:00:00.000Z,5,3618.1,3629.99,3616.81,3629.19
2025-09-08T13:00:00.000Z,9,3629.18,3649.32,3626.34,3645.82
2025-09-08T17:00:00.000Z,13,3645.97,3646.06,3638.13,3641.18
2025-09-08T21:00:00.000Z,17,3641.12,3647.01,3633.36,3645.82
2025-09-09T01:00:00.000Z,21,3645.82,3670,3645.75,3663.13
2025-09-09T05:00:00.000Z,1,3663.14,3668.24,3646.34,3655.52
2025-09-09T09:00:00.000Z,5,3655.8,3664.72,3653.65,3657.91
2025-09-09T13:00:00.000Z,9,3657.91,3681.7,3639.09,3657.71
2025-09-09T17:00:00.000Z,13,3657.72,3661.18,3638.7,3638.7
2025-09-09T21:00:00.000Z,17,3638.48,3648.36,3630,3632.8
2025-09-10T01:00:00.000Z,21,3632.79,3648.23,3630.11,3647.75
2025-09-10T05:00:00.000Z,1,3647.76,3651.34,3644.09,3650.13
2025-09-10T09:00:00.000Z,5,3650.04,3664,3644.73,3647.22
2025-09-10T13:00:00.000Z,9,3647.21,3655.55,3638.18,3645.68
2025-09-10T17:00:00.000Z,13,3645.33,3647.31,3636.67,3641.3
2025-09-10T21:00:00.000Z,17,3641.3,3646.92,3637.92,3640.94
2025-09-11T01:00:00.000Z,21,3640.94,3644.72,3627.12,3628.02
2025-09-11T05:00:00.000Z,1,3628.02,3632.84,3621.03,3622.99
2025-09-11T09:00:00.000Z,5,3623.3,3643.19,3614.09,3627.53
2025-09-11T13:00:00.000Z,9,3627.54,3645.81,3618.39,3634.72
2025-09-11T17:00:00.000Z,13,3634.72,3639.29,3630.7,3634.06
2025-09-11T21:00:00.000Z,17,3634.01,3639.19,3630.53,3635.01
2025-09-12T01:00:00.000Z,21,3635.02,3653.43,3635.02,3652.99
2025-09-12T05:00:00.000Z,1,3652.99,3655.89,3640.45,3641
2025-09-12T09:00:00.000Z,5,3640.99,3651.13,3639.07,3645.91
2025-09-12T13:00:00.000Z,9,3645.91,3652.14,3641.34,3647.39
2025-09-12T17:00:00.000Z,13,3646.9,3648.53,3640.37,3642.08
2025-09-14T21:00:00.000Z,17,3654.02,3654.26,3640,3641.14
2025-09-15T01:00:00.000Z,21,3640.95,3653.86,3635.07,3650.92
2025-09-15T05:00:00.000Z,1,3651.01,3652,3638.89,3651.47
2025-09-15T09:00:00.000Z,5,3651.47,3659.5,3643.3,3658.38
2025-09-15T13:00:00.000Z,9,3658.47,3692.79,3656.77,3688.36
2025-09-15T17:00:00.000Z,13,3688.36,3692.51,3680.02,3683.47
2025-09-15T21:00:00.000Z,17,3683.47,3694.42,3677.61,3693.64
2025-09-16T01:00:00.000Z,21,3693.64,3695.94,3684.46,3692.06
2025-09-16T05:00:00.000Z,1,3692.05,3705.79,3688.3,3704.75
2025-09-16T09:00:00.000Z,5,3704.76,3710.53,3696.02,3701.68
2025-09-16T13:00:00.000Z,9,3701.69,3712.69,3688.62,3700.24
2025-09-16T17:00:00.000Z,13,3700.24,3700.84,3692.66,3696.78
2025-09-16T21:00:00.000Z,17,3696.78,3705.4,3695.54,3700.7
2025-09-17T01:00:00.000Z,21,3700.71,3700.71,3684.66,3688.44
2025-09-17T05:00:00.000Z,1,3688.44,3693.24,3673.05,3675.1
2025-09-17T09:00:00.000Z,5,3675,3690.69,3671.58,3690.69
2025-09-17T13:00:00.000Z,9,3690.68,3698.17,3686.16,3693.55
2025-09-17T17:00:00.000Z,13,3693.55,3708.49,3657.59,3664.37
2025-09-17T21:00:00.000Z,17,3664.38,3674.27,3660.1,3668.89
2025-09-18T01:00:00.000Z,21,3668.88,3671.85,3657.72,3659.3
2025-09-18T05:00:00.000Z,1,3659.3,3666.71,3639.5,3664.9
2025-09-18T09:00:00.000Z,5,3664.89,3674.14,3663.71,3666.11
2025-09-18T13:00:00.000Z,9,3665.95,3666.4,3638.08,3650.35
2025-09-18T17:00:00.000Z,13,3650.35,3651.53,3644.04,3647.61
2025-09-18T21:00:00.000Z,17,3647.62,3649.55,3643.2,3646.93
2025-09-19T01:00:00.000Z,21,3646.84,3665.46,3641.01,3661.22
2025-09-19T05:00:00.000Z,1,3661.12,3689.99,3650.27,3660.88
2025-09-19T09:00:00.000Z,5,3660.94,3666.25,3653.63,3657.95
2025-09-19T13:00:00.000Z,9,3657.67,3682.99,3652.75,3673.87
2025-09-19T17:00:00.000Z,13,3673.88,3690.09,3673.87,3688.92
2025-09-21T21:00:00.000Z,17,3690.97,3696.72,3686.83,3695.18
2025-09-22T01:00:00.000Z,21,3695.18,3700,3690,3695.29
2025-09-22T05:00:00.000Z,1,3695.29,3734,3693,3725.79
2025-09-22T09:00:00.000Z,5,3725.79,3742.62,3724.06,3728.95
2025-09-22T13:00:00.000Z,9,3728.96,3747.68,3722.34,3743.15
2025-09-22T17:00:00.000Z,13,3743.16,3762.62,3743.15,3760.41
2025-09-22T21:00:00.000Z,17,3760.42,3766.4,3750.55,3759.23
2025-09-23T01:00:00.000Z,21,3759.22,3771,3748.89,3753.05
2025-09-23T05:00:00.000Z,1,3753.04,3787.92,3753.04,3783.75
2025-09-23T09:00:00.000Z,5,3783.74,3800,3783.74,3793.07
2025-09-23T13:00:00.000Z,9,3793.07,3795.27,3772.45,3785.28
2025-09-23T17:00:00.000Z,13,3785.29,3791.89,3763.57,3777.03
2025-09-23T21:00:00.000Z,17,3777.11,3781.74,3768.66,3773.37
2025-09-24T01:00:00.000Z,21,3773.37,3783.84,3759,3778.72
2025-09-24T05:00:00.000Z,1,3778.72,3788.79,3778,3778.87
2025-09-24T09:00:00.000Z,5,3778.88,3779.24,3767.3,3777.84
2025-09-24T13:00:00.000Z,9,3777.83,3780,3737.82,3740.33
2025-09-24T17:00:00.000Z,13,3740.23,3754.36,3720.78,3747.29
2025-09-24T21:00:00.000Z,17,3747.29,3761,3745.72,3759.19
2025-09-25T01:00:00.000Z,21,3759.2,3760.35,3735,3746.57
2025-09-25T05:00:00.000Z,1,3746.17,3773.55,3743.35,3763.67
2025-09-25T09:00:00.000Z,5,3763.56,3766.68,3739.96,3747.7
2025-09-25T13:00:00.000Z,9,3747.71,3754.3,3730,3739.48
2025-09-25T17:00:00.000Z,13,3739.48,3765.05,3738.68,3757.69
2025-09-25T21:00:00.000Z,17,3757.68,3764.08,3748.28,3756.65
2025-09-26T01:00:00.000Z,21,3756.66,3759.99,3742.04,3753.19
2025-09-26T05:00:00.000Z,1,3753.19,3760.06,3745.69,3759.11
2025-09-26T09:00:00.000Z,5,3759.11,3763.96,3749.23,3760.48
2025-09-26T13:00:00.000Z,9,3760.48,3793.12,3760.28,3780.12
2025-09-26T17:00:00.000Z,13,3780.13,3799,3771.5,3771.5
2025-09-28T21:00:00.000Z,17,3767.54,3795.07,3767.24,3794.42
2025-09-29T01:00:00.000Z,21,3794.43,3815.06,3776.11,3812.9
2025-09-29T05:00:00.000Z,1,3812.85,3833,3811.67,3828.01
2025-09-29T09:00:00.000Z,5,3828,3844.34,3819.44,3824.92
2025-09-29T13:00:00.000Z,9,3824.93,3841.89,3822.39,3838.46
2025-09-29T17:00:00.000Z,13,3838.46,3844.84,3832.9,3842.19
2025-09-29T21:00:00.000Z,17,3842.19,3859.48,3839.29,3853.73
2025-09-30T01:00:00.000Z,21,3853.74,3880.69,3851.46,3876.74
2025-09-30T05:00:00.000Z,1,3876.75,3880.23,3821.31,3830.12
2025-09-30T09:00:00.000Z,5,3830.12,3837,3806.92,3828.97
2025-09-30T13:00:00.000Z,9,3828.97,3862.87,3824.1,3858.69
2025-09-30T17:00:00.000Z,13,3858.6,3871.8,3851.26,3869.18
2025-09-30T21:00:00.000Z,17,3869.18,3876.38,3863.93,3872.23
2025-10-01T01:00:00.000Z,21,3872.22,3886.03,3865.67,3872.87
2025-10-01T05:00:00.000Z,1,3872.87,3904.55,3863.63,3904.49
2025-10-01T09:00:00.000Z,5,3904.48,3904.58,3876.98,3881.5
2025-10-01T13:00:00.000Z,9,3881.5,3887.69,3868.64,3880.54
2025-10-01T17:00:00.000Z,13,3880.54,3880.55,3865,3875.49
2025-10-01T21:00:00.000Z,17,3875.48,3880.21,3857.9,3860.06
2025-10-02T01:00:00.000Z,21,3860.06,3878.07,3856.01,3867.07
2025-10-02T05:00:00.000Z,1,3867.07,3884.32,3864.77,3880.46
2025-10-02T09:00:00.000Z,5,3880.45,3896.06,3878.1,3887.39
2025-10-02T13:00:00.000Z,9,3887.4,3899,3823.79,3854.71
2025-10-02T17:00:00.000Z,13,3854.72,3867.35,3850.05,3861.5
2025-10-02T21:00:00.000Z,17,3861.5,3866.46,3850.75,3859.61
2025-10-03T01:00:00.000Z,21,3859.61,3865.01,3843.79,3851.83
2025-10-03T05:00:00.000Z,1,3851.84,3871.24,3851.84,3870.56
2025-10-03T09:00:00.000Z,5,3870.55,3876.47,3861.43,3876.45
2025-10-03T13:00:00.000Z,9,3876.45,3889.99,3867.04,3885.88
2025-10-03T17:00:00.000Z,13,3885.88,3889.63,3880.03,3885.26
2025-10-05T21:00:00.000Z,17,3897.24,3922.65,3890.53,3908.66
2025-10-06T01:00:00.000Z,21,3908.66,3947.08,3908.51,3945.88
2025-10-06T05:00:00.000Z,1,3945.88,3956.36,3931,3952.17
2025-10-06T09:00:00.000Z,5,3952.13,3955.52,3936.75,3942.54
2025-10-06T13:00:00.000Z,9,3942.55,3979,3937,3966.21
2025-10-06T17:00:00.000Z,13,3966.22,3976.7,3958.64,3971.76
2025-10-06T21:00:00.000Z,17,3971.76,3990,3971.76,3977.61
2025-10-07T01:00:00.000Z,21,3977.6,3986.05,3966.67,3985.98
2025-10-07T05:00:00.000Z,1,3985.98,3986.17,3953.39,3965
2025-10-07T09:00:00.000Z,5,3965,3989,3965,3988.73
2025-10-07T13:00:00.000Z,9,3988.74,4000,3978.37,3992.11
2025-10-07T17:00:00.000Z,13,3992.12,4000,3988.94,3996.39
2025-10-07T21:00:00.000Z,17,3996.39,4010,3996.39,4007
2025-10-08T01:00:00.000Z,21,4007,4039.45,3996.75,4039.27
2025-10-08T05:00:00.000Z,1,4039.27,4052.93,4032.61,4048.45
2025-10-08T09:00:00.000Z,5,4048.45,4059.99,4040.31,4053.3
2025-10-08T13:00:00.000Z,9,4053.3,4079.48,4041.58,4070.35
2025-10-08T17:00:00.000Z,13,4070.36,4073.5,4045.63,4055.35
2025-10-08T21:00:00.000Z,17,4055.34,4059.6,4021,4044.83
2025-10-09T01:00:00.000Z,21,4044.83,4062.41,4026.79,4061.04
2025-10-09T05:00:00.000Z,1,4061.04,4061.48,4044,4055.21
2025-10-09T09:00:00.000Z,5,4055.22,4068.07,4048.61,4066.98
2025-10-09T13:00:00.000Z,9,4067.43,4072,3980,3982.84
2025-10-09T17:00:00.000Z,13,3982.84,3997.84,3961.94,3993.19
2025-10-09T21:00:00.000Z,17,3992.9,4007.09,3975.33,4005.88
2025-10-10T01:00:00.000Z,21,4005.88,4006.09,3957.29,3975.35
2025-10-10T05:00:00.000Z,1,3975.36,4001.49,3963.38,4000.37
2025-10-10T09:00:00.000Z,5,4000.37,4014.25,3989.68,3993.46
2025-10-10T13:00:00.000Z,9,3993.45,4030,3981.52,3995.37
2025-10-10T17:00:00.000Z,13,3995.38,4033,3987.32,4021.85
2025-10-12T21:00:00.000Z,17,4003,4058.65,4001.53,4045.15
2025-10-13T01:00:00.000Z,21,4045.04,4060.85,4036.32,4058.01
2025-10-13T05:00:00.000Z,1,4058.01,4085.14,4058,4084.01
2025-10-13T09:00:00.000Z,5,4084.01,4095.65,4077.62,4086.32
2025-10-13T13:00:00.000Z,9,4086.31,4122,4085.18,4112.17
2025-10-13T17:00:00.000Z,13,4112.17,4124.23,4101.58,4121.65
2025-10-13T21:00:00.000Z,17,4121.58,4145.05,4115.26,4140.01
2025-10-14T01:00:00.000Z,21,4140,4185.4,4138.32,4185.04
2025-10-14T05:00:00.000Z,1,4185.04,4200,4103.38,4157.28
2025-10-14T09:00:00.000Z,5,4157.27,4161.26,4116.1,4117.73
2025-10-14T13:00:00.000Z,9,4117.73,4169.43,4112,4155.7
2025-10-14T17:00:00.000Z,13,4154.96,4173.99,4146.31,4153.92
2025-10-14T21:00:00.000Z,17,4153.91,4184.95,4151.67,4177.88
2025-10-15T01:00:00.000Z,21,4177.95,4208.37,4177.95,4195.78
2025-10-15T05:00:00.000Z,1,4195.78,4240.29,4192.99,4226.84
2025-10-15T09:00:00.000Z,5,4226.66,4228.88,4188,4210.35
2025-10-15T13:00:00.000Z,9,4210.35,4229.98,4202.16,4215.49
2025-10-15T17:00:00.000Z,13,4215.49,4235.86,4205.06,4232.04
2025-10-15T21:00:00.000Z,17,4232.04,4274,4219.82,4250.65
2025-10-16T01:00:00.000Z,21,4250.65,4267.35,4248.3,4253.98
2025-10-16T05:00:00.000Z,1,4253.99,4256.15,4225.28,4248.41
2025-10-16T09:00:00.000Z,5,4248.41,4266.13,4236.2,4250.27
2025-10-16T13:00:00.000Z,9,4250.14,4313.17,4249.95,4306.26
2025-10-16T17:00:00.000Z,13,4306.27,4364.33,4300.03,4362.29
2025-10-16T21:00:00.000Z,17,4362.29,4790,4360.93,4394.16
2025-10-17T01:00:00.000Z,21,4394.16,4432.13,4256,4425.69
2025-10-17T05:00:00.000Z,1,4425.68,4499,4351,4410
2025-10-17T09:00:00.000Z,5,4410,4428,4289.06,4344.35
2025-10-17T13:00:00.000Z,9,4344.35,4344.36,4208,4210.6
2025-10-17T17:00:00.000Z,13,4210.6,4262.7,4192.55,4262.51
2025-10-19T21:00:00.000Z,17,4236.65,4265,4214.16,4246.05
2025-10-20T01:00:00.000Z,21,4246.04,4272.5,4218.75,4265.5
2025-10-20T05:00:00.000Z,1,4265.5,4265.5,4220.16,4244.39
2025-10-20T09:00:00.000Z,5,4244.39,4326.98,4237.29,4325.14
2025-10-20T13:00:00.000Z,9,4325.14,4355.55,4281.5,4349.03
2025-10-20T17:00:00.000Z,13,4349.02,4401.66,4333.51,4367.43
2025-10-20T21:00:00.000Z,17,4367.47,4386.43,4355.9,4371.82
2025-10-21T01:00:00.000Z,21,4371.81,4375.49,4340.29,4346.95
2025-10-21T05:00:00.000Z,1,4346.7,4350.6,4252.77,4274.72
2025-10-21T09:00:00.000Z,5,4274.24,4278.29,4210.18,4216.39
2025-10-21T13:00:00.000Z,9,4215.86,4230.77,4094.72,4112.42
2025-10-21T17:00:00.000Z,13,4112.42,4137.1,4097.78,4130.33
2025-10-21T21:00:00.000Z,17,4130.33,4141.09,4020,4080.06
2025-10-22T01:00:00.000Z,21,4080.07,4147.04,4067.73,4133.05
2025-10-22T05:00:00.000Z,1,4133.05,4167.79,4064.79,4078.5
2025-10-22T09:00:00.000Z,5,4078.51,4109.79,4023,4050.16
2025-10-22T13:00:00.000Z,9,4050.01,4097,4025.7,4066.3
2025-10-22T17:00:00.000Z,13,4066.29,4114.14,4050.61,4101.14
2025-10-22T21:00:00.000Z,17,4101.26,4113.95,4070,4084.6
2025-10-23T01:00:00.000Z,21,4084.6,4109.14,4068.9,4096.85
2025-10-23T05:00:00.000Z,1,4096.86,4134.91,4057.14,4118.15
2025-10-23T09:00:00.000Z,5,4118.15,4132.32,4103.75,4130.79
2025-10-23T13:00:00.000Z,9,4130.79,4157.46,4126.1,4131.43
2025-10-23T17:00:00.000Z,13,4131.42,4144.81,4102,4120.2
2025-10-23T21:00:00.000Z,17,4120.21,4130.67,4103.64,4129.25
2025-10-24T01:00:00.000Z,21,4129.26,4139.52,4100,4108.73
2025-10-24T05:00:00.000Z,1,4108.74,4115.2,4046.17,4065.39
2025-10-24T09:00:00.000Z,5,4065.39,4089.62,4045.25,4080.2
2025-10-24T13:00:00.000Z,9,4080.28,4139.62,4078,4121.15
2025-10-24T17:00:00.000Z,13,4121.15,4125.53,4090.99,4106.3
2025-10-26T21:00:00.000Z,17,4099.62,4101.8,4056.01,4079.99
2025-10-27T01:00:00.000Z,21,4079.87,4094.71,4051.07,4064.89
2025-10-27T05:00:00.000Z,1,4064.89,4081.07,4030,4043.33
2025-10-27T09:00:00.000Z,5,4043.19,4049.28,4015.88,4040.21
2025-10-27T13:00:00.000Z,9,4040.22,4044,3951,3993.46
2025-10-27T17:00:00.000Z,13,3993.46,4002.18,3969.82,3973.34
2025-10-27T21:00:00.000Z,17,3973.34,4002.33,3970.08,4000.17
2025-10-28T01:00:00.000Z,21,4000.07,4013.17,3966,3973
2025-10-28T05:00:00.000Z,1,3972.71,3977.46,3903.47,3907.07
2025-10-28T09:00:00.000Z,5,3907.08,3939.8,3900,3921.24
2025-10-28T13:00:00.000Z,9,3921.06,4000,3921.06,3964
2025-10-28T17:00:00.000Z,13,3964.01,3976.22,3953.36,3955.84
2025-10-28T21:00:00.000Z,17,3955.84,3987.5,3930.08,3981.01
2025-10-29T01:00:00.000Z,21,3981.1,3985.31,3950.01,3955.12
2025-10-29T05:00:00.000Z,1,3955,4020,3953.08,4017.94
2025-10-29T09:00:00.000Z,5,4017.95,4031.43,4013.6,4025.43
2025-10-29T13:00:00.000Z,9,4025.42,4025.42,3989,3995.13
2025-10-29T17:00:00.000Z,13,3995.13,4008.95,3931,3936.37
2025-10-29T21:00:00.000Z,17,3936.16,3967.71,3921.71,3955.32
2025-10-30T01:00:00.000Z,21,3955.33,3985.01,3923.15,3972.8
2025-10-30T05:00:00.000Z,1,3972.62,3977.2,3947.79,3977.2
2025-10-30T09:00:00.000Z,5,3977.22,4008.04,3954.46,3962.5
2025-10-30T13:00:00.000Z,9,3962.07,4009.8,3960.79,4002.25
2025-10-30T17:00:00.000Z,13,4002.24,4024.43,3993.94,4023.99
2025-10-30T21:00:00.000Z,17,4023.99,4040,4012.42,4024.51
2025-10-31T01:00:00.000Z,21,4024.51,4035,3988.57,4005.24
2025-10-31T05:00:00.000Z,1,4005.24,4031.8,3994.66,4013.09
2025-10-31T09:00:00.000Z,5,4013.09,4032.56,3998.71,4020.82
2025-10-31T13:00:00.000Z,9,4020.81,4032.43,3971.81,3976.39
2025-10-31T17:00:00.000Z,13,3976.39,4003.21,3973.87,3996.23
2025-11-02T22:00:00.000Z,17,3998.06,4002.21,3962.2,3997.68
2025-11-03T02:00:00.000Z,21,3997.63,4013.12,3993.32,4011.07
2025-11-03T06:00:00.000Z,1,4011.06,4023.18,3989.41,3998.32
2025-11-03T10:00:00.000Z,5,3998.22,4016.09,3980,4013.48
2025-11-03T14:00:00.000Z,9,4013.48,4024.93,3990,4002.22
2025-11-03T18:00:00.000Z,13,4002.23,4009.04,3990.5,3998.01
2025-11-03T22:00:00.000Z,17,3998.01,4001.27,3972.97,3984.19
2025-11-04T02:00:00.000Z,21,3984.2,3996.92,3967.12,3967.51
2025-11-04T06:00:00.000Z,1,3967.52,4009,3960.38,3985.59
2025-11-04T10:00:00.000Z,5,3985.59,3995,3967.29,3969.8
2025-11-04T14:00:00.000Z,9,3969.79,3972.57,3927.23,3946.42
2025-11-04T18:00:00.000Z,13,3945.99,3946.91,3918,3926.01
2025-11-04T22:00:00.000Z,17,3926.01,3939,3920,3926.67
2025-11-05T02:00:00.000Z,21,3926.67,3968.69,3926.67,3954.44
2025-11-05T06:00:00.000Z,1,3954.44,3977.86,3952.12,3966.07
2025-11-05T10:00:00.000Z,5,3966.08,3974.45,3952.18,3970.57
2025-11-05T14:00:00.000Z,9,3970.89,3984.68,3961.01,3981.92
2025-11-05T18:00:00.000Z,13,3981.85,3988.23,3975.16,3979.61
2025-11-05T22:00:00.000Z,17,3979.62,3980.62,3958.68,3970.69
2025-11-06T02:00:00.000Z,21,3970.68,3985.21,3967.73,3981.86
2025-11-06T06:00:00.000Z,1,3981.85,4013.68,3975.21,4009.1
2025-11-06T10:00:00.000Z,5,4008.81,4020,4001,4010.09
2025-11-06T14:00:00.000Z,9,4010.04,4010.92,3962.18,3984.1
2025-11-06T18:00:00.000Z,13,3984.11,3992.4,3972.9,3974.79
2025-11-06T22:00:00.000Z,17,3974.8,3998.67,3972.1,3998
2025-11-07T02:00:00.000Z,21,3998,3999,3981.63,3989.25
2025-11-07T06:00:00.000Z,1,3989.25,4007.13,3987.19,4003.46
2025-11-07T10:00:00.000Z,5,4003.47,4004.86,3988.13,3993.25
2025-11-07T14:00:00.000Z,9,3993.25,4014.99,3977.01,3999.74
2025-11-07T18:00:00.000Z,13,3999.73,4008.02,3992.68,3997.95
2025-11-09T22:00:00.000Z,17,3996.15,4043.81,3994.22,4034.5
2025-11-10T02:00:00.000Z,21,4034.5,4066.01,4029.72,4066.01
2025-11-10T06:00:00.000Z,1,4066,4080,4063.45,4071.68
2025-11-10T10:00:00.000Z,5,4071.68,4104.86,4071.68,4090.21
2025-11-10T14:00:00.000Z,9,4089.87,4099.17,4072.81,4099.17
2025-11-10T18:00:00.000Z,13,4099.17,4110,4093.43,4106.71
2025-11-10T22:00:00.000Z,17,4106.71,4134.91,4098.11,4128.41
2025-11-11T02:00:00.000Z,21,4128.43,4139.34,4112.24,4114.95
2025-11-11T06:00:00.000Z,1,4114.62,4137.46,4111.28,4133.17
2025-11-11T10:00:00.000Z,5,4133.11,4137.3,4123.41,4133.79
2025-11-11T14:00:00.000Z,9,4133.79,4134.08,4085.13,4102.39
2025-11-11T18:00:00.000Z,13,4102.39,4117.91,4094.44,4110.82
2025-11-11T22:00:00.000Z,17,4110.82,4131.52,4106.16,4122.17
2025-11-12T02:00:00.000Z,21,4122.16,4125.9,4088.21,4092.54
2025-11-12T06:00:00.000Z,1,4092.54,4121.96,4091.62,4113.89
2025-11-12T10:00:00.000Z,5,4113.89,4128.54,4109.17,4118.99
2025-11-12T14:00:00.000Z,9,4118.99,4196,4117.72,4190.69
2025-11-12T18:00:00.000Z,13,4190.69,4201.78,4172,4182.5
2025-11-12T22:00:00.000Z,17,4182.51,4195.98,4170.11,4178.81
2025-11-13T02:00:00.000Z,21,4178.55,4207.95,4171,4204.87
2025-11-13T06:00:00.000Z,1,4204.38,4228.69,4193.85,4224.09
2025-11-13T10:00:00.000Z,5,4224.34,4237.72,4213.01,4223.49
2025-11-13T14:00:00.000Z,9,4223.5,4224.03,4176.78,4186.29
2025-11-13T18:00:00.000Z,13,4186.15,4188.11,4129.78,4158.94
2025-11-13T22:00:00.000Z,17,4158.49,4180.4,4149.42,4175.84
2025-11-14T02:00:00.000Z,21,4175.83,4202,4169.72,4176.63
2025-11-14T06:00:00.000Z,1,4176.62,4179.23,4146.04,4153.58
2025-11-14T10:00:00.000Z,5,4153.59,4159.93,4030.12,4045.36
2025-11-14T14:00:00.000Z,9,4045.36,4095.77,4022.35,4081.55
2025-11-14T18:00:00.000Z,13,4081.91,4085.47,4063.73,4071.49
2025-11-16T22:00:00.000Z,17,4107.57,4116.75,4075,4085.38
2025-11-17T02:00:00.000Z,21,4085.38,4088.4,4041.99,4043.5
2025-11-17T06:00:00.000Z,1,4043.5,4079.16,4041.17,4072.31
2025-11-17T10:00:00.000Z,5,4071.92,4078,4050,4055.21
2025-11-17T14:00:00.000Z,9,4055.21,4069.51,4040,4060.92
2025-11-17T18:00:00.000Z,13,4060.91,4064.72,4000,4039.59
2025-11-17T22:00:00.000Z,17,4039.59,4050.52,4011.23,4014.83
2025-11-18T02:00:00.000Z,21,4015.1,4022.49,3996.4,4013.14
2025-11-18T06:00:00.000Z,1,4013.22,4038.41,3996.15,4033.56
2025-11-18T10:00:00.000Z,5,4033.56,4060,4021.58,4054.42
2025-11-18T14:00:00.000Z,9,4054.42,4070.83,4037.33,4062.8
2025-11-18T18:00:00.000Z,13,4062.74,4074.72,4054.55,4059.12
2025-11-18T22:00:00.000Z,17,4059.12,4073.54,4050.28,4053.31
2025-11-19T02:00:00.000Z,21,4053.59,4088,4050,4088
2025-11-19T06:00:00.000Z,1,4087.99,4106.02,4072.35,4104.2
2025-11-19T10:00:00.000Z,5,4104.21,4115.09,4096.43,4104.04
2025-11-19T14:00:00.000Z,9,4104.05,4130.4,4049.14,4072.78
2025-11-19T18:00:00.000Z,13,4073.11,4083.68,4057.73,4070
2025-11-19T22:00:00.000Z,17,4070.13,4105.87,4062.24,4077.31
2025-11-20T02:00:00.000Z,21,4077.3,4079.29,4039.74,4063.15
2025-11-20T06:00:00.000Z,1,4063.17,4072.4,4035.73,4057.23
2025-11-20T10:00:00.000Z,5,4056.96,4087.66,4046.41,4071.22
2025-11-20T14:00:00.000Z,9,4071.22,4097.79,4038.03,4059.42
2025-11-20T18:00:00.000Z,13,4058.71,4080.48,4048.21,4070.59
2025-11-20T22:00:00.000Z,17,4070.79,4081.95,4055.02,4061.01
2025-11-21T02:00:00.000Z,21,4061,4069.99,4035.75,4049.94
2025-11-21T06:00:00.000Z,1,4049.93,4054.86,4015.42,4040.84
2025-11-21T10:00:00.000Z,5,4041.15,4087.88,4024.76,4071.99
2025-11-21T14:00:00.000Z,9,4072.56,4101.46,4051,4085.14
2025-11-21T18:00:00.000Z,13,4085.24,4088.65,4054.13,4063.04
2025-11-23T22:00:00.000Z,17,4048.76,4067.99,4036.65,4038
2025-11-24T02:00:00.000Z,21,4038,4052.99,4034.86,4039.54
2025-11-24T06:00:00.000Z,1,4039.54,4066.79,4039.11,4064.58
2025-11-24T10:00:00.000Z,5,4064.85,4081.53,4060.01,4074
2025-11-24T14:00:00.000Z,9,4074,4099.94,4063.86,4092.6
2025-11-24T18:00:00.000Z,13,4092.68,4141.45,4087.68,4138.19
2025-11-24T22:00:00.000Z,17,4138.29,4144.09,4124.45,4132.75
2025-11-25T02:00:00.000Z,21,4132.74,4155.1,4131.2,4149
2025-11-25T06:00:00.000Z,1,4149.13,4149.53,4107.49,4124.9
2025-11-25T10:00:00.000Z,5,4124.9,4143.74,4106.48,4141.92
2025-11-25T14:00:00.000Z,9,4141.61,4156.22,4109.04,4143.57
2025-11-25T18:00:00.000Z,13,4143.58,4148.29,4123.77,4127.74
2025-11-25T22:00:00.000Z,17,4128.14,4149.99,4123,4146.7
2025-11-26T02:00:00.000Z,21,4146.7,4165.71,4145.83,4159.42
2025-11-26T06:00:00.000Z,1,4159.41,4164.22,4144.76,4157.2
2025-11-26T10:00:00.000Z,5,4157.88,4172.33,4148.94,4154.73
2025-11-26T14:00:00.000Z,9,4154.73,4167.86,4136.49,4161.98
2025-11-26T18:00:00.000Z,13,4161.98,4167.8,4154.06,4163.87
2025-11-26T22:00:00.000Z,17,4163.87,4171.07,4147.67,4153.2
2025-11-27T02:00:00.000Z,21,4153.44,4153.81,4141.17,4145.62
2025-11-27T06:00:00.000Z,1,4145.39,4163.52,4145.38,4154.73
2025-11-27T10:00:00.000Z,5,4155.2,4160.17,4147.66,4153.61
2025-11-27T14:00:00.000Z,9,4153.62,4159.67,4150.22,4156.12
2025-11-27T18:00:00.000Z,13,4156.12,4158.23,4152.6,4154.79
2025-11-27T22:00:00.000Z,17,4154.79,4191.49,4148.65,4188.99
2025-11-28T02:00:00.000Z,21,4188.98,4193.3,4182.11,4188.31
2025-11-28T06:00:00.000Z,1,4188.01,4193.41,4159.02,4168.86
2025-11-28T10:00:00.000Z,5,4168.86,4186.87,4164.32,4186.87
2025-11-28T14:00:00.000Z,9,4186.87,4223.22,4183.74,4221.79
2025-11-28T18:00:00.000Z,13,4221.45,4232.63,4215.01,4220.32
2025-11-30T22:00:00.000Z,17,4248.55,4271.37,4227.67,4271.37
2025-12-01T02:00:00.000Z,21,4271.38,4273.16,4221.5,4232.97
2025-12-01T06:00:00.000Z,1,4232.97,4263.43,4228.76,4262.23
2025-12-01T10:00:00.000Z,5,4262.31,4283,4260.01,4266.38
2025-12-01T14:00:00.000Z,9,4266.38,4268.02,4231.24,4245.94
2025-12-01T18:00:00.000Z,13,4245.95,4259.79,4242.37,4251.52
2025-12-01T22:00:00.000Z,17,4251.52,4255.27,4220.03,4235.79
2025-12-02T02:00:00.000Z,21,4235.8,4240.65,4226.66,4237
2025-12-02T06:00:00.000Z,1,4237.22,4238.17,4188.01,4197.51
2025-12-02T10:00:00.000Z,5,4197.52,4217.19,4185.65,4215.85
2025-12-02T14:00:00.000Z,9,4215.85,4232.51,4169.29,4195.18
2025-12-02T18:00:00.000Z,13,4194.91,4212.5,4183.77,4207.4
2025-12-02T22:00:00.000Z,17,4207.4,4222.63,4199.33,4219.47
2025-12-03T02:00:00.000Z,21,4219.48,4232.43,4207.19,4211.1
2025-12-03T06:00:00.000Z,1,4210.62,4213.22,4202.15,4206.1
2025-12-03T10:00:00.000Z,5,4206.1,4243.25,4199.42,4242.39
2025-12-03T14:00:00.000Z,9,4242.4,4247.83,4205.87,4217.93
2025-12-03T18:00:00.000Z,13,4217.94,4220.36,4204.54,4211.87
2025-12-03T22:00:00.000Z,17,4211.87,4222.42,4209.28,4216.53
2025-12-04T02:00:00.000Z,21,4216.53,4216.54,4183,4187.73
2025-12-04T06:00:00.000Z,1,4187.72,4207.32,4186.1,4205.2
2025-12-04T10:00:00.000Z,5,4205.2,4212.5,4193.7,4206.15
2025-12-04T14:00:00.000Z,9,4206.16,4222.51,4200.09,4220.29
2025-12-04T18:00:00.000Z,13,4220.29,4221.13,4205.3,4213.57
2025-12-04T22:00:00.000Z,17,4213.58,4217.05,4201.64,4208.72
2025-12-05T02:00:00.000Z,21,4209.39,4227.39,4203.21,4227.09
2025-12-05T06:00:00.000Z,1,4227.1,4236.49,4225.23,4231.22
2025-12-05T10:00:00.000Z,5,4231.23,4242.34,4230.1,4239.07
2025-12-05T14:00:00.000Z,9,4239.07,4260.48,4208.86,4226.07
2025-12-05T18:00:00.000Z,13,4226.06,4227.99,4202.41,4204.1
2025-12-07T22:00:00.000Z,17,4206.36,4220.85,4203.47,4210.95
2025-12-08T02:00:00.000Z,21,4210.94,4225.7,4209.68,4225.7
2025-12-08T06:00:00.000Z,1,4225.69,4226.68,4215,4218.41
2025-12-08T10:00:00.000Z,5,4218.41,4223.74,4210.52,4212.91
2025-12-08T14:00:00.000Z,9,4213.04,4220,4188.74,4203.67
2025-12-08T18:00:00.000Z,13,4203.68,4204,4193.84,4198.71
2025-12-08T22:00:00.000Z,17,4198.71,4205.21,4198.25,4204.35
2025-12-09T02:00:00.000Z,21,4204.35,4205.21,4190.24,4190.91
2025-12-09T06:00:00.000Z,1,4190.92,4218.26,4182.52,4209.67
2025-12-09T10:00:00.000Z,5,4209.8,4215.11,4203.1,4208.5
2025-12-09T14:00:00.000Z,9,4208.5,4227.77,4197.33,4208.28
2025-12-09T18:00:00.000Z,13,4208.58,4222.17,4208.14,4213.99
2025-12-09T22:00:00.000Z,17,4214,4220.5,4211.33,4218.59
2025-12-10T02:00:00.000Z,21,4218.59,4223.22,4208.02,4214.68
2025-12-10T06:00:00.000Z,1,4214.87,4215.06,4202,4202.01
2025-12-10T10:00:00.000Z,5,4202.01,4209.85,4196.64,4207.56
2025-12-10T14:00:00.000Z,9,4207.47,4211.71,4198.15,4206.79
2025-12-10T18:00:00.000Z,13,4206.79,4238.2,4191,4234.14
2025-12-10T22:00:00.000Z,17,4234.15,4247.74,4230.1,4239.81
2025-12-11T02:00:00.000Z,21,4239.82,4241.11,4215,4216
2025-12-11T06:00:00.000Z,1,4216,4226.96,4213.02,4225.16
2025-12-11T10:00:00.000Z,5,4225.16,4231.83,4213.55,4225.84
2025-12-11T14:00:00.000Z,9,4225.84,4293,4223.07,4285.53
2025-12-11T18:00:00.000Z,13,4285.52,4292.4,4272.01,4288.16
2025-12-11T22:00:00.000Z,17,4288.16,4291.78,4278.35,4282.4
2025-12-12T02:00:00.000Z,21,4282.39,4291.15,4279.86,4290.9
2025-12-12T06:00:00.000Z,1,4290.9,4328.12,4290,4327.3
2025-12-12T10:00:00.000Z,5,4327.3,4355.85,4325.75,4351.93
2025-12-12T14:00:00.000Z,9,4351.94,4363.55,4274.63,4304.22
2025-12-12T18:00:00.000Z,13,4304.23,4314.28,4300.51,4311.48
2025-12-14T22:00:00.000Z,17,4324.75,4338.73,4311.03,4335.75
2025-12-15T02:00:00.000Z,21,4335.76,4356.01,4334.73,4355.9
2025-12-15T06:00:00.000Z,1,4355.9,4362.25,4347.11,4355.8
2025-12-15T10:00:00.000Z,5,4355.66,4363.5,4347.08,4347.15
2025-12-15T14:00:00.000Z,9,4347.31,4350.66,4300,4316.7
2025-12-15T18:00:00.000Z,13,4316.7,4327.8,4310.53,4315.46
2025-12-15T22:00:00.000Z,17,4315.46,4327.36,4311.27,4320.48
2025-12-16T02:00:00.000Z,21,4320.47,4324.45,4287.68,4297.5
2025-12-16T06:00:00.000Z,1,4297.5,4302.05,4288.47,4291.05
2025-12-16T10:00:00.000Z,5,4291.05,4324.5,4287.05,4324.49
2025-12-16T14:00:00.000Z,9,4324.49,4348.05,4308.45,4317.95
2025-12-16T18:00:00.000Z,13,4317.95,4328.55,4312.5,4313.33
2025-12-16T22:00:00.000Z,17,4313.33,4337.6,4313.33,4337.34
2025-12-17T02:00:00.000Z,21,4337.35,4353.25,4325.29,4347.8
2025-12-17T06:00:00.000Z,1,4347.8,4350.46,4325.02,4330.79
2025-12-17T10:00:00.000Z,5,4330.8,4354.32,4321.4,4353.46
2025-12-17T14:00:00.000Z,9,4353.46,4362.55,4331.99,4353.17
2025-12-17T18:00:00.000Z,13,4353.17,4360.54,4341.95,4353.66
2025-12-17T22:00:00.000Z,17,4353.65,4362.13,4336.03,4342.56
2025-12-18T02:00:00.000Z,21,4342.55,4347.25,4338.91,4343.53
2025-12-18T06:00:00.000Z,1,4343.52,4346.86,4333.45,4334.64
2025-12-18T10:00:00.000Z,5,4334.64,4355.67,4330,4348.44
2025-12-18T14:00:00.000Z,9,4348.33,4384.99,4322.45,4345.55
2025-12-18T18:00:00.000Z,13,4345.93,4353.96,4332.44,4344.65
2025-12-18T22:00:00.000Z,17,4344.65,4348.25,4325.56,4336.72
2025-12-19T02:00:00.000Z,21,4336.72,4340.32,4326.78,4337.79
2025-12-19T06:00:00.000Z,1,4337.94,4343.51,4333.25,4341.22
2025-12-19T10:00:00.000Z,5,4341.26,4345.86,4332.9,4340
2025-12-19T14:00:00.000Z,9,4340,4366.31,4333.11,4364.77
2025-12-19T18:00:00.000Z,13,4364.77,4367.99,4350,4350.8
2025-12-21T22:00:00.000Z,17,4363.64,4396.48,4355.99,4393.84
2025-12-22T02:00:00.000Z,21,4393.84,4422.99,4390.52,4415.7
2025-12-22T06:00:00.000Z,1,4415.71,4436.06,4413.67,4429.67
2025-12-22T10:00:00.000Z,5,4429.67,4443.36,4424.99,4440.1
2025-12-22T14:00:00.000Z,9,4440.1,4458.75,4431.1,4454.74
2025-12-22T18:00:00.000Z,13,4454.75,4472.25,4447.38,4468.6
2025-12-22T22:00:00.000Z,17,4468.5,4516.61,4465.04,4513.11
2025-12-23T02:00:00.000Z,21,4513.11,4517.98,4492.85,4494.09
2025-12-23T06:00:00.000Z,1,4493.65,4522.66,4486.25,4504.77
2025-12-23T10:00:00.000Z,5,4504.76,4513.32,4492.61,4496.43
2025-12-23T14:00:00.000Z,9,4496.7,4498.62,4451.01,4491.32
2025-12-23T18:00:00.000Z,13,4491.39,4515.83,4491.39,4504.15
2025-12-23T22:00:00.000Z,17,4504.14,4544.86,4504.14,4539
2025-12-24T02:00:00.000Z,21,4538.78,4538.78,4494.45,4507.6
2025-12-24T06:00:00.000Z,1,4507.6,4514.05,4497.53,4512.51
2025-12-24T10:00:00.000Z,5,4512.5,4516.35,4492.92,4504.14
2025-12-24T14:00:00.000Z,9,4504.15,4504.9,4466,4497.05
2025-12-24T18:00:00.000Z,13,4497.06,4500.44,4494.3,4494.66
2025-12-24T22:00:00.000Z,17,4494.67,4499.84,4491.58,4493.75
2025-12-25T02:00:00.000Z,21,4493.75,4496.87,4490.49,4496.79
2025-12-25T06:00:00.000Z,1,4496.8,4498.62,4490.8,4498.6
2025-12-25T10:00:00.000Z,5,4498.6,4503.62,4495.24,4501.38
2025-12-25T14:00:00.000Z,9,4501.38,4508.77,4500.22,4506.83
2025-12-25T18:00:00.000Z,13,4506.83,4515.97,4505.51,4514.44
2025-12-25T22:00:00.000Z,17,4514.44,4547.65,4508.69,4519.64
2025-12-26T02:00:00.000Z,21,4519.45,4529.25,4508.66,4526.26
2025-12-26T06:00:00.000Z,1,4526.25,4539.85,4524.11,4534.16
2025-12-26T10:00:00.000Z,5,4534.16,4550.24,4526.16,4547.75
2025-12-26T14:00:00.000Z,9,4547.8,4572.4,4536.1,4543.69
2025-12-26T18:00:00.000Z,13,4543.7,4562.59,4540.55,4560.45
2025-12-28T22:00:00.000Z,17,4559.44,4575.12,4503.32,4518.46
2025-12-29T02:00:00.000Z,21,4518.45,4536.25,4518,4525.24
2025-12-29T06:00:00.000Z,1,4525.24,4529.4,4470,4487.28
2025-12-29T10:00:00.000Z,5,4487.28,4489.21,4429.32,4440.85
2025-12-29T14:00:00.000Z,9,4440.81,4440.81,4330,4352.55
2025-12-29T18:00:00.000Z,13,4352.81,4367.69,4347.42,4352.21
2025-12-29T22:00:00.000Z,17,4352.21,4376.19,4344.06,4375.25
2025-12-30T02:00:00.000Z,21,4375.75,4398.59,4368.35,4397.03
2025-12-30T06:00:00.000Z,1,4397.03,4398.95,4370.01,4390.45
2025-12-30T10:00:00.000Z,5,4390.05,4422.79,4386.48,4405.95
2025-12-30T14:00:00.000Z,9,4405.92,4408.79,4374.04,4386.17
2025-12-30T18:00:00.000Z,13,4386.06,4393.96,4358.18,4361.31
2025-12-30T22:00:00.000Z,17,4361.31,4386.25,4352.12,4380.86
2025-12-31T02:00:00.000Z,21,4380.86,4384.55,4301,4304.69
2025-12-31T06:00:00.000Z,1,4305.13,4352,4295.94,4341.45
2025-12-31T10:00:00.000Z,5,4341.46,4360.7,4321.6,4359.31
2025-12-31T14:00:00.000Z,9,4359.31,4366.86,4340,4342.19
2025-12-31T18:00:00.000Z,13,4342.18,4349.38,4323.94,4336.15
2025-12-31T22:00:00.000Z,17,4336.3,4341.84,4334.26,4339.02
2026-01-01T02:00:00.000Z,21,4339.02,4347.29,4335.13,4346.75
2026-01-01T06:00:00.000Z,1,4346.75,4351.91,4341.58,4345.9
2026-01-01T10:00:00.000Z,5,4345.91,4346.8,4341.02,4341.03
2026-01-01T14:00:00.000Z,9,4341.02,4347.22,4337.14,4342.93
2026-01-01T18:00:00.000Z,13,4342.9,4345.19,4337.65,4337.66
2026-01-01T22:00:00.000Z,17,4337.66,4370.25,4336,4359.61
2026-01-02T02:00:00.000Z,21,4359.6,4389.89,4352.79,4389.56
2026-01-02T06:00:00.000Z,1,4389.57,4411.65,4383.28,4397.78
2026-01-02T10:00:00.000Z,5,4397.78,4414.83,4380.31,4381.59
2026-01-02T14:00:00.000Z,9,4381.69,4389.05,4331.05,4336.6
2026-01-02T18:00:00.000Z,13,4336.6,4344.99,4326.34,4343.99
2026-01-04T22:00:00.000Z,17,4372.46,4421.06,4361.02,4405.5
2026-01-05T02:00:00.000Z,21,4405.6,4416.66,4394.08,4415.4
2026-01-05T06:00:00.000Z,1,4415.4,4449.69,4414.1,4446.95
2026-01-05T10:00:00.000Z,5,4446.95,4450,4408.5,4428.4
2026-01-05T14:00:00.000Z,9,4428.45,4467.16,4428.45,4455.44
2026-01-05T18:00:00.000Z,13,4455.44,4460.74,4446.81,4456.06
2026-01-05T22:00:00.000Z,17,4456.05,4462.6,4431.4,4450.11
2026-01-06T02:00:00.000Z,21,4450.11,4478.9,4448.85,4458.85
2026-01-06T06:00:00.000Z,1,4458.78,4481.1,4451.56,4453.75
2026-01-06T10:00:00.000Z,5,4453.6,4476.36,4450.01,4474.33
2026-01-06T14:00:00.000Z,9,4474.34,4512.19,4471.61,4508.57
2026-01-06T18:00:00.000Z,13,4508.56,4513.87,4494.85,4510.05
2026-01-06T22:00:00.000Z,17,4510.06,4517,4474.67,4478.6
2026-01-07T02:00:00.000Z,21,4478.51,4490,4457.29,4467.15
2026-01-07T06:00:00.000Z,1,4467.2,4482.5,4455.85,4475.89
2026-01-07T10:00:00.000Z,5,4475.9,4478.99,4442.34,4465.4
2026-01-07T14:00:00.000Z,9,4465.4,4478.78,4439.15,4464.1
2026-01-07T18:00:00.000Z,13,4463.93,4473.11,4458.2,4470.12
2026-01-07T22:00:00.000Z,17,4470.11,4481.21,4456.77,4461.51
2026-01-08T02:00:00.000Z,21,4461.52,4462.54,4430,4438.41
2026-01-08T06:00:00.000Z,1,4438.61,4449.95,4430.81,4444.32
2026-01-08T10:00:00.000Z,5,4444.32,4446.4,4422.05,4436.53
2026-01-08T14:00:00.000Z,9,4435.76,4472.86,4432.41,4471.52
2026-01-08T18:00:00.000Z,13,4471.9,4490,4455.01,4487.19
2026-01-08T22:00:00.000Z,17,4487.39,4487.4,4464.81,4480.81
2026-01-09T02:00:00.000Z,21,4480.81,4486.4,4469.44,4478.79
2026-01-09T06:00:00.000Z,1,4478.65,4485.75,4473.05,4481.59
2026-01-09T10:00:00.000Z,5,4481.6,4495.83,4470.53,4488.4
2026-01-09T14:00:00.000Z,9,4488.49,4519.13,4466.81,4488.35
2026-01-09T18:00:00.000Z,13,4488.34,4513.99,4486.12,4513.01
2026-01-11T22:00:00.000Z,17,4514.72,4599.73,4514.71,4573.83
2026-01-12T02:00:00.000Z,21,4573.83,4588.69,4564.9,4586.72
2026-01-12T06:00:00.000Z,1,4586.72,4605.98,4577.81,4597.11
2026-01-12T10:00:00.000Z,5,4597.34,4625.87,4586.5,4622.11
2026-01-12T14:00:00.000Z,9,4622.05,4638.88,4591.29,4628.14
2026-01-12T18:00:00.000Z,13,4628.14,4631.47,4604.32,4611.45
2026-01-12T22:00:00.000Z,17,4612.15,4615.35,4592.56,4594.74
2026-01-13T02:00:00.000Z,21,4594.74,4615.49,4593.71,4607.5
2026-01-13T06:00:00.000Z,1,4606.73,4614.63,4589.35,4600.85
2026-01-13T10:00:00.000Z,5,4600.85,4631.59,4592.4,4623.34
2026-01-13T14:00:00.000Z,9,4623.3,4646.99,4598.01,4601.19
2026-01-13T18:00:00.000Z,13,4601.2,4612.97,4570.64,4596.15
2026-01-13T22:00:00.000Z,17,4596.15,4623.84,4568.2,4623.8
2026-01-14T02:00:00.000Z,21,4623.81,4644.99,4619.9,4624.39
2026-01-14T06:00:00.000Z,1,4624.82,4643.62,4616.01,4636.81
2026-01-14T10:00:00.000Z,5,4636.99,4648.46,4634.35,4645.12
2026-01-14T14:00:00.000Z,9,4645,4647.58,4611.76,4622.4
2026-01-14T18:00:00.000Z,13,4622.08,4648.51,4620.64,4637.7
2026-01-14T22:00:00.000Z,17,4637.55,4649.16,4600.01,4613.4
2026-01-15T02:00:00.000Z,21,4613.28,4623.49,4540,4602.4
2026-01-15T06:00:00.000Z,1,4602.48,4621.51,4601.69,4621.19
2026-01-15T10:00:00.000Z,5,4621.18,4629.06,4591.01,4598.56
2026-01-15T14:00:00.000Z,9,4598.41,4632.51,4594.4,4629.35
2026-01-15T18:00:00.000Z,13,4629.34,4634,4616,4629.92
2026-01-15T22:00:00.000Z,17,4629.91,4633.65,4609.29,4614.88
2026-01-16T02:00:00.000Z,21,4614.9,4622.85,4606.24,4621.9
2026-01-16T06:00:00.000Z,1,4621.9,4621.9,4607.8,4611.29
2026-01-16T10:00:00.000Z,5,4611.29,4623.25,4598.54,4614.12
2026-01-16T14:00:00.000Z,9,4614.25,4629.64,4558.13,4595.35
2026-01-16T18:00:00.000Z,13,4595.34,4607.88,4594.56,4607.19
2026-01-18T22:00:00.000Z,17,4634.5,4700,4627.42,4674
2026-01-19T02:00:00.000Z,21,4673.99,4686.02,4670.05,4682.93
2026-01-19T06:00:00.000Z,1,4682.86,4691.39,4676.4,4680.02
2026-01-19T10:00:00.000Z,5,4680.02,4683.31,4666,4676.66
2026-01-19T14:00:00.000Z,9,4677.11,4691.79,4674.31,4690.75
2026-01-19T18:00:00.000Z,13,4690.75,4692.9,4683.36,4690.06
2026-01-19T22:00:00.000Z,17,4690.05,4696.1,4676.16,4682.75
2026-01-20T02:00:00.000Z,21,4682.83,4749,4678.57,4734.71
2026-01-20T06:00:00.000Z,1,4734.7,4759.3,4724.27,4755.95
2026-01-20T10:00:00.000Z,5,4755.95,4758.99,4737.41,4758.99
2026-01-20T14:00:00.000Z,9,4758.99,4781.84,4747,4779.66
2026-01-20T18:00:00.000Z,13,4779.65,4788.51,4766.03,4788.51
2026-01-20T22:00:00.000Z,17,4788.51,4874.12,4764.43,4868.34
2026-01-21T02:00:00.000Z,21,4868.33,4908.41,4846.32,4899.97
2026-01-21T06:00:00.000Z,1,4900,4915,4859.4,4886.31
2026-01-21T10:00:00.000Z,5,4886.31,4914.04,4881.51,4911.2
2026-01-21T14:00:00.000Z,9,4911.39,4912.8,4828.8,4852.29
2026-01-21T18:00:00.000Z,13,4852.29,4880.11,4785.42,4855.96
2026-01-21T22:00:00.000Z,17,4855.96,4860,4787.3,4816.61
2026-01-22T02:00:00.000Z,21,4816.51,4835.29,4790.91,4834.85
2026-01-22T06:00:00.000Z,1,4834.85,4857.82,4831.51,4839.04
2026-01-22T10:00:00.000Z,5,4839.04,4868.24,4827,4837.89
2026-01-22T14:00:00.000Z,9,4837.9,4922.64,4836.56,4921.38
2026-01-22T18:00:00.000Z,13,4921.37,4961.87,4918.53,4956.12
2026-01-22T22:00:00.000Z,17,4956.3,4982.8,4951.57,4968.36
2026-01-23T02:00:00.000Z,21,4968.4,4982.72,4954.55,4978.31
2026-01-23T06:00:00.000Z,1,4978.31,4979.04,4918.79,4937.34
2026-01-23T10:00:00.000Z,5,4937.34,4965.9,4930.87,4959.49
2026-01-23T14:00:00.000Z,9,4959.4,5009.96,4953.11,4987.63
2026-01-23T18:00:00.000Z,13,4987.53,5008.95,4977.42,5002.25
2026-01-25T22:00:00.000Z,17,5114.47,5123.1,5049.02,5103.06
2026-01-26T02:00:00.000Z,21,5103.07,5120,5082.78,5098.75
2026-01-26T06:00:00.000Z,1,5098.79,5150,5094,5115.61
2026-01-26T10:00:00.000Z,5,5115.75,5125,5080,5093.43
2026-01-26T14:00:00.000Z,9,5093.43,5129,5083,5126.18
2026-01-26T18:00:00.000Z,13,5126.18,5129.12,5001.72,5026.55
2026-01-26T22:00:00.000Z,17,5026.55,5085,4991.1,5072.71
2026-01-27T02:00:00.000Z,21,5072.71,5097,5063.01,5096.21
2026-01-27T06:00:00.000Z,1,5096.24,5116,5091,5115.7
2026-01-27T10:00:00.000Z,5,5115.69,5115.69,5080,5095.05
2026-01-27T14:00:00.000Z,9,5095.05,5113.2,5064.23,5098.2
2026-01-27T18:00:00.000Z,13,5098.21,5213.35,5093.81,5201.53
2026-01-27T22:00:00.000Z,17,5201.52,5247.52,5180,5229.14
2026-01-28T02:00:00.000Z,21,5228.89,5291.03,5225.01,5283.8
2026-01-28T06:00:00.000Z,1,5283.77,5334.05,5273.11,5296.35
2026-01-28T10:00:00.000Z,5,5296.34,5308.98,5255.22,5287.43
2026-01-28T14:00:00.000Z,9,5287.48,5327.29,5262,5319.95
2026-01-28T18:00:00.000Z,13,5319.96,5447.65,5292,5442.24
2026-01-28T22:00:00.000Z,17,5442.24,5615.97,5430.48,5576.56
2026-01-29T02:00:00.000Z,21,5576.52,5593.86,5510.45,5592
2026-01-29T06:00:00.000Z,1,5592,5650.86,5507.95,5546.44
2026-01-29T10:00:00.000Z,5,5546.45,5580.7,5503.88,5550.51
2026-01-29T14:00:00.000Z,9,5551.7,5590.43,5181.23,5377.35
2026-01-29T18:00:00.000Z,13,5377.68,5461.65,5324,5420.28
2026-01-29T22:00:00.000Z,17,5420.27,5490.34,5336.01,5344.05
2026-01-30T02:00:00.000Z,21,5344.56,5353.15,5163.2,5213
2026-01-30T06:00:00.000Z,1,5212.99,5232.22,4980,5047.48
2026-01-30T10:00:00.000Z,5,5047.27,5182.21,5036.55,5056.28
2026-01-30T14:00:00.000Z,9,5056.66,5141.87,4848.54,4891.47
2026-01-30T18:00:00.000Z,13,4891.48,4980,4754.06,4933.17
2026-02-01T22:00:00.000Z,17,4809.8,4895,4639,4755.99
2026-02-02T02:00:00.000Z,21,4755.98,4794.25,4555,4594.78
2026-02-02T06:00:00.000Z,1,4594.98,4753.24,4463.73,4740.82
2026-02-02T10:00:00.000Z,5,4740.53,4851.37,4683.39,4737.85
2026-02-02T14:00:00.000Z,9,4737.67,4818.56,4630.87,4700.96
2026-02-02T18:00:00.000Z,13,4700.5,4735,4647.42,4695.84
2026-02-02T22:00:00.000Z,17,4696.12,4877,4693.14,4862.36
2026-02-03T02:00:00.000Z,21,4862.71,4867.44,4770.84,4852.96
2026-02-03T06:00:00.000Z,1,4853,4970.13,4845.59,4939.49
2026-02-03T10:00:00.000Z,5,4939.6,4983.3,4906.25,4961.01
2026-02-03T14:00:00.000Z,9,4961.02,5018,4920.94,4945
2026-02-03T18:00:00.000Z,13,4944.99,4983.45,4900.91,4967.44
2026-02-03T22:00:00.000Z,17,4967.44,5083.63,4931.37,5070.48
2026-02-04T02:00:00.000Z,21,5070.94,5118,5053.92,5105.6
2026-02-04T06:00:00.000Z,1,5105.6,5117.19,5068.9,5083.5
2026-02-04T10:00:00.000Z,5,5083.51,5088.35,5038.67,5074.16
2026-02-04T14:00:00.000Z,9,5074.52,5078.76,4871.44,4916.95
2026-02-04T18:00:00.000Z,13,4916.87,4987.99,4890.3,4983.91
2026-02-04T22:00:00.000Z,17,4983.9,5046.03,4954.32,4974.46
2026-02-05T02:00:00.000Z,21,4974.48,4977.3,4810.14,4908.3
2026-02-05T06:00:00.000Z,1,4908.59,4958.82,4872.86,4877.12
2026-02-05T10:00:00.000Z,5,4876.8,4907.34,4817.71,4850.9
2026-02-05T14:00:00.000Z,9,4851.23,4921.41,4814.03,4881.48
2026-02-05T18:00:00.000Z,13,4881.9,4888.66,4763.71,4783.82
2026-02-05T22:00:00.000Z,17,4783.82,4794.41,4600.84,4767.31
2026-02-06T02:00:00.000Z,21,4767.61,4898.24,4754.71,4898.24
2026-02-06T06:00:00.000Z,1,4898.38,4902.76,4828.66,4871.25
2026-02-06T10:00:00.000Z,5,4871.25,4939.57,4856.66,4931.54
2026-02-06T14:00:00.000Z,9,4931.55,4966.1,4894.49,4958.56
2026-02-06T18:00:00.000Z,13,4958.56,4966.82,4937.06,4962.34
2026-02-08T22:00:00.000Z,17,5022.74,5052.09,4983.61,4988.76
2026-02-09T02:00:00.000Z,21,4988.15,5044.35,4973.92,5042.4
2026-02-09T06:00:00.000Z,1,5042.45,5051.2,5007.01,5018.11
2026-02-09T10:00:00.000Z,5,5018.1,5035.23,4994,5017.45
2026-02-09T14:00:00.000Z,9,5017.45,5092,5014.01,5058.09
2026-02-09T18:00:00.000Z,13,5058.09,5096.62,5058.09,5072.99
2026-02-09T22:00:00.000Z,17,5073,5084.33,5002.64,5039.99
2026-02-10T02:00:00.000Z,21,5040,5060,5016.71,5042.1
2026-02-10T06:00:00.000Z,1,5042.11,5064.39,5023,5050.77
2026-02-10T10:00:00.000Z,5,5050.78,5063.01,5026.2,5054.85
2026-02-10T14:00:00.000Z,9,5054.99,5084.85,5007.88,5032.05
2026-02-10T18:00:00.000Z,13,5032.11,5048.64,5011.84,5028.15
2026-02-10T22:00:00.000Z,17,5028.27,5056.83,5025.97,5052.74
2026-02-11T02:00:00.000Z,21,5052.86,5066.63,5035.4,5057.73
2026-02-11T06:00:00.000Z,1,5057.9,5075.55,5051.45,5067.81
2026-02-11T10:00:00.000Z,5,5067.8,5133.18,5032,5077.05
2026-02-11T14:00:00.000Z,9,5076.88,5110,5048.3,5104.92
2026-02-11T18:00:00.000Z,13,5104.92,5109.75,5082.12,5093.21
2026-02-11T22:00:00.000Z,17,5093.2,5109.99,5054.17,5071.05
2026-02-12T02:00:00.000Z,21,5071.06,5084.52,5058,5083.49
2026-02-12T06:00:00.000Z,1,5083.51,5100.4,5059,5086.48
2026-02-12T10:00:00.000Z,5,5086.48,5092.79,5061.88,5085.75
2026-02-12T14:00:00.000Z,9,5085.76,5089.55,4894.13,4950.56
2026-02-12T18:00:00.000Z,13,4950.56,4969.64,4917.99,4933.47
2026-02-12T22:00:00.000Z,17,4933.46,4995,4901,4986.13
2026-02-13T02:00:00.000Z,21,4986.17,5001.93,4952.57,4952.79
2026-02-13T06:00:00.000Z,1,4952.79,4993.88,4952.79,4980.9
2026-02-13T10:00:00.000Z,5,4980.9,5006.85,4946,4996.6
2026-02-13T14:00:00.000Z,9,4996.13,5040,4975.04,5028.03
2026-02-13T18:00:00.000Z,13,5028.04,5053.08,5025.22,5046.45
2026-02-15T22:00:00.000Z,17,5036.94,5048.1,5009.5,5030.43
2026-02-16T02:00:00.000Z,21,5030.44,5032.68,4972.82,4995.69
2026-02-16T06:00:00.000Z,1,4995.7,5022.39,4992.05,5020.57
2026-02-16T10:00:00.000Z,5,5020.45,5023.1,4997.5,5003.6
2026-02-16T14:00:00.000Z,9,5003.59,5004.99,4979.43,4998.6
2026-02-16T18:00:00.000Z,13,4998.61,5006.57,4996.3,5001.75
2026-02-16T22:00:00.000Z,17,5001.75,5007.06,4932,4965.81
2026-02-17T02:00:00.000Z,21,4965.81,4980,4872.86,4899.3
2026-02-17T06:00:00.000Z,1,4899.3,4939,4897.59,4934.81
2026-02-17T10:00:00.000Z,5,4934.8,4950.65,4881,4881.12
2026-02-17T14:00:00.000Z,9,4881.12,4913.05,4850.32,4870.59
2026-02-17T18:00:00.000Z,13,4870.56,4917.5,4793.81,4888.36
2026-02-17T22:00:00.000Z,17,4888.64,4897.45,4862.55,4894.08
2026-02-18T02:00:00.000Z,21,4893.93,4944.43,4892.12,4937.98
2026-02-18T06:00:00.000Z,1,4937.99,4946.01,4919.55,4924.8
2026-02-18T10:00:00.000Z,5,4924.62,4974.2,4913.41,4958.9
2026-02-18T14:00:00.000Z,9,4958.91,5014.27,4958.9,5001.94
2026-02-18T18:00:00.000Z,13,5001.93,5007.45,4978.64,4983.07
2026-02-18T22:00:00.000Z,17,4983.07,4992.3,4966.07,4980.05
2026-02-19T02:00:00.000Z,21,4980.06,5005.49,4973.3,5004.63
2026-02-19T06:00:00.000Z,1,5004.4,5028.3,5000.71,5003.73
2026-02-19T10:00:00.000Z,5,5003.73,5008.2,4982.1,5007.09
2026-02-19T14:00:00.000Z,9,5007.1,5030.05,4974.58,4993.8
2026-02-19T18:00:00.000Z,13,4993.89,5012.41,4986,5005.65
2026-02-19T22:00:00.000Z,17,5005.65,5022.67,4996.11,5008.65
2026-02-20T02:00:00.000Z,21,5008.66,5020.16,4995.41,5020.16
2026-02-20T06:00:00.000Z,1,5020.17,5049.99,5012.99,5034.81
2026-02-20T10:00:00.000Z,5,5034.44,5088,5020,5058.75
2026-02-20T14:00:00.000Z,9,5058.76,5088,5007.1,5085.75
2026-02-20T18:00:00.000Z,13,5085.73,5120.08,5069.85,5120.06
2026-02-22T22:00:00.000Z,17,5156.49,5192.92,5134.75,5179.05
2026-02-23T02:00:00.000Z,21,5179.02,5194.81,5169.04,5174
2026-02-23T06:00:00.000Z,1,5174,5176.93,5138.44,5164.74
2026-02-23T10:00:00.000Z,5,5164.74,5179.05,5160.07,5161.44
2026-02-23T14:00:00.000Z,9,5161.43,5235.71,5157.35,5224
2026-02-23T18:00:00.000Z,13,5224.4,5255,5220.46,5245.55
2026-02-23T22:00:00.000Z,17,5245.55,5269.55,5159,5196.59
2026-02-24T02:00:00.000Z,21,5196.41,5210.39,5187.77,5200.33
2026-02-24T06:00:00.000Z,1,5200.34,5202.55,5178.6,5191.81
2026-02-24T10:00:00.000Z,5,5191.75,5200.24,5131.18,5133.91
2026-02-24T14:00:00.000Z,9,5133.91,5180.96,5116.6,5180.96
2026-02-24T18:00:00.000Z,13,5180.96,5190.81,5160.15,5161.37
2026-02-24T22:00:00.000Z,17,5161.21,5205.6,5143.06,5192.46
2026-02-25T02:00:00.000Z,21,5192.46,5226.63,5185.61,5218.75
2026-02-25T06:00:00.000Z,1,5218.74,5220.49,5195.04,5209.83
2026-02-25T10:00:00.000Z,5,5209.82,5212.06,5175.3,5202.42
2026-02-25T14:00:00.000Z,9,5202.42,5228,5177.95,5217.67
2026-02-25T18:00:00.000Z,13,5217.67,5217.68,5157.58,5179.2
2026-02-25T22:00:00.000Z,17,5179.05,5210.25,5163,5202.36
2026-02-26T02:00:00.000Z,21,5202.37,5210,5186.11,5205
2026-02-26T06:00:00.000Z,1,5205,5206.49,5178.9,5198.87
2026-02-26T10:00:00.000Z,5,5198.86,5200.8,5170.03,5178.39
2026-02-26T14:00:00.000Z,9,5178.27,5202.44,5143,5179.91
2026-02-26T18:00:00.000Z,13,5179.88,5210,5173.93,5197.65
2026-02-26T22:00:00.000Z,17,5197.65,5206.92,5181.39,5204.33
2026-02-27T02:00:00.000Z,21,5204.34,5212,5189.31,5211.15
2026-02-27T06:00:00.000Z,1,5211.01,5212.06,5186.43,5189.45
2026-02-27T10:00:00.000Z,5,5189.45,5297.96,5183.33,5240.63
2026-02-27T14:00:00.000Z,9,5240.63,5276.84,5231.31,5249.2
2026-02-27T18:00:00.000Z,13,5249.15,5297.1,5238.6,5295.32
2026-03-01T22:00:00.000Z,17,5436.07,5440,5351.84,5374.03
2026-03-02T02:00:00.000Z,21,5374.02,5412.59,5365.33,5404.65
2026-03-02T06:00:00.000Z,1,5404.66,5459.65,5401.59,5433.19
2026-03-02T10:00:00.000Z,5,5433.19,5441.14,5410.09,5423.08
2026-03-02T14:00:00.000Z,9,5423.07,5423.07,5275.22,5329.5
2026-03-02T18:00:00.000Z,13,5329.51,5361.84,5310.33,5336.55
2026-03-02T22:00:00.000Z,17,5336.55,5400,5329.19,5356.26
2026-03-03T02:00:00.000Z,21,5356.68,5383.45,5317.48,5331.09
2026-03-03T06:00:00.000Z,1,5331.1,5348.2,5243.07,5289.02
2026-03-03T10:00:00.000Z,5,5288.59,5299.15,5102,5170.9
2026-03-03T14:00:00.000Z,9,5170.88,5187.82,5027.33,5095.94
2026-03-03T18:00:00.000Z,13,5095.65,5162.2,5095.43,5106.43
2026-03-03T22:00:00.000Z,17,5106.44,5190.64,5106.43,5188.4
2026-03-04T02:00:00.000Z,21,5188.4,5200,5156.13,5174.26
2026-03-04T06:00:00.000Z,1,5174,5197.21,5137.51,5193.72
2026-03-04T10:00:00.000Z,5,5193.76,5216.7,5168.67,5178.64
2026-03-04T14:00:00.000Z,9,5178.5,5195.01,5131.63,5149.19
2026-03-04T18:00:00.000Z,13,5149.38,5156.01,5116.05,5155.03
2026-03-04T22:00:00.000Z,17,5155.03,5198,5154.53,5180.93
2026-03-05T02:00:00.000Z,21,5180.93,5202,5156.4,5156.4
2026-03-05T06:00:00.000Z,1,5156.4,5191.8,5132.54,5171.84
2026-03-05T10:00:00.000Z,5,5171.84,5178.5,5096.23,5129.92
2026-03-05T14:00:00.000Z,9,5128.07,5138.89,5069.4,5075.67
2026-03-05T18:00:00.000Z,13,5075.66,5109.55,5064,5096.36
2026-03-05T22:00:00.000Z,17,5096.37,5150,5081.62,5142.86
2026-03-06T02:00:00.000Z,21,5142.73,5150.68,5122.66,5125.23
2026-03-06T06:00:00.000Z,1,5125.25,5131.72,5095.53,5097.25
2026-03-06T10:00:00.000Z,5,5097.5,5137.5,5075.41,5095.35
2026-03-06T14:00:00.000Z,9,5095,5180.72,5091.42,5151.99
2026-03-06T18:00:00.000Z,13,5152,5184.74,5151.78,5182.1
2026-03-08T21:00:00.000Z,17,5171.6,5191.28,5041.44,5062.8
2026-03-09T01:00:00.000Z,21,5062.79,5109.65,5030,5100.95
2026-03-09T05:00:00.000Z,1,5100.95,5150,5093.45,5106.93
2026-03-09T09:00:00.000Z,5,5106.92,5139.95,5090,5102.76
2026-03-09T13:00:00.000Z,9,5102.75,5122.02,5071.82,5111.51
2026-03-09T17:00:00.000Z,13,5111.51,5151.95,5096.84,5141.49
2026-03-09T21:00:00.000Z,17,5141.5,5158.91,5125.92,5133.9
2026-03-10T01:00:00.000Z,21,5134.46,5186.43,5129.65,5167.32
2026-03-10T05:00:00.000Z,1,5167.32,5193.84,5161.88,5184.25
2026-03-10T09:00:00.000Z,5,5184.34,5199.01,5157.98,5188.75
2026-03-10T13:00:00.000Z,9,5188.82,5239.8,5188.39,5226.49
2026-03-10T17:00:00.000Z,13,5226.49,5234.77,5165.09,5194.25
2026-03-10T21:00:00.000Z,17,5194.15,5220.82,5185.9,5215.54
2026-03-11T01:00:00.000Z,21,5215.55,5221.34,5196.88,5205.46
2026-03-11T05:00:00.000Z,1,5205.46,5208.66,5178.32,5187.6
2026-03-11T09:00:00.000Z,5,5187.6,5207.5,5167.4,5168.71
2026-03-11T13:00:00.000Z,9,5168.7,5194.07,5150.48,5175.33
2026-03-11T17:00:00.000Z,13,5175.32,5183.9,5157.1,5175.59
2026-03-11T21:00:00.000Z,17,5175.58,5182.57,5128.78,5150.14
2026-03-12T01:00:00.000Z,21,5150.01,5171.35,5139.49,5140.74
2026-03-12T05:00:00.000Z,1,5140.74,5187.64,5137.11,5177.05
2026-03-12T09:00:00.000Z,5,5177.03,5188.72,5163.43,5178.1
2026-03-12T13:00:00.000Z,9,5178.1,5184.57,5114.54,5128.52
2026-03-12T17:00:00.000Z,13,5128.52,5133.61,5069.11,5092.01
2026-03-12T21:00:00.000Z,17,5092.01,5119.35,5088.43,5118.72
2026-03-13T01:00:00.000Z,21,5118.73,5131.43,5105.06,5105.61
2026-03-13T05:00:00.000Z,1,5105.61,5110.98,5066.61,5087.79
2026-03-13T09:00:00.000Z,5,5087.79,5118.85,5080.8,5114.66
2026-03-13T13:00:00.000Z,9,5114.88,5118.19,5024.96,5049.25
2026-03-13T17:00:00.000Z,13,5049.26,5067.97,5005.54,5019.62
2026-03-15T21:00:00.000Z,17,4996.28,5025.06,4960.42,5020.37
2026-03-16T01:00:00.000Z,21,5020.49,5021.17,4980,5003.84
2026-03-16T05:00:00.000Z,1,5003.86,5030.82,4978.11,4983.9
2026-03-16T09:00:00.000Z,5,4983.9,5018.06,4962.82,5012.28
2026-03-16T13:00:00.000Z,9,5012.28,5029.63,4970,4984.26
2026-03-16T17:00:00.000Z,13,4984.64,5011.26,4978.13,4998.25
2026-03-16T21:00:00.000Z,17,4998.25,5004.6,4980,4990.52
2026-03-17T01:00:00.000Z,21,4990.5,5027.08,4982.89,5024
2026-03-17T05:00:00.000Z,1,5023.99,5029.87,4996.13,5014.22
2026-03-17T09:00:00.000Z,5,5014.28,5015.15,4986.06,5005.51
2026-03-17T13:00:00.000Z,9,5005.51,5022.29,4972,4995
2026-03-17T17:00:00.000Z,13,4995,5000.63,4990.21,4995.99
2026-03-17T21:00:00.000Z,17,4995.99,5003.96,4987.69,4994.49
2026-03-18T01:00:00.000Z,21,4994.49,5006.75,4975,4978.81
2026-03-18T05:00:00.000Z,1,4978.81,5005,4973.93,4980.48
2026-03-18T09:00:00.000Z,5,4980.48,4987.51,4865.78,4875.49
2026-03-18T13:00:00.000Z,9,4875.45,4890.94,4830.31,4879.74
2026-03-18T17:00:00.000Z,13,4879.73,4890.96,4800.28,4813.92
2026-03-18T21:00:00.000Z,17,4814.15,4840,4800,4833.69
2026-03-19T01:00:00.000Z,21,4833.68,4855.42,4825.45,4838.83
2026-03-19T05:00:00.000Z,1,4838.83,4844.16,4677.45,4703.57
2026-03-19T09:00:00.000Z,5,4703.26,4718.15,4534.58,4577.39
2026-03-19T13:00:00.000Z,9,4577.53,4649.22,4511,4593.07
2026-03-19T17:00:00.000Z,13,4593.06,4671.34,4582.18,4658.34
2026-03-19T21:00:00.000Z,17,4658.39,4685.21,4644.75,4658.68
2026-03-20T01:00:00.000Z,21,4658.68,4739.74,4649.47,4723.85
2026-03-20T05:00:00.000Z,1,4723.85,4736,4661.22,4696
2026-03-20T09:00:00.000Z,5,4696,4702.04,4641.43,4682.18
2026-03-20T13:00:00.000Z,9,4682.7,4683.22,4552.59,4594.31
2026-03-20T17:00:00.000Z,13,4593.87,4610.54,4497.35,4510.01
2026-03-22T21:00:00.000Z,17,4489.71,4541.88,4335.15,4365.25
2026-03-23T01:00:00.000Z,21,4365.72,4457.49,4344.62,4379.55
2026-03-23T05:00:00.000Z,1,4380.19,4390.89,4141.06,4270.86
2026-03-23T09:00:00.000Z,5,4270.86,4492.47,4247.31,4479.36
2026-03-23T13:00:00.000Z,9,4479.61,4511.36,4359.38,4385.6
2026-03-23T17:00:00.000Z,13,4385.76,4474.76,4383.1,4420.16
2026-03-23T21:00:00.000Z,17,4420.32,4455.3,4344.58,4373.61
2026-03-24T01:00:00.000Z,21,4373.42,4386.14,4319.46,4344.35
2026-03-24T05:00:00.000Z,1,4344.73,4441.41,4328.59,4419.36
2026-03-24T09:00:00.000Z,5,4419.18,4447.36,4373.95,4388.28
2026-03-24T13:00:00.000Z,9,4387.84,4440,4361.01,4429.16
2026-03-24T17:00:00.000Z,13,4429.16,4493,4378.95,4485.27
2026-03-24T21:00:00.000Z,17,4485.27,4575.71,4452.4,4565.87
2026-03-25T01:00:00.000Z,21,4566.04,4598.44,4555.64,4567.83
2026-03-25T05:00:00.000Z,1,4567.83,4569.14,4532,4556.14
2026-03-25T09:00:00.000Z,5,4556.15,4601.84,4522.19,4544.61
2026-03-25T13:00:00.000Z,9,4544.94,4580.82,4529.79,4558.78
2026-03-25T17:00:00.000Z,13,4558.72,4571.24,4494.35,4510.78
2026-03-25T21:00:00.000Z,17,4510.95,4540.74,4495.14,4537.64
2026-03-26T01:00:00.000Z,21,4537.62,4545.11,4501.43,4521.54
2026-03-26T05:00:00.000Z,1,4521.54,4522.69,4418.56,4433.5
2026-03-26T09:00:00.000Z,5,4433.76,4458.41,4420.07,4435.63
2026-03-26T13:00:00.000Z,9,4435.47,4483.14,4373.34,4395.35
2026-03-26T17:00:00.000Z,13,4395.18,4426.94,4361.07,4389.4
2026-03-26T21:00:00.000Z,17,4389.6,4419.2,4382.74,4385.4
2026-03-27T01:00:00.000Z,21,4385.39,4451.89,4384.45,4449.81
2026-03-27T05:00:00.000Z,1,4449.8,4478,4428.67,4428.67
2026-03-27T09:00:00.000Z,5,4428.58,4447.87,4406.47,4439.59
2026-03-27T13:00:00.000Z,9,4439.87,4554.54,4416.26,4517.46
2026-03-27T17:00:00.000Z,13,4517.63,4529.12,4486.25,4494.78
2026-03-29T21:00:00.000Z,17,4516.05,4524.72,4425.78,4438.46
2026-03-30T01:00:00.000Z,21,4438.47,4527.26,4438.2,4506.97
2026-03-30T05:00:00.000Z,1,4506.44,4555.51,4506.44,4543.25
2026-03-30T09:00:00.000Z,5,4543.26,4581.02,4528.01,4570
2026-03-30T13:00:00.000Z,9,4570.01,4578.43,4513.09,4538.22
2026-03-30T17:00:00.000Z,13,4538.22,4539.9,4492.78,4509.2
2026-03-30T21:00:00.000Z,17,4509.2,4545.25,4480.02,4544.6
2026-03-31T01:00:00.000Z,21,4544.79,4613.33,4531,4561.4
2026-03-31T05:00:00.000Z,1,4561.26,4576.68,4543.01,4569.09
2026-03-31T09:00:00.000Z,5,4568.93,4596.83,4530.66,4574.69
2026-03-31T13:00:00.000Z,9,4574.7,4646.4,4568.22,4634.92
2026-03-31T17:00:00.000Z,13,4635.1,4680.81,4633.04,4663.4
2026-03-31T21:00:00.000Z,17,4663.18,4712.11,4651.14,4702.14
2026-04-01T01:00:00.000Z,21,4702.15,4713.89,4659.17,4668.16
2026-04-01T05:00:00.000Z,1,4668.16,4735.72,4667.76,4717.93
2026-04-01T09:00:00.000Z,5,4717.93,4750.02,4703.45,4714.32
2026-04-01T13:00:00.000Z,9,4714.09,4779.71,4706.59,4775.52
2026-04-01T17:00:00.000Z,13,4775.4,4781.4,4731.88,4745.67
2026-04-01T21:00:00.000Z,17,4745.67,4783.67,4732.57,4770.96
2026-04-02T01:00:00.000Z,21,4770.72,4770.72,4642.48,4663.44
2026-04-02T05:00:00.000Z,1,4663.6,4671.35,4550.62,4615.3
2026-04-02T09:00:00.000Z,5,4615.02,4627.99,4588.26,4595.04
2026-04-02T13:00:00.000Z,9,4595.04,4689.78,4573.64,4651.92
2026-04-02T17:00:00.000Z,13,4651.74,4672.8,4637.16,4664.88
2026-04-02T21:00:00.000Z,17,4664.87,4671.95,4663.62,4666.5
2026-04-03T01:00:00.000Z,21,4666.49,4666.55,4659.36,4666.19
2026-04-03T05:00:00.000Z,1,4666.2,4670.08,4657.65,4663.07
2026-04-03T09:00:00.000Z,5,4663.08,4667.22,4642,4647.24
2026-04-03T13:00:00.000Z,9,4647.25,4652.89,4644.87,4651.87
2026-04-03T17:00:00.000Z,13,4651.85,4651.86,4642.39,4645.36
2026-04-05T21:00:00.000Z,17,4624.25,4653.18,4588.55,4610.59
2026-04-06T01:00:00.000Z,21,4610.6,4657.7,4610.6,4646
2026-04-06T05:00:00.000Z,1,4646,4684.41,4629.15,4682.6
2026-04-06T09:00:00.000Z,5,4682.41,4692.8,4644.01,4661.19
2026-04-06T13:00:00.000Z,9,4661.2,4681.61,4640.34,4645.79
2026-04-06T17:00:00.000Z,13,4645.8,4652.3,4633.04,4635.91
2026-04-06T21:00:00.000Z,17,4636.4,4652.91,4634.89,4641
2026-04-07T01:00:00.000Z,21,4640.98,4649.93,4602.93,4643.23
2026-04-07T05:00:00.000Z,1,4643.8,4674.05,4609.98,4667.22
2026-04-07T09:00:00.000Z,5,4667.05,4678.15,4619,4638.59
2026-04-07T13:00:00.000Z,9,4638.14,4654.29,4596.24,4644.36
2026-04-07T17:00:00.000Z,13,4644.36,4702.9,4642.38,4691.52
2026-04-07T21:00:00.000Z,17,4691.16,4834.28,4687.75,4795.75
2026-04-08T01:00:00.000Z,21,4794.66,4800.94,4768.53,4780.07
2026-04-08T05:00:00.000Z,1,4780.25,4819.09,4772.6,4776.89
2026-04-08T09:00:00.000Z,5,4776.89,4789.18,4752.24,4782.77
2026-04-08T13:00:00.000Z,9,4782.77,4788.98,4706.2,4743.11
2026-04-08T17:00:00.000Z,13,4743.11,4746.69,4683.8,4706.46
2026-04-08T21:00:00.000Z,17,4706.63,4720.93,4684,4693.84
2026-04-09T01:00:00.000Z,21,4693.91,4720.28,4687.35,4705.82
2026-04-09T05:00:00.000Z,1,4705.84,4722.14,4694,4716.05
2026-04-09T09:00:00.000Z,5,4716,4746.48,4712.8,4734.2
2026-04-09T13:00:00.000Z,9,4734.72,4788.88,4728.29,4774.09
2026-04-09T17:00:00.000Z,13,4774.15,4786.54,4750.25,4754.88
2026-04-09T21:00:00.000Z,17,4754.7,4764.04,4737.42,4747.48
2026-04-10T01:00:00.000Z,21,4747.48,4759.91,4724.11,4741.8
2026-04-10T05:00:00.000Z,1,4742,4751.1,4716.24,4726.06
2026-04-10T09:00:00.000Z,5,4726.06,4764.43,4726.06,4754.37
2026-04-10T13:00:00.000Z,9,4754.55,4777.44,4733.29,4748.48
2026-04-10T17:00:00.000Z,13,4748.48,4756.81,4725.67,4736.14
2026-04-12T21:00:00.000Z,17,4692.22,4693.65,4629.36,4678.4
2026-04-13T01:00:00.000Z,21,4678.56,4707.27,4678.35,4703.16
2026-04-13T05:00:00.000Z,1,4703.14,4719.93,4698.1,4707.28
2026-04-13T09:00:00.000Z,5,4707.29,4712.78,4687.45,4706.04
2026-04-13T13:00:00.000Z,9,4706.05,4731.61,4682,4717.38
2026-04-13T17:00:00.000Z,13,4717.39,4733.26,4709.65,4725
2026-04-13T21:00:00.000Z,17,4724.99,4758.12,4721.09,4753.7
2026-04-14T01:00:00.000Z,21,4753.71,4761.76,4746.68,4756.84
2026-04-14T05:00:00.000Z,1,4756.84,4781.35,4741.57,4770
2026-04-14T09:00:00.000Z,5,4770.2,4772.99,4739.99,4756.07
2026-04-14T13:00:00.000Z,9,4756.07,4803.99,4756.07,4793.32
2026-04-14T17:00:00.000Z,13,4793.33,4839.06,4793.33,4830.1
2026-04-14T21:00:00.000Z,17,4830.1,4840,4816.7,4825.44
2026-04-15T01:00:00.000Z,21,4825.45,4861.14,4809.95,4817.67
2026-04-15T05:00:00.000Z,1,4817.53,4821.22,4795.49,4809.22
2026-04-15T09:00:00.000Z,5,4809.22,4809.61,4780,4804.53
2026-04-15T13:00:00.000Z,9,4804.51,4823,4782,4796.17
2026-04-15T17:00:00.000Z,13,4796.18,4799.2,4780.3,4782.71
2026-04-15T21:00:00.000Z,17,4782.71,4824.43,4779.44,4820.74
2026-04-16T01:00:00.000Z,21,4820.74,4823.7,4800.4,4820.31
2026-04-16T05:00:00.000Z,1,4820.32,4825,4797,4802.19
2026-04-16T09:00:00.000Z,5,4802.59,4811,4795.45,4805.34
2026-04-16T13:00:00.000Z,9,4805.29,4812.29,4766.2,4779.53
2026-04-16T17:00:00.000Z,13,4779.53,4787.08,4769.21,4778.9
2026-04-16T21:00:00.000Z,17,4778.89,4783.59,4747.2,4777.92
2026-04-17T01:00:00.000Z,21,4778.05,4788.26,4753.34,4787.64
2026-04-17T05:00:00.000Z,1,4787.64,4790,4766.02,4781.71
2026-04-17T09:00:00.000Z,5,4781.71,4830.98,4768.51,4829.4
2026-04-17T13:00:00.000Z,9,4829.49,4872.86,4817.85,4850.82
2026-04-17T17:00:00.000Z,13,4850.83,4853.16,4814.85,4815.65
2026-04-19T21:00:00.000Z,17,4768.38,4776.14,4726.74,4757.75
2026-04-20T01:00:00.000Z,21,4758.24,4795,4756.65,4771.47
2026-04-20T05:00:00.000Z,1,4771.47,4790,4761.34,4780.8
2026-04-20T09:00:00.000Z,5,4780.8,4805.69,4771.61,4787.24
2026-04-20T13:00:00.000Z,9,4787.24,4809.88,4777.9,4792.04
2026-04-20T17:00:00.000Z,13,4792.14,4805.57,4784.69,4804.37
2026-04-20T21:00:00.000Z,17,4804.38,4815.52,4800.6,4807.95
2026-04-21T01:00:00.000Z,21,4807.93,4807.93,4774.57,4774.77
2026-04-21T05:00:00.000Z,1,4774.57,4782.55,4761.28,4775.62
2026-04-21T09:00:00.000Z,5,4775.4,4784.79,4758.02,4767
2026-04-21T13:00:00.000Z,9,4767.2,4781.75,4700.11,4701.58
2026-04-21T17:00:00.000Z,13,4701.59,4712.59,4656.71,4709.8
2026-04-21T21:00:00.000Z,17,4709.8,4734.93,4706.23,4728.24
2026-04-22T01:00:00.000Z,21,4728,4751.11,4724.4,4741.99
2026-04-22T05:00:00.000Z,1,4741.99,4758.99,4740.01,4744.8
2026-04-22T09:00:00.000Z,5,4744.67,4750.7,4730.17,4730.46
2026-04-22T13:00:00.000Z,9,4730.78,4745,4710,4715.03
2026-04-22T17:00:00.000Z,13,4715.04,4735.34,4715.04,4726.48
2026-04-22T21:00:00.000Z,17,4726.48,4737.59,4681.53,4731.84
2026-04-23T01:00:00.000Z,21,4732.07,4734.32,4685,4689.83
2026-04-23T05:00:00.000Z,1,4689.84,4710.68,4679.48,4691.75
2026-04-23T09:00:00.000Z,5,4691.5,4728.69,4673.23,4726.97
2026-04-23T13:00:00.000Z,9,4726.57,4727.86,4705.46,4719.77
2026-04-23T17:00:00.000Z,13,4719.78,4720.5,4657.87,4683.05
2026-04-23T21:00:00.000Z,17,4683.06,4696.44,4678.01,4694.13
2026-04-24T01:00:00.000Z,21,4694.34,4699.16,4651.5,4666.01
2026-04-24T05:00:00.000Z,1,4666.01,4686.25,4660.53,4681.19
2026-04-24T09:00:00.000Z,5,4681,4706.39,4666.73,4690.32
2026-04-24T13:00:00.000Z,9,4690.77,4726,4680.93,4714.77
2026-04-24T17:00:00.000Z,13,4714.78,4717.35,4693.38,4696.84
2026-04-26T21:00:00.000Z,17,4701.66,4702.81,4665.48,4688.23
2026-04-27T01:00:00.000Z,21,4688.24,4717.53,4681,4712.93
2026-04-27T05:00:00.000Z,1,4712.48,4712.48,4693.66,4694.77
2026-04-27T09:00:00.000Z,5,4694.99,4700,4686.57,4687.62
2026-04-27T13:00:00.000Z,9,4687.82,4690.93,4658.44,4666.47
2026-04-27T17:00:00.000Z,13,4666.47,4676.89,4660.33,4674.39
2026-04-27T21:00:00.000Z,17,4674.42,4690.49,4674.12,4680.82
2026-04-28T01:00:00.000Z,21,4680.82,4680.82,4658.43,4660.11
2026-04-28T05:00:00.000Z,1,4660.12,4660.12,4609.72,4624.41
2026-04-28T09:00:00.000Z,5,4624.4,4624.4,4552.08,4588.85
2026-04-28T13:00:00.000Z,9,4588.92,4589.84,4555.65,4587.99
2026-04-28T17:00:00.000Z,13,4587.98,4596.24,4582.87,4592.01
2026-04-28T21:00:00.000Z,17,4592,4604.08,4582.98,4593.46
2026-04-29T01:00:00.000Z,21,4593.54,4597.03,4570.53,4595.82
2026-04-29T05:00:00.000Z,1,4595.82,4598.22,4552.32,4567.51
2026-04-29T09:00:00.000Z,5,4567.5,4573.16,4536.56,4539.03
2026-04-29T13:00:00.000Z,9,4539.03,4559.41,4508.14,4542.23
2026-04-29T17:00:00.000Z,13,4542.4,4550.03,4517.38,4541.9
2026-04-29T21:00:00.000Z,17,4542.04,4569.2,4536.61,4564.81
2026-04-30T01:00:00.000Z,21,4565.4,4576.19,4535.91,4536.34
2026-04-30T05:00:00.000Z,1,4536.8,4620,4536.79,4609.29
2026-04-30T09:00:00.000Z,5,4609.28,4641.49,4608.46,4631.19
2026-04-30T13:00:00.000Z,9,4631.36,4637.94,4598.23,4601.94
2026-04-30T17:00:00.000Z,13,4601.93,4620,4601.93,4613.12
2026-04-30T21:00:00.000Z,17,4613.29,4624.5,4610.61,4612.6
2026-05-01T01:00:00.000Z,21,4612.6,4626.05,4600.72,4601.4
2026-05-01T05:00:00.000Z,1,4601.21,4607.18,4562.12,4564.33
2026-05-01T09:00:00.000Z,5,4564.5,4602.4,4557.01,4586.43
2026-05-01T13:00:00.000Z,9,4586.43,4652.13,4582.87,4628.57
2026-05-01T17:00:00.000Z,13,4628.42,4631.25,4600,4603.24
2026-05-03T21:00:00.000Z,17,4623.01,4638.74,4595.56,4606.81
2026-05-04T01:00:00.000Z,21,4606.81,4611.42,4587,4599.01
2026-05-04T05:00:00.000Z,1,4599.02,4605.39,4570,4571.19
2026-05-04T09:00:00.000Z,5,4571.19,4579.92,4522.62,4564.19
2026-05-04T13:00:00.000Z,9,4563.72,4575.69,4500.55,4509.48
2026-05-04T17:00:00.000Z,13,4509.54,4529.08,4508.64,4521.47
2026-05-04T21:00:00.000Z,17,4521.47,4527.18,4511.65,4527.18
2026-05-05T01:00:00.000Z,21,4527.38,4541.91,4524.01,4529.69
2026-05-05T05:00:00.000Z,1,4529.7,4553.33,4528.01,4553.32
2026-05-05T09:00:00.000Z,5,4553.33,4567.57,4534.75,4556.52
2026-05-05T13:00:00.000Z,9,4556.52,4578.25,4546.32,4553.46
2026-05-05T17:00:00.000Z,13,4553.7,4556.17,4544.79,4549.36
2026-05-05T21:00:00.000Z,17,4549.36,4608.86,4538.69,4608.19
2026-05-06T01:00:00.000Z,21,4608.19,4642.88,4599.86,4638.62
2026-05-06T05:00:00.000Z,1,4638.63,4692.14,4633.05,4689.5
2026-05-06T09:00:00.000Z,5,4689.51,4712.39,4652.31,4672.51
2026-05-06T13:00:00.000Z,9,4672.97,4704.66,4659.92,4671
2026-05-06T17:00:00.000Z,13,4671,4688.28,4667.2,4680.37
2026-05-06T21:00:00.000Z,17,4680.8,4689.31,4675,4677.12
2026-05-07T01:00:00.000Z,21,4677.29,4708.8,4674.36,4685.04
2026-05-07T05:00:00.000Z,1,4685.05,4741.17,4683.33,4720
2026-05-07T09:00:00.000Z,5,4720,4748.06,4710.07,4741.49
2026-05-07T13:00:00.000Z,9,4741.5,4756,4696.67,4708.04
2026-05-07T17:00:00.000Z,13,4708.05,4713.56,4680,4681.45
2026-05-07T21:00:00.000Z,17,4681.45,4701.63,4674.61,4693.49
2026-05-08T01:00:00.000Z,21,4693.49,4723.5,4693.49,4703.26
2026-05-08T05:00:00.000Z,1,4703.25,4724.98,4691.25,4707.62
2026-05-08T09:00:00.000Z,5,4707.65,4721.94,4695,4714.21
2026-05-08T13:00:00.000Z,9,4714.2,4741.2,4696.2,4705.02
2026-05-08T17:00:00.000Z,13,4704.85,4719.19,4704.85,4709.35
2026-05-10T21:00:00.000Z,17,4704.26,4709.06,4666.44,4678.74
2026-05-11T01:00:00.000Z,21,4678.74,4699.65,4664.45,4668.56
2026-05-11T05:00:00.000Z,1,4668.57,4675.42,4645.29,4664.13
2026-05-11T09:00:00.000Z,5,4664.12,4696.67,4648.4,4695.86
2026-05-11T13:00:00.000Z,9,4695.86,4740.19,4695.55,4706.46
2026-05-11T17:00:00.000Z,13,4706.47,4727.24,4706.47,4724.99
2026-05-11T21:00:00.000Z,17,4724.99,4762.5,4718.17,4739.57
2026-05-12T01:00:00.000Z,21,4739.04,4744.44,4704.01,4706.46
2026-05-12T05:00:00.000Z,1,4706.28,4712.4,4679,4695.3
2026-05-12T09:00:00.000Z,5,4695.12,4719.97,4680.01,4701.05
2026-05-12T13:00:00.000Z,9,4701.06,4703.22,4638.01,4668.01
2026-05-12T17:00:00.000Z,13,4668.02,4714.96,4668.02,4710.44
2026-05-12T21:00:00.000Z,17,4710.44,4721.83,4705.1,4708.51
2026-05-13T01:00:00.000Z,21,4708.5,4711.19,4684.55,4696.32
2026-05-13T05:00:00.000Z,1,4696.32,4709.12,4690,4695.87
2026-05-13T09:00:00.000Z,5,4695.88,4704.3,4671.97,4677.8
2026-05-13T13:00:00.000Z,9,4678,4702.99,4666.08,4690.21
2026-05-13T17:00:00.000Z,13,4690.21,4695.35,4669.99,4682.81
2026-05-13T21:00:00.000Z,17,4682.8,4698,4681.03,4697.4
2026-05-14T01:00:00.000Z,21,4697.21,4703,4662.86,4694.74
2026-05-14T05:00:00.000Z,1,4694.21,4710,4680.16,4686.84
2026-05-14T09:00:00.000Z,5,4686.73,4701.87,4681.98,4698.39
2026-05-14T13:00:00.000Z,9,4698.29,4699.5,4661.66,4675.58
2026-05-14T17:00:00.000Z,13,4675.07,4678.22,4643.01,4650.47
2026-05-14T21:00:00.000Z,17,4650.47,4661.55,4613.14,4627.72
2026-05-15T01:00:00.000Z,21,4627.79,4627.88,4602.53,4603.21
2026-05-15T05:00:00.000Z,1,4603.77,4603.77,4554,4555.68
2026-05-15T09:00:00.000Z,5,4556.01,4573.88,4536,4551.67
2026-05-15T13:00:00.000Z,9,4551.67,4568.42,4518.22,4550.32
2026-05-15T17:00:00.000Z,13,4550.51,4567.56,4539.13,4543.94
2026-05-17T21:00:00.000Z,17,4527.31,4554.99,4480.02,4513.95
2026-05-18T01:00:00.000Z,21,4513.36,4546.3,4489.39,4538.93
2026-05-18T05:00:00.000Z,1,4539.04,4555,4528.21,4547.63
2026-05-18T09:00:00.000Z,5,4547.49,4572,4528.67,4570.4
2026-05-18T13:00:00.000Z,9,4570.4,4580,4529.42,4549.38
2026-05-18T17:00:00.000Z,13,4549.23,4563.35,4534.01,4563.35
2026-05-18T21:00:00.000Z,17,4563.34,4584.41,4558.34,4559.69
2026-05-19T01:00:00.000Z,21,4559.09,4567.78,4537.34,4540.22
2026-05-19T05:00:00.000Z,1,4540.23,4555.61,4529.53,4541.16
2026-05-19T09:00:00.000Z,5,4541.14,4546.14,4526.17,4538.05
2026-05-19T13:00:00.000Z,9,4538.04,4538.04,4470,4511.39
2026-05-19T17:00:00.000Z,13,4511.38,4513.08,4485.34,4486.56
2026-05-19T21:00:00.000Z,17,4486.56,4510.16,4482.03,4503.72
2026-05-20T01:00:00.000Z,21,4503.98,4508.39,4460,4466.27
2026-05-20T05:00:00.000Z,1,4466.28,4492.6,4466.28,4488.23
2026-05-20T09:00:00.000Z,5,4487.49,4506.02,4477.73,4498.16
2026-05-20T13:00:00.000Z,9,4498.17,4550,4470.67,4532.99
2026-05-20T17:00:00.000Z,13,4532.59,4546.24,4528.5,4539.96
2026-05-20T21:00:00.000Z,17,4539.97,4547.99,4530.65,4540.56
2026-05-21T01:00:00.000Z,21,4541.06,4564,4523.33,4533.24
2026-05-21T05:00:00.000Z,1,4533,4533.94,4510.67,4529.25
2026-05-21T09:00:00.000Z,5,4528.93,4537.49,4501.27,4501.68
2026-05-21T13:00:00.000Z,9,4502.1,4520.36,4489.01,4516.2
2026-05-21T17:00:00.000Z,13,4516.46,4553.94,4513.35,4537.21
2026-05-21T21:00:00.000Z,17,4537.21,4540.61,4521.35,4521.35
2026-05-22T01:00:00.000Z,21,4521.45,4529.99,4516.24,4523.74
2026-05-22T05:00:00.000Z,1,4523.74,4529.45,4505.79,4517.15
2026-05-22T09:00:00.000Z,5,4517.15,4530.99,4508.51,4523.57
2026-05-22T13:00:00.000Z,9,4523.58,4530.1,4488,4510.61
2026-05-22T17:00:00.000Z,13,4510.62,4523.38,4500,4504.87
2026-05-24T21:00:00.000Z,17,4519.55,4573.74,4517.01,4565.09
2026-05-25T01:00:00.000Z,21,4565.09,4570.82,4551.01,4558.31
2026-05-25T05:00:00.000Z,1,4558.3,4559.84,4543.78,4550.44
2026-05-25T09:00:00.000Z,5,4550.44,4568.48,4547.79,4560.23
2026-05-25T13:00:00.000Z,9,4560.24,4568,4555.03,4567.13
2026-05-25T17:00:00.000Z,13,4567.36,4569.99,4557.56,4562.89
2026-05-25T21:00:00.000Z,17,4562.89,4571,4533.34,4541.32
2026-05-26T01:00:00.000Z,21,4541.6,4541.7,4520.02,4522
2026-05-26T05:00:00.000Z,1,4522,4534.49,4517.42,4521
2026-05-26T09:00:00.000Z,5,4521.01,4536.95,4500.8,4518.48
2026-05-26T13:00:00.000Z,9,4518.48,4527.43,4500.48,4505
2026-05-26T17:00:00.000Z,13,4505,4511.37,4484.71,4508.02
2026-05-26T21:00:00.000Z,17,4508.23,4527.63,4500.75,4517.29
2026-05-27T01:00:00.000Z,21,4517.29,4521.66,4500.07,4513.5
2026-05-27T05:00:00.000Z,1,4513.49,4516.31,4475.76,4495.5
2026-05-27T09:00:00.000Z,5,4495.74,4495.74,4431.25,4443.25
2026-05-27T13:00:00.000Z,9,4443.1,4458.98,4410.5,4456.42
2026-05-27T17:00:00.000Z,13,4456.43,4462.31,4448.61,4460.67
2026-05-27T21:00:00.000Z,17,4460.66,4466.1,4445.78,4457.7
2026-05-28T01:00:00.000Z,21,4457.97,4459.55,4374,4380.75
2026-05-28T05:00:00.000Z,1,4380.76,4401.39,4375.9,4392.88
2026-05-28T09:00:00.000Z,5,4392.63,4435.8,4382.63,4434.32
2026-05-28T13:00:00.000Z,9,4434.76,4504.16,4419.01,4503.76
2026-05-28T17:00:00.000Z,13,4503.84,4507,4487.32,4487.79
2026-05-28T21:00:00.000Z,17,4487.79,4492.75,4482.21,4487.57
2026-05-29T01:00:00.000Z,21,4487.78,4511.03,4486.24,4508.07
2026-05-29T05:00:00.000Z,1,4508.08,4519.72,4499,4510.44
2026-05-29T09:00:00.000Z,5,4510.45,4536,4508.18,4517.92
2026-05-29T13:00:00.000Z,9,4517.76,4584.62,4512.58,4558.86
2026-05-29T17:00:00.000Z,13,4558.85,4559.48,4530.53,4530.53
2026-05-31T21:00:00.000Z,17,4528.8,4540.56,4514.72,4534.37
2026-06-01T01:00:00.000Z,21,4534.06,4534.67,4504.49,4508.52
2026-06-01T05:00:00.000Z,1,4508.95,4517.92,4487.51,4494.38
2026-06-01T09:00:00.000Z,5,4494.6,4507.84,4487.7,4499.54
2026-06-01T13:00:00.000Z,9,4499.55,4500.09,4448.33,4480.55
2026-06-01T17:00:00.000Z,13,4480.54,4495.15,4473.1,4483.09
2026-06-01T21:00:00.000Z,17,4483.09,4492.93,4476.07,4479.63
2026-06-02T01:00:00.000Z,21,4479.71,4512.71,4462.29,4511.47
2026-06-02T05:00:00.000Z,1,4511.84,4534.99,4510.09,4521.27
2026-06-02T09:00:00.000Z,5,4521.27,4529,4509.37,4509.37
2026-06-02T13:00:00.000Z,9,4509.38,4518.71,4485.45,4489.92
2026-06-02T17:00:00.000Z,13,4489.92,4492.36,4477.41,4486.89
2026-06-02T21:00:00.000Z,17,4486.88,4491.2,4456.53,4482.91
2026-06-03T01:00:00.000Z,21,4482.91,4483.32,4460.68,4464.61
2026-06-03T05:00:00.000Z,1,4464.6,4469.92,4437.45,4439.69
2026-06-03T09:00:00.000Z,5,4439.67,4463.5,4437,4456.51
2026-06-03T13:00:00.000Z,9,4456.78,4461.74,4426.43,4439.03
2026-06-03T17:00:00.000Z,13,4439.5,4449.96,4428.64,4430.59
2026-06-03T21:00:00.000Z,17,4430.59,4459.74,4422,4443.15
2026-06-04T01:00:00.000Z,21,4443.15,4477.31,4438.86,4474.37
2026-06-04T05:00:00.000Z,1,4474.37,4475.09,4452.99,4458
2026-06-04T09:00:00.000Z,5,4457.95,4508.16,4455.85,4497.92
2026-06-04T13:00:00.000Z,9,4497.91,4514.01,4455,4480.18
2026-06-04T17:00:00.000Z,13,4480.18,4480.18,4467.61,4469.46
2026-06-04T21:00:00.000Z,17,4468.83,4472.96,4448.14,4455.29
2026-06-05T01:00:00.000Z,21,4454.85,4463.12,4425.78,4439.68
2026-06-05T05:00:00.000Z,1,4439.67,4464.07,4422.81,4456.33
2026-06-05T09:00:00.000Z,5,4456.32,4468.74,4404.35,4404.48
2026-06-05T13:00:00.000Z,9,4404.96,4417.6,4323.51,4345.98
2026-06-05T17:00:00.000Z,13,4346.08,4347.92,4310.59,4327.85
2026-06-07T21:00:00.000Z,17,4302.82,4345.78,4302.82,4335.98
2026-06-08T01:00:00.000Z,21,4335.93,4337.72,4293.08,4306.07
2026-06-08T05:00:00.000Z,1,4306.08,4309.79,4264.1,4283.13
2026-06-08T09:00:00.000Z,5,4283.14,4331.72,4268.11,4326.5
2026-06-08T13:00:00.000Z,9,4326.5,4338.31,4310.22,4332.71
2026-06-08T17:00:00.000Z,13,4332.72,4337.88,4317.99,4322.97
2026-06-08T21:00:00.000Z,17,4322.97,4329.48,4307.01,4312.36
2026-06-09T01:00:00.000Z,21,4312.35,4333.87,4310.92,4323.89
2026-06-09T05:00:00.000Z,1,4323.89,4342.77,4312.74,4317.56
2026-06-09T09:00:00.000Z,5,4317.56,4334.61,4316.27,4331.87
2026-06-09T13:00:00.000Z,9,4332.34,4354.58,4231.93,4248.33
2026-06-09T17:00:00.000Z,13,4248.56,4268.81,4247.18,4256.56
2026-06-09T21:00:00.000Z,17,4256.95,4257.59,4197.06,4215.24
2026-06-10T01:00:00.000Z,21,4214.98,4215.75,4172.28,4175.81
2026-06-10T05:00:00.000Z,1,4175.05,4219.83,4162.18,4169.74
2026-06-10T09:00:00.000Z,5,4170,4178.53,4133.02,4148.46
2026-06-10T13:00:00.000Z,9,4148.26,4184.61,4109.6,4122.75
2026-06-10T17:00:00.000Z,13,4122.75,4134.28,4071.05,4074.41
2026-06-10T21:00:00.000Z,17,4074.47,4082.67,4026.48,4081.48
2026-06-11T01:00:00.000Z,21,4081.22,4121.39,4059.9,4089.02
2026-06-11T05:00:00.000Z,1,4088.65,4116.41,4077.95,4090.05
2026-06-11T09:00:00.000Z,5,4090.05,4100.4,4061.06,4084.72
2026-06-11T13:00:00.000Z,9,4085.17,4108.99,4058.56,4082.44
2026-06-11T17:00:00.000Z,13,4082.4,4215.48,4074.39,4207.31
2026-06-11T21:00:00.000Z,17,4207.37,4242.05,4196.41,4203.16
2026-06-12T01:00:00.000Z,21,4203.42,4206.01,4169.23,4188.36
2026-06-12T05:00:00.000Z,1,4188.36,4220.52,4166.44,4215.97
2026-06-12T09:00:00.000Z,5,4215.97,4223.11,4185.35,4188.99
2026-06-12T13:00:00.000Z,9,4188.6,4230.47,4175.18,4212.41
2026-06-12T17:00:00.000Z,13,4212.42,4229.12,4197.39,4213.6
2026-06-14T21:00:00.000Z,17,4226.7,4304.85,4226.69,4287.5
2026-06-15T01:00:00.000Z,21,4287.5,4328.83,4282.4,4321.46
2026-06-15T05:00:00.000Z,1,4321.46,4338.53,4297.65,4328.66
2026-06-15T09:00:00.000Z,5,4328.66,4342.32,4319.77,4342.32
2026-06-15T13:00:00.000Z,9,4342.05,4361.22,4326.79,4330.32
2026-06-15T17:00:00.000Z,13,4330.31,4330.31,4300,4302.28
2026-06-15T21:00:00.000Z,17,4302.29,4312.31,4298.46,4311.74
2026-06-16T01:00:00.000Z,21,4311.74,4325,4300.66,4314.03
2026-06-16T05:00:00.000Z,1,4314.04,4339.67,4307.47,4339.15
2026-06-16T09:00:00.000Z,5,4339.15,4347.2,4328.23,4346.99
2026-06-16T13:00:00.000Z,9,4346.98,4346.98,4305.15,4332.69
2026-06-16T17:00:00.000Z,13,4333.11,4336.12,4319.11,4326.59
2026-06-16T21:00:00.000Z,17,4326.58,4334.26,4321.45,4328.79
2026-06-17T01:00:00.000Z,21,4328.79,4342.15,4312.41,4318.78
2026-06-17T05:00:00.000Z,1,4319.21,4325.72,4310.6,4317.84
2026-06-17T09:00:00.000Z,5,4317.83,4327.99,4313.5,4326.37
2026-06-17T13:00:00.000Z,9,4326.37,4358.84,4318.35,4351.19
2026-06-17T17:00:00.000Z,13,4351.18,4373.95,4216.86,4253.11
2026-06-17T21:00:00.000Z,17,4253.1,4308.39,4247.24,4303.44
2026-06-18T01:00:00.000Z,21,4302.81,4323.72,4301.46,4308.66
2026-06-18T05:00:00.000Z,1,4308.29,4317.29,4261.37,4261.67
2026-06-18T09:00:00.000Z,5,4261.67,4268,4234.48,4242.57
2026-06-18T13:00:00.000Z,9,4241.92,4270.83,4211.98,4216.17
2026-06-18T17:00:00.000Z,13,4216.41,4228.94,4198.51,4205.72
2026-06-18T21:00:00.000Z,17,4205.72,4216.72,4181.42,4187.93
2026-06-19T01:00:00.000Z,21,4188.44,4191.7,4123.19,4123.76
2026-06-19T05:00:00.000Z,1,4123.76,4176.2,4120.04,4165.26
2026-06-19T09:00:00.000Z,5,4167.02,4177.73,4140.43,4176.59
2026-06-19T13:00:00.000Z,9,4176.59,4179.77,4142.64,4152.39
2026-06-19T17:00:00.000Z,13,4153.64,4159.24,4150.52,4158.64
2026-06-21T21:00:00.000Z,17,4159.22,4197.41,4134.45,4197.41
2026-06-22T01:00:00.000Z,21,4197.6,4216.86,4166.97,4180.25
2026-06-22T05:00:00.000Z,1,4180.24,4203.48,4178.02,4193.42
2026-06-22T09:00:00.000Z,5,4193.43,4211.1,4189,4189.33
2026-06-22T13:00:00.000Z,9,4189.54,4206.06,4166.27,4185.48
2026-06-22T17:00:00.000Z,13,4185.48,4189.04,4173.01,4187.68
2026-06-22T21:00:00.000Z,17,4187.42,4190.61,4174.22,4188.78
2026-06-23T01:00:00.000Z,21,4188.27,4193.14,4113.91,4115.57
2026-06-23T05:00:00.000Z,1,4116.72,4133.97,4090.41,4102.88
2026-06-23T09:00:00.000Z,5,4102.87,4130.01,4102.32,4108.81
2026-06-23T13:00:00.000Z,9,4108.81,4139.56,4100.69,4128.55
2026-06-23T17:00:00.000Z,13,4128.14,4132.73,4104.35,4108.6
2026-06-23T21:00:00.000Z,17,4108.81,4117.41,4079.01,4096.39
2026-06-24T01:00:00.000Z,21,4095.79,4099.11,4051.15,4066.06
2026-06-24T05:00:00.000Z,1,4066.12,4096.41,4060.92,4077.5
2026-06-24T09:00:00.000Z,5,4076.45,4079.38,3991.22,3991.22
2026-06-24T13:00:00.000Z,9,3991.21,4040.53,3969.23,4005.8
2026-06-24T17:00:00.000Z,13,4005.8,4010,3959,4001.26
2026-06-24T21:00:00.000Z,17,4001.25,4019.32,3980.92,3993.27
2026-06-25T01:00:00.000Z,21,3993.75,4006.66,3965.1,3997.53
2026-06-25T05:00:00.000Z,1,3997.53,4003.27,3975.2,3990.9
2026-06-25T09:00:00.000Z,5,3990.91,4019.94,3976.24,4012.39
2026-06-25T13:00:00.000Z,9,4012.4,4042.75,3998.46,4027.91
2026-06-25T17:00:00.000Z,13,4027.4,4042.61,4021.03,4024.94
2026-06-25T21:00:00.000Z,17,4024.94,4033.75,4010.7,4019.74
2026-06-26T01:00:00.000Z,21,4019.18,4027.29,3982.76,4008.72
2026-06-26T05:00:00.000Z,1,4008.98,4038.19,4004.92,4029.59
2026-06-26T09:00:00.000Z,5,4029.58,4057.05,4028.56,4055.91
2026-06-26T13:00:00.000Z,9,4056.05,4091.28,4040.07,4080.71
2026-06-26T17:00:00.000Z,13,4080.71,4085.34,4061.53,4084.29
2026-06-28T21:00:00.000Z,17,4077.44,4081.64,4045.94,4066.95
2026-06-29T01:00:00.000Z,21,4066.69,4072,4047.52,4048.9
2026-06-29T05:00:00.000Z,1,4048.9,4063.97,4037.76,4044.52
2026-06-29T09:00:00.000Z,5,4044.23,4051.6,4023.6,4040.51
2026-06-29T13:00:00.000Z,9,4040.52,4048.19,3998.45,4021.51
2026-06-29T17:00:00.000Z,13,4021.11,4029.6,4005.56,4016.64
2026-06-29T21:00:00.000Z,17,4016.31,4021.78,3980.6,3986.49
2026-06-30T01:00:00.000Z,21,3985.91,3999.69,3944.57,3986.72
2026-06-30T05:00:00.000Z,1,3986.73,4034.83,3976,4013.81
2026-06-30T09:00:00.000Z,5,4014.04,4035.98,4008.09,4009.26
2026-06-30T13:00:00.000Z,9,4009.26,4060.41,4009.17,4024.71
2026-06-30T17:00:00.000Z,13,4024.41,4031.44,4006.66,4007.03
2026-06-30T21:00:00.000Z,17,4007.58,4015.96,3992.28,3994.64
2026-07-01T01:00:00.000Z,21,3994.63,3997.91,3970.56,3979.86
2026-07-01T05:00:00.000Z,1,3978.69,3982.03,3956.89,3973.24
2026-07-01T09:00:00.000Z,5,3973.76,4032.24,3973.23,4021.5
2026-07-01T13:00:00.000Z,9,4021.5,4110.89,4011.23,4066.01
2026-07-01T17:00:00.000Z,13,4066.02,4068.94,4027.3,4030.68
2026-07-01T21:00:00.000Z,17,4030.67,4050,4029.92,4049.84
2026-07-02T01:00:00.000Z,21,4049.95,4071.41,4040.51,4058.36
2026-07-02T05:00:00.000Z,1,4058.35,4077.84,4051.61,4074.29
2026-07-02T09:00:00.000Z,5,4074.29,4136.69,4057.44,4114.49
2026-07-02T13:00:00.000Z,9,4113.77,4138.9,4096.76,4113.78
2026-07-02T17:00:00.000Z,13,4113.31,4122.43,4102.6,4120.29
2026-07-02T21:00:00.000Z,17,4120.28,4146.66,4119.4,4144.64
2026-07-03T01:00:00.000Z,21,4144.64,4188.74,4143.4,4170.98
2026-07-03T05:00:00.000Z,1,4170.99,4180.22,4155.84,4175.04
2026-07-03T09:00:00.000Z,5,4175.04,4179.8,4164.12,4172.51
2026-07-03T13:00:00.000Z,9,4172.66,4173.99,4151.37,4169.28
2026-07-03T17:00:00.000Z,13,4169.27,4174.38,4168,4171.05
2026-07-05T21:00:00.000Z,17,4174.82,4196.06,4166.45,4175.68
2026-07-06T01:00:00.000Z,21,4174.59,4197.02,4152.94,4155.29
2026-07-06T05:00:00.000Z,1,4155.3,4165.87,4139.1,4146.43
2026-07-06T09:00:00.000Z,5,4146.42,4155,4127.4,4136.72
2026-07-06T13:00:00.000Z,9,4136.72,4152.81,4125.04,4152.39
2026-07-06T17:00:00.000Z,13,4152.38,4163.93,4148.16,4160.82
2026-07-06T21:00:00.000Z,17,4160.81,4168.17,4141.16,4141.16
2026-07-07T01:00:00.000Z,21,4141,4142.97,4121.33,4122.88
2026-07-07T05:00:00.000Z,1,4122.88,4135.72,4114.29,4123.56
2026-07-07T09:00:00.000Z,5,4123.57,4170.32,4118.12,4167.57
2026-07-07T13:00:00.000Z,9,4167.62,4174.81,4131.59,4140.1
2026-07-07T17:00:00.000Z,13,4140.15,4143.84,4089.37,4102.77
2026-07-07T21:00:00.000Z,17,4102.76,4122.6,4089,4109.59
2026-07-08T01:00:00.000Z,21,4109.5,4127.43,4092.66,4120.48
2026-07-08T05:00:00.000Z,1,4120.49,4129.03,4050.02,4054.67
2026-07-08T09:00:00.000Z,5,4054.08,4082.66,4039.01,4068.71
2026-07-08T13:00:00.000Z,9,4069.56,4080,4021.15,4061.79
2026-07-08T17:00:00.000Z,13,4061.88,4086.73,4058.87,4072.43
2026-07-08T21:00:00.000Z,17,4073.01,4085,4066.71,4068.32
2026-07-09T01:00:00.000Z,21,4068.44,4077.91,4051.62,4061.08
2026-07-09T05:00:00.000Z,1,4061.85,4111.87,4061.55,4103.63
2026-07-09T09:00:00.000Z,5,4103.63,4117.13,4088.78,4102.16
2026-07-09T13:00:00.000Z,9,4102.16,4131.28,4101.85,4121.48
2026-07-09T17:00:00.000Z,13,4121.28,4130.41,4113.96,4118.72
2026-07-09T21:00:00.000Z,17,4118.72,4121.89,4109.11,4120.06
2026-07-10T01:00:00.000Z,21,4120.07,4128.12,4104.12,4108.89
2026-07-10T05:00:00.000Z,1,4109.34,4114.33,4089.36,4091.11
2026-07-10T09:00:00.000Z,5,4091.1,4111.05,4088.17,4096.43
2026-07-10T13:00:00.000Z,9,4096.1,4109.5,4070.1,4100
2026-07-10T17:00:00.000Z,13,4100,4116.56,4094.5,4115.44
2026-07-12T21:00:00.000Z,17,4099.47,4099.6,4059.51,4071.2
2026-07-13T01:00:00.000Z,21,4071.16,4083.38,4047.81,4055.44
2026-07-13T05:00:00.000Z,1,4055.43,4076.51,4040.99,4071.94
2026-07-13T09:00:00.000Z,5,4071.73,4072.96,4045.99,4062.32
2026-07-13T13:00:00.000Z,9,4062.84,4062.84,3988.38,3994.54
2026-07-13T17:00:00.000Z,13,3994.56,4006.45,3988.39,4002.57
2026-07-13T21:00:00.000Z,17,4002.25,4005.79,3983.25,4002.43
2026-07-14T01:00:00.000Z,21,4002.44,4020,3991.38,4018.99
2026-07-14T05:00:00.000Z,1,4018.71,4030.47,4012.16,4012.77
2026-07-14T09:00:00.000Z,5,4012.77,4097.58,4010.94,4071.58
2026-07-14T13:00:00.000Z,9,4071.59,4091.69,4051.64,4055.87
2026-07-14T17:00:00.000Z,13,4055.88,4058.34,4038.76,4047.53
2026-07-14T21:00:00.000Z,17,4047.12,4055.93,4043.11,4055.39
2026-07-15T01:00:00.000Z,21,4054.85,4057.68,4024.65,4029.43
2026-07-15T05:00:00.000Z,1,4029.43,4033.03,4015.23,4027.91
2026-07-15T09:00:00.000Z,5,4027.51,4065.7,4022.81,4062.54
2026-07-15T13:00:00.000Z,9,4063.21,4068.2,4022.28,4027.89
2026-07-15T17:00:00.000Z,13,4028.22,4074.78,4028.22,4055.23
2026-07-15T21:00:00.000Z,17,4055.27,4058.57,4038.54,4038.55
2026-07-16T01:00:00.000Z,21,4038.54,4043.95,4020.01,4028.97
2026-07-16T05:00:00.000Z,1,4028.1,4031.67,4019.45,4029.49
2026-07-16T09:00:00.000Z,5,4029.91,4037.51,3988.51,3990.16
2026-07-16T13:00:00.000Z,9,3990.16,4018.79,3972.51,3992.63
2026-07-16T17:00:00.000Z,13,3992.21,3992.21,3970.73,3976.85
2026-07-16T21:00:00.000Z,17,3976.86,3991.56,3974.3,3991.56
2026-07-17T01:00:00.000Z,21,3990.93,4006.49,3972,3981.28
2026-07-17T05:00:00.000Z,1,3980.59,4004.01,3976.1,3993
2026-07-17T09:00:00.000Z,5,3992.86,3999.99,3964.71,3965.97
2026-07-17T13:00:00.000Z,9,3965.78,4017.83,3960.53,4010.62
2026-07-17T17:00:00.000Z,13,4010.63,4013.64,3998.12,4010.35
2026-07-19T21:00:00.000Z,17,4009.57,4009.57,3982.03,4005.39
2026-07-20T01:00:00.000Z,21,4005.68,4025,3995,4016.13
2026-07-20T05:00:00.000Z,1,4016.14,4026.93,4000.51,4016.06
2026-07-20T09:00:00.000Z,5,4016.05,4036.1,4005.29,4006.93
2026-07-20T13:00:00.000Z,9,4006.92,4015.91,3997.4,4006.84
2026-07-20T17:00:00.000Z,13,4007.73,4014.63,4002.92,4004.65
2026-07-20T21:00:00.000Z,17,4004.87,4021.98,3998.59,4021.61
2026-07-21T01:00:00.000Z,21,4021.08,4047.17,4015.81,4043.67
2026-07-21T05:00:00.000Z,1,4043.68,4076.33,4041.74,4058.9
2026-07-21T09:00:00.000Z,5,4058.89,4066,4047.28,4050.24
2026-07-21T13:00:00.000Z,9,4051.59,4075.63,4040.49,4065.14
2026-07-21T17:00:00.000Z,13,4065.29,4080,4060.59,4071.27
2026-07-21T21:00:00.000Z,17,4071.27,4093.8,4070.82,4090.22
2026-07-22T01:00:00.000Z,21,4090.23,4132.58,4090.23,4118.02
2026-07-22T05:00:00.000Z,1,4118.02,4125.03,4100.35,4110.67
2026-07-22T09:00:00.000Z,5,4110.67,4126.46,4101.27,4104.52
2026-07-22T13:00:00.000Z,9,4106.36,4157.63,4106.36,4140.15
2026-07-22T17:00:00.000Z,13,4140.14,4140.15,4124,4126.14
2026-07-22T21:00:00.000Z,17,4126.14,4128.44,4102.66,4126.48
2026-07-23T01:00:00.000Z,21,4126.48,4134.03,4107.1,4115.28
2026-07-23T05:00:00.000Z,1,4115.28,4124.23,4083.4,4089.51
2026-07-23T09:00:00.000Z,5,4089.51,4094.57,4058.03,4058.5
2026-07-23T13:00:00.000Z,9,4058.39,4063.33,4038.4,4049.29
2026-07-23T17:00:00.000Z,13,4049.43,4052.32,4038.55,4046.67
2026-07-23T21:00:00.000Z,17,4047.15,4048.21,4038.99,4047.66
2026-07-24T01:00:00.000Z,21,4047.67,4049,4021.3,4026.23
2026-07-24T05:00:00.000Z,1,4026.23,4052.03,4020.76,4051.68
2026-07-24T09:00:00.000Z,5,4051.67,4057.16,4045.15,4049.77
2026-07-24T13:00:00.000Z,9,4049.78,4078.8,4039.02,4063.17
2026-07-24T17:00:00.000Z,13,4063.06,4066,4046.81,4049.32
2026-07-26T21:00:00.000Z,17,4062.63,4109.58,4062.63,4094.16
2026-07-27T01:00:00.000Z,21,4094.79,4105,4080.61,4084.42
2026-07-27T05:00:00.000Z,1,4084.41,4099.68,4080.19,4090.6
2026-07-27T09:00:00.000Z,5,4089.9,4098.29,4076.37,4078.92
2026-07-27T13:00:00.000Z,9,4078.66,4089.05,4060.69,4078.89
2026-07-27T17:00:00.000Z,13,4079.09,4085.12,4068.2,4072.03
2026-07-27T21:00:00.000Z,17,4071.76,4074.95,4052.1,4052.61
2026-07-28T01:00:00.000Z,21,4052.68,4054.89,4036.26,4037.32
2026-07-28T05:00:00.000Z,1,4037.89,4049.41,4031.63,4041.82
2026-07-28T09:00:00.000Z,5,4041.83,4042.18,4015.12,4026.25
2026-07-28T13:00:00.000Z,9,4026.05,4044.22,4009.18,4034.56
2026-07-28T17:00:00.000Z,13,4034.79,4038.13,4019.68,4025.21
2026-07-28T21:00:00.000Z,17,4025.2,4030.31,4011.74,4018.98
2026-07-29T01:00:00.000Z,21,4018.98,4033.89,4008.23,4023.49
2026-07-29T05:00:00.000Z,1,4023.9,4043.48,4023.89,4033.77
2026-07-29T09:00:00.000Z,5,4034.17,4034.17,4008.01,4019.52
2026-07-29T13:00:00.000Z,9,4019.99,4030.58,3996.65,4026.07
2026-07-29T17:00:00.000Z,13,4026.16,4107.94,4026.16,4064.37
2026-07-29T21:00:00.000Z,17,4064.12,4094.1,4058.12,4067.17
2026-07-30T01:00:00.000Z,21,4067.99,4087.39,4045.41,4046.84
2026-07-30T05:00:00.000Z,1,4045.41,4070.8,4030.48,4060.96
2026-07-30T09:00:00.000Z,5,4060.75,4084.73,4060.21,4068.84
2026-07-30T13:00:00.000Z,9,4068.85,4113,4065.72,4104.06
2026-07-30T17:00:00.000Z,13,4104.19,4111.32,4095.16,4100.06
2026-07-30T21:00:00.000Z,17,4100.29,4106.51,4086.72,4092
2026-07-31T01:00:00.000Z,21,4092.52,4097.44,4070.77,4077.32
2026-07-31T05:00:00.000Z,1,4078.13,4083.8,4052.53,4058.79
2026-07-31T09:00:00.000Z,5,4058.79,4061.01,4041.49,4041.49
2026-07-31T13:00:00.000Z,9,4041.49,4052.17,4023.13,4043.63
2026-07-31T17:00:00.000Z,13,4043.63,4055.31,4042.32,4042.42
2026-08-02T21:00:00.000Z,17,4067.8,4082.88,4054.63,4054.83
2026-08-03T01:00:00.000Z,21,4055.25,4067.77,4047.01,4061.14
2026-08-03T05:00:00.000Z,1,4061.14,4067.56,4050.97,4056.67
2026-08-03T09:00:00.000Z,5,4056.66,4061.5,4041.3,4046.98
2026-08-03T13:00:00.000Z,9,4047.12,4051.76,4021,4038.04
2026-08-03T17:00:00.000Z,13,4038.04,4056.81,4031.53,4054.16
2026-08-03T21:00:00.000Z,17,4054.16,4068.13,4046.38,4046.38
2026-08-04T01:00:00.000Z,21,4046.15,4061.9,4043.1,4060.54
2026-08-04T05:00:00.000Z,1,4060.85,4067.94,4052.63,4052.84
2026-08-04T09:00:00.000Z,5,4052.65,4079.08,4044.71,4066.95
2026-08-04T13:00:00.000Z,9,4067.71,4089.03,4058.32,4088.12
2026-08-04T17:00:00.000Z,13,4088.11,4099.22,4070.15,4073.36
2026-08-04T21:00:00.000Z,17,4073.35,4080.61,4062.84,4076.63
2026-08-05T01:00:00.000Z,21,4076.32,4133.32,4073.67,4129.23
2026-08-05T05:00:00.000Z,1,4129.23,4169.81,4129.03,4153.59
2026-08-05T09:00:00.000Z,5,4153.58,4204.49,4142.77,4177.79
2026-08-05T13:00:00.000Z,9,4177.11,4254,4177.11,4236.27
2026-08-05T17:00:00.000Z,13,4236.28,4261.54,4230.8,4243.44
2026-08-05T21:00:00.000Z,17,4243.44,4292.71,4241.32,4288.74
2026-08-06T01:00:00.000Z,21,4288.75,4296.98,4248.7,4257.32
2026-08-06T05:00:00.000Z,1,4257.31,4273.69,4242.91,4273.68
2026-08-06T09:00:00.000Z,5,4273.78,4279.54,4246.19,4246.74
2026-08-06T13:00:00.000Z,9,4246.54,4269.81,4220.36,4239.42
2026-08-06T17:00:00.000Z,13,4239.42,4251.76,4230.64,4237.6
2026-08-06T21:00:00.000Z,17,4237.48,4249.15,4226.29,4228.45
2026-08-07T01:00:00.000Z,21,4228.81,4264.23,4228.81,4260.96
2026-08-07T05:00:00.000Z,1,4260.94,4311.42,4258.32,4302.05
2026-08-07T09:00:00.000Z,5,4302.05,4362.93,4288.88,4351.79
2026-08-07T13:00:00.000Z,9,4352.4,4359.13,4320.9,4323.43
2026-08-07T17:00:00.000Z,13,4323.07,4342.23,4321.7,4335.34
2026-08-09T21:00:00.000Z,17,4359.1,4359.17,4327.19,4328
2026-08-10T01:00:00.000Z,21,4328,4335.06,4307.93,4332.3
2026-08-10T05:00:00.000Z,1,4332.64,4354.89,4327.04,4340.81
2026-08-10T09:00:00.000Z,5,4341.07,4343,4318.07,4326.9
2026-08-10T13:00:00.000Z,9,4326.65,4358,4313.81,4348.17
2026-08-10T17:00:00.000Z,13,4349.07,4388.76,4345.17,4383.85
2026-08-10T21:00:00.000Z,17,4383.86,4414.76,4381.73,4406.35
2026-08-11T01:00:00.000Z,21,4406.36,4429.42,4391.29,4404.78
2026-08-11T05:00:00.000Z,1,4405.6,4405.6,4357.14,4370.05
2026-08-11T09:00:00.000Z,5,4370.06,4398.2,4368,4390.97
2026-08-11T13:00:00.000Z,9,4390.96,4401.39,4367.33,4380.62
2026-08-11T17:00:00.000Z,13,4380.63,4382.66,4358.55,4368.72
2026-08-11T21:00:00.000Z,17,4368.72,4382.92,4362.08,4380.73
2026-08-12T01:00:00.000Z,21,4380.73,4413.58,4379.16,4398.94
2026-08-12T05:00:00.000Z,1,4398.94,4408.52,4384.44,4400.18
2026-08-12T09:00:00.000Z,5,4400.18,4438.32,4385.55,4433.96
2026-08-12T13:00:00.000Z,9,4433.33,4436.58,4392.07,4397.13
2026-08-12T17:00:00.000Z,13,4396.95,4412.29,4391,4403.02
2026-08-12T21:00:00.000Z,17,4403.03,4442.95,4392.68,4422.38
2026-08-13T01:00:00.000Z,21,4423.09,4429.36,4386.2,4394.79
2026-08-13T05:00:00.000Z,1,4394.64,4403.76,4364.2,4375.29
2026-08-13T09:00:00.000Z,5,4375.29,4399.35,4372.62,4399.14
2026-08-13T13:00:00.000Z,9,4399.16,4399.38,4352.94,4366.79
2026-08-13T17:00:00.000Z,13,4367.05,4373.48,4345.14,4350.63
2026-08-13T21:00:00.000Z,17,4351.2,4362.5,4332.01,4343.87
2026-08-14T01:00:00.000Z,21,4343.67,4343.84,4316.28,4332.01
2026-08-14T05:00:00.000Z,1,4332.34,4353.95,4318,4352.28
2026-08-14T09:00:00.000Z,5,4352.65,4385.62,4350.52,4372.96
2026-08-14T13:00:00.000Z,9,4373.4,4394.11,4370.32,4382.21
2026-08-14T17:00:00.000Z,13,4382.22,4382.52,4368.64,4373.17
2026-08-16T21:00:00.000Z,17,4375.74,4399.39,4365.54,4397.91
2026-08-17T01:00:00.000Z,21,4397.92,4412.5,4387.23,4388.96
2026-08-17T05:00:00.000Z,1,4388.97,4408.49,4385.54,4393.59
2026-08-17T09:00:00.000Z,5,4394.85,4404.42,4378.72,4383.9
2026-08-17T13:00:00.000Z,9,4384.58,4423.08,4379.8,4418.14
2026-08-17T17:00:00.000Z,13,4418.14,4420.03,4395.7,4412.24
2026-08-17T21:00:00.000Z,17,4412.12,4428.8,4405.3,4428.8
2026-08-18T01:00:00.000Z,21,4428.8,4430.88,4386.6,4391.77
2026-08-18T05:00:00.000Z,1,4391.53,4400.89,4384.96,4391.02
2026-08-18T09:00:00.000Z,5,4391.01,4397.58,4386.22,4393.23
2026-08-18T13:00:00.000Z,9,4392.54,4403.86,4354.54,4365.61
2026-08-18T17:00:00.000Z,13,4365.61,4369.18,4332.73,4337.47
2026-08-18T21:00:00.000Z,17,4338.15,4347.99,4330.85,4337.32
2026-08-19T01:00:00.000Z,21,4336.25,4360.71,4326.38,4346.8
2026-08-19T05:00:00.000Z,1,4346.81,4361.12,4335.44,4354.33
2026-08-19T09:00:00.000Z,5,4353.61,4432.99,4351.92,4430.04
2026-08-19T13:00:00.000Z,9,4429.77,4490.48,4417.94,4484.22
2026-08-19T17:00:00.000Z,13,4484.22,4514.47,4462.19,4512.17
2026-08-19T21:00:00.000Z,17,4511.9,4517.76,4488.96,4490
2026-08-20T01:00:00.000Z,21,4489.33,4494.17,4471.88,4474.89
2026-08-20T05:00:00.000Z,1,4474.89,4486,4464.84,4476
2026-08-20T09:00:00.000Z,5,4475.99,4483.39,4443.01,4466.09
2026-08-20T13:00:00.000Z,9,4466.14,4528.97,4461,4498.83
2026-08-20T17:00:00.000Z,13,4500.3,4520.7,4497.96,4508.87
2026-08-20T21:00:00.000Z,17,4508.87,4520,4499,4499.01
2026-08-21T01:00:00.000Z,21,4499.02,4535,4498,4529.46
2026-08-21T05:00:00.000Z,1,4529.46,4575.68,4517.07,4575.68
2026-08-21T09:00:00.000Z,5,4575.68,4594.27,4555.01,4566.67
2026-08-21T13:00:00.000Z,9,4566.7,4616.2,4564.29,4616.2
2026-08-21T17:00:00.000Z,13,4616.2,4619,4593.91,4594.59
2026-08-23T21:00:00.000Z,17,4608.74,4632.51,4589.06,4612.6
2026-08-24T01:00:00.000Z,21,4613.12,4647.53,4600.87,4630.28
2026-08-24T05:00:00.000Z,1,4631.54,4651.77,4622.31,4630
2026-08-24T09:00:00.000Z,5,4630.02,4662.39,4627.11,4658.01
2026-08-24T13:00:00.000Z,9,4658.01,4673.32,4636.22,4640.17
2026-08-24T17:00:00.000Z,13,4641.14,4650.2,4620.51,4646.27
2026-08-24T21:00:00.000Z,17,4646.17,4689,4643.97,4678.29
2026-08-25T01:00:00.000Z,21,4678.01,4678.47,4611.42,4619.99
2026-08-25T05:00:00.000Z,1,4619.84,4645.36,4614.01,4622.61
2026-08-25T09:00:00.000Z,5,4622.04,4638.7,4616.66,4632.39
2026-08-25T13:00:00.000Z,9,4632.4,4651.73,4597.31,4636.84
2026-08-25T17:00:00.000Z,13,4636.19,4665.48,4626.53,4649.96
2026-08-25T21:00:00.000Z,17,4649.96,4665.71,4628.08,4630.23
2026-08-26T01:00:00.000Z,21,4630.23,4661.39,4623.92,4633.22
2026-08-26T05:00:00.000Z,1,4633.22,4643,4617.17,4622.28
2026-08-26T09:00:00.000Z,5,4622.29,4629.81,4607.15,4610.04
2026-08-26T13:00:00.000Z,9,4610,4626.22,4580.01,4587.56
2026-08-26T17:00:00.000Z,13,4587.27,4599.69,4581.02,4590.33
2026-08-26T21:00:00.000Z,17,4589.81,4619.67,4589.81,4598.87
2026-08-27T01:00:00.000Z,21,4599.58,4635,4596.98,4612.2
2026-08-27T05:00:00.000Z,1,4612.43,4614.69,4589.31,4594.93
2026-08-27T09:00:00.000Z,5,4594.94,4595.98,4565.71,4580.94
2026-08-27T13:00:00.000Z,9,4579.85,4608.14,4560.16,4606.27
2026-08-27T17:00:00.000Z,13,4606.27,4610.41,4594,4594.36
2026-08-27T21:00:00.000Z,17,4594.36,4603.27,4579.67,4580.53
2026-08-28T01:00:00.000Z,21,4581.5,4594.99,4569.35,4577.46
2026-08-28T05:00:00.000Z,1,4577.05,4607.9,4566,4595.99
2026-08-28T09:00:00.000Z,5,4595.78,4602.46,4582.32,4594.42
2026-08-28T13:00:00.000Z,9,4594.48,4623.92,4460.88,4478.69
2026-08-28T17:00:00.000Z,13,4478.09,4485.58,4447.48,4456.64
2026-08-30T21:00:00.000Z,17,4465.72,4468.2,4431.76,4454.8
2026-08-31T01:00:00.000Z,21,4454.02,4458.2,4397.06,4424.52
2026-08-31T05:00:00.000Z,1,4424.51,4450,4419.71,4436.34
2026-08-31T09:00:00.000Z,5,4436.55,4462.78,4436.29,4436.67
2026-08-31T13:00:00.000Z,9,4436.35,4447.11,4417.51,4434.88
2026-08-31T17:00:00.000Z,13,4434.89,4456.55,4428.57,4448.32
2026-08-31T21:00:00.000Z,17,4448.32,4460.77,4441.63,4453.62
2026-09-01T01:00:00.000Z,21,4453.63,4456.68,4427.32,4427.99
2026-09-01T05:00:00.000Z,1,4428.47,4446.87,4374.74,4377
2026-09-01T09:00:00.000Z,5,4376.47,4394.25,4360.21,4366.04
2026-09-01T13:00:00.000Z,9,4365.08,4382.86,4336.59,4360.5
2026-09-01T17:00:00.000Z,13,4360.5,4360.5,4335.23,4343.25
2026-09-01T21:00:00.000Z,17,4343.3,4353.58,4330,4330.17
2026-09-02T01:00:00.000Z,21,4330,4338.88,4286.97,4317.55
2026-09-02T05:00:00.000Z,1,4317.55,4346.19,4316.15,4324.94
2026-09-02T09:00:00.000Z,5,4324.93,4354.81,4313.45,4344.41
2026-09-02T13:00:00.000Z,9,4343.95,4405.35,4342.89,4379.7
2026-09-02T17:00:00.000Z,13,4380.43,4400.52,4376.13,4398.74
2026-09-02T21:00:00.000Z,17,4398.75,4406.4,4390.73,4405.13
2026-09-03T01:00:00.000Z,21,4403.82,4444,4396.99,4442.81
2026-09-03T05:00:00.000Z,1,4442.82,4448.91,4424.43,4442.06
2026-09-03T09:00:00.000Z,5,4441.2,4499.01,4425.76,4497.76
2026-09-03T13:00:00.000Z,9,4497.83,4512.33,4461.79,4487.49
2026-09-03T17:00:00.000Z,13,4487.05,4494.44,4471.55,4474.56
2026-09-03T21:00:00.000Z,17,4474.57,4487.24,4472.52,4486.53
2026-09-04T01:00:00.000Z,21,4486.53,4487.12,4465.89,4475.36
2026-09-04T05:00:00.000Z,1,4475.36,4489.97,4461.22,4478.76
2026-09-04T09:00:00.000Z,5,4479.56,4480.01,4379.07,4400.67
2026-09-04T13:00:00.000Z,9,4400.67,4449.58,4375,4437.93
2026-09-04T17:00:00.000Z,13,4437.4,4440.22,4413.28,4431.95
2026-09-06T21:00:00.000Z,17,4420.98,4434.3,4409.43,4410.9
2026-09-07T01:00:00.000Z,21,4410.15,4416.92,4389.49,4398
2026-09-07T05:00:00.000Z,1,4398.07,4421.84,4385.99,4410.42
2026-09-07T09:00:00.000Z,5,4410.47,4413.42,4383.85,4398.87
2026-09-07T13:00:00.000Z,9,4398.97,4419,4398.07,4414.93
2026-09-07T17:00:00.000Z,13,4414.93,4414.99,4404.84,4412.98
2026-09-07T21:00:00.000Z,17,4412.98,4429.88,4408.01,4428.09
2026-09-08T01:00:00.000Z,21,4426.35,4442.99,4418.81,4436.63
2026-09-08T05:00:00.000Z,1,4436.96,4438.6,4384.27,4394.76
2026-09-08T09:00:00.000Z,5,4395.51,4412.24,4388.24,4412.24
2026-09-08T13:00:00.000Z,9,4412.3,4413.58,4383.59,4394.75
2026-09-08T17:00:00.000Z,13,4395.36,4403.88,4350,4358.44
2026-09-08T21:00:00.000Z,17,4358.94,4369.08,4347.11,4368.62
2026-09-09T01:00:00.000Z,21,4368.11,4385.53,4358.22,4384.2
2026-09-09T05:00:00.000Z,1,4384.03,4413.31,4383.49,4403.47
2026-09-09T09:00:00.000Z,5,4403.15,4417.21,4389.12,4403.21
2026-09-09T13:00:00.000Z,9,4402.65,4433.72,4378.12,4411.76
2026-09-09T17:00:00.000Z,13,4411.44,4421.05,4390.07,4404.02
2026-09-09T21:00:00.000Z,17,4404.02,4406.26,4391.01,4402.65
2026-09-10T01:00:00.000Z,21,4401.77,4421,4400.71,4409.02
2026-09-10T05:00:00.000Z,1,4409.02,4433,4393.54,4396.39
2026-09-10T09:00:00.000Z,5,4396.18,4400.95,4330,4342.68
2026-09-10T13:00:00.000Z,9,4343.07,4376.66,4342.29,4365.92
2026-09-10T17:00:00.000Z,13,4366.35,4368.97,4319.84,4325.2
2026-09-10T21:00:00.000Z,17,4325.2,4340.57,4318.04,4340.14
2026-09-11T01:00:00.000Z,21,4339.49,4345.65,4310.31,4341.47
2026-09-11T05:00:00.000Z,1,4339.21,4365.26,4336.51,4351.76
2026-09-11T09:00:00.000Z,5,4352.19,4393.69,4302,4392.41
2026-09-11T13:00:00.000Z,9,4392.15,4405.02,4357.35,4366.45
2026-09-11T17:00:00.000Z,13,4365.19,4374.84,4348.6,4354.01
2026-09-13T21:00:00.000Z,17,4350.2,4352.46,4330,4342.94
2026-09-14T01:00:00.000Z,21,4341.66,4359.25,4328.25,4334.57
2026-09-14T05:00:00.000Z,1,4334.81,4342.99,4311.62,4313.82
2026-09-14T09:00:00.000Z,5,4313.01,4317.82,4276.69,4280.82
2026-09-14T13:00:00.000Z,9,4280.82,4324.31,4265.44,4322.13
2026-09-14T17:00:00.000Z,13,4322.85,4323.58,4289.48,4306.76
2026-09-14T21:00:00.000Z,17,4306.75,4308.38,4288.12,4296.8
2026-09-15T01:00:00.000Z,21,4296.42,4319.5,4292.27,4308.05
2026-09-15T05:00:00.000Z,1,4307.6,4310.17,4266.67,4267.22
2026-09-15T09:00:00.000Z,5,4267.78,4299.22,4266.67,4295.11
2026-09-15T13:00:00.000Z,9,4294.4,4303.43,4277.39,4299.2
2026-09-15T17:00:00.000Z,13,4298.58,4311.78,4294.41,4296.85
2026-09-15T21:00:00.000Z,17,4297,4300.84,4281.67,4283.23
2026-09-16T01:00:00.000Z,21,4283.22,4346.85,4282.98,4325.89
2026-09-16T05:00:00.000Z,1,4325.9,4342.85,4325.51,4335.03
2026-09-16T09:00:00.000Z,5,4335.04,4357.22,4333,4352.33
2026-09-16T13:00:00.000Z,9,4352.03,4364.58,4329.24,4350.38
2026-09-16T17:00:00.000Z,13,4350.38,4373.52,4230,4273.37
2026-09-16T21:00:00.000Z,17,4273.52,4294.98,4264.63,4283.52
2026-09-17T01:00:00.000Z,21,4284.38,4322.14,4278.99,4301.06
2026-09-17T05:00:00.000Z,1,4301.06,4336.26,4289.16,4314.95
2026-09-17T09:00:00.000Z,5,4314.95,4379.23,4308.09,4371.14
2026-09-17T13:00:00.000Z,9,4371.13,4378.87,4351.05,4361.61
2026-09-17T17:00:00.000Z,13,4361.65,4365.17,4341.37,4342.29
2026-09-17T21:00:00.000Z,17,4341.92,4358.99,4341.03,4356.05
2026-09-18T01:00:00.000Z,21,4357.69,4367.61,4334.35,4367.21
2026-09-18T05:00:00.000Z,1,4367.72,4398.47,4360.6,4389.27
2026-09-18T09:00:00.000Z,5,4389.28,4393.42,4350.74,4365.55
2026-09-18T13:00:00.000Z,9,4365.3,4378.75,4343.88,4377.94
2026-09-18T17:00:00.000Z,13,4378.02,4390,4370,4372.16
2026-09-20T21:00:00.000Z,17,4364.18,4373.92,4352.13,4361.03
2026-09-21T01:00:00.000Z,21,4360.32,4375,4350,4350.33
2026-09-21T05:00:00.000Z,1,4350.63,4365.03,4338.99,4350.31
2026-09-21T09:00:00.000Z,5,4350.31,4370.49,4338,4357.88
2026-09-21T13:00:00.000Z,9,4358.2,4369.98,4323.26,4340.23
2026-09-21T17:00:00.000Z,13,4340.22,4351.22,4335.49,4340
2026-09-21T21:00:00.000Z,17,4339.99,4371.07,4325.92,4356.41
2026-09-22T01:00:00.000Z,21,4356.48,4361.11,4334.52,4341.7
2026-09-22T05:00:00.000Z,1,4341.52,4346.16,4295.22,4330.51
2026-09-22T09:00:00.000Z,5,4330.17,4344.92,4312,4336.7
2026-09-22T13:00:00.000Z,9,4336.52,4344.33,4316.75,4336.87
2026-09-22T17:00:00.000Z,13,4335.33,4367.74,4335.33,4356.46
2026-09-22T21:00:00.000Z,17,4356.19,4365.37,4352.4,4355.09
2026-09-23T01:00:00.000Z,21,4354.7,4355.87,4331.97,4342.55
2026-09-23T05:00:00.000Z,1,4342.55,4342.78,4316.14,4318
2026-09-23T09:00:00.000Z,5,4318,4320,4298,4311.54
2026-09-23T13:00:00.000Z,9,4311.54,4314.48,4272.57,4285.14
2026-09-23T17:00:00.000Z,13,4285.13,4294.95,4270,4284.84
2026-09-23T21:00:00.000Z,17,4284.84,4298.49,4280.18,4298.14
2026-09-24T01:00:00.000Z,21,4298,4301.71,4267.87,4288
2026-09-24T05:00:00.000Z,1,4288,4294.01,4259.15,4259.16
2026-09-24T09:00:00.000Z,5,4259.16,4279.4,4243.22,4278.92
2026-09-24T13:00:00.000Z,9,4278.08,4285.52,4243.71,4271.61
2026-09-24T17:00:00.000Z,13,4271.24,4278.48,4255.65,4268.6
2026-09-24T21:00:00.000Z,17,4268.6,4273.52,4260,4271.74
2026-09-25T01:00:00.000Z,21,4271.6,4288.88,4258.92,4258.92
2026-09-25T05:00:00.000Z,1,4258.94,4291.6,4252.83,4288.72
2026-09-25T09:00:00.000Z,5,4290.57,4308.84,4285.39,4291.12
2026-09-25T13:00:00.000Z,9,4291.27,4293.85,4252.16,4281.16
2026-09-25T17:00:00.000Z,13,4281.01,4291.23,4276,4281.04
2026-09-27T21:00:00.000Z,17,4276.05,4279.02,4230,4232.56
2026-09-28T01:00:00.000Z,21,4232.06,4233.78,4197.45,4200.07
2026-09-28T05:00:00.000Z,1,4200.07,4203.15,4152.12,4153.5
2026-09-28T09:00:00.000Z,5,4153.49,4179.99,4150,4164.39
2026-09-28T13:00:00.000Z,9,4164.38,4169.99,4122.08,4139.99
2026-09-28T17:00:00.000Z,13,4140.73,4154.98,4123.74,4127.13
2026-09-28T21:00:00.000Z,17,4127.12,4141.14,4126.68,4130.02
2026-09-29T01:00:00.000Z,21,4129.26,4150.57,4125.01,4139.07
2026-09-29T05:00:00.000Z,1,4139.07,4161.74,4134.7,4150.36
2026-09-29T09:00:00.000Z,5,4151.03,4175.1,4150.27,4161.79
2026-09-29T13:00:00.000Z,9,4161.58,4182.5,4152.55,4154
2026-09-29T17:00:00.000Z,13,4154,4190.76,4151.25,4189.86
2026-09-29T21:00:00.000Z,17,4189.87,4193.72,4182.97,4185.07
2026-09-30T01:00:00.000Z,21,4184.8,4193.37,4176.49,4187.03
2026-09-30T05:00:00.000Z,1,4187.03,4208.26,4174,4198.72
2026-09-30T09:00:00.000Z,5,4198,4223.77,4184,4214.04
2026-09-30T13:00:00.000Z,9,4213.28,4219.41,4160,4167.16
2026-09-30T17:00:00.000Z,13,4167.64,4170.6,4157.53,4167.93
2026-09-30T21:00:00.000Z,17,4168.81,4170,4150,4155.09
2026-10-01T01:00:00.000Z,21,4155.08,4187.69,4154.84,4187.48
2026-10-01T05:00:00.000Z,1,4187.33,4198.93,4157.76,4162.99
2026-10-01T09:00:00.000Z,5,4162.98,4194.1,4160.61,4186.34
2026-10-01T13:00:00.000Z,9,4185.85,4187.97,4161.37,4171.82
2026-10-01T17:00:00.000Z,13,4171.83,4194.6,4171.28,4185.13
2026-10-01T21:00:00.000Z,17,4185.14,4193.63,4165.56,4165.56
2026-10-02T01:00:00.000Z,21,4165.56,4198.5,4148,4193.08
2026-10-02T05:00:00.000Z,1,4193.44,4201.83,4183.97,4189.05
2026-10-02T09:00:00.000Z,5,4188.91,4230.21,4172.81,4219.01
2026-10-02T13:00:00.000Z,9,4219.04,4225.37,4136.67,4149.21
2026-10-02T17:00:00.000Z,13,4148.76,4156.62,4140,4149.26
2026-10-04T21:00:00.000Z,17,4145.82,4163.67,4138.3,4162.87
2026-10-05T01:00:00.000Z,21,4162.85,4170.25,4136,4140.59
2026-10-05T05:00:00.000Z,1,4140.59,4175.85,4140.51,4173.2
2026-10-05T09:00:00.000Z,5,4173.2,4175.08,4158.11,4161.64
2026-10-05T13:00:00.000Z,9,4161.65,4163.1,4131.92,4138.85
2026-10-05T17:00:00.000Z,13,4138.97,4151.59,4134.42,4148.43
2026-10-05T21:00:00.000Z,17,4148.43,4158.75,4142.35,4158.75
2026-10-06T01:00:00.000Z,21,4158.74,4159.84,4116.59,4132.75
2026-10-06T05:00:00.000Z,1,4132.43,4161.73,4125.97,4161.46
2026-10-06T09:00:00.000Z,5,4161.46,4184.91,4156.29,4176.26
